"Index","Artist","ArtistSlug","Title","Year","Width","Height","Megapixels","HighResUrl","LocalFileName","FileSizeBytes"
"1","Johannes Vermeer","johannes-vermeer","Diana and her Companions","1654","3000","2765","8.3","https://uploads1.wikiart.org/00129/images/johannes-vermeer/diana-and-her-companions.jpg","0001_Diana_and_her_Companions_3000x2765.jpg","3185836"
"2","Johannes Vermeer","johannes-vermeer","Christ in the House of Martha and Mary","1654","789","900","0.71","https://uploads7.wikiart.org/00380/images/johannes-vermeer/christ-in-the-house-of-martha-and-mary-1656-johannes-vermeer.jpg","0002_Christ_in_the_House_of_Martha_and_Mary_789x900.jpg","194840"
"3","Johannes Vermeer","johannes-vermeer","Saint Praxedis","1655","376","470","0.18","https://uploads0.wikiart.org/00367/images/johannes-vermeer/screenshot-2021-11-13-172329.png","0003_Saint_Praxedis_376x470.png","291937"
"4","Johannes Vermeer","johannes-vermeer","The Procuress","1656","3829","4278","16.38","https://uploads8.wikiart.org/00129/images/johannes-vermeer/the-procuress.jpg","0004_The_Procuress_3829x4278.jpg","2479569"
"5","Johannes Vermeer","johannes-vermeer","The Procuress, detail (supposed self-portrait)","1656","503","808","0.41","https://uploads2.wikiart.org/images/johannes-vermeer/the-only-supposed-portrait-of-jan-vermeer.jpg","0005_The_Procuress,_detail_(supposed_self-por_503x808.jpg","70261"
"6","Johannes Vermeer","johannes-vermeer","Girl Reading a Letter at an Open Window","1657","3265","4270","13.94","https://uploads3.wikiart.org/00142/images/57726d86edc2cb3880b48f87/jan-vermeer-van-delft-003.jpg","0006_Girl_Reading_a_Letter_at_an_Open_Window_3265x4270.jpg","9013597"
"7","Johannes Vermeer","johannes-vermeer","A maid asleep","1657","777","900","0.7","https://uploads6.wikiart.org/00380/images/johannes-vermeer/4-a-maid-asleep-johannes-vermeer.jpg","0007_A_maid_asleep_777x900.jpg","160062"
"8","Johannes Vermeer","johannes-vermeer","Officer and Laughing Girl","1657","4785","5213","24.94","https://uploads4.wikiart.org/00142/images/johannes-vermeer/officer-and-laughing-girl.jpg","0008_Officer_and_Laughing_Girl_4785x5213.jpg","3832504"
"9","Johannes Vermeer","johannes-vermeer","A Lady and Two Gentlemen","1659","1200","1421","1.71","https://uploads3.wikiart.org/images/johannes-vermeer/a-lady-and-two-gentlemen.jpg","0009_A_Lady_and_Two_Gentlemen_1200x1421.jpg","206464"
"10","Johannes Vermeer","johannes-vermeer","The Little Street","1660","726","900","0.65","https://uploads8.wikiart.org/00380/images/johannes-vermeer/the-little-street-1658-jan-vermeer.jpg","0010_The_Little_Street_726x900.jpg","206560"
"11","Johannes Vermeer","johannes-vermeer","The glass of wine","1660","5000","4317","21.58","https://uploads0.wikiart.org/00142/images/57726d86edc2cb3880b48f87/jan-vermeer-van-delft-the-glass-of-wine-google-art-project.jpg","0011_The_glass_of_wine_5000x4317.jpg","4242018"
"12","Johannes Vermeer","johannes-vermeer","The Milkmaid","1660","4000","4485","17.94","https://uploads0.wikiart.org/images/johannes-vermeer/the-milkmaid.jpg","0012_The_Milkmaid_4000x4485.jpg","11222708"
"13","Johannes Vermeer","johannes-vermeer","Girl interrupted at her music","1661","1920","1702","3.27","https://uploads6.wikiart.org/00129/images/johannes-vermeer/girl-interrupted-at-her-music.jpg","0013_Girl_interrupted_at_her_music_1920x1702.jpg","788415"
"14","Johannes Vermeer","johannes-vermeer","View of Delft","1661","3000","2491","7.47","https://uploads8.wikiart.org/00129/images/johannes-vermeer/view-on-delft.jpg","0014_View_of_Delft_3000x2491.jpg","1216498"
"15","Johannes Vermeer","johannes-vermeer","Young Woman with a Pearl Necklace","1662","4500","5236","23.56","https://uploads3.wikiart.org/images/johannes-vermeer/young-woman-with-a-pearl-necklace.jpg","0015_Young_Woman_with_a_Pearl_Necklace_4500x5236.jpg","10549098"
"16","Johannes Vermeer","johannes-vermeer","Woman reading a letter (Woman in Blue Reading a Letter)","1663","750","900","0.68","https://uploads5.wikiart.org/00380/images/johannes-vermeer/1-woman-in-blue-reading-a-letter-johannes-vermeer.jpg","0016_Woman_reading_a_letter_(Woman_in_Blue_Re_750x900.jpg","108402"
"17","Johannes Vermeer","johannes-vermeer","The Concert","1664","453","500","0.23","https://uploads8.wikiart.org/00340/images/johannes-vermeer/the-concert.jpg","0017_The_Concert_453x500.jpg","66869"
"18","Johannes Vermeer","johannes-vermeer","Woman with a lute","1664","1533","1748","2.68","https://uploads5.wikiart.org/images/johannes-vermeer/woman-with-a-lute.jpg","0018_Woman_with_a_lute_1533x1748.jpg","3317909"
"19","Johannes Vermeer","johannes-vermeer","A Lady at the Virginals with a Gentleman","1665","821","970","0.8","https://uploads5.wikiart.org/00287/images/johannes-vermeer/a-lady-at-the-virginals-with-a-gentleman.jpg","0019_A_Lady_at_the_Virginals_with_a_Gentleman_821x970.jpg","207353"
"20","Johannes Vermeer","johannes-vermeer","The Girl with a Pearl Earring","1665","759","900","0.68","https://uploads0.wikiart.org/00380/images/johannes-vermeer/1-girl-with-a-pearl-earring-johannes-vermeer.jpg","0020_The_Girl_with_a_Pearl_Earring_759x900.jpg","196739"
"21","Johannes Vermeer","johannes-vermeer","The music lesson","1665","782","900","0.7","https://uploads0.wikiart.org/00380/images/johannes-vermeer/5-the-music-lesson-johannes-vermeer.jpg","0021_The_music_lesson_782x900.jpg","256360"
"22","Johannes Vermeer","johannes-vermeer","Woman Holding a Balance","1665","796","900","0.72","https://uploads7.wikiart.org/00380/images/johannes-vermeer/9-woman-holding-a-balance-johannes-vermeer.jpg","0022_Woman_Holding_a_Balance_796x900.jpg","164081"
"23","Johannes Vermeer","johannes-vermeer","Young Woman with a Water Pitcher","1665","3299","3722","12.28","https://uploads6.wikiart.org/00180/images/johannes-vermeer/young-woman-with-a-water-pitcher.jpg","0023_Young_Woman_with_a_Water_Pitcher_3299x3722.jpg","8096652"
"24","Johannes Vermeer","johannes-vermeer","A lady writing","1666","3553","4051","14.39","https://uploads2.wikiart.org/00142/images/johannes-vermeer/a-lady-writing.jpg","0024_A_lady_writing_3553x4051.jpg","3698689"
"25","Johannes Vermeer","johannes-vermeer","Girl with a Flute","1666","2482","2816","6.99","https://uploads3.wikiart.org/00129/images/johannes-vermeer/girl-with-a-flute.jpg","0025_Girl_with_a_Flute_2482x2816.jpg","3103102"
"26","Johannes Vermeer","johannes-vermeer","Girl with the red hat","1667","2356","2966","6.99","https://uploads5.wikiart.org/00142/images/57726d86edc2cb3880b48f87/vermeer-girl-with-a-red-hat.JPG","0026_Girl_with_the_red_hat_2356x2966.JPG","3042969"
"27","Johannes Vermeer","johannes-vermeer","Mistress and Maid (Lady with Her Maidservant Holding a Letter )","1667","780","900","0.7","https://uploads1.wikiart.org/00380/images/johannes-vermeer/3-mistress-and-maid-johannes-vermeer.jpg","0027_Mistress_and_Maid_(Lady_with_Her_Maidser_780x900.jpg","164624"
"28","Johannes Vermeer","johannes-vermeer","Study of a young woman","1667","945","1020","0.96","https://uploads1.wikiart.org/images/johannes-vermeer/study-of-a-young-woman.jpg","0028_Study_of_a_young_woman_945x1020.jpg","836180"
"29","Johannes Vermeer","johannes-vermeer","The Art of Painting","1668","6209","7377","45.8","https://uploads5.wikiart.org/00129/images/johannes-vermeer/the-art-of-painting.jpg","0029_The_Art_of_Painting_6209x7377.jpg","7834640"
"30","Johannes Vermeer","johannes-vermeer","The astronomer","1668","786","900","0.71","https://uploads7.wikiart.org/00380/images/johannes-vermeer/5-the-astronomer-johannes-vermeer.jpg","0030_The_astronomer_786x900.jpg","168312"
"31","Johannes Vermeer","johannes-vermeer","The Geographer","1669","599","750","0.45","https://uploads0.wikiart.org/00383/images/johannes-vermeer/n-geografovermeer.jpg","0031_The_Geographer_599x750.jpg","66911"
"32","Johannes Vermeer","johannes-vermeer","The Love Letter","1669","4000","4638","18.55","https://uploads3.wikiart.org/images/johannes-vermeer/the-love-letter.jpg","0032_The_Love_Letter_4000x4638.jpg","7226200"
"33","Johannes Vermeer","johannes-vermeer","Lady Writing a Letter with Her Maid","1670","3750","4554","17.08","https://uploads3.wikiart.org/00129/images/johannes-vermeer/lady-writing-a-letter-with-her-maid.jpg","0033_Lady_Writing_a_Letter_with_Her_Maid_3750x4554.jpg","545843"
"34","Johannes Vermeer","johannes-vermeer","The Lacemaker","1671","1784","2156","3.85","https://uploads1.wikiart.org/images/johannes-vermeer/the-lacemaker.jpg","0034_The_Lacemaker_1784x2156.jpg","2604377"
"35","Johannes Vermeer","johannes-vermeer","A Lady Standing at a Virginal","1672","3713","4226","15.69","https://uploads6.wikiart.org/00129/images/johannes-vermeer/a-lady-standing-at-a-virginal.jpg","0035_A_Lady_Standing_at_a_Virginal_3713x4226.jpg","7380174"
"36","Johannes Vermeer","johannes-vermeer","A young woman seated at a virginal (A Lady Seated at a Virginal)","1672","2514","2817","7.08","https://uploads5.wikiart.org/images/johannes-vermeer/a-young-woman-seated-at-a-virginal-a-lady-seated-at-a-virginal.jpg","0036_A_young_woman_seated_at_a_virginal_(A_La_2514x2817.jpg","3562593"
"37","Johannes Vermeer","johannes-vermeer","A young woman seated at the virginals (A young woman seated at the virginal)","1672","600","769","0.46","https://uploads8.wikiart.org/images/johannes-vermeer/a-young-woman-seated-at-the-virginals-a-young-woman-seated-at-the-virginal.jpg","0037_A_young_woman_seated_at_the_virginals_(A_600x769.jpg","318542"
"38","Johannes Vermeer","johannes-vermeer","Youg woman playing a guitar","1672","3691","4226","15.6","https://uploads3.wikiart.org/00142/images/57726d86edc2cb3880b48f87/jan-vermeer-van-delft-013.jpg","0038_Youg_woman_playing_a_guitar_3691x4226.jpg","3624779"
"39","Johannes Vermeer","johannes-vermeer","Allegory on Faith","1674","695","900","0.63","https://uploads0.wikiart.org/00380/images/johannes-vermeer/1-the-allegory-of-the-faith-johannes-vermeer.jpg","0039_Allegory_on_Faith_695x900.jpg","146431"
"40","Johannes Vermeer","johannes-vermeer","Plaque of a Dutch woman tatting lace","","396","470","0.19","https://uploads6.wikiart.org/00380/images/johannes-vermeer/41c3b9345cbdd03d5875dca4d6e7ac61.jpg","0040_Plaque_of_a_Dutch_woman_tatting_lace_396x470.jpg","32654"
"41","Johannes Vermeer","johannes-vermeer","Young woman with hands one over the other","","368","470","0.17","https://uploads6.wikiart.org/00380/images/johannes-vermeer/cfaaa4f206019ed1309540bac437cccc.jpg","0041_Young_woman_with_hands_one_over_the_othe_368x470.jpg","26101"
"42","Johannes Vermeer","johannes-vermeer","The Lacemaker","","789","900","0.71","https://uploads0.wikiart.org/00380/images/johannes-vermeer/1-the-lacemaker-imitator-of-johannes-vermeer.jpg","0042_The_Lacemaker_789x900.jpg","208155"
"43","Johannes Vermeer","johannes-vermeer","Plaque of a Dutch woman tatting lace","","385","469","0.18","https://uploads0.wikiart.org/00367/images/johannes-vermeer/screenshot-2021-11-13-172437.png","0043_Plaque_of_a_Dutch_woman_tatting_lace_385x469.png","182036"
"44","Johannes Vermeer","johannes-vermeer","Merry Society","","625","468","0.29","https://uploads4.wikiart.org/00367/images/johannes-vermeer/image-2021-11-13-172217.png","0044_Merry_Society_625x468.png","471114"
"1","Frida Kahlo","frida-kahlo","Self Portrait","1922","877","1132","0.99","https://uploads4.wikiart.org/images/magdalena-carmen-frieda-kahlo-y-calderón-de-rivera/self-portrait-1922.jpg","0001_Self_Portrait_877x1132.jpg","380099"
"2","Frida Kahlo","frida-kahlo","Self-portrait in a Velvet Dress","1926","1831","2406","4.41","https://uploads4.wikiart.org/images/magdalena-carmen-frieda-kahlo-y-calderón-de-rivera/self-portrait-in-a-velvet-dress-1926.jpg","0002_Self-portrait_in_a_Velvet_Dress_1831x2406.jpg","1447531"
"3","Frida Kahlo","frida-kahlo","Portrait of Alicia Galant","1927","1357","1570","2.13","https://uploads7.wikiart.org/images/magdalena-carmen-frieda-kahlo-y-calderón-de-rivera/portrait-of-alicia-galant-1927.jpg","0003_Portrait_of_Alicia_Galant_1357x1570.jpg","552779"
"4","Frida Kahlo","frida-kahlo","Portrait of Miguel N. Lira","1927","1626","2441","3.97","https://uploads7.wikiart.org/images/magdalena-carmen-frieda-kahlo-y-calderón-de-rivera/portrait-of-miguel-n-lira-1927.jpg","0004_Portrait_of_Miguel_N._Lira_1626x2441.jpg","1096183"
"5","Frida Kahlo","frida-kahlo","Portrait of  Alejandro Gómez Arias","1928","1429","2157","3.08","https://uploads6.wikiart.org/images/magdalena-carmen-frieda-kahlo-y-calderón-de-rivera/portrait-of-alejandro-gómez-arias-1928.jpg","0005_Portrait_of_Alejandro_Gómez_Arias_1429x2157.jpg","1041884"
"6","Frida Kahlo","frida-kahlo","Portrait of Cristina My Sister","1928","1681","2246","3.78","https://uploads3.wikiart.org/images/magdalena-carmen-frieda-kahlo-y-calderón-de-rivera/portrait-of-cristina-my-sister-1928.jpg","0006_Portrait_of_Cristina_My_Sister_1681x2246.jpg","1362201"
"7","Frida Kahlo","frida-kahlo","Portrait of Lupe Marín","1929","587","727","0.43","https://uploads4.wikiart.org/images/magdalena-carmen-frieda-kahlo-y-calderón-de-rivera/portrait-of-lupe-marín-1929.jpg","0007_Portrait_of_Lupe_Marín_587x727.jpg","137659"
"8","Frida Kahlo","frida-kahlo","Portrait of Virginia (Little Girl)","1929","560","776","0.43","https://uploads5.wikiart.org/images/magdalena-carmen-frieda-kahlo-y-calderón-de-rivera/portrait-of-virginia-little-girl-1929.jpg","0008_Portrait_of_Virginia_(Little_Girl)_560x776.jpg","326666"
"9","Frida Kahlo","frida-kahlo","Self Portrait - Time Flies","1929","883","1141","1.01","https://uploads6.wikiart.org/images/magdalena-carmen-frieda-kahlo-y-calderón-de-rivera/self-portrait-time-flies-1929.jpg","0009_Self_Portrait_-_Time_Flies_883x1141.jpg","383022"
"10","Frida Kahlo","frida-kahlo","The Bus","1929","1825","820","1.5","https://uploads7.wikiart.org/images/magdalena-carmen-frieda-kahlo-y-calderón-de-rivera/the-bus-1929.jpg","0010_The_Bus_1825x820.jpg","464986"
"11","Frida Kahlo","frida-kahlo","Two Women","1929","553","750","0.41","https://uploads0.wikiart.org/images/magdalena-carmen-frieda-kahlo-y-calderón-de-rivera/two-women-1929.jpg","0011_Two_Women_553x750.jpg","68852"
"12","Frida Kahlo","frida-kahlo","Portrait of a Woman in White","1930","503","750","0.38","https://uploads1.wikiart.org/images/magdalena-carmen-frieda-kahlo-y-calderón-de-rivera/portrait-of-a-woman-in-white-1930.jpg","0012_Portrait_of_a_Woman_in_White_503x750.jpg","67531"
"13","Frida Kahlo","frida-kahlo","Self Portrait","1930","1806","2231","4.03","https://uploads4.wikiart.org/images/magdalena-carmen-frieda-kahlo-y-calderón-de-rivera/self-portrait-1930.jpg","0013_Self_Portrait_1806x2231.jpg","1441686"
"14","Frida Kahlo","frida-kahlo","Frieda and Diego Rivera","1931","1731","2231","3.86","https://uploads5.wikiart.org/images/magdalena-carmen-frieda-kahlo-y-calderón-de-rivera/frieda-and-diego-rivera-1931.jpg","0014_Frieda_and_Diego_Rivera_1731x2231.jpg","869968"
"15","Frida Kahlo","frida-kahlo","Portrait of Dr. Leo Eloesser","1931","1381","2026","2.8","https://uploads0.wikiart.org/images/magdalena-carmen-frieda-kahlo-y-calderón-de-rivera/portrait-of-dr-leo-eloesser-1931.jpg","0015_Portrait_of_Dr._Leo_Eloesser_1381x2026.jpg","1022741"
"16","Frida Kahlo","frida-kahlo","Portrait of Eva Frederick","1931","1566","2246","3.52","https://uploads7.wikiart.org/images/magdalena-carmen-frieda-kahlo-y-calderón-de-rivera/portrait-of-eva-frederick-1931.jpg","0016_Portrait_of_Eva_Frederick_1566x2246.jpg","1165785"
"17","Frida Kahlo","frida-kahlo","Portrait of Luther Burbank","1931","1541","2241","3.45","https://uploads8.wikiart.org/images/magdalena-carmen-frieda-kahlo-y-calderón-de-rivera/portrait-of-luther-burbank-1931.jpg","0017_Portrait_of_Luther_Burbank_1541x2241.jpg","897819"
"18","Frida Kahlo","frida-kahlo","Frida and the Miscarriage","1932","1280","1692","2.17","https://uploads4.wikiart.org/00299/images/frida-kahlo/frida-kahlo-abortivo-main.jpg","0018_Frida_and_the_Miscarriage_1280x1692.jpg","661599"
"19","Frida Kahlo","frida-kahlo","Henry Ford Hospital (The Flying Bed)","1932","2305","1845","4.25","https://uploads7.wikiart.org/images/magdalena-carmen-frieda-kahlo-y-calderón-de-rivera/henry-ford-hospital-the-flying-bed-1932.jpg","0019_Henry_Ford_Hospital_(The_Flying_Bed)_2305x1845.jpg","1528813"
"20","Frida Kahlo","frida-kahlo","My Birth","1932","1197","1039","1.24","https://uploads8.wikiart.org/images/magdalena-carmen-frieda-kahlo-y-calderón-de-rivera/my-birth-1932.jpg","0020_My_Birth_1197x1039.jpg","460573"
"21","Frida Kahlo","frida-kahlo","Self-Portrait Along the Border Line Between Mexico and the United States","1932","750","653","0.49","https://uploads1.wikiart.org/images/magdalena-carmen-frieda-kahlo-y-calderón-de-rivera/self-portrait-along-the-boarder-line-between-mexico-and-the-united-states-1932.jpg","0021_Self-Portrait_Along_the_Border_Line_Betw_750x653.jpg","90857"
"22","Frida Kahlo","frida-kahlo","My Dress Hangs There","1933","1957","1745","3.41","https://uploads2.wikiart.org/images/magdalena-carmen-frieda-kahlo-y-calderón-de-rivera/my-dress-hangs-there-1933.jpg","0022_My_Dress_Hangs_There_1957x1745.jpg","1425903"
"23","Frida Kahlo","frida-kahlo","Self Portrait with Necklace","1933","1961","2351","4.61","https://uploads0.wikiart.org/images/magdalena-carmen-frieda-kahlo-y-calderón-de-rivera/self-portrait-with-necklace-1933.jpg","0023_Self_Portrait_with_Necklace_1961x2351.jpg","1702434"
"24","Frida Kahlo","frida-kahlo","Self- Portrait Very Ugly","1933","579","811","0.47","https://uploads5.wikiart.org/images/magdalena-carmen-frieda-kahlo-y-calderón-de-rivera/self-portrait-very-ugly-1933.jpg","0024_Self-_Portrait_Very_Ugly_579x811.jpg","171615"
"25","Frida Kahlo","frida-kahlo","A Few Small Nips (Passionately in Love)","1935","2429","1861","4.52","https://uploads1.wikiart.org/images/magdalena-carmen-frieda-kahlo-y-calderón-de-rivera/a-few-small-nips-passionately-in-love-1935.jpg","0025_A_Few_Small_Nips_(Passionately_in_Love)_2429x1861.jpg","1725853"
"26","Frida Kahlo","frida-kahlo","Self Portrait with Curly Hair","1935","591","779","0.46","https://uploads2.wikiart.org/images/magdalena-carmen-frieda-kahlo-y-calderón-de-rivera/self-portrait-with-curly-hair-1935.jpg","0026_Self_Portrait_with_Curly_Hair_591x779.jpg","66794"
"27","Frida Kahlo","frida-kahlo","My Grandparents, My Parents, and I (Family Tree)","1936","2527","2197","5.55","https://uploads6.wikiart.org/images/magdalena-carmen-frieda-kahlo-y-calderón-de-rivera/my-grandparents-my-parents-and-me-1936.jpg","0027_My_Grandparents,_My_Parents,_and_I_(Fami_2527x2197.jpg","1776266"
"28","Frida Kahlo","frida-kahlo","Fulang-Chang and I","1937","507","750","0.38","https://uploads0.wikiart.org/images/magdalena-carmen-frieda-kahlo-y-calderón-de-rivera/fulang-chang-and-i-1937.jpg","0028_Fulang-Chang_and_I_507x750.jpg","72811"
"29","Frida Kahlo","frida-kahlo","Me and My Doll","1937","518","750","0.39","https://uploads5.wikiart.org/images/magdalena-carmen-frieda-kahlo-y-calderón-de-rivera/me-and-my-doll-1937.jpg","0029_Me_and_My_Doll_518x750.jpg","49030"
"30","Frida Kahlo","frida-kahlo","Memory (The Heart)","1937","463","750","0.35","https://uploads7.wikiart.org/images/magdalena-carmen-frieda-kahlo-y-calderón-de-rivera/memory-the-heart-1937.jpg","0030_Memory_(The_Heart)_463x750.jpg","53963"
"31","Frida Kahlo","frida-kahlo","My Nurse and I","1937","1811","1586","2.87","https://uploads5.wikiart.org/images/magdalena-carmen-frieda-kahlo-y-calderón-de-rivera/my-nurse-and-i-1937.jpg","0031_My_Nurse_and_I_1811x1586.jpg","1101895"
"32","Frida Kahlo","frida-kahlo","Portrait of Diego Rivera","1937","1551","2341","3.63","https://uploads6.wikiart.org/images/magdalena-carmen-frieda-kahlo-y-calderón-de-rivera/portrait-of-diego-rivera-1937.jpg","0032_Portrait_of_Diego_Rivera_1551x2341.jpg","1178514"
"33","Frida Kahlo","frida-kahlo","Self-Portrait Dedicated to Leon Trotsky (Between the Curtains)","1937","1185","1545","1.83","https://uploads6.wikiart.org/images/magdalena-carmen-frieda-kahlo-y-calderón-de-rivera/self-portrait-dedicated-tomleon-trotsky-between-the-curtains-1937.jpg","0033_Self-Portrait_Dedicated_to_Leon_Trotsky_1185x1545.jpg","572310"
"34","Frida Kahlo","frida-kahlo","The Deceased Dimas","1937","492","750","0.37","https://uploads0.wikiart.org/images/magdalena-carmen-frieda-kahlo-y-calderón-de-rivera/the-deceased-dimas-1937.jpg","0034_The_Deceased_Dimas_492x750.jpg","72879"
"35","Frida Kahlo","frida-kahlo","Four Inhabitants of Mexico","1938","800","503","0.4","https://uploads8.wikiart.org/images/magdalena-carmen-frieda-kahlo-y-calderón-de-rivera/four-inhabitants-of-mexico-1938.jpg","0035_Four_Inhabitants_of_Mexico_800x503.jpg","75769"
"36","Frida Kahlo","frida-kahlo","Fruits of the Earth","1938","2529","1725","4.36","https://uploads1.wikiart.org/images/magdalena-carmen-frieda-kahlo-y-calderón-de-rivera/fruits-of-the-earth-1938.jpg","0036_Fruits_of_the_Earth_2529x1725.jpg","1142917"
"37","Frida Kahlo","frida-kahlo","Girl with Death Mask (She Plays Alone)","1938","552","750","0.41","https://uploads0.wikiart.org/images/magdalena-carmen-frieda-kahlo-y-calderón-de-rivera/girl-with-death-mask-she-plays-alone-1938.jpg","0037_Girl_with_Death_Mask_(She_Plays_Alone)_552x750.jpg","68483"
"38","Frida Kahlo","frida-kahlo","Itzcuintli Dog with Me","1938","1671","2341","3.91","https://uploads8.wikiart.org/itzcuintli-dog-with-me-1938(1).jpg","0038_Itzcuintli_Dog_with_Me_1671x2341.jpg","1418281"
"39","Frida Kahlo","frida-kahlo","Pitahayas","1938","750","555","0.42","https://uploads0.wikiart.org/images/magdalena-carmen-frieda-kahlo-y-calderón-de-rivera/pitahayas-1938.jpg","0039_Pitahayas_750x555.jpg","101921"
"40","Frida Kahlo","frida-kahlo","Self Portrait - The Frame","1938","1551","2236","3.47","https://uploads5.wikiart.org/images/magdalena-carmen-frieda-kahlo-y-calderón-de-rivera/self-portrait-the-frame-1938.jpg","0040_Self_Portrait_-_The_Frame_1551x2236.jpg","1240128"
"41","Frida Kahlo","frida-kahlo","Self Portrait with a Monkey","1938","550","750","0.41","https://uploads0.wikiart.org/images/magdalena-carmen-frieda-kahlo-y-calderón-de-rivera/self-portrait-with-a-monkey-1938.jpg","0041_Self_Portrait_with_a_Monkey_550x750.jpg","57747"
"42","Frida Kahlo","frida-kahlo","The Suicide of Dorothy Hale","1938","1796","2176","3.91","https://uploads0.wikiart.org/images/magdalena-carmen-frieda-kahlo-y-calderón-de-rivera/the-suicide-of-dorothy-hale-1938.jpg","0042_The_Suicide_of_Dorothy_Hale_1796x2176.jpg","1066429"
"43","Frida Kahlo","frida-kahlo","Tunas (Still Life with Prickly Pear Fruit)","1938","750","613","0.46","https://uploads4.wikiart.org/images/magdalena-carmen-frieda-kahlo-y-calderón-de-rivera/tunas-still-life-with-prickly-pear-fruit-1938.jpg","0043_Tunas_(Still_Life_with_Prickly_Pear_Frui_750x613.jpg","84181"
"44","Frida Kahlo","frida-kahlo","What the Water Gave Me","1938","1831","2391","4.38","https://uploads4.wikiart.org/images/magdalena-carmen-frieda-kahlo-y-calderón-de-rivera/what-the-water-gave-me-1938.jpg","0044_What_the_Water_Gave_Me_1831x2391.jpg","1368290"
"45","Frida Kahlo","frida-kahlo","The Two Fridas","1939","2206","2186","4.82","https://uploads5.wikiart.org/images/magdalena-carmen-frieda-kahlo-y-calderón-de-rivera/the-two-fridas-1939.jpg","0045_The_Two_Fridas_2206x2186.jpg","1819080"
"46","Frida Kahlo","frida-kahlo","Two Nudes in the Forest (The Earth Itself)","1939","1203","995","1.2","https://uploads4.wikiart.org/images/magdalena-carmen-frieda-kahlo-y-calderón-de-rivera/two-nudes-in-the-forest-the-earth-itself-1939.jpg","0046_Two_Nudes_in_the_Forest_(The_Earth_Itsel_1203x995.jpg","463921"
"47","Frida Kahlo","frida-kahlo","Self Portrait Dedicated to Dr Eloesser","1940","1561","2356","3.68","https://uploads2.wikiart.org/images/magdalena-carmen-frieda-kahlo-y-calderón-de-rivera/self-portrait-dedicated-to-dr-eloesser-1940.jpg","0047_Self_Portrait_Dedicated_to_Dr_Eloesser_1561x2356.jpg","1373062"
"48","Frida Kahlo","frida-kahlo","Self Portrait Dedicated to Sigmund Firestone","1940","591","866","0.51","https://uploads8.wikiart.org/images/magdalena-carmen-frieda-kahlo-y-calderón-de-rivera/self-portrait-dedicated-to-sigmund-firestone-1940.jpg","0048_Self_Portrait_Dedicated_to_Sigmund_Fires_591x866.jpg","106639"
"49","Frida Kahlo","frida-kahlo","Self Portrait with Cropped Hair","1940","461","750","0.35","https://uploads4.wikiart.org/images/magdalena-carmen-frieda-kahlo-y-calderón-de-rivera/self-portrait-with-cropped-hair-1940.jpg","0049_Self_Portrait_with_Cropped_Hair_461x750.jpg","65153"
"50","Frida Kahlo","frida-kahlo","Self Portrait with Monkey","1940","1821","2341","4.26","https://uploads7.wikiart.org/images/magdalena-carmen-frieda-kahlo-y-calderón-de-rivera/self-portrait-with-monkey-1940.jpg","0050_Self_Portrait_with_Monkey_1821x2341.jpg","1571472"
"51","Frida Kahlo","frida-kahlo","Self Portrait with Necklace of Thorns","1940","656","854","0.56","https://uploads1.wikiart.org/images/magdalena-carmen-frieda-kahlo-y-calderón-de-rivera/self-portrait-with-necklace-of-thorns-1940.jpg","0051_Self_Portrait_with_Necklace_of_Thorns_656x854.jpg","142781"
"52","Frida Kahlo","frida-kahlo","The Dream (The Bed)","1940","2486","1856","4.61","https://uploads8.wikiart.org/images/magdalena-carmen-frieda-kahlo-y-calderón-de-rivera/the-dream-the-bed-1940.jpg","0052_The_Dream_(The_Bed)_2486x1856.jpg","1771026"
"53","Frida Kahlo","frida-kahlo","Me and My Parrots","1941","1776","2326","4.13","https://uploads8.wikiart.org/images/magdalena-carmen-frieda-kahlo-y-calderón-de-rivera/me-and-my-parrots-1941.jpg","0053_Me_and_My_Parrots_1776x2326.jpg","1372383"
"54","Frida Kahlo","frida-kahlo","Self-Portrait in Red and Gold Dress","1941","482","704","0.34","https://uploads8.wikiart.org/images/magdalena-carmen-frieda-kahlo-y-calderón-de-rivera/self-portrait-in-red-and-gold-dress-1941.jpg","0054_Self-Portrait_in_Red_and_Gold_Dress_482x704.jpg","59792"
"55","Frida Kahlo","frida-kahlo","Self-Portrait with Bonito","1941","578","750","0.43","https://uploads7.wikiart.org/images/magdalena-carmen-frieda-kahlo-y-calderón-de-rivera/self-portrait-with-bonito-1941.jpg","0055_Self-Portrait_with_Bonito_578x750.jpg","80553"
"56","Frida Kahlo","frida-kahlo","Self Portrait with Braid","1941","1736","2396","4.16","https://uploads6.wikiart.org/images/magdalena-carmen-frieda-kahlo-y-calderón-de-rivera/self-portrait-with-braid-1941.jpg","0056_Self_Portrait_with_Braid_1736x2396.jpg","1250039"
"57","Frida Kahlo","frida-kahlo","Portrait of Lucha Maria, A Girl from Tehuacan","1942","536","650","0.35","https://uploads8.wikiart.org/images/magdalena-carmen-frieda-kahlo-y-calderón-de-rivera/portrait-of-lucha-maria-a-girl-from-tehuacan-1942.jpg","0057_Portrait_of_Lucha_Maria,_A_Girl_from_Teh_536x650.jpg","82310"
"58","Frida Kahlo","frida-kahlo","Portrait of Marucha Lavin","1942","611","750","0.46","https://uploads7.wikiart.org/images/magdalena-carmen-frieda-kahlo-y-calderón-de-rivera/portrait-of-marucha-lavin-1942.jpg","0058_Portrait_of_Marucha_Lavin_611x750.jpg","78693"
"59","Frida Kahlo","frida-kahlo","Self Portrait with Monkey and Parrot","1942","510","642","0.33","https://uploads0.wikiart.org/images/magdalena-carmen-frieda-kahlo-y-calderón-de-rivera/self-portrait-with-monkey-and-parrot-1942.jpg","0059_Self_Portrait_with_Monkey_and_Parrot_510x642.jpg","102161"
"60","Frida Kahlo","frida-kahlo","Still Life (Round)","1942","2246","2301","5.17","https://uploads7.wikiart.org/images/magdalena-carmen-frieda-kahlo-y-calderón-de-rivera/still-life-round-1942.jpg","0060_Still_Life_(Round)_2246x2301.jpg","1559073"
"61","Frida Kahlo","frida-kahlo","Flower of Life (Flame Flower)","1943","721","1025","0.74","https://uploads0.wikiart.org/images/magdalena-carmen-frieda-kahlo-y-calderón-de-rivera/flower-of-life-flame-flower-1943.jpg","0061_Flower_of_Life_(Flame_Flower)_721x1025.jpg","673488"
"62","Frida Kahlo","frida-kahlo","Portrait of Natasha Gelman","1943","482","639","0.31","https://uploads8.wikiart.org/images/magdalena-carmen-frieda-kahlo-y-calderón-de-rivera/portrait-of-natasha-gelman-1943.jpg","0062_Portrait_of_Natasha_Gelman_482x639.jpg","63892"
"63","Frida Kahlo","frida-kahlo","Roots","1943","2549","1513","3.86","https://uploads5.wikiart.org/images/magdalena-carmen-frieda-kahlo-y-calderón-de-rivera/roots-1943.jpg","0063_Roots_2549x1513.jpg","1489732"
"64","Frida Kahlo","frida-kahlo","Self Portrait as a Tehuana","1943","1806","2356","4.25","https://uploads8.wikiart.org/images/magdalena-carmen-frieda-kahlo-y-calderón-de-rivera/self-portrait-as-a-tehuana-1943.jpg","0064_Self_Portrait_as_a_Tehuana_1806x2356.jpg","1577075"
"65","Frida Kahlo","frida-kahlo","Self Portrait with Monkeys","1943","1681","2346","3.94","https://uploads8.wikiart.org/images/magdalena-carmen-frieda-kahlo-y-calderón-de-rivera/self-portrait-with-monkeys-1943.jpg","0065_Self_Portrait_with_Monkeys_1681x2346.jpg","984207"
"66","Frida Kahlo","frida-kahlo","The Bride Frightened at Seeing Life Opened","1943","2409","1773","4.27","https://uploads6.wikiart.org/images/magdalena-carmen-frieda-kahlo-y-calderón-de-rivera/the-bride-frightened-at-seeing-life-opened-1943.jpg","0066_The_Bride_Frightened_at_Seeing_Life_Open_2409x1773.jpg","1290911"
"67","Frida Kahlo","frida-kahlo","Thinking About Death","1943","584","750","0.44","https://uploads2.wikiart.org/images/magdalena-carmen-frieda-kahlo-y-calderón-de-rivera/thinking-about-death-1943.jpg","0067_Thinking_About_Death_584x750.jpg","92684"
"68","Frida Kahlo","frida-kahlo","Diego and Frida","1944","591","905","0.53","https://uploads6.wikiart.org/images/magdalena-carmen-frieda-kahlo-y-calderón-de-rivera/diego-and-frida-1944.jpg","0068_Diego_and_Frida_591x905.jpg","113212"
"69","Frida Kahlo","frida-kahlo","Portrait of Doña Rosita Morillo","1944","534","700","0.37","https://uploads4.wikiart.org/images/magdalena-carmen-frieda-kahlo-y-calderón-de-rivera/portrait-of-doña-rosita-morillo-1944.jpg","0069_Portrait_of_Doña_Rosita_Morillo_534x700.jpg","65217"
"70","Frida Kahlo","frida-kahlo","The Broken Column","1944","1693","2229","3.77","https://uploads8.wikiart.org/images/magdalena-carmen-frieda-kahlo-y-calderón-de-rivera/the-broken-column-1944.jpg","0070_The_Broken_Column_1693x2229.jpg","1173422"
"71","Frida Kahlo","frida-kahlo","Landscape","1945","1197","895","1.07","https://uploads0.wikiart.org/images/magdalena-carmen-frieda-kahlo-y-calderón-de-rivera/landscape-1945.jpg","0071_Landscape_1197x895.jpg","468707"
"72","Frida Kahlo","frida-kahlo","Magnolias","1945","2496","1816","4.53","https://uploads0.wikiart.org/images/magdalena-carmen-frieda-kahlo-y-calderón-de-rivera/magnolias-1945.jpg","0072_Magnolias_2496x1816.jpg","1782969"
"73","Frida Kahlo","frida-kahlo","Moses","1945","1813","1456","2.64","https://uploads5.wikiart.org/images/magdalena-carmen-frieda-kahlo-y-calderón-de-rivera/moses-1945.jpg","0073_Moses_1813x1456.jpg","1145602"
"74","Frida Kahlo","frida-kahlo","Self Portrait with Small Monkey","1945","651","935","0.61","https://uploads4.wikiart.org/images/magdalena-carmen-frieda-kahlo-y-calderón-de-rivera/self-portrait-with-small-monkey-1945.jpg","0074_Self_Portrait_with_Small_Monkey_651x935.jpg","236068"
"75","Frida Kahlo","frida-kahlo","The Mask","1945","577","767","0.44","https://uploads8.wikiart.org/images/magdalena-carmen-frieda-kahlo-y-calderón-de-rivera/the-mask-1945.jpg","0075_The_Mask_577x767.jpg","179774"
"76","Frida Kahlo","frida-kahlo","Without Hope","1945","3000","2333","7","https://uploads3.wikiart.org/00475/images/frida-kahlo/without-hope-1945.jpg","0076_Without_Hope_3000x2333.jpg","4476467"
"77","Frida Kahlo","frida-kahlo","The Wounded Deer","1946","2237","1737","3.89","https://uploads7.wikiart.org/images/magdalena-carmen-frieda-kahlo-y-calderón-de-rivera/the-wounded-deer-1946.jpg","0077_The_Wounded_Deer_2237x1737.jpg","1439672"
"78","Frida Kahlo","frida-kahlo","Tree of Hope, Remain Strong","1946","543","750","0.41","https://uploads8.wikiart.org/images/magdalena-carmen-frieda-kahlo-y-calderón-de-rivera/tree-of-hope-remain-strong-1946.jpg","0078_Tree_of_Hope,_Remain_Strong_543x750.jpg","76798"
"79","Frida Kahlo","frida-kahlo","Self Portrait with Loose Hair","1947","1691","2356","3.98","https://uploads2.wikiart.org/images/magdalena-carmen-frieda-kahlo-y-calderón-de-rivera/self-portrait-with-loose-hair-1947.jpg","0079_Self_Portrait_with_Loose_Hair_1691x2356.jpg","1437487"
"80","Frida Kahlo","frida-kahlo","Sun and Life","1947","1822","1447","2.64","https://uploads3.wikiart.org/images/magdalena-carmen-frieda-kahlo-y-calderón-de-rivera/sun-and-life-1947.jpg","0080_Sun_and_Life_1822x1447.jpg","998117"
"81","Frida Kahlo","frida-kahlo","Self Portrait","1948","887","1125","1","https://uploads4.wikiart.org/images/magdalena-carmen-frieda-kahlo-y-calderón-de-rivera/self-portrait-1948.jpg","0081_Self_Portrait_887x1125.jpg","356228"
"82","Frida Kahlo","frida-kahlo","Diego and I","1949","1676","2236","3.75","https://uploads2.wikiart.org/images/magdalena-carmen-frieda-kahlo-y-calderón-de-rivera/diego-and-i-1949.jpg","0082_Diego_and_I_1676x2236.jpg","1473312"
"83","Frida Kahlo","frida-kahlo","The Love Embrace of the Universe, the Earth (Mexico), Myself, Diego and Señor Xólotl","1949","1816","2201","4","https://uploads7.wikiart.org/images/magdalena-carmen-frieda-kahlo-y-calderón-de-rivera/the-love-embrace-of-the-universe-the-earth-mexico-myself-diego-and-señor-xólotl-1949.jpg","0083_The_Love_Embrace_of_the_Universe,_the_Ea_1816x2201.jpg","1606828"
"84","Frida Kahlo","frida-kahlo","Coconuts","1951","850","594","0.5","https://uploads5.wikiart.org/images/frida-kahlo/coconuts-1951.jpg","0084_Coconuts_850x594.jpg","120303"
"85","Frida Kahlo","frida-kahlo","Portrait of My Father","1951","1676","2361","3.96","https://uploads3.wikiart.org/images/magdalena-carmen-frieda-kahlo-y-calderón-de-rivera/portrait-of-my-father-1951.jpg","0085_Portrait_of_My_Father_1676x2361.jpg","1426520"
"86","Frida Kahlo","frida-kahlo","Self-Portrait with the Portrait of Doctor Farill","1951","1187","991","1.18","https://uploads3.wikiart.org/images/magdalena-carmen-frieda-kahlo-y-calderón-de-rivera/self-portrait-with-the-portrait-of-doctor-farill-1951.jpg","0086_Self-Portrait_with_the_Portrait_of_Docto_1187x991.jpg","439867"
"87","Frida Kahlo","frida-kahlo","Still life with parrot","1951","776","720","0.56","https://uploads4.wikiart.org/images/magdalena-carmen-frieda-kahlo-y-calderón-de-rivera/still-life-with-parrot-1951.jpg","0087_Still_life_with_parrot_776x720.jpg","86511"
"88","Frida Kahlo","frida-kahlo","Still Life","1951","850","665","0.57","https://uploads1.wikiart.org/images/magdalena-carmen-frieda-kahlo-y-calderón-de-rivera/still-life-1951.jpg","0088_Still_Life_850x665.jpg","142375"
"89","Frida Kahlo","frida-kahlo","Still Life with Parrot and Flag","1951","2285","1257","2.87","https://uploads5.wikiart.org/images/magdalena-carmen-frieda-kahlo-y-calderón-de-rivera/still-life-with-parrot-and-fruit-1951.jpg","0089_Still_Life_with_Parrot_and_Flag_2285x1257.jpg","954122"
"90","Frida Kahlo","frida-kahlo","Weeping Coconuts or Coconut Tears","1951","1005","675","0.68","https://uploads6.wikiart.org/images/magdalena-carmen-frieda-kahlo-y-calderón-de-rivera/weeping-coconuts-or-coconut-tears-1951.jpg","0090_Weeping_Coconuts_or_Coconut_Tears_1005x675.jpg","197751"
"91","Frida Kahlo","frida-kahlo","Congress of Peoples for Peace","1952","400","304","0.12","https://uploads8.wikiart.org/images/frida-kahlo/congress-of-peoples-for-peace-1952.jpg","0091_Congress_of_Peoples_for_Peace_400x304.jpg","60431"
"92","Frida Kahlo","frida-kahlo","Living Nature","1952","1534","1135","1.74","https://uploads4.wikiart.org/images/magdalena-carmen-frieda-kahlo-y-calderón-de-rivera/living-nature-1952.jpg","0092_Living_Nature_1534x1135.jpg","710871"
"93","Frida Kahlo","frida-kahlo","Fruit of Life","1953","750","564","0.42","https://uploads4.wikiart.org/images/magdalena-carmen-frieda-kahlo-y-calderón-de-rivera/fruit-of-life-1953.jpg","0093_Fruit_of_Life_750x564.jpg","100020"
"94","Frida Kahlo","frida-kahlo","Still Life with Watermelons","1953","1181","789","0.93","https://uploads0.wikiart.org/images/magdalena-carmen-frieda-kahlo-y-calderón-de-rivera/still-life-with-watermelons-1953.jpg","0094_Still_Life_with_Watermelons_1181x789.jpg","393422"
"95","Frida Kahlo","frida-kahlo","Marxism Will Give Health to the Sick","1954","1866","2371","4.42","https://uploads0.wikiart.org/images/magdalena-carmen-frieda-kahlo-y-calderón-de-rivera/marxism-will-give-health-to-the-sick-1954.jpg","0095_Marxism_Will_Give_Health_to_the_Sick_1866x2371.jpg","1826135"
"96","Frida Kahlo","frida-kahlo","Portrait of Frida's Family","1954","579","407","0.24","https://uploads8.wikiart.org/images/magdalena-carmen-frieda-kahlo-y-calderón-de-rivera/portrait-of-frida-s-family-1954.jpg","0096_Portrait_of_Frida's_Family_579x407.jpg","101195"
"97","Frida Kahlo","frida-kahlo","Self Portrait with a Portrait of Diego on the Breast and Maria Between the Eyebrows","1954","1193","1821","2.17","https://uploads2.wikiart.org/images/magdalena-carmen-frieda-kahlo-y-calderón-de-rivera/self-portrait-with-a-portrait-of-diego-on-the-breast-and-maria-between-the-eyebrows-1954.jpg","0097_Self_Portrait_with_a_Portrait_of_Diego_o_1193x1821.jpg","911324"
"98","Frida Kahlo","frida-kahlo","Self Portrait with Stalin","1954","1197","1817","2.17","https://uploads7.wikiart.org/images/magdalena-carmen-frieda-kahlo-y-calderón-de-rivera/self-portrait-with-stalin-1954.jpg","0098_Self_Portrait_with_Stalin_1197x1817.jpg","793348"
"99","Frida Kahlo","frida-kahlo","Still Life with Flag","1954","1198","784","0.94","https://uploads2.wikiart.org/images/magdalena-carmen-frieda-kahlo-y-calderón-de-rivera/still-life-with-flag-1954.jpg","0099_Still_Life_with_Flag_1198x784.jpg","393898"
"100","Frida Kahlo","frida-kahlo","Viva la Vida, Watermelons","1954","2429","1789","4.35","https://uploads1.wikiart.org/images/magdalena-carmen-frieda-kahlo-y-calderón-de-rivera/viva-la-vida-watermelons.jpg","0100_Viva_la_Vida,_Watermelons_2429x1789.jpg","1495593"
"1","Caravaggio","caravaggio","Boy Peeling Fruit","1593","474","559","0.26","https://uploads8.wikiart.org/00340/images/caravaggio/boy-peeling-fruit.jpg","0001_Boy_Peeling_Fruit_474x559.jpg","56229"
"2","Caravaggio","caravaggio","Boy with a Basket of Fruit","1593","863","900","0.78","https://uploads7.wikiart.org/00339/images/caravaggio/boy-with-a-basket-of-fruit.jpg","0002_Boy_with_a_Basket_of_Fruit_863x900.jpg","211582"
"3","Caravaggio","caravaggio","Young Sick Bacchus","1593","2311","3009","6.95","https://uploads7.wikiart.org/00142/images/57726d7cedc2cb3880b47b1a/self-portrait-as-the-sick-bacchus-by-caravaggio.jpg","0003_Young_Sick_Bacchus_2311x3009.jpg","2221628"
"4","Caravaggio","caravaggio","Cardsharps","1594","4501","3239","14.58","https://uploads8.wikiart.org/00129/images/caravaggio/cardsharps.jpg","0004_Cardsharps_4501x3239.jpg","4396058"
"5","Caravaggio","caravaggio","Musicians","1595","1200","912","1.09","https://uploads4.wikiart.org/00340/images/caravaggio/les-musiciens.jpg","0005_Musicians_1200x912.jpg","323809"
"6","Caravaggio","caravaggio","Saint Francis of Assisi in Ecstasy","1595","1089","776","0.85","https://uploads1.wikiart.org/images/caravaggio/saint-francis-of-assisi-in-ecstasy(1).jpg","0006_Saint_Francis_of_Assisi_in_Ecstasy_1089x776.jpg","115181"
"7","Caravaggio","caravaggio","Bacchus","1596","694","800","0.56","https://uploads1.wikiart.org/images/caravaggio/bacchus(1).jpg","0007_Bacchus_694x800.jpg","116307"
"8","Caravaggio","caravaggio","Basket of Fruit","1596","2532","2003","5.07","https://uploads6.wikiart.org/images/caravaggio/basket-of-fruit.jpg","0008_Basket_of_Fruit_2532x2003.jpg","1351477"
"9","Caravaggio","caravaggio","Boy Bitten by a Lizard","1596","3144","4226","13.29","https://uploads2.wikiart.org/00142/images/57726d7cedc2cb3880b47b1a/caravaggio-boy-bitten-by-a-lizard.jpg","0009_Boy_Bitten_by_a_Lizard_3144x4226.jpg","5418790"
"10","Caravaggio","caravaggio","The Lute Player","1596","1536","1200","1.84","https://uploads8.wikiart.org/00340/images/caravaggio/the-lute-player-2.jpg","0010_The_Lute_Player_1536x1200.jpg","476451"
"11","Caravaggio","caravaggio","A lute player","1596","356","470","0.17","https://uploads8.wikiart.org/00340/images/caravaggio/the-lute-player-1.jpg","0011_A_lute_player_356x470.jpg","50926"
"12","Caravaggio","caravaggio","Jupiter, Neptune and Pluto","1597","667","1320","0.88","https://uploads1.wikiart.org/images/caravaggio/jupiter-neptune-and-pluto(1).jpg","0012_Jupiter,_Neptune_and_Pluto_667x1320.jpg","187259"
"13","Caravaggio","caravaggio","Medusa","1597","3369","3453","11.63","https://uploads5.wikiart.org/00142/images/57726d7cedc2cb3880b47b1a/caravaggio-medusa-google-art-project.jpg","0013_Medusa_3369x3453.jpg","3629664"
"14","Caravaggio","caravaggio","Penitent Magdalene","1597","474","579","0.27","https://uploads1.wikiart.org/00340/images/caravaggio/penitent-magadalene.jpg","0014_Penitent_Magdalene_474x579.jpg","64085"
"15","Caravaggio","caravaggio","Portrait of a Courtesan","1597","466","599","0.28","https://uploads8.wikiart.org/images/caravaggio/portrait-of-a-courtesan(2).jpg","0015_Portrait_of_a_Courtesan_466x599.jpg","81006"
"16","Caravaggio","caravaggio","Rest on the Flight into Egypt","1597","1103","897","0.99","https://uploads0.wikiart.org/00129/images/caravaggio/rest-on-the-flight-into-egypt.jpg","0016_Rest_on_the_Flight_into_Egypt_1103x897.jpg","930407"
"17","Caravaggio","caravaggio","The lute player","1597","645","900","0.58","https://uploads2.wikiart.org/00340/images/caravaggio/the-lute-player-1597.jpg","0017_The_lute_player_645x900.jpg","118407"
"18","Caravaggio","caravaggio","Portrait of Maffeo Barberini","1597","1126","1400","1.58","https://uploads3.wikiart.org/images/caravaggio/portrait-of-maffeo-barberini-1.jpg","0018_Portrait_of_Maffeo_Barberini_1126x1400.jpg","1565483"
"19","Caravaggio","caravaggio","John the Baptist","1598","382","577","0.22","https://uploads1.wikiart.org/images/caravaggio/john-the-baptist(1).jpg","0019_John_the_Baptist_382x577.jpg","95342"
"20","Caravaggio","caravaggio","Martha and Mary Magdalene","1598","1440","1048","1.51","https://uploads5.wikiart.org/00129/images/caravaggio/martha-and-mary-magdalene.jpg","0020_Martha_and_Mary_Magdalene_1440x1048.jpg","1771312"
"21","Caravaggio","caravaggio","Sacrifice of Isaac","1598","9449","6496","61.38","https://uploads0.wikiart.org/00340/images/caravaggio/sacrifice-of-isaac.jpg","0021_Sacrifice_of_Isaac_9449x6496.jpg","7956094"
"22","Caravaggio","caravaggio","Portrait of Maffeo Barberini","1598","667","900","0.6","https://uploads4.wikiart.org/images/caravaggio/portrait-of-maffeo-barberini(1).jpg","0022_Portrait_of_Maffeo_Barberini_667x900.jpg","83892"
"23","Caravaggio","caravaggio","Saint Catherine of Alexandria","1598","930","1198","1.11","https://uploads2.wikiart.org/00340/images/caravaggio/saint-catherine-of-alexandria.jpg","0023_Saint_Catherine_of_Alexandria_930x1198.jpg","358419"
"24","Caravaggio","caravaggio","David and Goliath","1599","2362","2664","6.29","https://uploads6.wikiart.org/00129/images/caravaggio/david-and-goliath.jpg","0024_David_and_Goliath_2362x2664.jpg","7293726"
"25","Caravaggio","caravaggio","Narcissus","1599","400","484","0.19","https://uploads0.wikiart.org/00340/images/caravaggio/narcissus.jpg","0025_Narcissus_400x484.jpg","82274"
"26","Caravaggio","caravaggio","The Fortune Teller","1599","1099","808","0.89","https://uploads8.wikiart.org/images/caravaggio/the-fortune-teller-1599(1).jpg","0026_The_Fortune_Teller_1099x808.jpg","741433"
"27","Caravaggio","caravaggio","Judith Beheading Holofernes","1599","1216","902","1.1","https://uploads7.wikiart.org/00129/images/caravaggio/judith-beheading-holofernes.jpg","0027_Judith_Beheading_Holofernes_1216x902.jpg","150585"
"28","Caravaggio","caravaggio","Calling of Saint Matthew","1600","1200","1232","1.48","https://uploads1.wikiart.org/00340/images/caravaggio/the-callinf-of-saint-matthew.jpg","0028_Calling_of_Saint_Matthew_1200x1232.jpg","317990"
"29","Caravaggio","caravaggio","Conversion of Saint Paul","1600","1920","2397","4.6","https://uploads4.wikiart.org/00129/images/caravaggio/conversion-of-saint-paul.jpg","0029_Conversion_of_Saint_Paul_1920x2397.jpg","690797"
"30","Caravaggio","caravaggio","The Martyrdom of Saint Matthew","1600","5000","4392","21.96","https://uploads8.wikiart.org/00142/images/caravaggio/martyrdom-of-saint-matthew.jpg","0030_The_Martyrdom_of_Saint_Matthew_5000x4392.jpg","7671233"
"31","Caravaggio","caravaggio","Conversion on the Way to Damascus","1601","6711","8817","59.17","https://uploads8.wikiart.org/00144/images/caravaggio/conversion-on-the-way-to-damascus-caravaggio-c-1600-1.jpg","0031_Conversion_on_the_Way_to_Damascus_6711x8817.jpg","8939651"
"32","Caravaggio","caravaggio","Crucifixion of Saint Peter","1601","5000","6441","32.2","https://uploads8.wikiart.org/00180/images/57726d7cedc2cb3880b47b1a/crucifixion-of-saint-peter-caravaggio-c-1600.jpg","0032_Crucifixion_of_Saint_Peter_5000x6441.jpg","10036972"
"33","Caravaggio","caravaggio","Still Life with Flowers and Fruit","1601","1222","718","0.88","https://uploads5.wikiart.org/images/caravaggio/still-life-with-flowers-and-fruit-1601(1).jpg","0033_Still_Life_with_Flowers_and_Fruit_1222x718.jpg","166134"
"34","Caravaggio","caravaggio","Amor Victorious","1602","1151","1614","1.86","https://uploads6.wikiart.org/00142/images/caravaggio/amor-victorious.jpg","0034_Amor_Victorious_1151x1614.jpg","956032"
"35","Caravaggio","caravaggio","Incredulity of Saint Thomas","1602","1077","780","0.84","https://uploads0.wikiart.org/00142/images/57726d7cedc2cb3880b47b1a/le-caravage-l-incr-dulit-de-saint-thomas.jpg","0035_Incredulity_of_Saint_Thomas_1077x780.jpg","118280"
"36","Caravaggio","caravaggio","Inspiration of Saint Matthew","1602","643","999","0.64","https://uploads2.wikiart.org/images/caravaggio/inspiration-of-saint-matthew-1602-1(1).jpg","0036_Inspiration_of_Saint_Matthew_643x999.jpg","558933"
"37","Caravaggio","caravaggio","John the Baptist","1602","886","1199","1.06","https://uploads7.wikiart.org/00340/images/caravaggio/john-the-baptist.jpg","0037_John_the_Baptist_886x1199.jpg","249081"
"38","Caravaggio","caravaggio","Sacrifice of Isaac","1602","1284","1000","1.28","https://uploads5.wikiart.org/images/caravaggio/sacrifice-of-isaac-1602.jpg","0038_Sacrifice_of_Isaac_1284x1000.jpg","132449"
"39","Caravaggio","caravaggio","Saint Matthew and the Angel","1602","634","800","0.51","https://uploads7.wikiart.org/00129/images/caravaggio/saint-matthew-and-the-angel.jpg","0039_Saint_Matthew_and_the_Angel_634x800.jpg","510044"
"40","Caravaggio","caravaggio","Supper at Emmaus","1602","5946","4226","25.13","https://uploads2.wikiart.org/00180/images/caravaggio/supper-at-emmaus.jpg","0040_Supper_at_Emmaus_5946x4226.jpg","3822126"
"41","Caravaggio","caravaggio","Taking of Christ","1602","1024","806","0.83","https://uploads3.wikiart.org/images/caravaggio/taking-of-christ-1602.jpg","0041_Taking_of_Christ_1024x806.jpg","582307"
"42","Caravaggio","caravaggio","Still Life with Fruit","1603","1600","998","1.6","https://uploads3.wikiart.org/00340/images/caravaggio/still-life-with-fruit.png","0042_Still_Life_with_Fruit_1600x998.png","2315607"
"43","Caravaggio","caravaggio","Crowning with Thorns","1603","881","1216","1.07","https://uploads1.wikiart.org/images/caravaggio/crowning-with-thorns-1603(1).jpg","0043_Crowning_with_Thorns_881x1216.jpg","106332"
"44","Caravaggio","caravaggio","Entombment of Christ","1603","802","1199","0.96","https://uploads1.wikiart.org/00340/images/caravaggio/entombment.jpg","0044_Entombment_of_Christ_802x1199.jpg","157153"
"45","Caravaggio","caravaggio","Holy Family with St. John the Baptist","1603","972","1200","1.17","https://uploads0.wikiart.org/00340/images/caravaggio/holy-family-with-st-john-the-baptist.jpg","0045_Holy_Family_with_St._John_the_Baptist_972x1200.jpg","207025"
"46","Caravaggio","caravaggio","The Death of the Virgin","1603","300","454","0.14","https://uploads1.wikiart.org/00340/images/caravaggio/death-of-the-virgin.jpg","0046_The_Death_of_the_Virgin_300x454.jpg","41237"
"47","Caravaggio","caravaggio","Still Life with Fruit","1603","940","598","0.56","https://uploads7.wikiart.org/images/caravaggio/not-identified-1.jpg","0047_Still_Life_with_Fruit_940x598.jpg","92139"
"48","Caravaggio","caravaggio","Crowning with Thorns","1604","1579","1198","1.89","https://uploads2.wikiart.org/00340/images/caravaggio/crowning-with-thorns.jpg","0048_Crowning_with_Thorns_1579x1198.jpg","304359"
"49","Caravaggio","caravaggio","John the Baptist","1604","500","361","0.18","https://uploads3.wikiart.org/00340/images/caravaggio/st-john-the-baptist-1.jpg","0049_John_the_Baptist_500x361.jpg","43809"
"50","Caravaggio","caravaggio","John the Baptist","1604","908","1197","1.09","https://uploads0.wikiart.org/00340/images/caravaggio/john-the-baptist-1.jpg","0050_John_the_Baptist_908x1197.jpg","199155"
"51","Caravaggio","caravaggio","Madonna of Loreto","1604","5000","8550","42.75","https://uploads3.wikiart.org/00180/images/caravaggio/madonna-of-loreto.jpg","0051_Madonna_of_Loreto_5000x8550.jpg","14913203"
"52","Caravaggio","caravaggio","Christ on the Mount of Olives","1605","1000","665","0.66","https://uploads0.wikiart.org/00129/images/caravaggio/christ-on-the-mount-of-olives.jpg","0052_Christ_on_the_Mount_of_Olives_1000x665.jpg","444690"
"53","Caravaggio","caravaggio","Ecce Homo","1605","3265","4087","13.34","https://uploads7.wikiart.org/00129/images/caravaggio/ecce-homo.jpg","0053_Ecce_Homo_3265x4087.jpg","3136531"
"54","Caravaggio","caravaggio","Saint Jerome Writing","1605","8708","6212","54.09","https://uploads4.wikiart.org/00164/images/caravaggio/saint-jerome-writing-caravaggio-1605-6.jpg","0054_Saint_Jerome_Writing_8708x6212.jpg","7423474"
"55","Caravaggio","caravaggio","The Calling of Saints Peter and Andrew","1606","1508","1200","1.81","https://uploads2.wikiart.org/00340/images/caravaggio/the-calling-of-saints-peter-and-andrew.jpg","0055_The_Calling_of_Saints_Peter_and_Andrew_1508x1200.jpg","432804"
"56","Caravaggio","caravaggio","Madonna and Child with St. Anne","1606","697","923","0.64","https://uploads5.wikiart.org/00129/images/caravaggio/madonna-and-child-with-st.jpg","0056_Madonna_and_Child_with_St._Anne_697x923.jpg","622919"
"57","Caravaggio","caravaggio","Saint Francis in Meditation","1606","375","470","0.18","https://uploads0.wikiart.org/00381/images/caravaggio/60db46ed0941a67c384d35460077fe2e.jpg","0057_Saint_Francis_in_Meditation_375x470.jpg","22718"
"58","Caravaggio","caravaggio","Saint Jerome in Meditation","1606","435","600","0.26","https://uploads1.wikiart.org/00340/images/caravaggio/saint-jerome-in-meditation-1.jpg","0058_Saint_Jerome_in_Meditation_435x600.jpg","78684"
"59","Caravaggio","caravaggio","Supper at Emmaus","1606","9116","7321","66.74","https://uploads1.wikiart.org/00142/images/57726d7cedc2cb3880b47b1a/supper-at-emmaus-caravaggio-1606.jpg","0059_Supper_at_Emmaus_9116x7321.jpg","10166087"
"60","Caravaggio","caravaggio","Mary Magdalen in Ecstasy","1606","366","468","0.17","https://uploads6.wikiart.org/00340/images/caravaggio/mary-magdalen-in-ecstasy.jpg","0060_Mary_Magdalen_in_Ecstasy_366x468.jpg","112610"
"61","Caravaggio","caravaggio","Christ at the Column","1607","1030","791","0.81","https://uploads5.wikiart.org/images/caravaggio/christ-at-the-column(1).jpg","0061_Christ_at_the_Column_1030x791.jpg","126776"
"62","Caravaggio","caravaggio","Crucifixion of Saint Andrew","1607","802","1080","0.87","https://uploads7.wikiart.org/00129/images/caravaggio/crucifixion-of-saint-andrew.jpg","0062_Crucifixion_of_Saint_Andrew_802x1080.jpg","122604"
"63","Caravaggio","caravaggio","Flagellation of Christ","1607","1471","2000","2.94","https://uploads2.wikiart.org/00129/images/caravaggio/flagellation-of-christ.jpg","0063_Flagellation_of_Christ_1471x2000.jpg","269577"
"64","Caravaggio","caravaggio","Madonna of the Rosary (Madonna del Rosario)","1607","824","1197","0.99","https://uploads3.wikiart.org/00340/images/caravaggio/madonna-of-the-rosary.jpg","0064_Madonna_of_the_Rosary_(Madonna_del_Rosar_824x1197.jpg","187238"
"65","Caravaggio","caravaggio","Saint Jerome Writing","1607","1037","716","0.74","https://uploads1.wikiart.org/images/caravaggio/saint-jerome-writing-1607(1).jpg","0065_Saint_Jerome_Writing_1037x716.jpg","121880"
"66","Caravaggio","caravaggio","Salome with the Head of John the Baptist","1607","1190","1011","1.2","https://uploads7.wikiart.org/images/caravaggio/salome-with-the-head-of-john-the-baptist(1).jpg","0066_Salome_with_the_Head_of_John_the_Baptist_1190x1011.jpg","178785"
"67","Caravaggio","caravaggio","The Seven Works of Mercy","1607","1062","1610","1.71","https://uploads4.wikiart.org/00129/images/caravaggio/the-seven-works-of-mercy.jpg","0067_The_Seven_Works_of_Mercy_1062x1610.jpg","1766397"
"68","Caravaggio","caravaggio","Enterro de Santa Lucia","1608","1856","2534","4.7","https://uploads3.wikiart.org/00249/images/caravaggio/caravaggio-michelangelo-merisi-burial-of-st-lucy.jpg","0068_Enterro_de_Santa_Lucia_1856x2534.jpg","524464"
"69","Caravaggio","caravaggio","Annunciation","1608","728","1000","0.73","https://uploads5.wikiart.org/00142/images/57726d7cedc2cb3880b47b1a/caravaggio-the-annunciation.JPG","0069_Annunciation_728x1000.JPG","132685"
"70","Caravaggio","caravaggio","Beheading of Saint John the Baptist","1608","1600","1108","1.77","https://uploads8.wikiart.org/00340/images/caravaggio/beheading-of-saint-john-the-baptist.jpg","0070_Beheading_of_Saint_John_the_Baptist_1600x1108.jpg","273170"
"71","Caravaggio","caravaggio","Burial of Saint Lucy","1608","1920","2604","5","https://uploads0.wikiart.org/00129/images/caravaggio/burial-of-saint-lucy.jpg","0071_Burial_of_Saint_Lucy_1920x2604.jpg","1435414"
"72","Caravaggio","caravaggio","Portrait of Fra Antionio Martelli","1608","799","972","0.78","https://uploads5.wikiart.org/images/caravaggio/portrait-of-fra-antionio-martelli-1608(1).jpg","0072_Portrait_of_Fra_Antionio_Martelli_799x972.jpg","698096"
"73","Caravaggio","caravaggio","Sleeping Cupid","1608","956","660","0.63","https://uploads3.wikiart.org/00129/images/caravaggio/sleeping-cupid.jpg","0073_Sleeping_Cupid_956x660.jpg","62204"
"74","Caravaggio","caravaggio","John the Baptist","1608","610","848","0.52","https://uploads6.wikiart.org/images/caravaggio/john-the-baptist-1608(1).jpg","0074_John_the_Baptist_610x848.jpg","122156"
"75","Caravaggio","caravaggio","Portrait of Alof de Wignacourt and his Page","1608","1920","2808","5.39","https://uploads5.wikiart.org/00129/images/caravaggio/portrait-of-alof-de-wignacourt-and-his-page.jpg","0075_Portrait_of_Alof_de_Wignacourt_and_his_P_1920x2808.jpg","1344080"
"76","Caravaggio","caravaggio","Adoration of the Shepherds","1609","851","1251","1.06","https://uploads6.wikiart.org/00129/images/caravaggio/adoration-of-the-shepherds.jpg","0076_Adoration_of_the_Shepherds_851x1251.jpg","230613"
"77","Caravaggio","caravaggio","Resurrection of Lazarus","1609","1362","1865","2.54","https://uploads5.wikiart.org/00142/images/caravaggio/resurrection-of-lazarus.jpg","0077_Resurrection_of_Lazarus_1362x1865.jpg","2247804"
"78","Caravaggio","caravaggio","Tooth Puller","1609","1170","763","0.89","https://uploads2.wikiart.org/images/caravaggio/tooth-puller-1609(1).jpg","0078_Tooth_Puller_1170x763.jpg","140655"
"79","Caravaggio","caravaggio","Nativity with St. Francis and St. Lawrence","1609","800","1120","0.9","https://uploads4.wikiart.org/00340/images/caravaggio/nativity-with-st-francis-and-st-lawrence.jpg","0079_Nativity_with_St._Francis_and_St._Lawren_800x1120.jpg","449589"
"80","Caravaggio","caravaggio","Salome with the Head of John the Baptist","1609","1200","995","1.19","https://uploads0.wikiart.org/00340/images/caravaggio/salome-with-the-head-of-john-the-baptist-1607.jpg","0080_Salome_with_the_Head_of_John_the_Baptist_1200x995.jpg","560594"
"81","Caravaggio","caravaggio","Judith Beheading Holofernes","1610","1444","1200","1.73","https://uploads0.wikiart.org/00340/images/caravaggio/judith-beheading-holofernes.jpg","0081_Judith_Beheading_Holofernes_1444x1200.jpg","450977"
"82","Caravaggio","caravaggio","David with the Head of Goliath","1610","946","1198","1.13","https://uploads5.wikiart.org/00340/images/caravaggio/david-with-the-head-of-goliath-1.jpg","0082_David_with_the_Head_of_Goliath_946x1198.jpg","372913"
"83","Caravaggio","caravaggio","Denial of Saint Peter","1610","7344","5292","38.86","https://uploads1.wikiart.org/00129/images/caravaggio/denial-of-saint-peter.jpg","0083_Denial_of_Saint_Peter_7344x5292.jpg","9279286"
"84","Caravaggio","caravaggio","John the Baptist","1610","435","539","0.23","https://uploads8.wikiart.org/00340/images/caravaggio/john-the-baptist-1610-1-jpg-large-1.jpg","0084_John_the_Baptist_435x539.jpg","75210"
"85","Caravaggio","caravaggio","John the Baptist (Reclining Baptist)","1610","956","640","0.61","https://uploads6.wikiart.org/images/caravaggio/john-the-baptist-1610(2).jpg","0085_John_the_Baptist_(Reclining_Baptist)_956x640.jpg","86140"
"86","Caravaggio","caravaggio","Martyrdom of Saint Ursula","1610","600","483","0.29","https://uploads7.wikiart.org/00340/images/caravaggio/martyrdom-of-saint-ursula.jpg","0086_Martyrdom_of_Saint_Ursula_600x483.jpg","52556"
"87","Caravaggio","caravaggio","Saint Francis in Prayer","1610","431","640","0.28","https://uploads4.wikiart.org/00363/images/caravaggio/caravaggio-saint-francis-in-meditation.jpg","0087_Saint_Francis_in_Prayer_431x640.jpg","140087"
"88","Caravaggio","caravaggio","David with the Head of Goliath","1610","1542","1199","1.85","https://uploads3.wikiart.org/00340/images/caravaggio/david-with-the-head-of-goliath.jpg","0088_David_with_the_Head_of_Goliath_1542x1199.jpg","473041"
"89","Caravaggio","caravaggio","Saint Ana","","563","423","0.24","https://uploads0.wikiart.org/00381/images/caravaggio/ab3b7d28fd67884872010329838a6b90.jpg","0089_Saint_Ana_563x423.jpg","57934"
"90","Caravaggio","caravaggio","Christ derided","","564","453","0.26","https://uploads0.wikiart.org/00381/images/caravaggio/58537808b596119851fffc8db5df7c87.jpg","0090_Christ_derided_564x453.jpg","46240"
"91","Caravaggio","caravaggio","Portrait of a Gentleman","","400","470","0.19","https://uploads0.wikiart.org/00381/images/caravaggio/d82ac5f0223e2010879c306f8eae1897.jpg","0091_Portrait_of_a_Gentleman_400x470.jpg","27732"
"92","Caravaggio","caravaggio","Martha reproaching Mary for her vanity, also known as The Conversion of Mary Magdalene","","480","351","0.17","https://uploads0.wikiart.org/00381/images/caravaggio/520f1b5e40fc115ed717bc99ff164aa4.jpg","0092_Martha_reproaching_Mary_for_her_vanity,_480x351.jpg","31076"
"93","Caravaggio","caravaggio","Saint Jerome","","362","470","0.17","https://uploads0.wikiart.org/00381/images/caravaggio/2328c8a41bd403d221a1f28906ac57f7.jpg","0093_Saint_Jerome_362x470.jpg","22147"
"94","Caravaggio","caravaggio","The executioner delivers the head of the Baptist to Salome","","480","365","0.18","https://uploads0.wikiart.org/00381/images/caravaggio/174205506d945d126928cb9c63fca4b8.jpg","0094_The_executioner_delivers_the_head_of_the_480x365.jpg","34595"
"95","Caravaggio","caravaggio","Christ before Caiaphas","","480","364","0.17","https://uploads0.wikiart.org/00381/images/caravaggio/62258a1232e31644e91cdac6fa0eeec1.jpg","0095_Christ_before_Caiaphas_480x364.jpg","19854"
"96","Caravaggio","caravaggio","Christ among the Doctors","","480","393","0.19","https://uploads0.wikiart.org/00381/images/caravaggio/f61f823d7b5bec7c40a9c6d32cb73f71.jpg","0096_Christ_among_the_Doctors_480x393.jpg","30178"
"97","Caravaggio","caravaggio","Christ crowned with thorns","","480","447","0.21","https://uploads0.wikiart.org/00381/images/caravaggio/50752196846f9481e40f63a943c5f9ca.jpg","0097_Christ_crowned_with_thorns_480x447.jpg","41095"
"98","Caravaggio","caravaggio","The arrest of Christ","","480","342","0.16","https://uploads0.wikiart.org/00381/images/caravaggio/76a91cf8320ad2e4a22ec0c95fffee51.jpg","0098_The_arrest_of_Christ_480x342.jpg","23479"
"99","Caravaggio","caravaggio","Judith and Holofernes","","390","470","0.18","https://uploads0.wikiart.org/00381/images/caravaggio/37928b5c8c660494040c46f5ff6f2262.jpg","0099_Judith_and_Holofernes_390x470.jpg","30099"
"100","Caravaggio","caravaggio","Saint Jerome reading","","338","470","0.16","https://uploads0.wikiart.org/00381/images/caravaggio/e234cfd34ceb069b8aa97583dd953b03.jpg","0100_Saint_Jerome_reading_338x470.jpg","14941"
"101","Caravaggio","caravaggio","Saint Sebastian","","320","470","0.15","https://uploads0.wikiart.org/00381/images/caravaggio/89d2f84827e9b3e35fedb99b22a45883.jpg","0101_Saint_Sebastian_320x470.jpg","26103"
"102","Caravaggio","caravaggio","Bacchus","","391","470","0.18","https://uploads0.wikiart.org/00381/images/caravaggio/abf4d6eb6c2697cd13835277620f6874.jpg","0102_Bacchus_391x470.jpg","19797"
"103","Caravaggio","caravaggio","Tobias heals his blind father","","480","340","0.16","https://uploads0.wikiart.org/00381/images/caravaggio/19f68b12ce33c22f66b730bf8138d7c0.jpg","0103_Tobias_heals_his_blind_father_480x340.jpg","30774"
"104","Caravaggio","caravaggio","A bearded man pouring a bottle of wine","","360","470","0.17","https://uploads0.wikiart.org/00381/images/caravaggio/41aa8753b6c1b57c01e361f0a2a0f311.jpg","0104_A_bearded_man_pouring_a_bottle_of_wine_360x470.jpg","19019"
"105","Caravaggio","caravaggio","Archimedes drawing a geometric shape","","356","470","0.17","https://uploads0.wikiart.org/00381/images/caravaggio/963fd81bfaba75433bf27023afd07e64.jpg","0105_Archimedes_drawing_a_geometric_shape_356x470.jpg","19016"
"1","Gustav Klimt","gustav-klimt","Portrait of a Girl, Head Slightly Turned Left","1879","928","1232","1.14","https://uploads1.wikiart.org/images/gustav-klimt/portrait-of-a-girl-head-slightly-turned-left.jpg","0001_Portrait_of_a_Girl,_Head_Slightly_Turned_928x1232.jpg","87737"
"2","Gustav Klimt","gustav-klimt","Portrait of a man with beard","1879","848","1232","1.04","https://uploads3.wikiart.org/images/gustav-klimt/portrait-of-a-man-with-beard.jpg","0002_Portrait_of_a_man_with_beard_848x1232.jpg","101197"
"3","Gustav Klimt","gustav-klimt","Portrait of a man with beard in three quarter profile","1879","784","1232","0.97","https://uploads0.wikiart.org/images/gustav-klimt/portrait-of-a-man-with-beard-in-three-quarter-profil.jpg","0003_Portrait_of_a_man_with_beard_in_three_qu_784x1232.jpg","71750"
"4","Gustav Klimt","gustav-klimt","Klara Klimt","1880","992","1478","1.47","https://uploads5.wikiart.org/00475/images/gustav-klimt/klara-klimt-c-1880.jpg","0004_Klara_Klimt_992x1478.jpg","193553"
"5","Gustav Klimt","gustav-klimt","Head Study of a Girl from Haná","1883","992","1247","1.24","https://uploads3.wikiart.org/00475/images/gustav-klimt/head-study-of-a-girl-from-han-1883.jpg","0005_Head_Study_of_a_Girl_from_Haná_992x1247.jpg","481687"
"6","Gustav Klimt","gustav-klimt","Sitting Nude Man Turned to the Left","1883","992","1231","1.22","https://uploads0.wikiart.org/00475/images/gustav-klimt/sitting-nude-man-turned-to-the-left-1883.jpg","0006_Sitting_Nude_Man_Turned_to_the_Left_992x1231.jpg","443772"
"7","Gustav Klimt","gustav-klimt","Fable","1883","1280","907","1.16","https://uploads6.wikiart.org/00381/images/gustav-klimt/fable-gustav-klimt-gustav-klimt-67693-95163-1625195763.jpg","0007_Fable_1280x907.jpg","250760"
"8","Gustav Klimt","gustav-klimt","Design for a theater curtain","1883","1275","1616","2.06","https://uploads3.wikiart.org/images/gustav-klimt/design-for-a-theater-curtain.jpg","0008_Design_for_a_theater_curtain_1275x1616.jpg","239619"
"9","Gustav Klimt","gustav-klimt","Idylle (Idylls)","1884","900","576","0.52","https://uploads3.wikiart.org/00381/images/gustav-klimt/idylle-1884-gustav-klimt.jpg","0009_Idylle_(Idylls)_900x576.jpg","193747"
"10","Gustav Klimt","gustav-klimt","Female organ player","1885","1725","1275","2.2","https://uploads3.wikiart.org/images/gustav-klimt/female-organ-player.jpg","0010_Female_organ_player_1725x1275.jpg","175924"
"11","Gustav Klimt","gustav-klimt","Female Nude","1887","2560","1805","4.62","https://uploads4.wikiart.org/images/gustav-klimt/female-nude.jpg","0011_Female_Nude_2560x1805.jpg","349514"
"12","Gustav Klimt","gustav-klimt","Portrait of a Man Facing Left","1887","800","1056","0.84","https://uploads5.wikiart.org/images/gustav-klimt/portrait-of-a-man-heading-left.jpg","0012_Portrait_of_a_Man_Facing_Left_800x1056.jpg","68759"
"13","Gustav Klimt","gustav-klimt","Painted composition design to medicine","1888","2536","3508","8.9","https://uploads4.wikiart.org/images/gustav-klimt/painted-composition-design-to-medicine.jpg","0013_Painted_composition_design_to_medicine_2536x3508.jpg","1526861"
"14","Gustav Klimt","gustav-klimt","The Globe Theatre in London","1888","1712","1072","1.84","https://uploads2.wikiart.org/images/gustav-klimt/the-globe-theatre-in-london.jpg","0014_The_Globe_Theatre_in_London_1712x1072.jpg","108059"
"15","Gustav Klimt","gustav-klimt","Allegory of Sculpture","1889","1136","1648","1.87","https://uploads5.wikiart.org/images/gustav-klimt/allegory-of-sculpture.jpg","0015_Allegory_of_Sculpture_1136x1648.jpg","153262"
"16","Gustav Klimt","gustav-klimt","The Old Burgtheater","1889","794","700","0.56","https://uploads0.wikiart.org/00381/images/gustav-klimt/gustavklimt-auditoriumintheoldburgtheater-vienna.jpg","0016_The_Old_Burgtheater_794x700.jpg","346686"
"17","Gustav Klimt","gustav-klimt","Portrait of Joseph Pembauer","1890","859","1000","0.86","https://uploads2.wikiart.org/images/gustav-klimt/portrait-of-joseph-pembauer.jpg","0017_Portrait_of_Joseph_Pembauer_859x1000.jpg","260848"
"18","Gustav Klimt","gustav-klimt","Sappho","1890","2024","2566","5.19","https://uploads4.wikiart.org/images/gustav-klimt/sappho-1890.jpg","0018_Sappho_2024x2566.jpg","693861"
"19","Gustav Klimt","gustav-klimt","Two Girls With An Oleander","1890","2262","962","2.18","https://uploads1.wikiart.org/images/gustav-klimt/two-girls-with-an-oleander.jpg","0019_Two_Girls_With_An_Oleander_2262x962.jpg","271488"
"20","Gustav Klimt","gustav-klimt","Emilie Flöge, Aged 17","1891","1920","3093","5.94","https://uploads0.wikiart.org/images/gustav-klimt/emilie-flöge-aged-17-1891.jpg","0020_Emilie_Flöge,_Aged_17_1920x3093.jpg","1256015"
"21","Gustav Klimt","gustav-klimt","Portrait of Emilie Flöge","1893","510","901","0.46","https://uploads1.wikiart.org/images/gustav-klimt/portrait-of-emilie-flöge-1.jpg","0021_Portrait_of_Emilie_Flöge_510x901.jpg","482549"
"22","Gustav Klimt","gustav-klimt","Young Girl Seated","1894","1971","3000","5.91","https://uploads0.wikiart.org/00475/images/gustav-klimt/young-girl-seated-1894.jpg","0022_Young_Girl_Seated_1971x3000.jpg","1819157"
"23","Gustav Klimt","gustav-klimt","Portrait of a lady","1894","2024","2773","5.61","https://uploads2.wikiart.org/images/gustav-klimt/portrait-of-a-lady.jpg","0023_Portrait_of_a_lady_2024x2773.jpg","575067"
"24","Gustav Klimt","gustav-klimt","Portrait of Marie Breunig","1894","2024","4678","9.47","https://uploads0.wikiart.org/images/gustav-klimt/portrait-of-marie-breunig.jpg","0024_Portrait_of_Marie_Breunig_2024x4678.jpg","2310836"
"25","Gustav Klimt","gustav-klimt","Draft of a theater curtain","1894","2536","3315","8.41","https://uploads1.wikiart.org/images/gustav-klimt/draft-of-a-theater-curtain.jpg","0025_Draft_of_a_theater_curtain_2536x3315.jpg","2219496"
"26","Gustav Klimt","gustav-klimt","Josef Lewinsky","1895","1576","2377","3.75","https://uploads7.wikiart.org/images/gustav-klimt/josef-lewinsky.jpg","0026_Josef_Lewinsky_1576x2377.jpg","368482"
"27","Gustav Klimt","gustav-klimt","Love","1895","568","800","0.45","https://uploads2.wikiart.org/images/gustav-klimt/love-1895.jpg","0027_Love_568x800.jpg","94096"
"28","Gustav Klimt","gustav-klimt","Music","1895","3000","2310","6.93","https://uploads8.wikiart.org/00475/images/gustav-klimt/music-1-1895.jpg","0028_Music_3000x2310.jpg","4069402"
"29","Gustav Klimt","gustav-klimt","The Blind Man","1896","992","1256","1.25","https://uploads7.wikiart.org/00475/images/gustav-klimt/the-blind-man-c-1896.jpg","0029_The_Blind_Man_992x1256.jpg","355384"
"30","Gustav Klimt","gustav-klimt","Portrait of an Old Man in Profile (Count Traun)","1896","992","1351","1.34","https://uploads2.wikiart.org/00475/images/gustav-klimt/ortrait-of-an-old-man-in-profile-count-traun-c-1896.jpg","0030_Portrait_of_an_Old_Man_in_Profile_(Count_992x1351.jpg","399646"
"31","Gustav Klimt","gustav-klimt","Junius","1896","555","750","0.42","https://uploads8.wikiart.org/images/gustav-klimt/junius.jpg","0031_Junius_555x750.jpg","49791"
"32","Gustav Klimt","gustav-klimt","Orchard","1896","2536","3565","9.04","https://uploads0.wikiart.org/images/gustav-klimt/orchard.jpg","0032_Orchard_2536x3565.jpg","1782315"
"33","Gustav Klimt","gustav-klimt","Schubert at the piano I","1896","992","763","0.76","https://uploads3.wikiart.org/00475/images/gustav-klimt/schubert-at-the-piano-design-for-the-music-room-by-nikolaus-dumba-1896.jpg","0033_Schubert_at_the_piano_I_992x763.jpg","316294"
"34","Gustav Klimt","gustav-klimt","Sculpture","1896","531","750","0.4","https://uploads2.wikiart.org/images/gustav-klimt/sculpture.jpg","0034_Sculpture_531x750.jpg","47575"
"35","Gustav Klimt","gustav-klimt","Study of the Head of a Blind Man","1896","1256","1561","1.96","https://uploads7.wikiart.org/images/gustav-klimt/study-of-the-head-of-a-blind-man.jpg","0035_Study_of_the_Head_of_a_Blind_Man_1256x1561.jpg","501102"
"36","Gustav Klimt","gustav-klimt","Portrait of a Lady","1897","1000","1844","1.84","https://uploads4.wikiart.org/images/gustav-klimt/portrait-of-a-lady-1.jpg","0036_Portrait_of_a_Lady_1000x1844.jpg","298574"
"37","Gustav Klimt","gustav-klimt","Tragedy","1897","534","750","0.4","https://uploads0.wikiart.org/images/gustav-klimt/tragedy.jpg","0037_Tragedy_534x750.jpg","61752"
"38","Gustav Klimt","gustav-klimt","Bewegte Wasser","1898","2024","1622","3.28","https://uploads7.wikiart.org/images/gustav-klimt/bewegte-wasser.jpg","0038_Bewegte_Wasser_2024x1622.jpg","279484"
"39","Gustav Klimt","gustav-klimt","Fishblood","1898","600","613","0.37","https://uploads2.wikiart.org/images/gustav-klimt/fishblood.jpg","0039_Fishblood_600x613.jpg","86955"
"40","Gustav Klimt","gustav-klimt","Lady by the Fireplace","1898","3200","1915","6.13","https://uploads1.wikiart.org/images/gustav-klimt/lady-by-the-fireplace-1898.jpg","0040_Lady_by_the_Fireplace_3200x1915.jpg","1066255"
"41","Gustav Klimt","gustav-klimt","Lady with Cape and Hat","1898","510","741","0.38","https://uploads2.wikiart.org/images/gustav-klimt/lady-with-cape-and-hat-1898.jpg","0041_Lady_with_Cape_and_Hat_510x741.jpg","44343"
"42","Gustav Klimt","gustav-klimt","Minerva or Pallas Athena","1898","983","1000","0.98","https://uploads8.wikiart.org/images/gustav-klimt/minerva-or-pallas-athena.jpg","0042_Minerva_or_Pallas_Athena_983x1000.jpg","343208"
"43","Gustav Klimt","gustav-klimt","Painted composition draft Jusisprudenz","1898","2234","3000","6.7","https://uploads0.wikiart.org/images/gustav-klimt/painted-composition-draft-jusisprudenz-1898.jpg","0043_Painted_composition_draft_Jusisprudenz_2234x3000.jpg","758668"
"44","Gustav Klimt","gustav-klimt","Portrait of Helene Klimt","1898","1923","3000","5.77","https://uploads6.wikiart.org/00475/images/gustav-klimt/portrait-of-helen-klimt-1893.jpg","0044_Portrait_of_Helene_Klimt_1923x3000.jpg","1296874"
"45","Gustav Klimt","gustav-klimt","Poster for the First Art Exhibition of the Secession Art Movement","1898","630","854","0.54","https://uploads4.wikiart.org/images/gustav-klimt/poster-for-the-first-art-exhibition-of-the-secession-art-movement.jpg","0045_Poster_for_the_First_Art_Exhibition_of_t_630x854.jpg","132753"
"46","Gustav Klimt","gustav-klimt","Sonja Knips","1898","1792","1791","3.21","https://uploads6.wikiart.org/00475/images/gustav-klimt/portrait-of-sonja-knips-1898.jpg","0046_Sonja_Knips_1792x1791.jpg","1358528"
"47","Gustav Klimt","gustav-klimt","Girl with hat and cape in profile","1898","400","720","0.29","https://uploads7.wikiart.org/images/gustav-klimt/girl-with-hat-and-cape-in-profil.jpg","0047_Girl_with_hat_and_cape_in_profile_400x720.jpg","19798"
"48","Gustav Klimt","gustav-klimt","After the Rain (Garden with Chickens in St. Agatha)","1899","1256","2569","3.23","https://uploads5.wikiart.org/images/gustav-klimt/after-the-rain-garden-with-chickens-in-st-agatha.jpg","0048_After_the_Rain_(Garden_with_Chickens_in_1256x2569.jpg","278490"
"49","Gustav Klimt","gustav-klimt","Girl with Long Hair, with a sketch for 'Nude Veritas'","1899","733","1073","0.79","https://uploads3.wikiart.org/images/gustav-klimt/girl-with-long-hair-with-a-sketch-for-nude-veritas-1899.jpg","0049_Girl_with_Long_Hair,_with_a_sketch_for_'_733x1073.jpg","186850"
"50","Gustav Klimt","gustav-klimt","Nuda Veritas","1899","1212","4854","5.88","https://uploads5.wikiart.org/images/gustav-klimt/nuda-veritas.jpg","0050_Nuda_Veritas_1212x4854.jpg","3741484"
"51","Gustav Klimt","gustav-klimt","Portrait of a Woman","1899","2024","2621","5.3","https://uploads8.wikiart.org/images/gustav-klimt/portrait-of-a-woman-1899.jpg","0051_Portrait_of_a_Woman_2024x2621.jpg","390421"
"52","Gustav Klimt","gustav-klimt","Portrait of Serena Lederer","1899","1422","3308","4.7","https://uploads1.wikiart.org/images/gustav-klimt/portrait-of-serena-lederer.jpg","0052_Portrait_of_Serena_Lederer_1422x3308.jpg","792722"
"53","Gustav Klimt","gustav-klimt","Quiet pond in the park of Appeal","1899","2024","2032","4.11","https://uploads7.wikiart.org/images/gustav-klimt/quiet-pond-in-the-park-of-appeal.jpg","0053_Quiet_pond_in_the_park_of_Appeal_2024x2032.jpg","383331"
"54","Gustav Klimt","gustav-klimt","Schubert at the Piano II","1899","3200","2191","7.01","https://uploads8.wikiart.org/images/gustav-klimt/schubert-at-the-piano-ii.jpg","0054_Schubert_at_the_Piano_II_3200x2191.jpg","1379517"
"55","Gustav Klimt","gustav-klimt","Study for Philosophy","1899","454","650","0.3","https://uploads0.wikiart.org/images/gustav-klimt/study-for-philosophy-1899.jpg","0055_Study_for_Philosophy_454x650.jpg","91768"
"56","Gustav Klimt","gustav-klimt","Water Nymphs (Silverfish)","1899","1662","2718","4.52","https://uploads7.wikiart.org/images/gustav-klimt/water-nymphs-silverfish.jpg","0056_Water_Nymphs_(Silverfish)_1662x2718.jpg","2926746"
"57","Gustav Klimt","gustav-klimt","Attersee","1900","2600","2606","6.78","https://uploads0.wikiart.org/00475/images/gustav-klimt/attersee-1900.jpg","0057_Attersee_2600x2606.jpg","1435747"
"58","Gustav Klimt","gustav-klimt","Farmhouses with Birch Trees","1900","2024","2051","4.15","https://uploads2.wikiart.org/images/gustav-klimt/farmhouses-with-birch-trees.jpg","0058_Farmhouses_with_Birch_Trees_2024x2051.jpg","473813"
"59","Gustav Klimt","gustav-klimt","The Swamp","1900","2536","2559","6.49","https://uploads7.wikiart.org/images/gustav-klimt/the-swamp-1900.jpg","0059_The_Swamp_2536x2559.jpg","1258348"
"60","Gustav Klimt","gustav-klimt","The Tall Poplar Trees II","1900","800","793","0.63","https://uploads8.wikiart.org/images/gustav-klimt/the-tall-poplar-trees-ii.jpg","0060_The_Tall_Poplar_Trees_II_800x793.jpg","110519"
"61","Gustav Klimt","gustav-klimt","Cows in the barn","1901","2024","1962","3.97","https://uploads5.wikiart.org/images/gustav-klimt/cows-in-the-barn-1901.jpg","0061_Cows_in_the_barn_2024x1962.jpg","374262"
"62","Gustav Klimt","gustav-klimt","Fir Forest I","1901","2536","2545","6.45","https://uploads5.wikiart.org/images/gustav-klimt/fir-forest-i.jpg","0062_Fir_Forest_I_2536x2545.jpg","1811566"
"63","Gustav Klimt","gustav-klimt","Fruit Trees","1901","2536","2562","6.5","https://uploads0.wikiart.org/images/gustav-klimt/fruit-trees-1901.jpg","0063_Fruit_Trees_2536x2562.jpg","1691007"
"64","Gustav Klimt","gustav-klimt","Judith and the Head of Holofernes","1901","1666","3392","5.65","https://uploads7.wikiart.org/00475/images/gustav-klimt/judith-and-the-head-of-holofernes-1901.jpg","0064_Judith_and_the_Head_of_Holofernes_1666x3392.jpg","1632934"
"65","Gustav Klimt","gustav-klimt","Musik (lithograph)","1901","1650","3228","5.33","https://uploads5.wikiart.org/images/gustav-klimt/musik-lithograph-1901.jpg","0065_Musik_(lithograph)_1650x3228.jpg","3071395"
"66","Gustav Klimt","gustav-klimt","Pine Forest II","1901","2536","2532","6.42","https://uploads7.wikiart.org/images/gustav-klimt/pine-forest-ii.jpg","0066_Pine_Forest_II_2536x2532.jpg","1391514"
"67","Gustav Klimt","gustav-klimt","Portrait of Rose von Rosthorn-Friedmann","1901","2024","3672","7.43","https://uploads1.wikiart.org/images/gustav-klimt/portrait-of-rose-von-rosthorn-friedmann-1901.jpg","0067_Portrait_of_Rose_von_Rosthorn-Friedmann_2024x3672.jpg","1606815"
"68","Gustav Klimt","gustav-klimt","Lakeside with Birch Trees","1901","900","894","0.8","https://uploads5.wikiart.org/images/gustav-klimt/lakeside-with-birch-trees-1901.jpg","0068_Lakeside_with_Birch_Trees_900x894.jpg","140633"
"69","Gustav Klimt","gustav-klimt","Januar","1901","1339","1504","2.01","https://uploads8.wikiart.org/images/gustav-klimt/januar.jpg","0069_Januar_1339x1504.jpg","217925"
"70","Gustav Klimt","gustav-klimt","Hymn to Joy. Detail from Beethoven Frieze","1902","479","700","0.34","https://uploads6.wikiart.org/00286/images/gustav-klimt/hymn-to-joy-detail-from-bethoven-friezze-1902.jpg","0070_Hymn_to_Joy._Detail_from_Beethoven_Friez_479x700.jpg","78177"
"71","Gustav Klimt","gustav-klimt","Portrait of Gertha Felssovanyi","1902","1576","5408","8.52","https://uploads0.wikiart.org/images/gustav-klimt/bildnis-gertha-felssvanyi.jpg","0071_Portrait_of_Gertha_Felssovanyi_1576x5408.jpg","1396478"
"72","Gustav Klimt","gustav-klimt","Buchenhain","1902","2024","2094","4.24","https://uploads3.wikiart.org/images/gustav-klimt/buchenhain.jpg","0072_Buchenhain_2024x2094.jpg","542839"
"73","Gustav Klimt","gustav-klimt","Goldfish","1902","1244","3400","4.23","https://uploads5.wikiart.org/00475/images/gustav-klimt/goldfish-1901-1902.jpg","0073_Goldfish_1244x3400.jpg","2444745"
"74","Gustav Klimt","gustav-klimt","Portrait of a Girl","1902","501","750","0.38","https://uploads2.wikiart.org/images/gustav-klimt/portrait-of-a-girl.jpg","0074_Portrait_of_a_Girl_501x750.jpg","58599"
"75","Gustav Klimt","gustav-klimt","Portrait of Emilie Flöge","1902","1291","3000","3.87","https://uploads7.wikiart.org/00475/images/gustav-klimt/portrait-of-emilie-fl-ge-1902.jpg","0075_Portrait_of_Emilie_Flöge_1291x3000.jpg","3275626"
"76","Gustav Klimt","gustav-klimt","Portrait of Marie Henneberg","1902","1735","1742","3.02","https://uploads6.wikiart.org/00475/images/gustav-klimt/portrait-of-marie-henneberg-1901-1902.jpg","0076_Portrait_of_Marie_Henneberg_1735x1742.jpg","1406298"
"77","Gustav Klimt","gustav-klimt","The Beethoven Frieze: The Hostile Powers. Far Wall","1902","4920","1680","8.27","https://uploads5.wikiart.org/images/gustav-klimt/the-beethoven-frieze-the-hostile-powers-far-wall.jpg","0077_The_Beethoven_Frieze_The_Hostile_Powers_4920x1680.jpg","5373348"
"78","Gustav Klimt","gustav-klimt","The Beethoven Frieze: The Hostile Powers. Left part, detail","1902","640","443","0.28","https://uploads4.wikiart.org/images/gustav-klimt/the-beethoven-frieze-the-hostile-powers-left-part-detail.jpg","0078_The_Beethoven_Frieze_The_Hostile_Powers_640x443.jpg","104940"
"79","Gustav Klimt","gustav-klimt","The Beethoven Frieze: The Longing for Happiness Finds Repose in Poetry. Right wall, detail","1902","1430","1940","2.77","https://uploads1.wikiart.org/images/gustav-klimt/the-beethoven-frieze-the-longing-for-happiness-finds-repose-in-poetry-right-wall.jpg","0079_The_Beethoven_Frieze_The_Longing_for_Hap_1430x1940.jpg","258249"
"80","Gustav Klimt","gustav-klimt","The Beethoven Frieze: The Longing for Happiness Finds Repose in Poetry. Right wall","1902","2420","1126","2.72","https://uploads3.wikiart.org/images/gustav-klimt/the-beethoven-frieze-the-longing-for-happiness-finds-repose-in-poetry-right-wall-1.jpg","0080_The_Beethoven_Frieze_The_Longing_for_Hap_2420x1126.jpg","1015389"
"81","Gustav Klimt","gustav-klimt","The Beethoven Frieze: The Longing for Happiness. Left wall","1902","2429","2087","5.07","https://uploads4.wikiart.org/images/gustav-klimt/the-beethoven-frieze-the-longing-for-happiness-left-wall.jpg","0081_The_Beethoven_Frieze_The_Longing_for_Hap_2429x2087.jpg","1935937"
"82","Gustav Klimt","gustav-klimt","Two Studies of Sitting Nudes","1902","2560","1759","4.5","https://uploads8.wikiart.org/images/gustav-klimt/two-studies-of-sitting-nudes-1902.jpg","0082_Two_Studies_of_Sitting_Nudes_2560x1759.jpg","338187"
"83","Gustav Klimt","gustav-klimt","Beech Grove I","1902","2600","2593","6.74","https://uploads7.wikiart.org/00475/images/gustav-klimt/beech-grove-1-1902-1.jpg","0083_Beech_Grove_I_2600x2593.jpg","3158533"
"84","Gustav Klimt","gustav-klimt","Island in the Attersee","1902","2536","2551","6.47","https://uploads6.wikiart.org/images/gustav-klimt/island-in-the-attersee.jpg","0084_Island_in_the_Attersee_2536x2551.jpg","1531828"
"85","Gustav Klimt","gustav-klimt","Kneeling Male Nude With Sprawled Out Arms, Male Torso","1902","2132","3000","6.4","https://uploads0.wikiart.org/images/gustav-klimt/kneeling-male-nude-with-sprawled-out-arms-male-torso.jpg","0085_Kneeling_Male_Nude_With_Sprawled_Out_Arm_2132x3000.jpg","517482"
"86","Gustav Klimt","gustav-klimt","Birch in a Forest","1903","640","600","0.38","https://uploads1.wikiart.org/images/gustav-klimt/birch-in-a-forest.jpg","0086_Birch_in_a_Forest_640x600.jpg","96675"
"87","Gustav Klimt","gustav-klimt","Birch Forest","1903","1012","1009","1.02","https://uploads6.wikiart.org/images/gustav-klimt/farmhouse-with-birch-trees-1903.jpg","0087_Birch_Forest_1012x1009.jpg","685401"
"88","Gustav Klimt","gustav-klimt","Hope I","1903","1569","4276","6.71","https://uploads7.wikiart.org/00475/images/gustav-klimt/hope-1-1903.jpg","0088_Hope_I_1569x4276.jpg","1762804"
"89","Gustav Klimt","gustav-klimt","Pear Tree","1903","499","500","0.25","https://uploads7.wikiart.org/images/gustav-klimt/pear-tree-1903.jpg","0089_Pear_Tree_499x500.jpg","112783"
"90","Gustav Klimt","gustav-klimt","The Big Poplar II","1903","2024","2024","4.1","https://uploads6.wikiart.org/images/gustav-klimt/the-big-poplar-ii-1903.jpg","0090_The_Big_Poplar_II_2024x2024.jpg","336017"
"91","Gustav Klimt","gustav-klimt","The Golden Knight","1903","1275","1662","2.12","https://uploads1.wikiart.org/images/gustav-klimt/the-golden-knight.jpg","0091_The_Golden_Knight_1275x1662.jpg","129007"
"92","Gustav Klimt","gustav-klimt","Portrait of Hermine Gallia","1904","2358","4226","9.96","https://uploads6.wikiart.org/images/gustav-klimt/portrait-of-hermine-gallia-1904.jpg","0092_Portrait_of_Hermine_Gallia_2358x4226.jpg","4606364"
"93","Gustav Klimt","gustav-klimt","Portrait of Margaret Stonborough-Wittgenstein","1905","1256","2531","3.18","https://uploads2.wikiart.org/images/gustav-klimt/portrait-of-margaret-stonborough-wittgenstein.jpg","0093_Portrait_of_Margaret_Stonborough-Wittgen_1256x2531.jpg","228739"
"94","Gustav Klimt","gustav-klimt","Roses under the Trees","1905","2600","2600","6.76","https://uploads0.wikiart.org/00475/images/gustav-klimt/rosebushes-under-the-trees-1905.jpg","0094_Roses_under_the_Trees_2600x2600.jpg","4232180"
"95","Gustav Klimt","gustav-klimt","The Three Ages of Woman","1905","1986","2000","3.97","https://uploads6.wikiart.org/00475/images/gustav-klimt/the-three-ages-of-woman-1905.jpg","0095_The_Three_Ages_of_Woman_1986x2000.jpg","1176576"
"96","Gustav Klimt","gustav-klimt","Design for the Stoclet Frieze. Knight","1905","848","1648","1.4","https://uploads2.wikiart.org/images/gustav-klimt/design-for-the-stocletfries.jpg","0096_Design_for_the_Stoclet_Frieze._Knight_848x1648.jpg","168029"
"97","Gustav Klimt","gustav-klimt","Country Garden with Sunflowers","1906","2024","2058","4.17","https://uploads0.wikiart.org/00475/images/gustav-klimt/gustav-klimt-farm-garden-with-sunflowers-1907-trivium-art-history-1.jpg","0097_Country_Garden_with_Sunflowers_2024x2058.jpg","953895"
"98","Gustav Klimt","gustav-klimt","Landscape Garden (Meadow in Flower)","1906","2536","2551","6.47","https://uploads8.wikiart.org/images/gustav-klimt/landscape-garden-meadow-in-flower.jpg","0098_Landscape_Garden_(Meadow_in_Flower)_2536x2551.jpg","1950504"
"99","Gustav Klimt","gustav-klimt","Portrait of Fritza Riedler","1906","1542","1772","2.73","https://uploads0.wikiart.org/00475/images/gustav-klimt/portrait-of-fritza-riedler-1906.jpg","0099_Portrait_of_Fritza_Riedler_1542x1772.jpg","1227267"
"100","Gustav Klimt","gustav-klimt","Blumengarten","1907","800","800","0.64","https://uploads3.wikiart.org/00125/images/gustav-klimt/blumengarten.jpg","0100_Blumengarten_800x800.jpg","628704"
"101","Gustav Klimt","gustav-klimt","Flower Garden","1907","2991","3000","8.97","https://uploads2.wikiart.org/images/gustav-klimt/flower-garden-1907.jpg","0101_Flower_Garden_2991x3000.jpg","1997151"
"102","Gustav Klimt","gustav-klimt","University of Vienna Ceiling Paintings (Medicine), detail showing Hygieia","1907","989","1432","1.42","https://uploads5.wikiart.org/images/gustav-klimt/hygeia-detail-of-medicine-1907.jpg","0102_University_of_Vienna_Ceiling_Paintings_(_989x1432.jpg","272169"
"103","Gustav Klimt","gustav-klimt","Jurisprudence (final state)","1907","1333","1945","2.59","https://uploads5.wikiart.org/images/gustav-klimt/jurisprudence-final-state-1907.jpg","0103_Jurisprudence_(final_state)_1333x1945.jpg","351847"
"104","Gustav Klimt","gustav-klimt","University of Vienna Ceiling Paintings (Medicine), final state","1907","1328","1945","2.58","https://uploads0.wikiart.org/images/gustav-klimt/medicine-final-state-1907.jpg","0104_University_of_Vienna_Ceiling_Paintings_(_1328x1945.jpg","409893"
"105","Gustav Klimt","gustav-klimt","Philosophy (final state)","1907","1335","1957","2.61","https://uploads2.wikiart.org/images/gustav-klimt/philosophy-final-state-1907.jpg","0105_Philosophy_(final_state)_1335x1957.jpg","421057"
"106","Gustav Klimt","gustav-klimt","Poppy Field","1907","2024","2032","4.11","https://uploads4.wikiart.org/images/gustav-klimt/poppy-field.jpg","0106_Poppy_Field_2024x2032.jpg","714768"
"107","Gustav Klimt","gustav-klimt","Portrait of Adele Bloch-Bauer I","1907","1838","1838","3.38","https://uploads0.wikiart.org/images/gustav-klimt/portrait-of-adele-bloch-bauer-i(1).jpg","0107_Portrait_of_Adele_Bloch-Bauer_I_1838x1838.jpg","1428690"
"108","Gustav Klimt","gustav-klimt","The Sunflower","1907","1360","1911","2.6","https://uploads2.wikiart.org/images/gustav-klimt/the-sunflower-1907.jpg","0108_The_Sunflower_1360x1911.jpg","801357"
"109","Gustav Klimt","gustav-klimt","Water Snakes II","1907","2700","1560","4.21","https://uploads8.wikiart.org/images/gustav-klimt/water-snakes-ii.jpg","0109_Water_Snakes_II_2700x1560.jpg","2874319"
"110","Gustav Klimt","gustav-klimt","Water snakes I","1907","1491","3863","5.76","https://uploads2.wikiart.org/00475/images/gustav-klimt/water-snakes-1-1904-1907.jpg","0110_Water_snakes_I_1491x3863.jpg","2809513"
"111","Gustav Klimt","gustav-klimt","Danae","1908","2024","1960","3.97","https://uploads5.wikiart.org/00129/images/gustav-klimt/danae.jpg","0111_Danae_2024x1960.jpg","314019"
"112","Gustav Klimt","gustav-klimt","Hope II","1908","3649","3700","13.5","https://uploads3.wikiart.org/00180/images/57726d7eedc2cb3880b47e13/gustav-klimt-hope-ii-google-art-project.jpg","0112_Hope_II_3649x3700.jpg","7132931"
"113","Gustav Klimt","gustav-klimt","The Kiss","1908","5000","5017","25.08","https://uploads7.wikiart.org/00142/images/57726d7eedc2cb3880b47e13/the-kiss-gustav-klimt-google-cultural-institute.jpg","0113_The_Kiss_5000x5017.jpg","11877975"
"114","Gustav Klimt","gustav-klimt","Water Castle","1908","2536","2559","6.49","https://uploads5.wikiart.org/images/gustav-klimt/water-castle.jpg","0114_Water_Castle_2536x2559.jpg","1504286"
"115","Gustav Klimt","gustav-klimt","Blooming field","1909","2024","2042","4.13","https://uploads7.wikiart.org/images/gustav-klimt/blooming-field.jpg","0115_Blooming_field_2024x2042.jpg","812444"
"116","Gustav Klimt","gustav-klimt","Cartoon for the Frieze of the Villa Stoclet in Brussels: Fulfillment","1909","1065","1727","1.84","https://uploads2.wikiart.org/images/gustav-klimt/cartoon-for-the-frieze-of-the-villa-stoclet-in-brussels-fulfillment-1909.jpg","0116_Cartoon_for_the_Frieze_of_the_Villa_Stoc_1065x1727.jpg","348836"
"117","Gustav Klimt","gustav-klimt","Cartoon for the frieze of the Villa Stoclet in Brussels: right part of the tree of life","1909","1083","1600","1.73","https://uploads3.wikiart.org/images/gustav-klimt/cartoon-for-the-frieze-of-the-villa-stoclet-in-brussels-right-part-of-the-tree-of-life-1909.jpg","0117_Cartoon_for_the_frieze_of_the_Villa_Stoc_1083x1600.jpg","400548"
"118","Gustav Klimt","gustav-klimt","Expectation","1909","432","700","0.3","https://uploads0.wikiart.org/images/gustav-klimt/expectation-1909.jpg","0118_Expectation_432x700.jpg","109854"
"119","Gustav Klimt","gustav-klimt","Judith II (Salome)","1909","740","2987","2.21","https://uploads5.wikiart.org/images/gustav-klimt/judith-ii-salome-1909.jpg","0119_Judith_II_(Salome)_740x2987.jpg","205072"
"120","Gustav Klimt","gustav-klimt","Lady with Hat and Featherboa","1909","2024","2501","5.06","https://uploads3.wikiart.org/images/gustav-klimt/lady-with-hat-and-featherboa.jpg","0120_Lady_with_Hat_and_Featherboa_2024x2501.jpg","322536"
"121","Gustav Klimt","gustav-klimt","Old Woman","1909","490","990","0.49","https://uploads7.wikiart.org/images/gustav-klimt/old-woman-1909.jpg","0121_Old_Woman_490x990.jpg","385761"
"122","Gustav Klimt","gustav-klimt","Schloss Kammer am Attersee, II","1909","2536","2546","6.46","https://uploads0.wikiart.org/images/gustav-klimt/schloss-kammer-am-attersee-ii-1909.jpg","0122_Schloss_Kammer_am_Attersee,_II_2536x2546.jpg","2315488"
"123","Gustav Klimt","gustav-klimt","The Tree of Life, Stoclet Frieze","1909","558","299","0.17","https://uploads6.wikiart.org/images/gustav-klimt/the-tree-of-life-stoclet-frieze.jpg","0123_The_Tree_of_Life,_Stoclet_Frieze_558x299.jpg","67881"
"124","Gustav Klimt","gustav-klimt","Mother with Children","1910","2536","2566","6.51","https://uploads4.wikiart.org/images/gustav-klimt/mother-with-children.jpg","0124_Mother_with_Children_2536x2566.jpg","1515090"
"125","Gustav Klimt","gustav-klimt","Park","1910","2024","2055","4.16","https://uploads2.wikiart.org/images/gustav-klimt/park-1910.jpg","0125_Park_2024x2055.jpg","988203"
"126","Gustav Klimt","gustav-klimt","Reclining Nude Lying on Her Stomach and Facing Right","1910","1600","1068","1.71","https://uploads0.wikiart.org/images/gustav-klimt/reclining-nude-lying-on-her-stomach-and-facing-right.jpg","0126_Reclining_Nude_Lying_on_Her_Stomach_and_1600x1068.jpg","148836"
"127","Gustav Klimt","gustav-klimt","Schloss Kammer on the Attersee IV","1910","2536","2555","6.48","https://uploads8.wikiart.org/images/gustav-klimt/schloss-kammer-on-the-attersee-iv.jpg","0127_Schloss_Kammer_on_the_Attersee_IV_2536x2555.jpg","1409127"
"128","Gustav Klimt","gustav-klimt","The Black Feather Hat","1910","508","650","0.33","https://uploads5.wikiart.org/images/gustav-klimt/the-black-feather-hat.jpg","0128_The_Black_Feather_Hat_508x650.jpg","112028"
"129","Gustav Klimt","gustav-klimt","The Schloss Kammer on the Attersee, III","1910","2024","2063","4.18","https://uploads0.wikiart.org/images/gustav-klimt/the-schloss-kammer-on-the-attersee-iii-1910.jpg","0129_The_Schloss_Kammer_on_the_Attersee,_III_2024x2063.jpg","756227"
"130","Gustav Klimt","gustav-klimt","Ria Munk on Her Deathbed","1912","1700","1653","2.81","https://uploads7.wikiart.org/00475/images/gustav-klimt/ria-munk-on-her-deathbed-1912.jpg","0130_Ria_Munk_on_Her_Deathbed_1700x1653.jpg","640412"
"131","Gustav Klimt","gustav-klimt","Apple Tree, I","1912","1012","1003","1.02","https://uploads5.wikiart.org/images/gustav-klimt/apple-tree-i.jpg","0131_Apple_Tree,_I_1012x1003.jpg","749427"
"132","Gustav Klimt","gustav-klimt","Avenue of Schloss Kammer Park","1912","2459","2502","6.15","https://uploads4.wikiart.org/images/gustav-klimt/avenue-of-schloss-kammer-park.jpg","0132_Avenue_of_Schloss_Kammer_Park_2459x2502.jpg","948447"
"133","Gustav Klimt","gustav-klimt","Farm Garden with Crucifix","1912","2992","3000","8.98","https://uploads5.wikiart.org/images/gustav-klimt/farm-garden-with-crucifix-1912.jpg","0133_Farm_Garden_with_Crucifix_2992x3000.jpg","2392510"
"134","Gustav Klimt","gustav-klimt","Farmhouse in Upper Austria","1912","2024","2083","4.22","https://uploads6.wikiart.org/images/gustav-klimt/farmhouse-in-upper-austria-1912.jpg","0134_Farmhouse_in_Upper_Austria_2024x2083.jpg","820691"
"135","Gustav Klimt","gustav-klimt","Mada Primavesi","1912","2000","2697","5.39","https://uploads0.wikiart.org/00475/images/gustav-klimt/portrait-of-m-da-primavesi-1912.jpg","0135_Mada_Primavesi_2000x2697.jpg","780283"
"136","Gustav Klimt","gustav-klimt","Portrait of Adele Bloch-Bauer II","1912","1576","2590","4.08","https://uploads3.wikiart.org/images/gustav-klimt/portrait-of-adele-bloch-bauer-ii-1912.jpg","0136_Portrait_of_Adele_Bloch-Bauer_II_1576x2590.jpg","434407"
"137","Gustav Klimt","gustav-klimt","The House of Guardaboschi","1912","1642","1692","2.78","https://uploads0.wikiart.org/images/gustav-klimt/the-house-of-guardaboschi.jpg","0137_The_House_of_Guardaboschi_1642x1692.jpg","644820"
"138","Gustav Klimt","gustav-klimt","Adele Bloch-Bauer","1912","1820","3000","5.46","https://uploads1.wikiart.org/images/gustav-klimt/adele-bloch-bauer.jpg","0138_Adele_Bloch-Bauer_1820x3000.jpg","434851"
"139","Gustav Klimt","gustav-klimt","Malcesine on Lake Garda","1913","600","560","0.34","https://uploads1.wikiart.org/images/gustav-klimt/malcesine-on-lake-garda(1).jpg","0139_Malcesine_on_Lake_Garda_600x560.jpg","147389"
"140","Gustav Klimt","gustav-klimt","Portrait Of Eugenia Primavesi","1913","537","945","0.51","https://uploads4.wikiart.org/images/gustav-klimt/portrait-of-eugenia-primavesi.jpg","0140_Portrait_Of_Eugenia_Primavesi_537x945.jpg","170090"
"141","Gustav Klimt","gustav-klimt","The Virgin","1913","1741","1671","2.91","https://uploads8.wikiart.org/images/gustav-klimt/the-virgin-1913.jpg","0141_The_Virgin_1741x1671.jpg","694996"
"142","Gustav Klimt","gustav-klimt","Church in Cassone","1913","2712","2628","7.13","https://uploads1.wikiart.org/images/gustav-klimt/chruch-in-cassone.jpg","0142_Church_in_Cassone_2712x2628.jpg","5044220"
"143","Gustav Klimt","gustav-klimt","Italian horticultural landscape","1913","2536","2552","6.47","https://uploads6.wikiart.org/images/gustav-klimt/italian-horticultural-landscape.jpg","0143_Italian_horticultural_landscape_2536x2552.jpg","1715047"
"144","Gustav Klimt","gustav-klimt","Country House by the Attersee","1914","2536","2566","6.51","https://uploads4.wikiart.org/images/gustav-klimt/country-house-by-the-attersee.jpg","0144_Country_House_by_the_Attersee_2536x2566.jpg","1940684"
"145","Gustav Klimt","gustav-klimt","Litzlberg am Attersee","1915","992","991","0.98","https://uploads3.wikiart.org/00475/images/gustav-klimt/litzlbergkeller-1915-1916.jpg","0145_Litzlberg_am_Attersee_992x991.jpg","774089"
"146","Gustav Klimt","gustav-klimt","Apple Tree II","1916","2449","2499","6.12","https://uploads6.wikiart.org/images/gustav-klimt/apple-tree-ii.jpg","0146_Apple_Tree_II_2449x2499.jpg","822145"
"147","Gustav Klimt","gustav-klimt","Church in Unterach on the Attersee","1916","1015","1029","1.04","https://uploads0.wikiart.org/images/gustav-klimt/chruch-in-unterach-on-the-attersee.jpg","0147_Church_in_Unterach_on_the_Attersee_1015x1029.jpg","306552"
"148","Gustav Klimt","gustav-klimt","Death and Life","1916","1388","2068","2.87","https://uploads3.wikiart.org/images/gustav-klimt/death-and-life-1916.jpg","0148_Death_and_Life_1388x2068.jpg","694721"
"149","Gustav Klimt","gustav-klimt","Death and Life","1916","992","892","0.88","https://uploads2.wikiart.org/00475/images/gustav-klimt/death-and-life-1915-1916.jpg","0149_Death_and_Life_992x892.jpg","472924"
"150","Gustav Klimt","gustav-klimt","Fredericke Maria Beer","1916","2024","2638","5.34","https://uploads5.wikiart.org/images/gustav-klimt/fredericke-maria-beer.jpg","0150_Fredericke_Maria_Beer_2024x2638.jpg","986292"
"151","Gustav Klimt","gustav-klimt","Houses at Unterach on the Attersee","1916","1012","1011","1.02","https://uploads0.wikiart.org/images/gustav-klimt/houses-at-unterach-on-the-attersee.jpg","0151_Houses_at_Unterach_on_the_Attersee_1012x1011.jpg","590454"
"152","Gustav Klimt","gustav-klimt","Park of Schönbrunn","1916","2536","2556","6.48","https://uploads2.wikiart.org/images/gustav-klimt/park-of-schönbrunn.jpg","0152_Park_of_Schönbrunn_2536x2556.jpg","1429779"
"153","Gustav Klimt","gustav-klimt","Portrait of Baroness Elisabeth Bachofen-Echt","1916","2024","2803","5.67","https://uploads6.wikiart.org/images/gustav-klimt/portrait-of-baroness-elisabeth-bachofen-echt-1916.jpg","0153_Portrait_of_Baroness_Elisabeth_Bachofen-_2024x2803.jpg","851732"
"154","Gustav Klimt","gustav-klimt","Horticultural landscape with a hilltop","1916","1275","1648","2.1","https://uploads4.wikiart.org/images/gustav-klimt/horticultural-landscape-with-a-hilltop.jpg","0154_Horticultural_landscape_with_a_hilltop_1275x1648.jpg","367899"
"155","Gustav Klimt","gustav-klimt","Garden with Roosters","1917","2024","1986","4.02","https://uploads4.wikiart.org/images/gustav-klimt/garden-with-roosters.jpg","0155_Garden_with_Roosters_2024x1986.jpg","816876"
"156","Gustav Klimt","gustav-klimt","Portrait of a Lady","1917","2024","2570","5.2","https://uploads4.wikiart.org/images/gustav-klimt/portrait-of-a-lady-2.jpg","0156_Portrait_of_a_Lady_2024x2570.jpg","667059"
"157","Gustav Klimt","gustav-klimt","The Women Friends","1917","2024","2049","4.15","https://uploads6.wikiart.org/images/gustav-klimt/the-women-friends-1917.jpg","0157_The_Women_Friends_2024x2049.jpg","468646"
"158","Gustav Klimt","gustav-klimt","Adam and Eva (unfinished)","1918","670","2039","1.37","https://uploads0.wikiart.org/00475/images/gustav-klimt/adam-and-eve-1917-1918.jpg","0158_Adam_and_Eva_(unfinished)_670x2039.jpg","886637"
"159","Gustav Klimt","gustav-klimt","Amalie Zuckerkandl","1918","2536","2564","6.5","https://uploads7.wikiart.org/images/gustav-klimt/amalie-zuckerkandl-1918.jpg","0159_Amalie_Zuckerkandl_2536x2564.jpg","1336750"
"160","Gustav Klimt","gustav-klimt","Infant","1918","2382","2400","5.72","https://uploads3.wikiart.org/00475/images/gustav-klimt/infant-1917-1918.jpg","0160_Infant_2382x2400.jpg","4140616"
"161","Gustav Klimt","gustav-klimt","Lady with Fan","1918","2048","2063","4.23","https://uploads8.wikiart.org/00475/images/gustav-klimt/dame-mit-f-cher-lady-with-a-fan-1917-18.jpg","0161_Lady_with_Fan_2048x2063.jpg","1136428"
"162","Gustav Klimt","gustav-klimt","The Polecat Fur (unfinished)","1918","400","725","0.29","https://uploads8.wikiart.org/images/gustav-klimt/not_detected_191524-1918.jpg","0162_The_Polecat_Fur_(unfinished)_400x725.jpg","48095"
"163","Gustav Klimt","gustav-klimt","Portrait of a Lady (unfinished)","1918","2536","3055","7.75","https://uploads0.wikiart.org/images/gustav-klimt/portrait-of-a-lady-unfinished-1918.jpg","0163_Portrait_of_a_Lady_(unfinished)_2536x3055.jpg","2146728"
"164","Gustav Klimt","gustav-klimt","Portrait of a Lady in White (unfinished)","1918","1432","1952","2.8","https://uploads0.wikiart.org/images/gustav-klimt/portrait-of-a-lady-in-white-unfinished-1918.jpg","0164_Portrait_of_a_Lady_in_White_(unfinished)_1432x1952.jpg","392351"
"165","Gustav Klimt","gustav-klimt","Portrait of Johanna Staude","1918","1357","1959","2.66","https://uploads6.wikiart.org/images/gustav-klimt/portrait-of-johanna-staude-1918.jpg","0165_Portrait_of_Johanna_Staude_1357x1959.jpg","246971"
"166","Gustav Klimt","gustav-klimt","Portrait of Maria Munk (unfinished)","1918","1611","3329","5.36","https://uploads4.wikiart.org/images/gustav-klimt/portrait-of-maria-munk-unfinished-1918.jpg","0166_Portrait_of_Maria_Munk_(unfinished)_1611x3329.jpg","1856852"
"167","Gustav Klimt","gustav-klimt","Standing Woman in Kimono (Dame im Kimono)","1918","1904","3000","5.71","https://uploads1.wikiart.org/images/gustav-klimt/standing-woman-in-kimono-dame-im-kimono-1918.jpg","0167_Standing_Woman_in_Kimono_(Dame_im_Kimono_1904x3000.jpg","502067"
"168","Gustav Klimt","gustav-klimt","The Bride (unfinished)","1918","3176","2795","8.88","https://uploads0.wikiart.org/images/gustav-klimt/the-bride-unfinished-1918.jpg","0168_The_Bride_(unfinished)_3176x2795.jpg","2235375"
"169","Gustav Klimt","gustav-klimt","The dancer","1918","2024","4323","8.75","https://uploads8.wikiart.org/images/gustav-klimt/the-dancer-1918.jpg","0169_The_dancer_2024x4323.jpg","1851441"
"1","Edvard Munch","edvard-munch","Landscape. Maridalen by Oslo","1881","1975","1587","3.13","https://uploads7.wikiart.org/images/edvard-munch/landscape-maridalen-by-oslo-1881.jpg","0001_Landscape._Maridalen_by_Oslo_1975x1587.jpg","619278"
"2","Edvard Munch","edvard-munch","Old Aker Church","1881","1971","1488","2.93","https://uploads4.wikiart.org/images/edvard-munch/old-aker-church-1881.jpg","0002_Old_Aker_Church_1971x1488.jpg","477391"
"3","Edvard Munch","edvard-munch","Self-Portrait","1882","1221","1690","2.06","https://uploads2.wikiart.org/images/edvard-munch/self-portrait-1882.jpg","0003_Self-Portrait_1221x1690.jpg","301438"
"4","Edvard Munch","edvard-munch","At the Coffee Table","1883","1770","1031","1.82","https://uploads8.wikiart.org/images/edvard-munch/at-the-coffee-table-1883.jpg","0004_At_the_Coffee_Table_1770x1031.jpg","426989"
"5","Edvard Munch","edvard-munch","Aunt Karen in the Rocking Chair","1883","1221","1381","1.69","https://uploads2.wikiart.org/images/edvard-munch/aunt-karen-in-the-rocking-chair-1883.jpg","0005_Aunt_Karen_in_the_Rocking_Chair_1221x1381.jpg","334228"
"6","Edvard Munch","edvard-munch","Girl Kindling a Stove","1883","1330","1989","2.65","https://uploads1.wikiart.org/images/edvard-munch/girl-kindling-a-stove-1883.jpg","0006_Girl_Kindling_a_Stove_1330x1989.jpg","561526"
"7","Edvard Munch","edvard-munch","Morning","1884","1731","1620","2.8","https://uploads5.wikiart.org/images/edvard-munch/morning-1884.jpg","0007_Morning_1731x1620.jpg","466379"
"8","Edvard Munch","edvard-munch","Sister Inger","1884","548","800","0.44","https://uploads1.wikiart.org/images/edvard-munch/sister-inger-1884.jpg","0008_Sister_Inger_548x800.jpg","42189"
"9","Edvard Munch","edvard-munch","Portrait of the Painter Jensen Hjell","1885","1309","2533","3.32","https://uploads7.wikiart.org/images/edvard-munch/portrait-of-the-painter-jensen-hjell-1885.jpg","0009_Portrait_of_the_Painter_Jensen_Hjell_1309x2533.jpg","498589"
"10","Edvard Munch","edvard-munch","The Sick Child","1886","800","828","0.66","https://uploads6.wikiart.org/00139/images/edvard-munch/the-sick-child.jpg","0010_The_Sick_Child_800x828.jpg","238858"
"11","Edvard Munch","edvard-munch","Self portrait","1886","402","530","0.21","https://uploads2.wikiart.org/images/edvard-munch/self-portrait-1886.jpg","0011_Self_portrait_402x530.jpg","61391"
"12","Edvard Munch","edvard-munch","Jurisprudence","1887","800","520","0.42","https://uploads2.wikiart.org/images/edvard-munch/jurisprudence-1887.jpg","0012_Jurisprudence_800x520.jpg","78104"
"13","Edvard Munch","edvard-munch","Spring","1889","800","511","0.41","https://uploads4.wikiart.org/images/edvard-munch/spring-1889.jpg","0013_Spring_800x511.jpg","104351"
"14","Edvard Munch","edvard-munch","Summer Night (Inger on the Shore)","1889","800","623","0.5","https://uploads2.wikiart.org/images/edvard-munch/summer-night-inger-on-the-shore-1889.jpg","0014_Summer_Night_(Inger_on_the_Shore)_800x623.jpg","122992"
"15","Edvard Munch","edvard-munch","Writer Hans Jaeger","1889","1058","1364","1.44","https://uploads7.wikiart.org/images/edvard-munch/writer-hans-jaeger-1889.jpg","0015_Writer_Hans_Jaeger_1058x1364.jpg","269373"
"16","Edvard Munch","edvard-munch","Night","1890","998","1257","1.25","https://uploads3.wikiart.org/images/edvard-munch/night-1890.jpg","0016_Night_998x1257.jpg","268645"
"17","Edvard Munch","edvard-munch","Spring Day on Karl Johan Street","1890","800","637","0.51","https://uploads2.wikiart.org/images/edvard-munch/spring-day-on-karl-johan-street-1890.jpg","0017_Spring_Day_on_Karl_Johan_Street_800x637.jpg","149484"
"18","Edvard Munch","edvard-munch","Tavern in St. Cloud","1890","1662","1287","2.14","https://uploads7.wikiart.org/images/edvard-munch/tavern-in-st-cloud-1890.jpg","0018_Tavern_in_St._Cloud_1662x1287.jpg","443363"
"19","Edvard Munch","edvard-munch","View over the Rover at St.Cloud","1890","1028","1252","1.29","https://uploads2.wikiart.org/images/edvard-munch/view-over-the-rover-at-st-cloud-1890.jpg","0019_View_over_the_Rover_at_St.Cloud_1028x1252.jpg","360712"
"20","Edvard Munch","edvard-munch","Street Lafayette","1891","1217","1544","1.88","https://uploads5.wikiart.org/images/edvard-munch/street-lafayette-1891.jpg","0020_Street_Lafayette_1217x1544.jpg","416427"
"21","Edvard Munch","edvard-munch","August Stindberg","1892","1088","1420","1.54","https://uploads5.wikiart.org/images/edvard-munch/august-stindberg-1892.jpg","0021_August_Stindberg_1088x1420.jpg","387016"
"22","Edvard Munch","edvard-munch","By the Roulette","1892","1521","974","1.48","https://uploads4.wikiart.org/images/edvard-munch/by-the-roulette-1892.jpg","0022_By_the_Roulette_1521x974.jpg","262369"
"23","Edvard Munch","edvard-munch","Despair","1892","445","600","0.27","https://uploads5.wikiart.org/images/edvard-munch/despair-1892.jpg","0023_Despair_445x600.jpg","41639"
"24","Edvard Munch","edvard-munch","Evening on Karl Johan Street","1892","800","549","0.44","https://uploads8.wikiart.org/images/edvard-munch/evening-on-karl-johan-street-1892.jpg","0024_Evening_on_Karl_Johan_Street_800x549.jpg","96817"
"25","Edvard Munch","edvard-munch","Girl Combing Her Hair","1892","619","800","0.5","https://uploads1.wikiart.org/images/edvard-munch/girl-combing-her-hair-1892.jpg","0025_Girl_Combing_Her_Hair_619x800.jpg","85458"
"26","Edvard Munch","edvard-munch","Melancholy","1892","1721","1170","2.01","https://uploads8.wikiart.org/images/edvard-munch/melancholy-1892.jpg","0026_Melancholy_1721x1170.jpg","293423"
"27","Edvard Munch","edvard-munch","Moonlight on the Shore","1892","1649","1065","1.76","https://uploads2.wikiart.org/images/edvard-munch/moonlight-on-the-shore-1892.jpg","0027_Moonlight_on_the_Shore_1649x1065.jpg","274700"
"28","Edvard Munch","edvard-munch","Portrait of Inger Munch","1892","576","800","0.46","https://uploads3.wikiart.org/images/edvard-munch/portrait-of-inger-munch-1892.jpg","0028_Portrait_of_Inger_Munch_576x800.jpg","95770"
"29","Edvard Munch","edvard-munch","Self-Portrait Beneath Woman's Mask","1892","378","600","0.23","https://uploads5.wikiart.org/images/edvard-munch/self-portrait-beneath-woman-s-mask-1892.jpg","0029_Self-Portrait_Beneath_Woman's_Mask_378x600.jpg","40703"
"30","Edvard Munch","edvard-munch","The Mystery of a Summer Night","1892","1664","1187","1.98","https://uploads0.wikiart.org/images/edvard-munch/the-mystery-of-a-summer-night-1892.jpg","0030_The_Mystery_of_a_Summer_Night_1664x1187.jpg","404444"
"31","Edvard Munch","edvard-munch","The Painter Jacob Bratland","1892","1071","1626","1.74","https://uploads6.wikiart.org/images/edvard-munch/the-painter-jacob-bratland-1892.jpg","0031_The_Painter_Jacob_Bratland_1071x1626.jpg","383091"
"32","Edvard Munch","edvard-munch","By the Deathbed (Fever)","1893","800","591","0.47","https://uploads1.wikiart.org/images/edvard-munch/by-the-deathbed-fever-1893.jpg","0032_By_the_Deathbed_(Fever)_800x591.jpg","83782"
"33","Edvard Munch","edvard-munch","Dagny Juel Przybyszewska","1893","1219","1833","2.23","https://uploads4.wikiart.org/images/edvard-munch/dagny-juel-przybyszewska-1893.jpg","0033_Dagny_Juel_Przybyszewska_1219x1833.jpg","387841"
"34","Edvard Munch","edvard-munch","Death in the sickroom","1893","1717","1561","2.68","https://uploads1.wikiart.org/images/edvard-munch/death-in-the-sickroom-1893.jpg","0034_Death_in_the_sickroom_1717x1561.jpg","537071"
"35","Edvard Munch","edvard-munch","Moonlight","1893","767","800","0.61","https://uploads7.wikiart.org/images/edvard-munch/moonlight-1893.jpg","0035_Moonlight_767x800.jpg","95685"
"36","Edvard Munch","edvard-munch","The Hands","1893","1070","1241","1.33","https://uploads7.wikiart.org/images/edvard-munch/the-hands-1893.jpg","0036_The_Hands_1070x1241.jpg","341432"
"37","Edvard Munch","edvard-munch","The Scream","1893","1611","2000","3.22","https://uploads2.wikiart.org/images/edvard-munch/the-scream-1893(2).jpg","0037_The_Scream_1611x2000.jpg","650104"
"38","Edvard Munch","edvard-munch","The Storm","1893","600","412","0.25","https://uploads7.wikiart.org/images/edvard-munch/the-storm-1893.jpg","0038_The_Storm_600x412.jpg","46501"
"39","Edvard Munch","edvard-munch","The Voice","1893","800","656","0.52","https://uploads7.wikiart.org/images/edvard-munch/the-voice-1893.jpg","0039_The_Voice_800x656.jpg","98523"
"40","Edvard Munch","edvard-munch","Young Man and Prostitute","1893","1200","1236","1.48","https://uploads4.wikiart.org/images/edvard-munch/young-man-and-prostitute-1893.jpg","0040_Young_Man_and_Prostitute_1200x1236.jpg","271733"
"41","Edvard Munch","edvard-munch","The Scream","1893","768","1024","0.79","https://uploads1.wikiart.org/images/edvard-munch/the-scream-1893-1.jpg","0041_The_Scream_768x1024.jpg","255645"
"42","Edvard Munch","edvard-munch","Consolation","1894","1686","1254","2.11","https://uploads4.wikiart.org/00365/images/edvard-munch/3c238326-e414-7db6-6a87-52b891051a60.jpg","0042_Consolation_1686x1254.jpg","594458"
"43","Edvard Munch","edvard-munch","Anxiety","1894","615","800","0.49","https://uploads5.wikiart.org/images/edvard-munch/anxiety-1894.jpg","0043_Anxiety_615x800.jpg","115850"
"44","Edvard Munch","edvard-munch","Ashes","1894","3000","2560","7.68","https://uploads8.wikiart.org/00475/images/edvard-munch/ashes-1895-2.jpg","0044_Ashes_3000x2560.jpg","8471382"
"45","Edvard Munch","edvard-munch","Eye in Eye","1894","1549","1932","2.99","https://uploads8.wikiart.org/images/edvard-munch/eye-in-eye-1894.jpg","0045_Eye_in_Eye_1549x1932.jpg","414807"
"46","Edvard Munch","edvard-munch","Girl and Death","1894","411","555","0.23","https://uploads3.wikiart.org/images/edvard-munch/girl-and-death-1894.jpg","0046_Girl_and_Death_411x555.jpg","32151"
"47","Edvard Munch","edvard-munch","Madonna","1894","771","1054","0.81","https://uploads5.wikiart.org/images/edvard-munch/madonna-1894.jpg","0047_Madonna_771x1054.jpg","197831"
"48","Edvard Munch","edvard-munch","Puberty","1894","1512","2111","3.19","https://uploads5.wikiart.org/images/edvard-munch/puberty-1894.jpg","0048_Puberty_1512x2111.jpg","410611"
"49","Edvard Munch","edvard-munch","Rose and Amélie","1894","1642","1170","1.92","https://uploads4.wikiart.org/images/edvard-munch/rose-and-amélie-1894.jpg","0049_Rose_and_Amélie_1642x1170.jpg","317663"
"50","Edvard Munch","edvard-munch","Separation","1894","714","549","0.39","https://uploads8.wikiart.org/images/edvard-munch/separation-1894.jpg","0050_Separation_714x549.jpg","121573"
"51","Edvard Munch","edvard-munch","The Three Stages of Woman (Sphinx).","1894","800","517","0.41","https://uploads3.wikiart.org/images/edvard-munch/the-three-stages-of-woman-sphinx-1894.jpg","0051_The_Three_Stages_of_Woman_(Sphinx)_800x517.jpg","76995"
"52","Edvard Munch","edvard-munch","Jealousy","1895","800","529","0.42","https://uploads6.wikiart.org/images/edvard-munch/jealousy-1895.jpg","0052_Jealousy_800x529.jpg","92997"
"53","Edvard Munch","edvard-munch","Moon Light","1895","800","668","0.53","https://uploads8.wikiart.org/images/edvard-munch/moon-light-1895.jpg","0053_Moon_Light_800x668.jpg","119673"
"54","Edvard Munch","edvard-munch","Self-Portrait with Burning Cigarette","1895","606","800","0.48","https://uploads7.wikiart.org/images/edvard-munch/self-portrait-with-burning-cigarette-1895.jpg","0054_Self-Portrait_with_Burning_Cigarette_606x800.jpg","98760"
"55","Edvard Munch","edvard-munch","Stanislaw Przybyszewski","1895","1058","1313","1.39","https://uploads3.wikiart.org/images/edvard-munch/stanislaw-przybyszewski-1895.jpg","0055_Stanislaw_Przybyszewski_1058x1313.jpg","284326"
"56","Edvard Munch","edvard-munch","The Day After","1895","1687","1255","2.12","https://uploads2.wikiart.org/images/edvard-munch/the-day-after-1895.jpg","0056_The_Day_After_1687x1255.jpg","413068"
"57","Edvard Munch","edvard-munch","The Scream","1895","418","578","0.24","https://uploads1.wikiart.org/00338/images/edvard-munch/the-scream-1896-1-jpg-large.jpg","0057_The_Scream_418x578.jpg","134765"
"58","Edvard Munch","edvard-munch","The Women","1895","800","626","0.5","https://uploads7.wikiart.org/images/edvard-munch/the-women-1895.jpg","0058_The_Women_800x626.jpg","160236"
"59","Edvard Munch","edvard-munch","Vampire","1895","800","621","0.5","https://uploads5.wikiart.org/images/edvard-munch/vampire-1895.jpg","0059_Vampire_800x621.jpg","91543"
"60","Edvard Munch","edvard-munch","The Scream","1895","769","1024","0.79","https://uploads8.wikiart.org/images/edvard-munch/the-scream-1895.jpg","0060_The_Scream_769x1024.jpg","279011"
"61","Edvard Munch","edvard-munch","Separation","1896","900","677","0.61","https://uploads3.wikiart.org/00243/images/edvard-munch/separation.jpg","0061_Separation_900x677.jpg","168736"
"62","Edvard Munch","edvard-munch","The Lady from the sea","1896","1350","415","0.56","https://uploads3.wikiart.org/00138/images/edvard-munch/edvard-munch-the-mermaid-1896.jpg","0062_The_Lady_from_the_sea_1350x415.jpg","226412"
"63","Edvard Munch","edvard-munch","Lady from the sea","1896","1024","538","0.55","https://uploads4.wikiart.org/00138/images/edvard-munch/edvard-munch-lady-from-the-sea.jpg","0063_Lady_from_the_sea_1024x538.jpg","304498"
"64","Edvard Munch","edvard-munch","Ashes II","1896","800","618","0.49","https://uploads6.wikiart.org/images/edvard-munch/ashes-ii-1896.jpg","0064_Ashes_II_800x618.jpg","122056"
"65","Edvard Munch","edvard-munch","Nude","1896","667","800","0.53","https://uploads2.wikiart.org/images/edvard-munch/nude-1896.jpg","0065_Nude_667x800.jpg","105281"
"66","Edvard Munch","edvard-munch","Paris Nude","1896","609","800","0.49","https://uploads8.wikiart.org/images/edvard-munch/paris-nude-1896.jpg","0066_Paris_Nude_609x800.jpg","101188"
"67","Edvard Munch","edvard-munch","Self-Portrait I","1896","572","800","0.46","https://uploads4.wikiart.org/images/edvard-munch/self-portrait-i-1896.jpg","0067_Self-Portrait_I_572x800.jpg","79208"
"68","Edvard Munch","edvard-munch","The Death Chamber","1896","1278","933","1.19","https://uploads6.wikiart.org/images/edvard-munch/the-death-chamber-1896.jpg","0068_The_Death_Chamber_1278x933.jpg","141031"
"69","Edvard Munch","edvard-munch","The Sick Child II","1896","1698","1198","2.03","https://uploads6.wikiart.org/images/edvard-munch/the-sick-child-ii-1896.jpg","0069_The_Sick_Child_II_1698x1198.jpg","476503"
"70","Edvard Munch","edvard-munch","The Voice / Summer night","1896","800","628","0.5","https://uploads2.wikiart.org/images/edvard-munch/the-voice-summer-night-1896.jpg","0070_The_Voice_Summer_night_800x628.jpg","131328"
"71","Edvard Munch","edvard-munch","Young woman on the shore","1896","1040","1386","1.44","https://uploads4.wikiart.org/images/edvard-munch/young-woman-on-the-shore-1896.jpg","0071_Young_woman_on_the_shore_1040x1386.jpg","320890"
"72","Edvard Munch","edvard-munch","Inheritance","1897","3202","3767","12.06","https://uploads5.wikiart.org/00236/images/edvard-munch/5ibbyoktu8l11.jpg","0072_Inheritance_3202x3767.jpg","1999139"
"73","Edvard Munch","edvard-munch","Kiss","1897","1408","1770","2.49","https://uploads2.wikiart.org/images/edvard-munch/kiss-1897.jpg","0073_Kiss_1408x1770.jpg","268909"
"74","Edvard Munch","edvard-munch","Mother and Daughter","1897","800","655","0.52","https://uploads8.wikiart.org/images/edvard-munch/mother-and-daughter-1897.jpg","0074_Mother_and_Daughter_800x655.jpg","112479"
"75","Edvard Munch","edvard-munch","The Flower of Pain","1897","908","1368","1.24","https://uploads7.wikiart.org/images/edvard-munch/the-flower-of-pain-1897.jpg","0075_The_Flower_of_Pain_908x1368.jpg","229673"
"76","Edvard Munch","edvard-munch","Man and Woman","1898","800","492","0.39","https://uploads2.wikiart.org/images/edvard-munch/man-and-woman-1898.jpg","0076_Man_and_Woman_800x492.jpg","86970"
"77","Edvard Munch","edvard-munch","The Lonely Ones","1899","690","500","0.34","https://uploads4.wikiart.org/00209/images/edvard-munch/bilde3.jpg","0077_The_Lonely_Ones_690x500.jpg","65599"
"78","Edvard Munch","edvard-munch","Man Bathing","1899","769","780","0.6","https://uploads0.wikiart.org/images/edvard-munch/man-bathing-1899.jpg","0078_Man_Bathing_769x780.jpg","156450"
"79","Edvard Munch","edvard-munch","Dance Of Life","1900","700","473","0.33","https://uploads2.wikiart.org/images/edvard-munch/dance-of-life-1900.jpg","0079_Dance_Of_Life_700x473.jpg","91641"
"80","Edvard Munch","edvard-munch","Girls on a Bridge","1900","640","650","0.42","https://uploads6.wikiart.org/images/edvard-munch/girls-on-a-bridge-1900.jpg","0080_Girls_on_a_Bridge_640x650.jpg","158068"
"81","Edvard Munch","edvard-munch","Golgotha","1900","800","529","0.42","https://uploads6.wikiart.org/images/edvard-munch/golgotha-1900.jpg","0081_Golgotha_800x529.jpg","106648"
"82","Edvard Munch","edvard-munch","Red and White","1900","800","622","0.5","https://uploads2.wikiart.org/images/edvard-munch/red-and-white-1900.jpg","0082_Red_and_White_800x622.jpg","101568"
"83","Edvard Munch","edvard-munch","Red Creeper","1900","855","565","0.48","https://uploads0.wikiart.org/images/edvard-munch/red-creeper-1900.jpg","0083_Red_Creeper_855x565.jpg","105899"
"84","Edvard Munch","edvard-munch","Red Virginia Creeper","1900","1724","1661","2.86","https://uploads0.wikiart.org/images/edvard-munch/red-virginia-creeper-1900.jpg","0084_Red_Virginia_Creeper_1724x1661.jpg","429800"
"85","Edvard Munch","edvard-munch","The Dead Mother","1900","680","800","0.54","https://uploads4.wikiart.org/images/edvard-munch/the-dead-mother-1900.jpg","0085_The_Dead_Mother_680x800.jpg","164499"
"86","Edvard Munch","edvard-munch","Train smoke","1900","3066","2341","7.18","https://uploads0.wikiart.org/00146/images/edvard-munch/edvard-munch-train-smoke-google-art-project.jpg","0086_Train_smoke_3066x2341.jpg","1529169"
"87","Edvard Munch","edvard-munch","The Girls on the Bridge","1901","1717","1908","3.28","https://uploads3.wikiart.org/images/edvard-munch/the-girls-on-the-bridge-1901.jpg","0087_The_Girls_on_the_Bridge_1717x1908.jpg","416933"
"88","Edvard Munch","edvard-munch","White Night","1901","1397","1467","2.05","https://uploads0.wikiart.org/images/edvard-munch/white-night-1901.jpg","0088_White_Night_1397x1467.jpg","382221"
"89","Edvard Munch","edvard-munch","Life and Death","1902","2077","2560","5.32","https://uploads5.wikiart.org/00508/images/edvard-munch/photo-2024-08-01-04-04-25.jpg","0089_Life_and_Death_2077x2560.jpg","1082419"
"90","Edvard Munch","edvard-munch","Albert Kollmann","1902","904","1154","1.04","https://uploads4.wikiart.org/images/edvard-munch/albert-kollmann-1902.jpg","0090_Albert_Kollmann_904x1154.jpg","214230"
"91","Edvard Munch","edvard-munch","Fertility II","1902","1721","1458","2.51","https://uploads1.wikiart.org/images/edvard-munch/fertility-ii-1902.jpg","0091_Fertility_II_1721x1458.jpg","367576"
"92","Edvard Munch","edvard-munch","Four Ages in Life","1902","612","800","0.49","https://uploads6.wikiart.org/images/edvard-munch/four-ages-in-life-1902.jpg","0092_Four_Ages_in_Life_612x800.jpg","109785"
"93","Edvard Munch","edvard-munch","Kiss IV","1902","407","406","0.17","https://uploads5.wikiart.org/images/edvard-munch/kiss-iv-1902.jpg","0093_Kiss_IV_407x406.jpg","71102"
"94","Edvard Munch","edvard-munch","Rain","1902","1688","1252","2.11","https://uploads2.wikiart.org/images/edvard-munch/rain-1902.jpg","0094_Rain_1688x1252.jpg","515984"
"95","Edvard Munch","edvard-munch","Street in Asgardstrand","1902","700","604","0.42","https://uploads2.wikiart.org/images/edvard-munch/street-in-asgardstrand-1902.jpg","0095_Street_in_Asgardstrand_700x604.jpg","132339"
"96","Edvard Munch","edvard-munch","The Fisherman","1902","1110","1637","1.82","https://uploads2.wikiart.org/images/edvard-munch/the-fisherman-1902.jpg","0096_The_Fisherman_1110x1637.jpg","360842"
"97","Edvard Munch","edvard-munch","Vampire II","1902","800","563","0.45","https://uploads8.wikiart.org/images/edvard-munch/vampire-ii-1902.jpg","0097_Vampire_II_800x563.jpg","110318"
"98","Edvard Munch","edvard-munch","Women on the Bridge","1902","1734","1548","2.68","https://uploads8.wikiart.org/images/edvard-munch/women-on-the-bridge-1902.jpg","0098_Women_on_the_Bridge_1734x1548.jpg","406994"
"99","Edvard Munch","edvard-munch","Forest","1903","1157","1137","1.32","https://uploads4.wikiart.org/images/edvard-munch/forest-1903.jpg","0099_Forest_1157x1137.jpg","269469"
"100","Edvard Munch","edvard-munch","Four girls in Arsgardstrand","1903","1721","1369","2.36","https://uploads7.wikiart.org/images/edvard-munch/four-girls-in-arsgardstrand-1903.jpg","0100_Four_girls_in_Arsgardstrand_1721x1369.jpg","409568"
"101","Edvard Munch","edvard-munch","Self-Portrait in Hell","1903","496","600","0.3","https://uploads1.wikiart.org/images/edvard-munch/self-portrait-in-hell-1903.jpg","0101_Self-Portrait_in_Hell_496x600.jpg","45191"
"102","Edvard Munch","edvard-munch","The Four Sons of Dr. Linde","1903","1734","1355","2.35","https://uploads5.wikiart.org/images/edvard-munch/the-four-sons-of-dr-linde-1903.jpg","0102_The_Four_Sons_of_Dr._Linde_1734x1355.jpg","302875"
"103","Edvard Munch","edvard-munch","The Ladies on the Bridge","1903","1721","1500","2.58","https://uploads4.wikiart.org/images/edvard-munch/the-ladies-on-the-bridge-1903.jpg","0103_The_Ladies_on_the_Bridge_1721x1500.jpg","502552"
"104","Edvard Munch","edvard-munch","Three Girls on the Jetty","1903","708","800","0.57","https://uploads4.wikiart.org/images/edvard-munch/three-girls-on-the-jetty-1903.jpg","0104_Three_Girls_on_the_Jetty_708x800.jpg","158554"
"105","Edvard Munch","edvard-munch","Harry Graf Kessler","1904","980","1161","1.14","https://uploads7.wikiart.org/images/edvard-munch/harry-graf-kessler-1904.jpg","0105_Harry_Graf_Kessler_980x1161.jpg","240237"
"106","Edvard Munch","edvard-munch","Self-Portrait with Brushes","1904","1155","2516","2.91","https://uploads6.wikiart.org/images/edvard-munch/self-portrait-with-brushes-1904.jpg","0106_Self-Portrait_with_Brushes_1155x2516.jpg","336972"
"107","Edvard Munch","edvard-munch","Trees on the Shore","1904","1741","940","1.64","https://uploads7.wikiart.org/images/edvard-munch/trees-on-the-shore-1904.jpg","0107_Trees_on_the_Shore_1741x940.jpg","241844"
"108","Edvard Munch","edvard-munch","Summer Night at Aasgaardstrand","1904","800","772","0.62","https://uploads5.wikiart.org/images/edvard-munch/summer-night-at-aasgaardstrand.jpg","0108_Summer_Night_at_Aasgaardstrand_800x772.jpg","145907"
"109","Edvard Munch","edvard-munch","Edvard Munch - Garden in Taarbaek","1905","1444","2375","3.43","https://uploads7.wikiart.org/00379/images/edvard-munch/edvard-munch-garden-in-taarbaek-1905-1.jpg","0109_Edvard_Munch_-_Garden_in_Taarbaek_1444x2375.jpg","720977"
"110","Edvard Munch","edvard-munch","Christmas in the Brothel","1905","800","541","0.43","https://uploads4.wikiart.org/images/edvard-munch/christmas-in-the-brothel-1905.jpg","0110_Christmas_in_the_Brothel_800x541.jpg","101752"
"111","Edvard Munch","edvard-munch","From Thuringewald","1905","1705","1330","2.27","https://uploads6.wikiart.org/images/edvard-munch/from-thuringewald-1905.jpg","0111_From_Thuringewald_1705x1330.jpg","512054"
"112","Edvard Munch","edvard-munch","Ludvig Karsten","1905","973","2118","2.06","https://uploads3.wikiart.org/images/edvard-munch/ludvig-karsten-1905.jpg","0112_Ludvig_Karsten_973x2118.jpg","277415"
"113","Edvard Munch","edvard-munch","Man and Woman I","1905","1144","876","1","https://uploads4.wikiart.org/images/edvard-munch/man-and-woman-i-1905.jpg","0113_Man_and_Woman_I_1144x876.jpg","214795"
"114","Edvard Munch","edvard-munch","Berlin Girl","1906","467","561","0.26","https://uploads0.wikiart.org/images/edvard-munch/berlin-girl-1906.jpg","0114_Berlin_Girl_467x561.jpg","39986"
"115","Edvard Munch","edvard-munch","Count Harry Kessler","1906","323","800","0.26","https://uploads8.wikiart.org/images/edvard-munch/count-harry-kessler-1906.jpg","0115_Count_Harry_Kessler_323x800.jpg","77725"
"116","Edvard Munch","edvard-munch","Friedrich Nietzsche","1906","454","566","0.26","https://uploads2.wikiart.org/images/edvard-munch/friedrich-nietzsche-1906(1).jpg","0116_Friedrich_Nietzsche_454x566.jpg","33714"
"117","Edvard Munch","edvard-munch","Self-portrait with bottle of wine","1906","800","722","0.58","https://uploads4.wikiart.org/images/edvard-munch/self-portrait-with-bottle-of-wine-1906.jpg","0117_Self-portrait_with_bottle_of_wine_800x722.jpg","144160"
"118","Edvard Munch","edvard-munch","Snow Falling in the Lane","1906","800","637","0.51","https://uploads4.wikiart.org/images/edvard-munch/snow-falling-in-the-lane-1906.jpg","0118_Snow_Falling_in_the_Lane_800x637.jpg","127636"
"119","Edvard Munch","edvard-munch","The Murderess","1906","1714","1141","1.96","https://uploads2.wikiart.org/images/edvard-munch/the-murderess-1906.jpg","0119_The_Murderess_1714x1141.jpg","398119"
"120","Edvard Munch","edvard-munch","The Village Street","1906","800","752","0.6","https://uploads7.wikiart.org/images/edvard-munch/the-village-street-1906.jpg","0120_The_Village_Street_800x752.jpg","164357"
"121","Edvard Munch","edvard-munch","Rosa Meissner","1907","809","1000","0.81","https://uploads8.wikiart.org/00391/images/edvard-munch/edvard-munch-rosa-meissner.jpeg","0121_Rosa_Meissner_809x1000.jpeg","481970"
"122","Edvard Munch","edvard-munch","The Sick Child (later)","1907","512","498","0.25","https://uploads3.wikiart.org/images/edvard-munch/the-sick-child-1886.jpg","0122_The_Sick_Child_(later)_512x498.jpg","47684"
"123","Edvard Munch","edvard-munch","Bathing Men","1907","1721","1548","2.66","https://uploads0.wikiart.org/images/edvard-munch/bathing-men-1907.jpg","0123_Bathing_Men_1721x1548.jpg","504484"
"124","Edvard Munch","edvard-munch","Brothel Scene. Zum sussen Madel","1907","1422","926","1.32","https://uploads1.wikiart.org/images/edvard-munch/brothel-scene-zum-sussen-madel-1907.jpg","0124_Brothel_Scene._Zum_sussen_Madel_1422x926.jpg","244433"
"125","Edvard Munch","edvard-munch","Couple on the Shore (from the Reinhardt Frieze)","1907","800","467","0.37","https://uploads7.wikiart.org/images/edvard-munch/couple-on-the-shore-from-the-reinhardt-frieze-1907.jpg","0125_Couple_on_the_Shore_(from_the_Reinhardt_800x467.jpg","96922"
"126","Edvard Munch","edvard-munch","Cupid and Psyche","1907","463","600","0.28","https://uploads5.wikiart.org/images/edvard-munch/cupid-and-psyche-1907.jpg","0126_Cupid_and_Psyche_463x600.jpg","58179"
"127","Edvard Munch","edvard-munch","Death of Marat I","1907","1728","1301","2.25","https://uploads5.wikiart.org/images/edvard-munch/death-of-marat-i-1907.jpg","0127_Death_of_Marat_I_1728x1301.jpg","378268"
"128","Edvard Munch","edvard-munch","Jealousy. From the series The Green Room","1907","1426","1088","1.55","https://uploads1.wikiart.org/images/edvard-munch/jealousy-from-the-series-the-green-room-1907.jpg","0128_Jealousy._From_the_series_The_Green_Room_1426x1088.jpg","160871"
"129","Edvard Munch","edvard-munch","Lübeck Harbour with the Holstentor","1907","800","514","0.41","https://uploads5.wikiart.org/images/edvard-munch/lübeck-harbour-with-the-holstentor-1907.jpg","0129_Lübeck_Harbour_with_the_Holstentor_800x514.jpg","115947"
"130","Edvard Munch","edvard-munch","Old Man in Warnemunde","1907","1074","1381","1.48","https://uploads1.wikiart.org/images/edvard-munch/old-man-in-warnemunde-1907.jpg","0130_Old_Man_in_Warnemunde_1074x1381.jpg","393589"
"131","Edvard Munch","edvard-munch","Walter Rathenau","1907","407","800","0.33","https://uploads4.wikiart.org/images/edvard-munch/walter-rathenau-1907.jpg","0131_Walter_Rathenau_407x800.jpg","65651"
"132","Edvard Munch","edvard-munch","Self-Portrait in Front of Blue Sky","1908","1000","738","0.74","https://uploads3.wikiart.org/00323/images/edvard-munch/self-bluesky.jpg","0132_Self-Portrait_in_Front_of_Blue_Sky_1000x738.jpg","599306"
"133","Edvard Munch","edvard-munch","Worker and Child","1908","1728","1321","2.28","https://uploads5.wikiart.org/images/edvard-munch/worker-and-child-1908.jpg","0133_Worker_and_Child_1728x1321.jpg","440908"
"134","Edvard Munch","edvard-munch","Christen Sandberg","1909","1279","1922","2.46","https://uploads6.wikiart.org/images/edvard-munch/christen-sandberg-1909.jpg","0134_Christen_Sandberg_1279x1922.jpg","417596"
"135","Edvard Munch","edvard-munch","Jens Thiis","1909","819","1702","1.39","https://uploads8.wikiart.org/images/edvard-munch/jens-thiis-1909.jpg","0135_Jens_Thiis_819x1702.jpg","191500"
"136","Edvard Munch","edvard-munch","Professor Daniel Jacobson","1909","1100","2122","2.33","https://uploads5.wikiart.org/images/edvard-munch/professor-daniel-jacobson-1909.jpg","0136_Professor_Daniel_Jacobson_1100x2122.jpg","292023"
"137","Edvard Munch","edvard-munch","Self-Portrait at Professor Jacobson's Hospital","1909","1584","1460","2.31","https://uploads8.wikiart.org/images/edvard-munch/self-portrait-at-professor-jacobson-s-hospital-1909.jpg","0137_Self-Portrait_at_Professor_Jacobson's_Ho_1584x1460.jpg","346774"
"138","Edvard Munch","edvard-munch","Thorvald Stang","1909","815","1688","1.38","https://uploads3.wikiart.org/images/edvard-munch/thorvald-stang-1909.jpg","0138_Thorvald_Stang_815x1688.jpg","182495"
"139","Edvard Munch","edvard-munch","The Murderer","1910","1724","1050","1.81","https://uploads1.wikiart.org/images/edvard-munch/the-murderer-1910.jpg","0139_The_Murderer_1724x1050.jpg","272245"
"140","Edvard Munch","edvard-munch","The Scream","1910","810","1024","0.83","https://uploads2.wikiart.org/images/edvard-munch/the-scream-1910(1).jpg","0140_The_Scream_810x1024.jpg","259741"
"141","Edvard Munch","edvard-munch","Melancholy","1911","1721","1071","1.84","https://uploads3.wikiart.org/images/edvard-munch/melancholy.jpg","0141_Melancholy_1721x1071.jpg","326956"
"142","Edvard Munch","edvard-munch","Self-Portrait with Hand under Cheek","1911","640","785","0.5","https://uploads1.wikiart.org/images/edvard-munch/self-portrait-with-hand-under-cheek.jpg","0142_Self-Portrait_with_Hand_under_Cheek_640x785.jpg","57514"
"143","Edvard Munch","edvard-munch","Galloping horse","1912","1394","1765","2.46","https://uploads4.wikiart.org/images/edvard-munch/galloping-horse-1912.jpg","0143_Galloping_horse_1394x1765.jpg","381994"
"144","Edvard Munch","edvard-munch","The yellow log","1912","1738","1400","2.43","https://uploads3.wikiart.org/images/edvard-munch/the-yellow-log-1912.jpg","0144_The_yellow_log_1738x1400.jpg","430551"
"145","Edvard Munch","edvard-munch","Winter, Kragero","1912","1451","1464","2.12","https://uploads3.wikiart.org/images/edvard-munch/winter-kragero-1912.jpg","0145_Winter,_Kragero_1451x1464.jpg","331887"
"146","Edvard Munch","edvard-munch","Girl Yawning","1913","615","700","0.43","https://uploads1.wikiart.org/images/edvard-munch/girl-yawning-1913.jpg","0146_Girl_Yawning_615x700.jpg","82232"
"147","Edvard Munch","edvard-munch","Nude I","1913","1594","1308","2.08","https://uploads4.wikiart.org/images/edvard-munch/nude-i-1913.jpg","0147_Nude_I_1594x1308.jpg","453147"
"148","Edvard Munch","edvard-munch","The Lumberjack","1913","1210","1493","1.81","https://uploads3.wikiart.org/images/edvard-munch/the-lumberjack-1913.jpg","0148_The_Lumberjack_1210x1493.jpg","362308"
"149","Edvard Munch","edvard-munch","Workers in the Snow","1913","1721","1407","2.42","https://uploads8.wikiart.org/images/edvard-munch/workers-in-the-snow-1913.jpg","0149_Workers_in_the_Snow_1721x1407.jpg","355809"
"150","Edvard Munch","edvard-munch","By the Deathbed (Fever) I","1915","1885","1489","2.81","https://uploads3.wikiart.org/images/edvard-munch/by-the-deathbed-fever-i-1915.jpg","0150_By_the_Deathbed_(Fever)_I_1885x1489.jpg","469169"
"151","Edvard Munch","edvard-munch","Children in the Street","1915","650","592","0.38","https://uploads2.wikiart.org/images/edvard-munch/children-in-the-street-1915.jpg","0151_Children_in_the_Street_650x592.jpg","75631"
"152","Edvard Munch","edvard-munch","High Summer II","1915","1666","1301","2.17","https://uploads3.wikiart.org/images/edvard-munch/high-summer-ii-1915.jpg","0152_High_Summer_II_1666x1301.jpg","347739"
"153","Edvard Munch","edvard-munch","Man and Woman II","1915","1598","1240","1.98","https://uploads5.wikiart.org/images/edvard-munch/man-and-woman-ii-1915.jpg","0153_Man_and_Woman_II_1598x1240.jpg","358011"
"154","Edvard Munch","edvard-munch","Towards the Forest II","1915","650","512","0.33","https://uploads1.wikiart.org/images/edvard-munch/towards-the-forest-ii-1915.jpg","0154_Towards_the_Forest_II_650x512.jpg","85221"
"155","Edvard Munch","edvard-munch","Workers on Their Way Home","1915","1582","1453","2.3","https://uploads5.wikiart.org/images/edvard-munch/workers-on-their-way-home-1915.jpg","0155_Workers_on_Their_Way_Home_1582x1453.jpg","324788"
"156","Edvard Munch","edvard-munch","Alma Mater","1916","1889","741","1.4","https://uploads8.wikiart.org/images/edvard-munch/alma-mater-1916.jpg","0156_Alma_Mater_1889x741.jpg","262512"
"157","Edvard Munch","edvard-munch","Awakening Men","1916","882","1317","1.16","https://uploads2.wikiart.org/images/edvard-munch/awakening-men-1916.jpg","0157_Awakening_Men_882x1317.jpg","241252"
"158","Edvard Munch","edvard-munch","History","1916","1885","758","1.43","https://uploads5.wikiart.org/images/edvard-munch/history-1916.jpg","0158_History_1885x758.jpg","268940"
"159","Edvard Munch","edvard-munch","Self-Portrait in Bergen","1916","323","454","0.15","https://uploads3.wikiart.org/images/edvard-munch/self-portrait-in-bergen-1916.jpg","0159_Self-Portrait_in_Bergen_323x454.jpg","30504"
"160","Edvard Munch","edvard-munch","Spring Plowing","1916","1437","1124","1.62","https://uploads3.wikiart.org/images/edvard-munch/spring-plowing-1916.jpg","0160_Spring_Plowing_1437x1124.jpg","233119"
"161","Edvard Munch","edvard-munch","The Haymaker","1916","700","619","0.43","https://uploads1.wikiart.org/images/edvard-munch/the-haymaker-1916.jpg","0161_The_Haymaker_700x619.jpg","93949"
"162","Edvard Munch","edvard-munch","The Sun","1916","1727","985","1.7","https://uploads5.wikiart.org/images/edvard-munch/the-sun-1916.jpg","0162_The_Sun_1727x985.jpg","286636"
"163","Edvard Munch","edvard-munch","The Girls on the Bridge","1918","1270","1455","1.85","https://uploads3.wikiart.org/00209/images/edvard-munch/84b31133a82cbccf63e8824da78936f5.jpg","0163_The_Girls_on_the_Bridge_1270x1455.jpg","617036"
"164","Edvard Munch","edvard-munch","Adam and Eve","1918","1515","1905","2.89","https://uploads1.wikiart.org/images/edvard-munch/adam-and-eve-1918.jpg","0164_Adam_and_Eve_1515x1905.jpg","463806"
"165","Edvard Munch","edvard-munch","Bathing Man","1918","600","405","0.24","https://uploads0.wikiart.org/images/edvard-munch/bathing-man-1918.jpg","0165_Bathing_Man_600x405.jpg","53792"
"166","Edvard Munch","edvard-munch","Horse Team","1919","700","532","0.37","https://uploads8.wikiart.org/images/edvard-munch/horse-team-1919.jpg","0166_Horse_Team_700x532.jpg","80801"
"167","Edvard Munch","edvard-munch","Self-Portrait (in distress)","1919","437","505","0.22","https://uploads5.wikiart.org/images/edvard-munch/self-portrait-in-distress-1919.jpg","0167_Self-Portrait_(in_distress)_437x505.jpg","56605"
"168","Edvard Munch","edvard-munch","Self-Portrait after Spanish Influenza","1919","701","800","0.56","https://uploads8.wikiart.org/images/edvard-munch/self-portrait-after-spanish-influenza-1919.jpg","0168_Self-Portrait_after_Spanish_Influenza_701x800.jpg","145883"
"169","Edvard Munch","edvard-munch","The Murderer in the Lane","1919","800","639","0.51","https://uploads4.wikiart.org/images/edvard-munch/the-murderer-in-the-lane-1919.jpg","0169_The_Murderer_in_the_Lane_800x639.jpg","152509"
"170","Edvard Munch","edvard-munch","Workers on their way home I","1920","400","283","0.11","https://uploads7.wikiart.org/images/edvard-munch/workers-on-their-way-home-i-1920.jpg","0170_Workers_on_their_way_home_I_400x283.jpg","28652"
"171","Edvard Munch","edvard-munch","Meeting","1921","856","709","0.61","https://uploads5.wikiart.org/images/edvard-munch/meeting-1921.jpg","0171_Meeting_856x709.jpg","121754"
"172","Edvard Munch","edvard-munch","The Artist and His Model","1921","1462","1190","1.74","https://uploads4.wikiart.org/images/edvard-munch/the-artist-and-his-model-1921.jpg","0172_The_Artist_and_His_Model_1462x1190.jpg","236298"
"173","Edvard Munch","edvard-munch","The Wave","1921","700","577","0.4","https://uploads6.wikiart.org/images/edvard-munch/the-wave-1921.jpg","0173_The_Wave_700x577.jpg","131676"
"174","Edvard Munch","edvard-munch","Woman in Blue (Frau Barth)","1921","611","800","0.49","https://uploads4.wikiart.org/images/edvard-munch/woman-in-blue-frau-barth-1921.jpg","0174_Woman_in_Blue_(Frau_Barth)_611x800.jpg","134315"
"175","Edvard Munch","edvard-munch","Self-portrait. The night wanderer","1924","452","600","0.27","https://uploads3.wikiart.org/images/edvard-munch/self-portrait-the-night-wanderer-1924.jpg","0175_Self-portrait._The_night_wanderer_452x600.jpg","47184"
"176","Edvard Munch","edvard-munch","Starry night","1924","1419","1692","2.4","https://uploads1.wikiart.org/images/edvard-munch/starry-night-1924.jpg","0176_Starry_night_1419x1692.jpg","394898"
"177","Edvard Munch","edvard-munch","Woman on the Verandah","1924","597","800","0.48","https://uploads1.wikiart.org/images/edvard-munch/woman-on-the-verandah-1924.jpg","0177_Woman_on_the_Verandah_597x800.jpg","110856"
"178","Edvard Munch","edvard-munch","Old Trees","1925","855","681","0.58","https://uploads7.wikiart.org/images/edvard-munch/old-trees-1925.jpg","0178_Old_Trees_855x681.jpg","150595"
"179","Edvard Munch","edvard-munch","The Wedding of the Bohemian, Munch Seated on the Far Left","1925","700","532","0.37","https://uploads0.wikiart.org/images/edvard-munch/the-wedding-of-the-bohemian-munch-seated-on-the-far-left-1925.jpg","0179_The_Wedding_of_the_Bohemian,_Munch_Seate_700x532.jpg","66732"
"180","Edvard Munch","edvard-munch","Selvportrett","1926","556","808","0.45","https://uploads7.wikiart.org/00391/images/edvard-munch/preview.jpeg","0180_Selvportrett_556x808.jpeg","89704"
"181","Edvard Munch","edvard-munch","Self-Portrait at Ekely","1926","479","650","0.31","https://uploads2.wikiart.org/images/edvard-munch/self-portrait-at-ekely-1926.jpg","0181_Self-Portrait_at_Ekely_479x650.jpg","58730"
"182","Edvard Munch","edvard-munch","Self-Portrait","1926","374","463","0.17","https://uploads2.wikiart.org/images/edvard-munch/self-portrait-1926.jpg","0182_Self-Portrait_374x463.jpg","51140"
"183","Edvard Munch","edvard-munch","Red House and Spruces","1927","700","552","0.39","https://uploads1.wikiart.org/images/edvard-munch/red-house-and-spruces-1927.jpg","0183_Red_House_and_Spruces_700x552.jpg","72410"
"184","Edvard Munch","edvard-munch","Model on the Couch","1928","579","700","0.41","https://uploads7.wikiart.org/images/edvard-munch/model-on-the-couch-1928.jpg","0184_Model_on_the_Couch_579x700.jpg","76212"
"185","Edvard Munch","edvard-munch","Building the Winter Studio. Ekely","1929","520","700","0.36","https://uploads3.wikiart.org/images/edvard-munch/building-the-winter-studio-ekely-1929.jpg","0185_Building_the_Winter_Studio._Ekely_520x700.jpg","83605"
"186","Edvard Munch","edvard-munch","Head of a Dog","1930","500","639","0.32","https://uploads2.wikiart.org/images/edvard-munch/head-of-a-dog-1930.jpg","0186_Head_of_a_Dog_500x639.jpg","77656"
"187","Edvard Munch","edvard-munch","Self-Portrait During the Eye Disease I","1930","542","700","0.38","https://uploads0.wikiart.org/images/edvard-munch/self-portrait-during-the-eye-disease-i-1930.jpg","0187_Self-Portrait_During_the_Eye_Disease_I_542x700.jpg","78532"
"188","Edvard Munch","edvard-munch","Self-Portrait During Eye Disease II.","1930","554","700","0.39","https://uploads6.wikiart.org/images/edvard-munch/self-portrait-during-eye-disease-ii-1930.jpg","0188_Self-Portrait_During_Eye_Disease_II_554x700.jpg","81411"
"189","Edvard Munch","edvard-munch","The Lonely Ones","1935","750","521","0.39","https://uploads4.wikiart.org/images/edvard-munch/the-lonely-ones-1935.jpg","0189_The_Lonely_Ones_750x521.jpg","69270"
"190","Edvard Munch","edvard-munch","Women on the Bridge","1935","1727","1472","2.54","https://uploads3.wikiart.org/images/edvard-munch/women-on-the-bridge.jpg","0190_Women_on_the_Bridge_1727x1472.jpg","345491"
"191","Edvard Munch","edvard-munch","By the Window","1940","800","612","0.49","https://uploads2.wikiart.org/images/edvard-munch/by-the-window-1940.jpg","0191_By_the_Window_800x612.jpg","132259"
"192","Edvard Munch","edvard-munch","Self-Portrait with Cod's Head","1940","568","700","0.4","https://uploads0.wikiart.org/images/edvard-munch/self-portrait-with-cod-s-head-1940.jpg","0192_Self-Portrait_with_Cod's_Head_568x700.jpg","89221"
"193","Edvard Munch","edvard-munch","Model in Front of the Verandah","1942","563","700","0.39","https://uploads1.wikiart.org/images/edvard-munch/model-in-front-of-the-verandah-1942.jpg","0193_Model_in_Front_of_the_Verandah_563x700.jpg","93444"
"194","Edvard Munch","edvard-munch","Self-Portrait in the Garden, Ekely","1942","700","537","0.38","https://uploads4.wikiart.org/images/edvard-munch/self-portrait-in-the-garden-ekely-1942.jpg","0194_Self-Portrait_in_the_Garden,_Ekely_700x537.jpg","80767"
"195","Edvard Munch","edvard-munch","Self-portrait. Between the clock and the bed","1943","797","986","0.79","https://uploads5.wikiart.org/images/edvard-munch/self-portrait-between-the-clock-and-the-bed-1943.jpg","0195_Self-portrait._Between_the_clock_and_the_797x986.jpg","242820"
"196","Edvard Munch","edvard-munch","Self-Portrait with Striped Pullover","1944","750","543","0.41","https://uploads6.wikiart.org/images/edvard-munch/self-portrait-with-striped-pullover-1944.jpg","0196_Self-Portrait_with_Striped_Pullover_750x543.jpg","90174"
"1","Sandro Botticelli","sandro-botticelli","Adoration of the Magi","1467","4096","1478","6.05","https://uploads0.wikiart.org/images/sandro-botticelli/adoration-of-the-magi-1467(1).jpg","0001_Adoration_of_the_Magi_4096x1478.jpg","568423"
"2","Sandro Botticelli","sandro-botticelli","Madonna and Child","1467","800","1108","0.89","https://uploads0.wikiart.org/images/sandro-botticelli/madonna-and-child(1).jpg","0002_Madonna_and_Child_800x1108.jpg","109473"
"3","Sandro Botticelli","sandro-botticelli","Madonna with two angels","1468","2024","2798","5.66","https://uploads6.wikiart.org/images/sandro-botticelli/madonna-with-two-angels(1).jpg","0003_Madonna_with_two_angels_2024x2798.jpg","402911"
"4","Sandro Botticelli","sandro-botticelli","Portrait of a Young Man","1469","820","1229","1.01","https://uploads6.wikiart.org/images/sandro-botticelli/portrait-of-a-young-man(1).jpg","0004_Portrait_of_a_Young_Man_820x1229.jpg","113422"
"5","Sandro Botticelli","sandro-botticelli","Virgin and child with two angels","1469","2453","3469","8.51","https://uploads2.wikiart.org/images/sandro-botticelli/virgin-and-child-with-two-angels-1469(1).jpg","0005_Virgin_and_child_with_two_angels_2453x3469.jpg","1307809"
"6","Sandro Botticelli","sandro-botticelli","Fortitude","1470","655","1239","0.81","https://uploads1.wikiart.org/images/sandro-botticelli/fortitude(1).jpg","0006_Fortitude_655x1239.jpg","142321"
"7","Sandro Botticelli","sandro-botticelli","Madonna and Child","1470","338","500","0.17","https://uploads5.wikiart.org/images/sandro-botticelli/madonna-and-child-1470(1).jpg","0007_Madonna_and_Child_338x500.jpg","169795"
"8","Sandro Botticelli","sandro-botticelli","Madonna and Child with Six Saints","1470","1030","886","0.91","https://uploads7.wikiart.org/images/sandro-botticelli/madonna-and-child-with-six-saints(1).jpg","0008_Madonna_and_Child_with_Six_Saints_1030x886.jpg","138543"
"9","Sandro Botticelli","sandro-botticelli","Madonna in Glory with Seraphim","1470","650","1341","0.87","https://uploads0.wikiart.org/images/sandro-botticelli/madonna-in-glory-with-seraphim-1470(1).jpg","0009_Madonna_in_Glory_with_Seraphim_650x1341.jpg","144121"
"10","Sandro Botticelli","sandro-botticelli","Madonna of the Rosegarden","1470","750","1220","0.92","https://uploads4.wikiart.org/images/sandro-botticelli/madonna-of-the-rosegarden-1470(1).jpg","0010_Madonna_of_the_Rosegarden_750x1220.jpg","147335"
"11","Sandro Botticelli","sandro-botticelli","The Madonna of the Roses","1470","373","737","0.27","https://uploads7.wikiart.org/images/sandro-botticelli/the-madonna-of-the-roses(1).jpg","0011_The_Madonna_of_the_Roses_373x737.jpg","81262"
"12","Sandro Botticelli","sandro-botticelli","The Virgin and Child surrounded by Five Angels","1470","2391","3594","8.59","https://uploads2.wikiart.org/images/sandro-botticelli/the-virgin-and-child-surrounded-by-five-angels(1).jpg","0012_The_Virgin_and_Child_surrounded_by_Five_2391x3594.jpg","2105595"
"13","Sandro Botticelli","sandro-botticelli","The Virgin and Child with Two Angels and St. John the Baptist","1470","804","1053","0.85","https://uploads7.wikiart.org/images/sandro-botticelli/the-virgin-and-child-with-two-angels-and-st-john-the-baptist(1).jpg","0013_The_Virgin_and_Child_with_Two_Angels_and_804x1053.jpg","129074"
"14","Sandro Botticelli","sandro-botticelli","Madonna and Child with an Angel","1470","457","600","0.27","https://uploads5.wikiart.org/images/sandro-botticelli/madonna-and-child-with-an-angel(1).jpg","0014_Madonna_and_Child_with_an_Angel_457x600.jpg","182728"
"15","Sandro Botticelli","sandro-botticelli","The Discovery of the Body of Holofernes","1470","574","800","0.46","https://uploads4.wikiart.org/images/sandro-botticelli/the-discovery-of-the-body-of-holofernes(1).jpg","0015_The_Discovery_of_the_Body_of_Holofernes_574x800.jpg","332666"
"16","Sandro Botticelli","sandro-botticelli","Sebastian","1473","1256","3289","4.13","https://uploads1.wikiart.org/images/sandro-botticelli/sebastian(1).jpg","0016_Sebastian_1256x3289.jpg","566344"
"17","Sandro Botticelli","sandro-botticelli","The return of Judith to Bethulia","1473","2024","2741","5.55","https://uploads2.wikiart.org/images/sandro-botticelli/the-return-of-judith-to-bethulia-1473(1).jpg","0017_The_return_of_Judith_to_Bethulia_2024x2741.jpg","677149"
"18","Sandro Botticelli","sandro-botticelli","Portrait of a Man with the Medal of Cosimo","1474","1447","2000","2.89","https://uploads3.wikiart.org/images/sandro-botticelli/portrait-of-a-man-with-the-medal-of-cosimo-1474(1).jpg","0018_Portrait_of_a_Man_with_the_Medal_of_Cosi_1447x2000.jpg","1375416"
"19","Sandro Botticelli","sandro-botticelli","Portrait of a young man with red cap","1474","2024","2465","4.99","https://uploads1.wikiart.org/images/sandro-botticelli/portrait-of-a-young-man-with-red-cap(1).jpg","0019_Portrait_of_a_young_man_with_red_cap_2024x2465.jpg","317289"
"20","Sandro Botticelli","sandro-botticelli","Portrait of a young woman","1475","1576","2548","4.02","https://uploads1.wikiart.org/images/sandro-botticelli/portrait-of-a-young-woman-1(1).jpg","0020_Portrait_of_a_young_woman_1576x2548.jpg","280041"
"21","Sandro Botticelli","sandro-botticelli","Study of two standing figures","1475","650","1007","0.65","https://uploads3.wikiart.org/images/sandro-botticelli/study-of-two-standing-figures(1).jpg","0021_Study_of_two_standing_figures_650x1007.jpg","150156"
"22","Sandro Botticelli","sandro-botticelli","Woman with attributes of Saint Catherine, so called Catherina Sforza Sandro Botticelli","1475","391","600","0.23","https://uploads1.wikiart.org/images/sandro-botticelli/woman-with-attributes-of-saint-catherine-so-called-catherina-sforza-sandro-botticelli-1475(1).jpg","0022_Woman_with_attributes_of_Saint_Catherine_391x600.jpg","258250"
"23","Sandro Botticelli","sandro-botticelli","Three Scenes from the Story of Esther","1475","1884","670","1.26","https://uploads2.wikiart.org/images/sandro-botticelli/three-scenes-from-the-story-of-esther(1).jpg","0023_Three_Scenes_from_the_Story_of_Esther_1884x670.jpg","197882"
"24","Sandro Botticelli","sandro-botticelli","The Adoration of the Magi","1476","5535","4511","24.97","https://uploads8.wikiart.org/images/sandro-botticelli/adoration-of-the-magi-1476-1.jpg","0024_The_Adoration_of_the_Magi_5535x4511.jpg","9399440"
"25","Sandro Botticelli","sandro-botticelli","Madonna del Mare","1477","800","1141","0.91","https://uploads0.wikiart.org/00205/images/sandro-botticelli/sandro-botticelli-madona-del-mare.jpg","0025_Madonna_del_Mare_800x1141.jpg","94616"
"26","Sandro Botticelli","sandro-botticelli","Madonna of the Sea","1477","800","1141","0.91","https://uploads1.wikiart.org/images/sandro-botticelli/madonna-of-the-sea(1).jpg","0026_Madonna_of_the_Sea_800x1141.jpg","94445"
"27","Sandro Botticelli","sandro-botticelli","Portrait of a young man with red cap","1477","1178","1700","2","https://uploads6.wikiart.org/images/sandro-botticelli/portrait-of-a-young-man-with-red-cap-1477(1).jpg","0027_Portrait_of_a_young_man_with_red_cap_1178x1700.jpg","631914"
"28","Sandro Botticelli","sandro-botticelli","Madonna with Child and Singing Angels","1477","1576","1565","2.47","https://uploads2.wikiart.org/images/sandro-botticelli/madonna-with-child-and-singing-angels(1).jpg","0028_Madonna_with_Child_and_Singing_Angels_1576x1565.jpg","265535"
"29","Sandro Botticelli","sandro-botticelli","Giuliano de Medici","1478","673","1025","0.69","https://uploads6.wikiart.org/images/sandro-botticelli/giuliano-de-medici-1478(1).jpg","0029_Giuliano_de_Medici_673x1025.jpg","153580"
"30","Sandro Botticelli","sandro-botticelli","Adoration of the Child","1478","2745","1233","3.38","https://uploads2.wikiart.org/images/sandro-botticelli/santa-maria-novella(1).jpg","0030_Adoration_of_the_Child_2745x1233.jpg","917509"
"31","Sandro Botticelli","sandro-botticelli","Madonna of the Book","1479","1230","1800","2.21","https://uploads2.wikiart.org/images/sandro-botticelli/madonna-of-the-book(1).jpg","0031_Madonna_of_the_Book_1230x1800.jpg","1162148"
"32","Sandro Botticelli","sandro-botticelli","Portrait of Simonetta Vespucci (Portrait of a Young Woman)","1480","1831","2440","4.47","https://uploads4.wikiart.org/images/sandro-botticelli/portrait-of-simonetta-vespucci(1).jpg","0032_Portrait_of_Simonetta_Vespucci_(Portrait_1831x2440.jpg","1539022"
"33","Sandro Botticelli","sandro-botticelli","Illustration to the Divine Comedy (Inferno)","1480","1030","699","0.72","https://uploads2.wikiart.org/images/sandro-botticelli/illustration-to-the-divine-comedy-inferno-1480(1).jpg","0033_Illustration_to_the_Divine_Comedy_(Infer_1030x699.jpg","111633"
"34","Sandro Botticelli","sandro-botticelli","Inferno, Canto XVIII","1480","1030","674","0.69","https://uploads7.wikiart.org/images/sandro-botticelli/inferno-canto-xviii-1480(1).jpg","0034_Inferno,_Canto_XVIII_1030x674.jpg","157201"
"35","Sandro Botticelli","sandro-botticelli","Inferno, Canto XXXI","1480","1196","765","0.91","https://uploads6.wikiart.org/images/sandro-botticelli/inferno-canto-xxxi-1480(1).jpg","0035_Inferno,_Canto_XXXI_1196x765.jpg","142447"
"36","Sandro Botticelli","sandro-botticelli","St Augustine","1480","1576","2423","3.82","https://uploads4.wikiart.org/images/sandro-botticelli/st-augustine(1).jpg","0036_St_Augustine_1576x2423.jpg","386711"
"37","Sandro Botticelli","sandro-botticelli","The Abyss of Hell","1480","1044","700","0.73","https://uploads5.wikiart.org/images/sandro-botticelli/the-abyss-of-hell-1480(1).jpg","0037_The_Abyss_of_Hell_1044x700.jpg","145485"
"38","Sandro Botticelli","sandro-botticelli","The Coronation of the Virgin (Altarpiece of St. Mark)","1480","427","657","0.28","https://uploads6.wikiart.org/images/sandro-botticelli/the-coronation-of-the-virgin-altarpiece-of-st-mark(1).jpg","0038_The_Coronation_of_the_Virgin_(Altarpiece_427x657.jpg","40694"
"39","Sandro Botticelli","sandro-botticelli","The Triumph of Mordecai, from The Story of Esther","1480","532","607","0.32","https://uploads0.wikiart.org/images/sandro-botticelli/the-triumph-of-mordecai-from-the-story-of-esther-1480(1).jpg","0039_The_Triumph_of_Mordecai,_from_The_Story_532x607.jpg","100135"
"40","Sandro Botticelli","sandro-botticelli","Three Angels","1480","1162","500","0.58","https://uploads0.wikiart.org/images/sandro-botticelli/three-angels-1480(1).jpg","0040_Three_Angels_1162x500.jpg","70376"
"41","Sandro Botticelli","sandro-botticelli","Workshop of Esther at the Palace Gate","1480","533","603","0.32","https://uploads7.wikiart.org/images/sandro-botticelli/workshop-of-esther-at-the-palace-gate-1480(1).jpg","0041_Workshop_of_Esther_at_the_Palace_Gate_533x603.jpg","104733"
"42","Sandro Botticelli","sandro-botticelli","Annunciation","1481","1213","520","0.63","https://uploads0.wikiart.org/images/sandro-botticelli/annunciation-1481(1).jpg","0042_Annunciation_1213x520.jpg","137081"
"43","Sandro Botticelli","sandro-botticelli","Madonna of the Magnificat","1481","2249","2252","5.06","https://uploads8.wikiart.org/00246/images/sandro-botticelli/4.png","0043_Madonna_of_the_Magnificat_2249x2252.png","9788566"
"44","Sandro Botticelli","sandro-botticelli","Sixtus II","1481","680","1331","0.91","https://uploads6.wikiart.org/images/sandro-botticelli/sixtus-ii-1481(1).jpg","0044_Sixtus_II_680x1331.jpg","191000"
"45","Sandro Botticelli","sandro-botticelli","The Punishment of Korah, Dathan and Abiram","1481","1100","869","0.96","https://uploads2.wikiart.org/images/sandro-botticelli/the-punishment-of-korah-dathan-and-abiram-1481(1).jpg","0045_The_Punishment_of_Korah,_Dathan_and_Abir_1100x869.jpg","217197"
"46","Sandro Botticelli","sandro-botticelli","The Spring","1482","4926","3236","15.94","https://uploads5.wikiart.org/00129/images/sandro-botticelli/primavera.jpg","0046_The_Spring_4926x3236.jpg","6679700"
"47","Sandro Botticelli","sandro-botticelli","The Youth of Moses (detail)","1482","744","2000","1.49","https://uploads4.wikiart.org/00165/images/sandro-botticelli/the-youth-moses-detail.png","0047_The_Youth_of_Moses_(detail)_744x2000.png","3847050"
"48","Sandro Botticelli","sandro-botticelli","Pallas and Centaur","1482","781","1117","0.87","https://uploads1.wikiart.org/images/sandro-botticelli/pallas-and-centaur(1).jpg","0048_Pallas_and_Centaur_781x1117.jpg","163506"
"49","Sandro Botticelli","sandro-botticelli","Scene from the Life of Moses","1482","1545","960","1.48","https://uploads7.wikiart.org/images/sandro-botticelli/scene-from-the-life-of-moses-1482(1).jpg","0049_Scene_from_the_Life_of_Moses_1545x960.jpg","437108"
"50","Sandro Botticelli","sandro-botticelli","Scene from the Life of Moses (Scenes on the left)","1482","1264","600","0.76","https://uploads8.wikiart.org/images/sandro-botticelli/scene-from-the-life-of-moses-scenes-on-the-left-1482(1).jpg","0050_Scene_from_the_Life_of_Moses_(Scenes_on_1264x600.jpg","185784"
"51","Sandro Botticelli","sandro-botticelli","The Temptation of Christ","1482","1000","627","0.63","https://uploads3.wikiart.org/images/sandro-botticelli/the-temptation-of-christ-1482(1).jpg","0051_The_Temptation_of_Christ_1000x627.jpg","450462"
"52","Sandro Botticelli","sandro-botticelli","The Youth of Moses","1482","3060","1916","5.86","https://uploads3.wikiart.org/00165/images/sandro-botticelli/eventos-de-la-vida-de-mois-s-sandro-botticelli-1.jpg","0052_The_Youth_of_Moses_3060x1916.jpg","3189239"
"53","Sandro Botticelli","sandro-botticelli","The Youth of Moses (detail)","1482","1285","2000","2.57","https://uploads0.wikiart.org/00165/images/sandro-botticelli/youth-moses-detail.png","0053_The_Youth_of_Moses_(detail)_1285x2000.png","6929744"
"54","Sandro Botticelli","sandro-botticelli","Adoration of the Magi","1482","2048","1372","2.81","https://uploads4.wikiart.org/images/sandro-botticelli/adoration-of-the-magi(1).jpg","0054_Adoration_of_the_Magi_2048x1372.jpg","395943"
"55","Sandro Botticelli","sandro-botticelli","Portrait of a Young Man","1483","801","1049","0.84","https://uploads2.wikiart.org/images/sandro-botticelli/portrait-of-a-young-man-1483(1).jpg","0055_Portrait_of_a_Young_Man_801x1049.jpg","117032"
"56","Sandro Botticelli","sandro-botticelli","Portrait of a Young Man","1483","3144","4226","13.29","https://uploads4.wikiart.org/images/sandro-botticelli/portrait-of-a-young-man-1483-1(1).jpg","0056_Portrait_of_a_Young_Man_3144x4226.jpg","4274107"
"57","Sandro Botticelli","sandro-botticelli","The Story of Nastagio","1483","1000","479","0.48","https://uploads4.wikiart.org/images/sandro-botticelli/the-story-of-nastagio(1).jpg","0057_The_Story_of_Nastagio_1000x479.jpg","136115"
"58","Sandro Botticelli","sandro-botticelli","The Story of Nastagio degli Onesti","1483","1225","700","0.86","https://uploads4.wikiart.org/images/sandro-botticelli/the-story-of-nastagio-degli-onesti-1483(1).jpg","0058_The_Story_of_Nastagio_degli_Onesti_1225x700.jpg","169120"
"59","Sandro Botticelli","sandro-botticelli","The Story of Nastagio degli Onesti (I), from The Decameron, by Boccaccio","1483","2560","1502","3.85","https://uploads2.wikiart.org/images/sandro-botticelli/the-story-of-nastagio-degli-onesti-i-from-the-decameron-by-boccaccio-1483(1).jpg","0059_The_Story_of_Nastagio_degli_Onesti_(I),_2560x1502.jpg","437619"
"60","Sandro Botticelli","sandro-botticelli","The Story of Nastagio Degli Onesti - The Banquet in the Pine Forest","1483","2560","1469","3.76","https://uploads8.wikiart.org/images/sandro-botticelli/the-story-of-nastagio-degli-onesti-the-banquet-in-the-pine-forest-1483(1).jpg","0060_The_Story_of_Nastagio_Degli_Onesti_-_The_2560x1469.jpg","468779"
"61","Sandro Botticelli","sandro-botticelli","Venus and Mars","1483","1466","600","0.88","https://uploads6.wikiart.org/images/sandro-botticelli/venus-and-mars(1).jpg","0061_Venus_and_Mars_1466x600.jpg","164340"
"62","Sandro Botticelli","sandro-botticelli","The Virgin and Child Enthroned","1484","1008","1047","1.06","https://uploads0.wikiart.org/images/sandro-botticelli/the-virgin-and-child-enthroned-1484(1).jpg","0062_The_Virgin_and_Child_Enthroned_1008x1047.jpg","204039"
"63","Sandro Botticelli","sandro-botticelli","Allegory of Abundance","1485","805","999","0.8","https://uploads0.wikiart.org/images/sandro-botticelli/allegory-of-abundance-1485(1).jpg","0063_Allegory_of_Abundance_805x999.jpg","136085"
"64","Sandro Botticelli","sandro-botticelli","Portrait of a young woman","1485","776","1174","0.91","https://uploads4.wikiart.org/images/sandro-botticelli/portrait-of-a-young-woman-1485(1).jpg","0064_Portrait_of_a_young_woman_776x1174.jpg","93214"
"65","Sandro Botticelli","sandro-botticelli","The Birth of Venus","1485","1600","1067","1.71","https://uploads6.wikiart.org/images/sandro-botticelli/the-birth-of-venus-1485(1).jpg","0065_The_Birth_of_Venus_1600x1067.jpg","367936"
"66","Sandro Botticelli","sandro-botticelli","Simonetta","1485","542","800","0.43","https://uploads1.wikiart.org/images/sandro-botticelli/simonetta(1).jpg","0066_Simonetta_542x800.jpg","101829"
"67","Sandro Botticelli","sandro-botticelli","A Young Man Being Introduced to the Seven Liberal Arts","1486","3920","3487","13.67","https://uploads5.wikiart.org/00165/images/sandro-botticelli/sandro-botticelli-028-1.jpg","0067_A_Young_Man_Being_Introduced_to_the_Seve_3920x3487.jpg","4889106"
"68","Sandro Botticelli","sandro-botticelli","Venus and the Graces offering gifts to a young girl","1486","1044","770","0.8","https://uploads3.wikiart.org/images/sandro-botticelli/venus-and-the-graces-offering-gifts-to-a-young-girl-1486(1).jpg","0068_Venus_and_the_Graces_offering_gifts_to_a_1044x770.jpg","194834"
"69","Sandro Botticelli","sandro-botticelli","The Three Graces from Primavera","1487","1733","2414","4.18","https://uploads1.wikiart.org/00173/images/sandro-botticelli/sandro-botticelli-three-graces-in-primavera-1.jpg","0069_The_Three_Graces_from_Primavera_1733x2414.jpg","2032290"
"70","Sandro Botticelli","sandro-botticelli","Christ in the Sepulchre","1488","1210","500","0.6","https://uploads6.wikiart.org/images/sandro-botticelli/christ-in-the-sepulchre(1).jpg","0070_Christ_in_the_Sepulchre_1210x500.jpg","100125"
"71","Sandro Botticelli","sandro-botticelli","Salome with the Head of St John the Baptist","1488","1236","500","0.62","https://uploads8.wikiart.org/images/sandro-botticelli/salome-with-the-head-of-st-john-the-baptist(1).jpg","0071_Salome_with_the_Head_of_St_John_the_Bapt_1236x500.jpg","72467"
"72","Sandro Botticelli","sandro-botticelli","The Extraction of the Heart of St. Ignatius from the Altarpiece of St. Barnabas","1488","1159","500","0.58","https://uploads2.wikiart.org/images/sandro-botticelli/the-extraction-of-the-heart-of-st-ignatius-from-the-altarpiece-of-st-barnabas-1488(1).jpg","0072_The_Extraction_of_the_Heart_of_St._Ignat_1159x500.jpg","85799"
"73","Sandro Botticelli","sandro-botticelli","Virgin and Child with Saints from the Altarpiece of San Barnabas","1488","1056","938","0.99","https://uploads7.wikiart.org/images/sandro-botticelli/virgin-and-child-with-saints-from-the-altarpiece-of-san-barnabas-1488(1).jpg","0073_Virgin_and_Child_with_Saints_from_the_Al_1056x938.jpg","192931"
"74","Sandro Botticelli","sandro-botticelli","The Vision of St. Augustine from the Altarpiece of St. Barnabas","1488","1208","500","0.6","https://uploads8.wikiart.org/images/sandro-botticelli/the-vision-of-st-augustine-from-the-altarpiece-of-st-barnabas(1).jpg","0074_The_Vision_of_St._Augustine_from_the_Alt_1208x500.jpg","84317"
"75","Sandro Botticelli","sandro-botticelli","The Cestello Annunciation","1489","1100","1036","1.14","https://uploads7.wikiart.org/00116/images/sandro-botticelli/botticelli-annunciazione-di-cestello-02.jpg","0075_The_Cestello_Annunciation_1100x1036.jpg","178012"
"76","Sandro Botticelli","sandro-botticelli","The Virgin and Child with Saint John and an Angel","1490","487","480","0.23","https://uploads8.wikiart.org/00297/images/sandro-botticelli/487px-botticelli-the-virgin-and-child-with-saint-john-and-an-angel-about-1490.jpg","0076_The_Virgin_and_Child_with_Saint_John_and_487x480.jpg","61184"
"77","Sandro Botticelli","sandro-botticelli","The Virgin and the Child","1490","567","896","0.51","https://uploads5.wikiart.org/00296/images/sandro-botticelli/the-virgin-and-the-child-1490.jpg","0077_The_Virgin_and_the_Child_567x896.jpg","99940"
"78","Sandro Botticelli","sandro-botticelli","Annunciation Cestello (detail)","1490","2040","2680","5.47","https://uploads7.wikiart.org/images/sandro-botticelli/annunciation-cestello-detail-1490(1).jpg","0078_Annunciation_Cestello_(detail)_2040x2680.jpg","1565068"
"79","Sandro Botticelli","sandro-botticelli","Christ Carrying the Cross","1490","518","650","0.34","https://uploads8.wikiart.org/images/sandro-botticelli/christ-carrying-the-cross(1).jpg","0079_Christ_Carrying_the_Cross_518x650.jpg","60790"
"80","Sandro Botticelli","sandro-botticelli","Figures on the Road to Calvary","1490","308","387","0.12","https://uploads4.wikiart.org/images/sandro-botticelli/figures-on-the-road-to-calvary(1).jpg","0080_Figures_on_the_Road_to_Calvary_308x387.jpg","27899"
"81","Sandro Botticelli","sandro-botticelli","Pallas","1490","600","971","0.58","https://uploads7.wikiart.org/images/sandro-botticelli/pallas(1).jpg","0081_Pallas_600x971.jpg","87369"
"82","Sandro Botticelli","sandro-botticelli","Paradise, Canto VI","1490","1030","695","0.72","https://uploads5.wikiart.org/images/sandro-botticelli/paradise-canto-vi-1490(1).jpg","0082_Paradise,_Canto_VI_1030x695.jpg","87756"
"83","Sandro Botticelli","sandro-botticelli","Paradise, Canto XXX","1490","1042","700","0.73","https://uploads6.wikiart.org/images/sandro-botticelli/paradise-canto-xxx-1490(1).jpg","0083_Paradise,_Canto_XXX_1042x700.jpg","92746"
"84","Sandro Botticelli","sandro-botticelli","Purgatory","1490","1026","700","0.72","https://uploads6.wikiart.org/images/sandro-botticelli/purgatory-1490(1).jpg","0084_Purgatory_1026x700.jpg","101335"
"85","Sandro Botticelli","sandro-botticelli","Saint Jean Baptiste","1490","1197","2737","3.28","https://uploads7.wikiart.org/images/sandro-botticelli/saint-jean-baptiste-1490(1).jpg","0085_Saint_Jean_Baptiste_1197x2737.jpg","726187"
"86","Sandro Botticelli","sandro-botticelli","St Augustine in his Study, predella panel from the Altarpiece of St Mark","1490","1371","500","0.69","https://uploads5.wikiart.org/images/sandro-botticelli/st-augustine-in-his-study-predella-panel-from-the-altarpiece-of-st-mark-1490(1).jpg","0086_St_Augustine_in_his_Study,_predella_pane_1371x500.jpg","102785"
"87","Sandro Botticelli","sandro-botticelli","St Jerome in Penitence, predella panel from the Altarpiece of St Mark","1490","1346","500","0.67","https://uploads2.wikiart.org/images/sandro-botticelli/st-jerome-in-penitence-predella-panel-from-the-altarpiece-of-st-mark-1490(1).jpg","0087_St_Jerome_in_Penitence,_predella_panel_f_1346x500.jpg","121172"
"88","Sandro Botticelli","sandro-botticelli","St. Augustine in his cell","1490","1576","2357","3.71","https://uploads3.wikiart.org/images/sandro-botticelli/st-augustine-in-his-cell-1490(1).jpg","0088_St._Augustine_in_his_cell_1576x2357.jpg","332298"
"89","Sandro Botticelli","sandro-botticelli","The Annunciation, predella panel from the Altarpiece of St Mark","1490","1356","500","0.68","https://uploads5.wikiart.org/images/sandro-botticelli/the-annunciation-predella-panel-from-the-altarpiece-of-st-mark-1490(1).jpg","0089_The_Annunciation,_predella_panel_from_th_1356x500.jpg","140504"
"90","Sandro Botticelli","sandro-botticelli","The Flagellation","1490","384","477","0.18","https://uploads8.wikiart.org/images/sandro-botticelli/the-flagellation(1).jpg","0090_The_Flagellation_384x477.jpg","41621"
"91","Sandro Botticelli","sandro-botticelli","The Resurrection","1490","518","650","0.34","https://uploads8.wikiart.org/images/sandro-botticelli/the-resurrection(1).jpg","0091_The_Resurrection_518x650.jpg","62098"
"92","Sandro Botticelli","sandro-botticelli","The Virgin Adoring the Child","1490","2536","2542","6.45","https://uploads7.wikiart.org/images/sandro-botticelli/the-virgin-adoring-the-child-1490(1).jpg","0092_The_Virgin_Adoring_the_Child_2536x2542.jpg","393804"
"93","Sandro Botticelli","sandro-botticelli","The Virgin Adoring the Child","1490","980","972","0.95","https://uploads2.wikiart.org/images/sandro-botticelli/the-virgin-adoring-the-child(1).jpg","0093_The_Virgin_Adoring_the_Child_980x972.jpg","103869"
"94","Sandro Botticelli","sandro-botticelli","Young Man Greeted by Seven Liberal Arts","1490","3302","2943","9.72","https://uploads0.wikiart.org/images/sandro-botticelli/young-man-greeted-by-seven-liberal-arts-1490(1).jpg","0094_Young_Man_Greeted_by_Seven_Liberal_Arts_3302x2943.jpg","6205478"
"95","Sandro Botticelli","sandro-botticelli","Angel","1490","650","968","0.63","https://uploads6.wikiart.org/images/sandro-botticelli/angel(1).jpg","0095_Angel_650x968.jpg","273272"
"96","Sandro Botticelli","sandro-botticelli","Portrait of a Man","1490","359","507","0.18","https://uploads0.wikiart.org/images/sandro-botticelli/portrait-of-a-man(1).jpg","0096_Portrait_of_a_Man_359x507.jpg","12660"
"97","Sandro Botticelli","sandro-botticelli","The Virgin Adoring the Child","1490","629","626","0.39","https://uploads4.wikiart.org/images/sandro-botticelli/the-virgin-adoring-the-child-1(1).jpg","0097_The_Virgin_Adoring_the_Child_629x626.jpg","23423"
"98","Sandro Botticelli","sandro-botticelli","Trinity","1491","950","1048","1","https://uploads8.wikiart.org/images/sandro-botticelli/trinity(1).jpg","0098_Trinity_950x1048.jpg","245414"
"99","Sandro Botticelli","sandro-botticelli","Lamentation over the Dead Christ with the saints Girolamo, Pietro and Paolo","1492","2000","1373","2.75","https://uploads3.wikiart.org/00265/images/sandro-botticelli/sandro-botticelli-016.jpg","0099_Lamentation_over_the_Dead_Christ_with_th_2000x1373.jpg","728418"
"100","Sandro Botticelli","sandro-botticelli","St John on Patmos","1492","1353","500","0.68","https://uploads5.wikiart.org/images/sandro-botticelli/st-john-on-patmos-1492(1).jpg","0100_St_John_on_Patmos_1353x500.jpg","121483"
"101","Sandro Botticelli","sandro-botticelli","The Miracle of St. Eligius, predella panel from the Altarpiece of St. Mark","1492","1354","500","0.68","https://uploads5.wikiart.org/images/sandro-botticelli/the-miracle-of-st-eligius-predella-panel-from-the-altarpiece-of-st-mark-1492(1).jpg","0101_The_Miracle_of_St._Eligius,_predella_pan_1354x500.jpg","120711"
"102","Sandro Botticelli","sandro-botticelli","Madonna with Child and Three Angels","1493","1009","1001","1.01","https://uploads0.wikiart.org/images/sandro-botticelli/madonna-with-child-and-three-angels(1).jpg","0102_Madonna_with_Child_and_Three_Angels_1009x1001.jpg","123153"
"103","Sandro Botticelli","sandro-botticelli","Lamentation over the Dead Christ with Saints","1495","2637","3978","10.49","https://uploads3.wikiart.org/00142/images/sandro-botticelli/lamentation-over-the-dead-christ.jpg","0103_Lamentation_over_the_Dead_Christ_with_Sa_2637x3978.jpg","6616329"
"104","Sandro Botticelli","sandro-botticelli","Adoration of the Child","1495","1051","650","0.68","https://uploads5.wikiart.org/images/sandro-botticelli/adoration-of-the-child(1).jpg","0104_Adoration_of_the_Child_1051x650.jpg","103021"
"105","Sandro Botticelli","sandro-botticelli","Calumny of Apelles","1495","3200","2220","7.1","https://uploads1.wikiart.org/images/sandro-botticelli/calumny-of-apelles(1).jpg","0105_Calumny_of_Apelles_3200x2220.jpg","1004253"
"106","Sandro Botticelli","sandro-botticelli","Last Communion of St Jerome","1495","2024","2771","5.61","https://uploads1.wikiart.org/images/sandro-botticelli/last-communion-of-st-jerome(1).jpg","0106_Last_Communion_of_St_Jerome_2024x2771.jpg","642745"
"107","Sandro Botticelli","sandro-botticelli","Madonna and Child and the Young St John the Baptist","1495","800","1142","0.91","https://uploads3.wikiart.org/images/sandro-botticelli/madonna-and-child-and-the-young-st-john-the-baptist-1495(1).jpg","0107_Madonna_and_Child_and_the_Young_St_John_800x1142.jpg","168633"
"108","Sandro Botticelli","sandro-botticelli","Portrait of Dante","1495","730","1092","0.8","https://uploads0.wikiart.org/images/sandro-botticelli/portrait-of-dante(1).jpg","0108_Portrait_of_Dante_730x1092.jpg","84347"
"109","Sandro Botticelli","sandro-botticelli","The outcast","1496","2024","2260","4.57","https://uploads3.wikiart.org/images/sandro-botticelli/the-outcast(1).jpg","0109_The_outcast_2024x2260.jpg","389101"
"110","Sandro Botticelli","sandro-botticelli","Crucifixion","1497","720","1041","0.75","https://uploads3.wikiart.org/images/sandro-botticelli/crucifixion(1).jpg","0110_Crucifixion_720x1041.jpg","190498"
"111","Sandro Botticelli","sandro-botticelli","Adoration of the Magi","1500","1300","803","1.04","https://uploads0.wikiart.org/images/sandro-botticelli/adoration-of-the-magi-1500(1).jpg","0111_Adoration_of_the_Magi_1300x803.jpg","198845"
"112","Sandro Botticelli","sandro-botticelli","Annunciation","1500","500","311","0.16","https://uploads0.wikiart.org/images/sandro-botticelli/annunciation-1500(1).jpg","0112_Annunciation_500x311.jpg","46436"
"113","Sandro Botticelli","sandro-botticelli","Christ Crowned with Thorns","1500","720","1045","0.75","https://uploads0.wikiart.org/images/sandro-botticelli/christ-crowned-with-thorns(1).jpg","0113_Christ_Crowned_with_Thorns_720x1045.jpg","134618"
"114","Sandro Botticelli","sandro-botticelli","Judith Leaving the Tent of Holofernes","1500","570","1079","0.62","https://uploads7.wikiart.org/images/sandro-botticelli/judith-leaving-the-tent-of-holofernes-1500(1).jpg","0114_Judith_Leaving_the_Tent_of_Holofernes_570x1079.jpg","91280"
"115","Sandro Botticelli","sandro-botticelli","The Agony in the Garden","1500","700","1011","0.71","https://uploads6.wikiart.org/images/sandro-botticelli/the-agony-in-the-garden(1).jpg","0115_The_Agony_in_the_Garden_700x1011.jpg","171112"
"116","Sandro Botticelli","sandro-botticelli","The Annunciation","1500","2024","2927","5.92","https://uploads4.wikiart.org/images/sandro-botticelli/the-annunciation-1500(1).jpg","0116_The_Annunciation_2024x2927.jpg","557212"
"117","Sandro Botticelli","sandro-botticelli","Transfiguration, St Jerome, St Augustine","1500","1060","770","0.82","https://uploads8.wikiart.org/images/sandro-botticelli/transfiguration-st-jerome-st-augustine-1500(1).jpg","0117_Transfiguration,_St_Jerome,_St_Augustine_1060x770.jpg","139916"
"118","Sandro Botticelli","sandro-botticelli","Virgin and Child with the Infant St. John the Baptist","1500","787","800","0.63","https://uploads2.wikiart.org/images/sandro-botticelli/virgin-and-child-with-the-infant-st-john-the-baptistbetween-1500(1).jpg","0118_Virgin_and_Child_with_the_Infant_St._Joh_787x800.jpg","118756"
"119","Sandro Botticelli","sandro-botticelli","The Flight into Egypt","1500","1445","2627","3.8","https://uploads4.wikiart.org/images/sandro-botticelli/the-flight-into-egypt(1).jpg","0119_The_Flight_into_Egypt_1445x2627.jpg","1155822"
"120","Sandro Botticelli","sandro-botticelli","The Mystical Nativity","1501","2541","3642","9.25","https://uploads4.wikiart.org/images/sandro-botticelli/the-mystical-nativity(1).jpg","0120_The_Mystical_Nativity_2541x3642.jpg","5661820"
"121","Sandro Botticelli","sandro-botticelli","The Story of Lucretia","1504","1378","630","0.87","https://uploads0.wikiart.org/images/sandro-botticelli/the-story-of-lucretia-1504(1).jpg","0121_The_Story_of_Lucretia_1378x630.jpg","158838"
"122","Sandro Botticelli","sandro-botticelli","The Story of Virginia","1504","1313","650","0.85","https://uploads0.wikiart.org/images/sandro-botticelli/the-story-of-virginia-1504(1).jpg","0122_The_Story_of_Virginia_1313x650.jpg","174153"
"123","Sandro Botticelli","sandro-botticelli","Baptism of St Zenobius and His Appointment as Bishop","1505","1374","600","0.82","https://uploads4.wikiart.org/images/sandro-botticelli/baptism-of-st-zenobius-and-his-appointment-as-bishop-1505(1).jpg","0123_Baptism_of_St_Zenobius_and_His_Appointme_1374x600.jpg","154750"
"124","Sandro Botticelli","sandro-botticelli","Scenes from the Life of Saint Zenobius","1505","3200","1119","3.58","https://uploads4.wikiart.org/images/sandro-botticelli/serie-von-vier-gemälden-zum-leben-des-hl-zenobius-von-florenz-1505(1).jpg","0124_Scenes_from_the_Life_of_Saint_Zenobius_3200x1119.jpg","420248"
"125","Sandro Botticelli","sandro-botticelli","Three Miracles of St Zenobius","1505","1321","600","0.79","https://uploads8.wikiart.org/images/sandro-botticelli/three-miracles-of-st-zenobius-1505(1).jpg","0125_Three_Miracles_of_St_Zenobius_1321x600.jpg","144013"
"126","Sandro Botticelli","sandro-botticelli","Three Miracles of St Zenobius","1505","1354","600","0.81","https://uploads1.wikiart.org/images/sandro-botticelli/three-miracles-of-st-zenobius-1505-1(1).jpg","0126_Three_Miracles_of_St_Zenobius_1354x600.jpg","154872"
"127","Sandro Botticelli","sandro-botticelli","St. Dominic","1505","313","563","0.18","https://uploads2.wikiart.org/images/sandro-botticelli/st-dominic(1).jpg","0127_St._Dominic_313x563.jpg","13768"
"128","Sandro Botticelli","sandro-botticelli","St.Jerome","1505","481","865","0.42","https://uploads1.wikiart.org/images/sandro-botticelli/st-jerome(1).jpg","0128_St.Jerome_481x865.jpg","34934"
"129","Sandro Botticelli","sandro-botticelli","Madonna and Child","1510","774","756","0.59","https://uploads5.wikiart.org/images/sandro-botticelli/madonna-and-child-1510(1).jpg","0129_Madonna_and_Child_774x756.jpg","114086"
"130","Sandro Botticelli","sandro-botticelli","Portrait d'un jeune homme tenant un médaillon","","1366","2048","2.8","https://uploads1.wikiart.org/00363/images/sandro-botticelli/portrait-d-un-jeune-homme-tenant-un-me-daillon.jpg","0130_Portrait_d'un_jeune_homme_tenant_un_méda_1366x2048.jpg","650734"
"131","Sandro Botticelli","sandro-botticelli","Detail of St. Catherine from Virgin and Child with Saints, the Altarpiece of San Barnabas","","3375","6000","20.25","https://uploads4.wikiart.org/00299/images/sandro-botticelli/detail-of-st-catherine-from-the-altarpiece-of-san-barnaba-c-1488.jpg","0131_Detail_of_St._Catherine_from_Virgin_and_3375x6000.jpg","8072278"
"132","Sandro Botticelli","sandro-botticelli","The Virgin  from The Virgin and Child with Saint John and an Angel","","1530","2400","3.67","https://uploads5.wikiart.org/00173/images/sandro-botticelli/375113-2x-1.jpeg","0132_The_Virgin_from_The_Virgin_and_Child_wit_1530x2400.jpeg","1779067"
"133","Sandro Botticelli","sandro-botticelli","Madonna and Child with St. John the Baptist","","505","697","0.35","https://uploads7.wikiart.org/images/sandro-botticelli/madonna-and-child-with-st-john-the-baptist(1).jpg","0133_Madonna_and_Child_with_St._John_the_Bapt_505x697.jpg","57846"
"134","Sandro Botticelli","sandro-botticelli","Madonna and Child with Two Angels","","491","700","0.34","https://uploads7.wikiart.org/images/sandro-botticelli/madonna-and-child-with-two-angels(1).jpg","0134_Madonna_and_Child_with_Two_Angels_491x700.jpg","105820"
"135","Sandro Botticelli","sandro-botticelli","Portrait of a Man","","551","834","0.46","https://uploads2.wikiart.org/images/sandro-botticelli/portrait-of-a-man-1(1).jpg","0135_Portrait_of_a_Man_551x834.jpg","24210"
"136","Sandro Botticelli","sandro-botticelli","The Madonna and Child with the Infant Saint John the Baptist","","1396","2000","2.79","https://uploads7.wikiart.org/images/sandro-botticelli/the-madonna-and-child-with-the-infant-saint-john-the-baptist(1).jpg","0136_The_Madonna_and_Child_with_the_Infant_Sa_1396x2000.jpg","962540"
"137","Sandro Botticelli","sandro-botticelli","The Virgin and Child with the Infant St. John","","573","718","0.41","https://uploads0.wikiart.org/images/sandro-botticelli/the-virgin-and-child-with-the-infant-st-john(1).jpg","0137_The_Virgin_and_Child_with_the_Infant_St_573x718.jpg","32964"
