"Index","Artist","ArtistSlug","Title","Year","Width","Height","Megapixels","HighResUrl","LocalFileName","FileSizeBytes"
"1","Salvador Dali","salvador-dali","Vilabertrin","1913","640","406","0.26","https://uploads5.wikiart.org/images/salvador-dali/vilabertrin.jpg","0001_Vilabertrin_640x406.jpg","47955"
"2","Salvador Dali","salvador-dali","Landscape","1914","649","1024","0.66","https://uploads5.wikiart.org/00162/images/salvador-dali/3salvador-dali-peyzazh-bliz-figerasa.jpg","0002_Landscape_649x1024.jpg","83503"
"3","Salvador Dali","salvador-dali","Dutch Interior","1914","600","488","0.29","https://uploads8.wikiart.org/images/salvador-dali/dutch-interior.jpg","0003_Dutch_Interior_600x488.jpg","37901"
"4","Salvador Dali","salvador-dali","Landscape Near Ampurdan","1914","640","393","0.25","https://uploads1.wikiart.org/images/salvador-dali/landscape-near-ampurdan-2.jpg","0004_Landscape_Near_Ampurdan_640x393.jpg","44631"
"5","Salvador Dali","salvador-dali","Fiesta in Figueres","1916","640","714","0.46","https://uploads8.wikiart.org/images/salvador-dali/fiesta-in-figueres-1916.jpg","0005_Fiesta_in_Figueres_640x714.jpg","54564"
"6","Salvador Dali","salvador-dali","Landscape","1916","636","408","0.26","https://uploads5.wikiart.org/images/salvador-dali/landscape-2.jpg","0006_Landscape_636x408.jpg","49597"
"7","Salvador Dali","salvador-dali","Landscape with Animals","1916","640","401","0.26","https://uploads7.wikiart.org/images/salvador-dali/landscape-with-animals.jpg","0007_Landscape_with_Animals_640x401.jpg","37827"
"8","Salvador Dali","salvador-dali","Cadaques","1917","640","466","0.3","https://uploads4.wikiart.org/images/salvador-dali/cadaques-2.jpg","0008_Cadaques_640x466.jpg","57761"
"9","Salvador Dali","salvador-dali","Boat","1918","640","569","0.36","https://uploads4.wikiart.org/00116/images/salvador-dali/boat.jpg","0009_Boat_640x569.jpg","83904"
"10","Salvador Dali","salvador-dali","Crepuscular Old Man","1918","640","1050","0.67","https://uploads0.wikiart.org/images/salvador-dali/crepuscular-old-man-1918.jpg","0010_Crepuscular_Old_Man_640x1050.jpg","138019"
"11","Salvador Dali","salvador-dali","Duck","1918","640","1102","0.71","https://uploads7.wikiart.org/images/salvador-dali/duck.jpg","0011_Duck_640x1102.jpg","111064"
"12","Salvador Dali","salvador-dali","Port of Cadaques (Night)","1918","1600","1200","1.92","https://uploads7.wikiart.org/images/salvador-dali/port-of-cadaques-night.jpg","0012_Port_of_Cadaques_(Night)_1600x1200.jpg","642596"
"13","Salvador Dali","salvador-dali","Portrait of Lucia","1918","640","850","0.54","https://uploads2.wikiart.org/images/salvador-dali/portrait-of-lucia.jpg","0013_Portrait_of_Lucia_640x850.jpg","113644"
"14","Salvador Dali","salvador-dali","Still Life","1918","700","588","0.41","https://uploads0.wikiart.org/00109/images/salvador-dali/86213305-large-at-age-1314-still-life.jpg","0014_Still_Life_700x588.jpg","165279"
"15","Salvador Dali","salvador-dali","Portrait of Hortensia","1918","550","800","0.44","https://uploads6.wikiart.org/images/salvador-dali/portrait-of-hortensia.jpg","0015_Portrait_of_Hortensia_550x800.jpg","120679"
"16","Salvador Dali","salvador-dali","Llane Beach, Cadaques","1919","640","867","0.55","https://uploads5.wikiart.org/images/salvador-dali/llane-beach-cadaques.jpg","0016_Llane_Beach,_Cadaques_640x867.jpg","91943"
"17","Salvador Dali","salvador-dali","Pianc","1919","640","914","0.58","https://uploads8.wikiart.org/images/salvador-dali/pianc.jpg","0017_Pianc_640x914.jpg","106027"
"18","Salvador Dali","salvador-dali","Port Dogue - Cadaques","1919","640","447","0.29","https://uploads4.wikiart.org/images/salvador-dali/port-dogue-cadaques.jpg","0018_Port_Dogue_-_Cadaques_640x447.jpg","68829"
"19","Salvador Dali","salvador-dali","Portdogue","1919","640","479","0.31","https://uploads8.wikiart.org/images/salvador-dali/portdogue-1919.jpg","0019_Portdogue_640x479.jpg","69322"
"20","Salvador Dali","salvador-dali","Portrait of a Gipsy","1919","640","896","0.57","https://uploads4.wikiart.org/images/salvador-dali/portrait-of-a-gipsy.jpg","0020_Portrait_of_a_Gipsy_640x896.jpg","96301"
"21","Salvador Dali","salvador-dali","Portrait of El Sany Pancraci","1919","413","750","0.31","https://uploads4.wikiart.org/images/salvador-dali/portrait-of-el-sany-pancraci.jpg","0021_Portrait_of_El_Sany_Pancraci_413x750.jpg","42126"
"22","Salvador Dali","salvador-dali","Punta es Baluard de la Riba d'en Pitxot","1919","640","540","0.35","https://uploads2.wikiart.org/images/salvador-dali/punta-es-baluard-de-la-riba-d-en-pitxot-1919.jpg","0022_Punta_es_Baluard_de_la_Riba_d'en_Pitxot_640x540.jpg","69379"
"23","Salvador Dali","salvador-dali","Sea View","1919","640","451","0.29","https://uploads7.wikiart.org/images/salvador-dali/sea-view-1919.jpg","0023_Sea_View_640x451.jpg","73138"
"24","Salvador Dali","salvador-dali","Self-Portrait in the Studio","1919","640","794","0.51","https://uploads3.wikiart.org/images/salvador-dali/self-portrait-in-the-studio.jpg","0024_Self-Portrait_in_the_Studio_640x794.jpg","102290"
"25","Salvador Dali","salvador-dali","Still Life. Pomegranates","1919","640","326","0.21","https://uploads8.wikiart.org/images/salvador-dali/still-life-pomegranates.jpg","0025_Still_Life._Pomegranates_640x326.jpg","35485"
"26","Salvador Dali","salvador-dali","The Tartan 'El Son'","1919","640","812","0.52","https://uploads2.wikiart.org/images/salvador-dali/the-tartan-el-son.jpg","0026_The_Tartan_'El_Son'_640x812.jpg","97242"
"27","Salvador Dali","salvador-dali","The Three Pines","1919","640","463","0.3","https://uploads0.wikiart.org/images/salvador-dali/the-three-pines.jpg","0027_The_Three_Pines_640x463.jpg","81412"
"28","Salvador Dali","salvador-dali","Vilabertrin Church Tower","1919","640","796","0.51","https://uploads5.wikiart.org/images/salvador-dali/vilabertrin-church-tower-1919.jpg","0028_Vilabertrin_Church_Tower_640x796.jpg","85193"
"29","Salvador Dali","salvador-dali","Playa Port Alguer from Riba d'en Pitxo","1919","640","517","0.33","https://uploads5.wikiart.org/images/salvador-dali/playa-port-alguer-from-riba-d-en-pitxo.jpg","0029_Playa_Port_Alguer_from_Riba_d'en_Pitxo_640x517.jpg","76432"
"30","Salvador Dali","salvador-dali","Calanque Jonculs (Cadaques)","1920","640","514","0.33","https://uploads1.wikiart.org/images/salvador-dali/calanque-jonculs-cadaques.jpg","0030_Calanque_Jonculs_(Cadaques)_640x514.jpg","68354"
"31","Salvador Dali","salvador-dali","Es Poal - Pianque","1920","640","505","0.32","https://uploads5.wikiart.org/images/salvador-dali/es-poal-pianque-1920.jpg","0031_Es_Poal_-_Pianque_640x505.jpg","77976"
"32","Salvador Dali","salvador-dali","Family Portrait","1920","357","500","0.18","https://uploads0.wikiart.org/images/salvador-dali/family-portrait.jpg","0032_Family_Portrait_357x500.jpg","45046"
"33","Salvador Dali","salvador-dali","Grandmother Ana Sewing","1920","640","843","0.54","https://uploads7.wikiart.org/images/salvador-dali/grandmother-ana-sewing.jpg","0033_Grandmother_Ana_Sewing_640x843.jpg","89342"
"34","Salvador Dali","salvador-dali","Landscape","1920","640","471","0.3","https://uploads5.wikiart.org/images/salvador-dali/landscape-3.jpg","0034_Landscape_640x471.jpg","61717"
"35","Salvador Dali","salvador-dali","Landscape (Cadaques)","1920","640","476","0.3","https://uploads8.wikiart.org/images/salvador-dali/landscape-cadaques-1920.jpg","0035_Landscape_(Cadaques)_640x476.jpg","73351"
"36","Salvador Dali","salvador-dali","Moonlight Over the Bay At, Cadaques","1920","640","937","0.6","https://uploads1.wikiart.org/images/salvador-dali/moonlight-over-the-bay-at-cadaques.jpg","0036_Moonlight_Over_the_Bay_At,_Cadaques_640x937.jpg","100385"
"37","Salvador Dali","salvador-dali","My Cousin Montserrat","1920","640","726","0.46","https://uploads1.wikiart.org/images/salvador-dali/my-cousin-montserrat-1920.jpg","0037_My_Cousin_Montserrat_640x726.jpg","90172"
"38","Salvador Dali","salvador-dali","Orchard at Llane (Cadaques)","1920","640","459","0.29","https://uploads6.wikiart.org/images/salvador-dali/orchard-at-llane-cadaques-1920.jpg","0038_Orchard_at_Llane_(Cadaques)_640x459.jpg","74303"
"39","Salvador Dali","salvador-dali","Portrait of Jose M. Torres","1920","640","797","0.51","https://uploads1.wikiart.org/images/salvador-dali/portrait-of-jose-m-torres.jpg","0039_Portrait_of_Jose_M._Torres_640x797.jpg","65952"
"40","Salvador Dali","salvador-dali","Portrait of my father","1920","640","586","0.38","https://uploads6.wikiart.org/images/salvador-dali/portrait-of-my-father.jpg","0040_Portrait_of_my_father_640x586.jpg","70255"
"41","Salvador Dali","salvador-dali","Portrait of the Artist's Mother","1920","700","705","0.49","https://uploads7.wikiart.org/images/salvador-dali/portrait-of-the-artist-s-mother.jpg","0041_Portrait_of_the_Artist's_Mother_700x705.jpg","76112"
"42","Salvador Dali","salvador-dali","Portrait of the Artist's Mother, Dofia Felipa Dome Domenech De, Dali","1920","640","955","0.61","https://uploads6.wikiart.org/images/salvador-dali/portrait-of-the-artist-s-mother-dofia-felipa-dome-domenech-de-dali.jpg","0042_Portrait_of_the_Artist's_Mother,_Dofia_F_640x955.jpg","95242"
"43","Salvador Dali","salvador-dali","Portrait of the Cellist Ricard Pichot","1920","534","700","0.37","https://uploads4.wikiart.org/images/salvador-dali/portrait-of-the-cellist-ricard-pichot.jpg","0043_Portrait_of_the_Cellist_Ricard_Pichot_534x700.jpg","160578"
"44","Salvador Dali","salvador-dali","Still Life by a Window","1920","640","872","0.56","https://uploads7.wikiart.org/images/salvador-dali/still-life-by-a-window.jpg","0044_Still_Life_by_a_Window_640x872.jpg","153725"
"45","Salvador Dali","salvador-dali","Study for Self-Portrait","1920","600","441","0.26","https://uploads8.wikiart.org/images/salvador-dali/study-for-self-portrait.jpg","0045_Study_for_Self-Portrait_600x441.jpg","56030"
"46","Salvador Dali","salvador-dali","The Lake at Vilabertran","1920","524","838","0.44","https://uploads8.wikiart.org/images/salvador-dali/the-lake-at-vilabertran.jpg","0046_The_Lake_at_Vilabertran_524x838.jpg","209123"
"47","Salvador Dali","salvador-dali","The Vegetable Garden of Llaner","1920","640","861","0.55","https://uploads6.wikiart.org/images/salvador-dali/the-vegetable-garden-of-llaner.jpg","0047_The_Vegetable_Garden_of_Llaner_640x861.jpg","109522"
"48","Salvador Dali","salvador-dali","Tieta","1920","640","852","0.55","https://uploads8.wikiart.org/images/salvador-dali/tieta.jpg","0048_Tieta_640x852.jpg","136749"
"49","Salvador Dali","salvador-dali","View of Cadaques from Playa Poal","1920","640","377","0.24","https://uploads8.wikiart.org/images/salvador-dali/view-of-cadaques-from-playa-poal.jpg","0049_View_of_Cadaques_from_Playa_Poal_640x377.jpg","54141"
"50","Salvador Dali","salvador-dali","View of Portdogue (Port Aluger)","1920","640","510","0.33","https://uploads5.wikiart.org/images/salvador-dali/view-of-portdogue-port-aluger.jpg","0050_View_of_Portdogue_(Port_Aluger)_640x510.jpg","67041"
"51","Salvador Dali","salvador-dali","A Seated Man and a Dancing Couple","1921","640","1032","0.66","https://uploads0.wikiart.org/images/salvador-dali/a-seated-man-and-a-dancing-couple.jpg","0051_A_Seated_Man_and_a_Dancing_Couple_640x1032.jpg","90190"
"52","Salvador Dali","salvador-dali","Cadaques, seen from behind","1921","1024","934","0.96","https://uploads1.wikiart.org/images/salvador-dali/cadaques-seen-from-behind.jpg","0052_Cadaques,_seen_from_behind_1024x934.jpg","414608"
"53","Salvador Dali","salvador-dali","Festival at San Sebastian","1921","640","440","0.28","https://uploads1.wikiart.org/images/salvador-dali/festival-at-san-sebastian.jpg","0053_Festival_at_San_Sebastian_640x440.jpg","47401"
"54","Salvador Dali","salvador-dali","Festival in Figueras","1921","640","447","0.29","https://uploads5.wikiart.org/images/salvador-dali/festival-in-figueras.jpg","0054_Festival_in_Figueras_640x447.jpg","39586"
"55","Salvador Dali","salvador-dali","Festival of St. Lucia At, Villamalla","1921","640","518","0.33","https://uploads1.wikiart.org/images/salvador-dali/festival-of-st-lucia-at-villamalla.jpg","0055_Festival_of_St._Lucia_At,_Villamalla_640x518.jpg","62770"
"56","Salvador Dali","salvador-dali","Festival of St. Lucia At, Villamalla","1921","640","456","0.29","https://uploads3.wikiart.org/images/salvador-dali/festival-of-st-lucia-at-villamalla-1.jpg","0056_Festival_of_St._Lucia_At,_Villamalla_640x456.jpg","47361"
"57","Salvador Dali","salvador-dali","Landscape Near Cadaques","1921","640","581","0.37","https://uploads4.wikiart.org/images/salvador-dali/landscape-near-cadaques-1921.jpg","0057_Landscape_Near_Cadaques_640x581.jpg","80402"
"58","Salvador Dali","salvador-dali","Landscape Near Cadaques","1921","640","516","0.33","https://uploads6.wikiart.org/images/salvador-dali/landscape-near-cadaques-1921-1.jpg","0058_Landscape_Near_Cadaques_640x516.jpg","65775"
"59","Salvador Dali","salvador-dali","Llaner Beach in Cadaques","1921","700","487","0.34","https://uploads0.wikiart.org/images/salvador-dali/llaner-beach-in-cadaques.jpg","0059_Llaner_Beach_in_Cadaques_700x487.jpg","74839"
"60","Salvador Dali","salvador-dali","Man Holding Up a Baby as Though He Were Drinking from a Bottle","1921","640","969","0.62","https://uploads2.wikiart.org/images/salvador-dali/man-holding-up-a-baby-as-though-he-were-drinking-from-a-bottle.jpg","0060_Man_Holding_Up_a_Baby_as_Though_He_Were_640x969.jpg","88096"
"61","Salvador Dali","salvador-dali","Man with Porron","1921","562","900","0.51","https://uploads0.wikiart.org/images/salvador-dali/man-with-porron.jpg","0061_Man_with_Porron_562x900.jpg","91732"
"62","Salvador Dali","salvador-dali","Motherhood","1921","640","465","0.3","https://uploads4.wikiart.org/images/salvador-dali/motherhood.jpg","0062_Motherhood_640x465.jpg","56864"
"63","Salvador Dali","salvador-dali","Nymphs in a Romantic, Garden","1921","640","815","0.52","https://uploads3.wikiart.org/images/salvador-dali/nymphs-in-a-romantic-garden.jpg","0063_Nymphs_in_a_Romantic,_Garden_640x815.jpg","78824"
"64","Salvador Dali","salvador-dali","Portrait of Grandmother Ana Sewing","1921","700","548","0.38","https://uploads1.wikiart.org/images/salvador-dali/portrait-of-grandmother-ana-sewing.jpg","0064_Portrait_of_Grandmother_Ana_Sewing_700x548.jpg","86753"
"65","Salvador Dali","salvador-dali","Portrait of My Father","1921","891","1350","1.2","https://uploads2.wikiart.org/images/salvador-dali/portrait-of-my-father-1921.jpg","0065_Portrait_of_My_Father_891x1350.jpg","354678"
"66","Salvador Dali","salvador-dali","Romeria Pilgrimage","1921","700","724","0.51","https://uploads3.wikiart.org/images/salvador-dali/romeria-pilgrimage.jpg","0066_Romeria_Pilgrimage_700x724.jpg","79059"
"67","Salvador Dali","salvador-dali","Saltimbanques","1921","640","823","0.53","https://uploads3.wikiart.org/images/salvador-dali/saltimbanques-1921.jpg","0067_Saltimbanques_640x823.jpg","81773"
"68","Salvador Dali","salvador-dali","Santa Creus Festival in Figueras","1921","640","510","0.33","https://uploads8.wikiart.org/images/salvador-dali/santa-creus-festival-in-figueras.jpg","0068_Santa_Creus_Festival_in_Figueras_640x510.jpg","37249"
"69","Salvador Dali","salvador-dali","Santa Creus Festival in Figueras - the Circus","1921","640","443","0.28","https://uploads1.wikiart.org/images/salvador-dali/santa-creus-festival-in-figueras-the-circus.jpg","0069_Santa_Creus_Festival_in_Figueras_-_the_C_640x443.jpg","58789"
"70","Salvador Dali","salvador-dali","Self Portrait","1921","530","650","0.34","https://uploads7.wikiart.org/images/salvador-dali/self-portrait.jpg","0070_Self_Portrait_530x650.jpg","87775"
"71","Salvador Dali","salvador-dali","Self-portrait (Figueres)","1921","640","568","0.36","https://uploads7.wikiart.org/images/salvador-dali/self-portrait-figueres.jpg","0071_Self-portrait_(Figueres)_640x568.jpg","50788"
"72","Salvador Dali","salvador-dali","Small Rocky Bay of Nans (Cadaques)","1921","640","506","0.32","https://uploads4.wikiart.org/images/salvador-dali/small-rocky-bay-of-nans-cadaques-1921.jpg","0072_Small_Rocky_Bay_of_Nans_(Cadaques)_640x506.jpg","54271"
"73","Salvador Dali","salvador-dali","The Garden at Lyane","1921","1024","888","0.91","https://uploads4.wikiart.org/images/salvador-dali/the-garden-at-lyane.jpg","0073_The_Garden_at_Lyane_1024x888.jpg","413273"
"74","Salvador Dali","salvador-dali","The Lane to Port Lligat with View of Cap Creus","1921","650","564","0.37","https://uploads4.wikiart.org/images/salvador-dali/the-lane-to-port-lligat-with-view-of-cap-creus.jpg","0074_The_Lane_to_Port_Lligat_with_View_of_Cap_650x564.jpg","93372"
"75","Salvador Dali","salvador-dali","The Picnic","1921","640","534","0.34","https://uploads4.wikiart.org/images/salvador-dali/the-picnic.jpg","0075_The_Picnic_640x534.jpg","64990"
"76","Salvador Dali","salvador-dali","The Voyeur","1921","781","509","0.4","https://uploads4.wikiart.org/images/salvador-dali/the-voyeur.jpg","0076_The_Voyeur_781x509.jpg","66223"
"77","Salvador Dali","salvador-dali","Two Gypsy Lads","1921","640","442","0.28","https://uploads4.wikiart.org/images/salvador-dali/two-gypsy-lads-1921.jpg","0077_Two_Gypsy_Lads_640x442.jpg","41293"
"78","Salvador Dali","salvador-dali","View of Cadaqués from Mount Pani","1921","1024","874","0.89","https://uploads8.wikiart.org/images/salvador-dali/view-of-cadaqués-from-mount-pani.jpg","0078_View_of_Cadaqués_from_Mount_Pani_1024x874.jpg","326308"
"79","Salvador Dali","salvador-dali","Young Girls in a Garden","1921","640","835","0.53","https://uploads8.wikiart.org/images/salvador-dali/young-girls-in-a-garden.jpg","0079_Young_Girls_in_a_Garden_640x835.jpg","105056"
"80","Salvador Dali","salvador-dali","Cabaret Scene","1922","640","813","0.52","https://uploads7.wikiart.org/images/salvador-dali/cabaret-scene.jpg","0080_Cabaret_Scene_640x813.jpg","99245"
"81","Salvador Dali","salvador-dali","Cadaques","1922","600","559","0.34","https://uploads4.wikiart.org/images/salvador-dali/cadaques-3.jpg","0081_Cadaques_600x559.jpg","99436"
"82","Salvador Dali","salvador-dali","Fishermen at Cadaques","1922","640","512","0.33","https://uploads6.wikiart.org/images/salvador-dali/fishermen-at-cadaques.jpg","0082_Fishermen_at_Cadaques_640x512.jpg","53002"
"83","Salvador Dali","salvador-dali","Landscape - Cadaques","1922","640","483","0.31","https://uploads3.wikiart.org/images/salvador-dali/landscape-cadaques.jpg","0083_Landscape_-_Cadaques_640x483.jpg","60641"
"84","Salvador Dali","salvador-dali","Madrid, Architecture and Poplars","1922","608","450","0.27","https://uploads7.wikiart.org/images/salvador-dali/madrid-architecture-and-poplars.jpg","0084_Madrid,_Architecture_and_Poplars_608x450.jpg","96845"
"85","Salvador Dali","salvador-dali","Madrid. Drunk Man","1922","480","700","0.34","https://uploads1.wikiart.org/images/salvador-dali/madrid-drunk-man.jpg","0085_Madrid._Drunk_Man_480x700.jpg","61014"
"86","Salvador Dali","salvador-dali","Olive Trees. Landscape at Cadaques","1922","700","518","0.36","https://uploads0.wikiart.org/images/salvador-dali/olive-trees-landscape-at-cadaques.jpg","0086_Olive_Trees._Landscape_at_Cadaques_700x518.jpg","88968"
"87","Salvador Dali","salvador-dali","Portdogue and Mount Pani from Ayuntamiento","1922","640","570","0.36","https://uploads0.wikiart.org/images/salvador-dali/portdogue-and-mount-pani-from-ayuntamiento.jpg","0087_Portdogue_and_Mount_Pani_from_Ayuntamien_640x570.jpg","62917"
"88","Salvador Dali","salvador-dali","Portrait Of Jaume Miravidles","1922","640","871","0.56","https://uploads0.wikiart.org/images/salvador-dali/portrait-of-jaume-miravidles-1922.jpg","0088_Portrait_Of_Jaume_Miravidles_640x871.jpg","76678"
"89","Salvador Dali","salvador-dali","Portrait of Jaume Miravidles as a Footballer","1922","552","1538","0.85","https://uploads7.wikiart.org/images/salvador-dali/portrait-of-jaume-miravidles-as-a-footballer-1922.jpg","0089_Portrait_of_Jaume_Miravidles_as_a_Footba_552x1538.jpg","129405"
"90","Salvador Dali","salvador-dali","Self-Portrait with Raphaelesque Neck","1922","979","800","0.78","https://uploads8.wikiart.org/images/salvador-dali/self-portrait-with-raphaelesque-neck-1922.jpg","0090_Self-Portrait_with_Raphaelesque_Neck_979x800.jpg","255211"
"91","Salvador Dali","salvador-dali","Still Life","1922","640","511","0.33","https://uploads6.wikiart.org/images/salvador-dali/still-life-1.jpg","0091_Still_Life_640x511.jpg","46837"
"92","Salvador Dali","salvador-dali","Still Life","1922","640","615","0.39","https://uploads6.wikiart.org/images/salvador-dali/still-life-2.jpg","0092_Still_Life_640x615.jpg","80353"
"93","Salvador Dali","salvador-dali","Still Life - Fish","1922","640","566","0.36","https://uploads0.wikiart.org/images/salvador-dali/still-life-fish.jpg","0093_Still_Life_-_Fish_640x566.jpg","65139"
"94","Salvador Dali","salvador-dali","Still Life (Pulpo y scorpa)","1922","640","586","0.38","https://uploads1.wikiart.org/images/salvador-dali/still-life-pulpo-y-scorpa.jpg","0094_Still_Life_(Pulpo_y_scorpa)_640x586.jpg","58144"
"95","Salvador Dali","salvador-dali","Still Life with Aubergines","1922","640","581","0.37","https://uploads2.wikiart.org/images/salvador-dali/still-life-with-aubergines.jpg","0095_Still_Life_with_Aubergines_640x581.jpg","65804"
"96","Salvador Dali","salvador-dali","Untitled - Landscape Near, Madrid","1922","640","539","0.34","https://uploads6.wikiart.org/images/salvador-dali/untitled-landscape-near-madrid.jpg","0096_Untitled_-_Landscape_Near,_Madrid_640x539.jpg","90281"
"97","Salvador Dali","salvador-dali","Untitled - Scene in a Cabaret in Madrid","1922","640","463","0.3","https://uploads4.wikiart.org/images/salvador-dali/untitled-scene-in-a-cabaret-in-madrid.jpg","0097_Untitled_-_Scene_in_a_Cabaret_in_Madrid_640x463.jpg","44031"
"98","Salvador Dali","salvador-dali","Villa Pepita","1922","640","479","0.31","https://uploads6.wikiart.org/images/salvador-dali/villa-pepita.jpg","0098_Villa_Pepita_640x479.jpg","83430"
"99","Salvador Dali","salvador-dali","Summer Night","1922","488","700","0.34","https://uploads6.wikiart.org/images/salvador-dali/summer-night.jpg","0099_Summer_Night_488x700.jpg","72665"
"100","Salvador Dali","salvador-dali","Cadaques","1923","640","494","0.32","https://uploads2.wikiart.org/images/salvador-dali/cadaques.jpg","0100_Cadaques_640x494.jpg","63928"
"101","Salvador Dali","salvador-dali","Cadaques","1923","640","636","0.41","https://uploads4.wikiart.org/images/salvador-dali/cadaques-1.jpg","0101_Cadaques_640x636.jpg","74818"
"102","Salvador Dali","salvador-dali","Crystalline Still Life","1923","640","656","0.42","https://uploads7.wikiart.org/images/salvador-dali/crystalline-still-life.jpg","0102_Crystalline_Still_Life_640x656.jpg","68589"
"103","Salvador Dali","salvador-dali","Cubist Composition - Portrait of a Seated Person Holding a Letter","1923","640","934","0.6","https://uploads3.wikiart.org/images/salvador-dali/cubist-composition-portrait-of-a-seated-person-holding-a-letter.jpg","0103_Cubist_Composition_-_Portrait_of_a_Seate_640x934.jpg","80453"
"104","Salvador Dali","salvador-dali","Domestic Scen","1923","640","861","0.55","https://uploads7.wikiart.org/images/salvador-dali/domestic-scen.jpg","0104_Domestic_Scen_640x861.jpg","68703"
"105","Salvador Dali","salvador-dali","Figures in a Landscape at Ampurdan","1923","640","920","0.59","https://uploads1.wikiart.org/images/salvador-dali/figures-in-a-landscape-at-ampurdan.jpg","0105_Figures_in_a_Landscape_at_Ampurdan_640x920.jpg","74864"
"106","Salvador Dali","salvador-dali","Jug","1923","640","845","0.54","https://uploads2.wikiart.org/images/salvador-dali/jug-1923.jpg","0106_Jug_640x845.jpg","95902"
"107","Salvador Dali","salvador-dali","La Jorneta","1923","640","762","0.49","https://uploads4.wikiart.org/images/salvador-dali/la-jorneta.jpg","0107_La_Jorneta_640x762.jpg","104630"
"108","Salvador Dali","salvador-dali","Landscape Near Cadaques","1923","640","490","0.31","https://uploads8.wikiart.org/images/salvador-dali/landscape-near-cadaques.jpg","0108_Landscape_Near_Cadaques_640x490.jpg","74312"
"109","Salvador Dali","salvador-dali","Landscape of Cadaques","1923","1019","800","0.82","https://uploads6.wikiart.org/images/salvador-dali/landscape-of-cadaques.jpg","0109_Landscape_of_Cadaques_1019x800.jpg","222033"
"110","Salvador Dali","salvador-dali","Late Night Dreams","1923","508","700","0.36","https://uploads2.wikiart.org/images/salvador-dali/late-night-dreams.jpg","0110_Late_Night_Dreams_508x700.jpg","89150"
"111","Salvador Dali","salvador-dali","Nude in a Landscape","1923","1022","1106","1.13","https://uploads1.wikiart.org/00351/images/salvador-dali/0x5766701a2a833b305ea614cd3fa7a19878755e9a.jpg","0111_Nude_in_a_Landscape_1022x1106.jpg","536610"
"112","Salvador Dali","salvador-dali","Portrait of My Cousin Ana, Maria Domenech","1923","590","1270","0.75","https://uploads7.wikiart.org/images/salvador-dali/portrait-of-my-cousin-ana-maria-domenech.jpg","0112_Portrait_of_My_Cousin_Ana,_Maria_Domenec_590x1270.jpg","109474"
"113","Salvador Dali","salvador-dali","Portrait of My First Cousin","1923","640","879","0.56","https://uploads3.wikiart.org/images/salvador-dali/portrait-of-my-first-cousin.jpg","0113_Portrait_of_My_First_Cousin_640x879.jpg","100352"
"114","Salvador Dali","salvador-dali","Roma from Figueres","1923","900","1350","1.22","https://uploads3.wikiart.org/images/salvador-dali/roma-from-figueres.jpg","0114_Roma_from_Figueres_900x1350.jpg","311241"
"115","Salvador Dali","salvador-dali","Satirical Composition ('The Dance' by Matisse)","1923","640","884","0.57","https://uploads0.wikiart.org/images/salvador-dali/satirical-composition-the-dance-by-matisse.jpg","0115_Satirical_Composition_('The_Dance'_by_Ma_640x884.jpg","80744"
"116","Salvador Dali","salvador-dali","Self-portrait with L'Humanitie","1923","640","893","0.57","https://uploads6.wikiart.org/images/salvador-dali/self-portrait-with-l-humanitie.jpg","0116_Self-portrait_with_L'Humanitie_640x893.jpg","70071"
"117","Salvador Dali","salvador-dali","Self-Potrait","1923","501","650","0.33","https://uploads6.wikiart.org/images/salvador-dali/self-potrait.jpg","0117_Self-Potrait_501x650.jpg","44300"
"118","Salvador Dali","salvador-dali","Sick Boy (Self-portrait in Cadaqués)","1923","776","881","0.68","https://uploads4.wikiart.org/images/salvador-dali/sick-boy-self-portrait-in-cadaqués(1).jpg","0118_Sick_Boy_(Self-portrait_in_Cadaqués)_776x881.jpg","122547"
"119","Salvador Dali","salvador-dali","Source in the Hornet","1923","631","838","0.53","https://uploads5.wikiart.org/images/salvador-dali/source-in-the-hornet.jpg","0119_Source_in_the_Hornet_631x838.jpg","194553"
"120","Salvador Dali","salvador-dali","Still Life","1923","640","572","0.37","https://uploads6.wikiart.org/images/salvador-dali/still-life-3.jpg","0120_Still_Life_640x572.jpg","49128"
"121","Salvador Dali","salvador-dali","Still Life","1923","640","482","0.31","https://uploads6.wikiart.org/images/salvador-dali/still-life-4.jpg","0121_Still_Life_640x482.jpg","38320"
"122","Salvador Dali","salvador-dali","The First Day of Spring","1923","509","700","0.36","https://uploads4.wikiart.org/images/salvador-dali/the-first-day-of-spring-1923.jpg","0122_The_First_Day_of_Spring_509x700.jpg","86149"
"123","Salvador Dali","salvador-dali","Woman Nursing Her Son","1923","640","413","0.26","https://uploads6.wikiart.org/images/salvador-dali/woman-nursing-her-son.jpg","0123_Woman_Nursing_Her_Son_640x413.jpg","50139"
"124","Salvador Dali","salvador-dali","Young Women","1923","550","838","0.46","https://uploads5.wikiart.org/images/salvador-dali/young-women.jpg","0124_Young_Women_550x838.jpg","136724"
"125","Salvador Dali","salvador-dali","Bathers Of Llane","1923","1024","768","0.79","https://uploads1.wikiart.org/images/salvador-dali/bathers-of-llane.jpg","0125_Bathers_Of_Llane_1024x768.jpg","286814"
"126","Salvador Dali","salvador-dali","Ana Maria","1924","640","892","0.57","https://uploads3.wikiart.org/images/salvador-dali/ana-maria.jpg","0126_Ana_Maria_640x892.jpg","92569"
"127","Salvador Dali","salvador-dali","Bather","1924","640","647","0.41","https://uploads0.wikiart.org/images/salvador-dali/bather.jpg","0127_Bather_640x647.jpg","69559"
"128","Salvador Dali","salvador-dali","Bouquet (L'Important c'est la Rose)","1924","640","622","0.4","https://uploads0.wikiart.org/images/salvador-dali/bouquet-l-important-c-est-la-rose.jpg","0128_Bouquet_(L'Important_c'est_la_Rose)_640x622.jpg","68802"
"129","Salvador Dali","salvador-dali","Pierrot and Guitar","1924","640","670","0.43","https://uploads3.wikiart.org/images/salvador-dali/pierrot-and-guitar.jpg","0129_Pierrot_and_Guitar_640x670.jpg","60354"
"130","Salvador Dali","salvador-dali","Plant","1924","640","610","0.39","https://uploads8.wikiart.org/images/salvador-dali/plant.jpg","0130_Plant_640x610.jpg","45765"
"131","Salvador Dali","salvador-dali","Port Alguer","1924","728","838","0.61","https://uploads5.wikiart.org/images/salvador-dali/port-alguer.jpg","0131_Port_Alguer_728x838.jpg","185060"
"132","Salvador Dali","salvador-dali","Portrait of Anna  Maria","1924","1024","803","0.82","https://uploads0.wikiart.org/images/salvador-dali/portrait-of-anna-maria-1.jpg","0132_Portrait_of_Anna_Maria_1024x803.jpg","226245"
"133","Salvador Dali","salvador-dali","Portrait of Luis Bunuel","1924","800","946","0.76","https://uploads3.wikiart.org/images/salvador-dali/portrait-of-luis-bunuel-1900-83-1924.jpg","0133_Portrait_of_Luis_Bunuel_800x946.jpg","171021"
"134","Salvador Dali","salvador-dali","Portrait of My Sister (original State)","1924","640","892","0.57","https://uploads8.wikiart.org/images/salvador-dali/portrait-of-my-sister-original-state-1924.jpg","0134_Portrait_of_My_Sister_(original_State)_640x892.jpg","88872"
"135","Salvador Dali","salvador-dali","Puristic Still Life","1924","707","838","0.59","https://uploads4.wikiart.org/images/salvador-dali/puristic-still-life.jpg","0135_Puristic_Still_Life_707x838.jpg","156355"
"136","Salvador Dali","salvador-dali","Siphon and Small Bottle of Rum","1924","578","976","0.56","https://uploads6.wikiart.org/images/salvador-dali/siphon-and-small-bottle-of-rum.jpg","0136_Siphon_and_Small_Bottle_of_Rum_578x976.jpg","108475"
"137","Salvador Dali","salvador-dali","Still Life","1924","578","764","0.44","https://uploads6.wikiart.org/images/salvador-dali/still-life-5.jpg","0137_Still_Life_578x764.jpg","85044"
"138","Salvador Dali","salvador-dali","Still Life","1924","640","847","0.54","https://uploads6.wikiart.org/images/salvador-dali/still-life-6.jpg","0138_Still_Life_640x847.jpg","96243"
"139","Salvador Dali","salvador-dali","Still Life","1924","540","700","0.38","https://uploads6.wikiart.org/images/salvador-dali/still-life-7.jpg","0139_Still_Life_540x700.jpg","63396"
"140","Salvador Dali","salvador-dali","Still Life Fish with Red Bowl","1924","640","619","0.4","https://uploads1.wikiart.org/images/salvador-dali/still-life-fish-with-red-bowl-1924.jpg","0140_Still_Life_Fish_with_Red_Bowl_640x619.jpg","53430"
"141","Salvador Dali","salvador-dali","Still Life. Watermelon","1924","640","658","0.42","https://uploads6.wikiart.org/images/salvador-dali/still-life-watermelon.jpg","0141_Still_Life._Watermelon_640x658.jpg","82434"
"142","Salvador Dali","salvador-dali","The Station at Figueras","1924","640","644","0.41","https://uploads8.wikiart.org/images/salvador-dali/the-station-at-figueras.jpg","0142_The_Station_at_Figueras_640x644.jpg","57479"
"143","Salvador Dali","salvador-dali","Portrait of Garcia Lorca","1924","585","800","0.47","https://uploads0.wikiart.org/images/salvador-dali/portrait-of-garcia-lorca.jpg","0143_Portrait_of_Garcia_Lorca_585x800.jpg","127816"
"144","Salvador Dali","salvador-dali","Bay of Cadaques","1925","640","490","0.31","https://uploads0.wikiart.org/images/salvador-dali/bay-of-cadaques.jpg","0144_Bay_of_Cadaques_640x490.jpg","46079"
"145","Salvador Dali","salvador-dali","Cala Nans","1925","640","491","0.31","https://uploads3.wikiart.org/images/salvador-dali/cala-nans.jpg","0145_Cala_Nans_640x491.jpg","58783"
"146","Salvador Dali","salvador-dali","Double-sided Verso (Studio Scene)","1925","640","957","0.61","https://uploads7.wikiart.org/images/salvador-dali/double-sided-verso-studio-scene.jpg","0146_Double-sided_Verso_(Studio_Scene)_640x957.jpg","96695"
"147","Salvador Dali","salvador-dali","Figure at a Table (Portrait of My Sister)","1925","1024","1066","1.09","https://uploads6.wikiart.org/images/salvador-dali/figure-at-a-table-portrait-of-my-sister.jpg","0147_Figure_at_a_Table_(Portrait_of_My_Sister_1024x1066.jpg","258969"
"148","Salvador Dali","salvador-dali","Figure at a Window","1925","1054","1600","1.69","https://uploads3.wikiart.org/images/salvador-dali/figure-at-a-window.jpg","0148_Figure_at_a_Window_1054x1600.jpg","788375"
"149","Salvador Dali","salvador-dali","Figure from the Back","1925","475","700","0.33","https://uploads5.wikiart.org/images/salvador-dali/figure-from-the-back.jpg","0149_Figure_from_the_Back_475x700.jpg","42466"
"150","Salvador Dali","salvador-dali","Landscape Near Ampurdan","1925","640","512","0.33","https://uploads8.wikiart.org/images/salvador-dali/landscape-near-ampurdan.jpg","0150_Landscape_Near_Ampurdan_640x512.jpg","83023"
"151","Salvador Dali","salvador-dali","Nude in the Water","1925","640","707","0.45","https://uploads2.wikiart.org/images/salvador-dali/nude-in-the-water.jpg","0151_Nude_in_the_Water_640x707.jpg","55178"
"152","Salvador Dali","salvador-dali","Pierrot Playing the Guitar","1925","640","847","0.54","https://uploads2.wikiart.org/images/salvador-dali/pierrot-playing-the-guitar.jpg","0152_Pierrot_Playing_the_Guitar_640x847.jpg","77630"
"153","Salvador Dali","salvador-dali","Port Alguer","1925","640","603","0.39","https://uploads7.wikiart.org/images/salvador-dali/port-alguer-1.jpg","0153_Port_Alguer_640x603.jpg","78274"
"154","Salvador Dali","salvador-dali","Portrait of Anna  Maria","1925","968","1094","1.06","https://uploads7.wikiart.org/images/salvador-dali/portrait-of-anna-maria.jpg","0154_Portrait_of_Anna_Maria_968x1094.jpg","287644"
"155","Salvador Dali","salvador-dali","Portrait of Maria Carbona","1925","755","1094","0.83","https://uploads1.wikiart.org/images/salvador-dali/portrait-of-maria-carbona.jpg","0155_Portrait_of_Maria_Carbona_755x1094.jpg","748454"
"156","Salvador Dali","salvador-dali","Portrait of Maria Carbona","1925","655","1094","0.72","https://uploads3.wikiart.org/images/salvador-dali/portrait-of-maria-carbona-1.jpg","0156_Portrait_of_Maria_Carbona_655x1094.jpg","597361"
"157","Salvador Dali","salvador-dali","Portrait of My Father","1925","1024","1096","1.12","https://uploads8.wikiart.org/images/salvador-dali/portrait-of-my-father-1.jpg","0157_Portrait_of_My_Father_1024x1096.jpg","266205"
"158","Salvador Dali","salvador-dali","Seated Monk","1925","640","928","0.59","https://uploads5.wikiart.org/images/salvador-dali/seated-monk.jpg","0158_Seated_Monk_640x928.jpg","70011"
"159","Salvador Dali","salvador-dali","Still Life","1925","640","884","0.57","https://uploads6.wikiart.org/images/salvador-dali/still-life-8.jpg","0159_Still_Life_640x884.jpg","100686"
"160","Salvador Dali","salvador-dali","Still Life with Moonight","1925","640","481","0.31","https://uploads0.wikiart.org/images/salvador-dali/still-life-with-moonight.jpg","0160_Still_Life_with_Moonight_640x481.jpg","37615"
"161","Salvador Dali","salvador-dali","Study of Nude","1925","640","912","0.58","https://uploads7.wikiart.org/images/salvador-dali/study-of-nude.jpg","0161_Study_of_Nude_640x912.jpg","85489"
"162","Salvador Dali","salvador-dali","Venus and Sailor","1925","905","1396","1.26","https://uploads1.wikiart.org/images/salvador-dali/venus-and-sailor.jpg","0162_Venus_and_Sailor_905x1396.jpg","286657"
"163","Salvador Dali","salvador-dali","Venus and Sailor","1925","515","700","0.36","https://uploads3.wikiart.org/images/salvador-dali/venus-and-sailor-1.jpg","0163_Venus_and_Sailor_515x700.jpg","65327"
"164","Salvador Dali","salvador-dali","Venus and Sailor (Homage to Salvat-Papasseit)","1925","1074","1600","1.72","https://uploads6.wikiart.org/images/salvador-dali/venus-and-sailor-homage-to-salvat-papasseit-1925.jpg","0164_Venus_and_Sailor_(Homage_to_Salvat-Papas_1074x1600.jpg","896137"
"165","Salvador Dali","salvador-dali","Venus with Cupids","1925","1591","1600","2.55","https://uploads2.wikiart.org/images/salvador-dali/venus-with-cupids.jpg","0165_Venus_with_Cupids_1591x1600.jpg","1313824"
"166","Salvador Dali","salvador-dali","Coupes 6","1925","756","1046","0.79","https://uploads2.wikiart.org/images/salvador-dali/coupes-6.jpg","0166_Coupes_6_756x1046.jpg","49677"
"167","Salvador Dali","salvador-dali","Don Salvador and Ana Maria Dali","1925","513","800","0.41","https://uploads7.wikiart.org/images/salvador-dali/don-salvador-and-ana-maria-dali.jpg","0167_Don_Salvador_and_Ana_Maria_Dali_513x800.jpg","169643"
"168","Salvador Dali","salvador-dali","Female Nude","1925","1698","1600","2.72","https://uploads7.wikiart.org/images/salvador-dali/female-nude-1.jpg","0168_Female_Nude_1698x1600.jpg","1531042"
"169","Salvador Dali","salvador-dali","Ana Maria, Sewing","1926","640","903","0.58","https://uploads1.wikiart.org/images/salvador-dali/ana-maria-sewing.jpg","0169_Ana_Maria,_Sewing_640x903.jpg","77332"
"170","Salvador Dali","salvador-dali","Back the Girl","1926","873","1094","0.96","https://uploads7.wikiart.org/images/salvador-dali/back-the-girl.jpg","0170_Back_the_Girl_873x1094.jpg","237943"
"171","Salvador Dali","salvador-dali","Cubist Figure","1926","2145","1600","3.43","https://uploads7.wikiart.org/images/salvador-dali/cubist-figure.jpg","0171_Cubist_Figure_2145x1600.jpg","1938114"
"172","Salvador Dali","salvador-dali","Cubist Self-portrait","1926","763","1095","0.84","https://uploads5.wikiart.org/images/salvador-dali/cubist-self-portrait.jpg","0172_Cubist_Self-portrait_763x1095.jpg","216451"
"173","Salvador Dali","salvador-dali","Figure on the Rocks","1926","2373","1600","3.8","https://uploads4.wikiart.org/images/salvador-dali/figure-on-the-rocks.jpg","0173_Figure_on_the_Rocks_2373x1600.jpg","1900045"
"174","Salvador Dali","salvador-dali","Figures Lying on the Sand","1926","650","514","0.33","https://uploads1.wikiart.org/images/salvador-dali/figures-lying-on-the-sand.jpg","0174_Figures_Lying_on_the_Sand_650x514.jpg","79409"
"175","Salvador Dali","salvador-dali","Girl from  the Ampurdan","1926","750","1094","0.82","https://uploads7.wikiart.org/images/salvador-dali/girl-from-the-ampurdan.jpg","0175_Girl_from_the_Ampurdan_750x1094.jpg","652945"
"176","Salvador Dali","salvador-dali","Homage to Erik Satie","1926","606","1094","0.66","https://uploads5.wikiart.org/images/salvador-dali/homage-to-erik-satie.jpg","0176_Homage_to_Erik_Satie_606x1094.jpg","568402"
"177","Salvador Dali","salvador-dali","Study for ""Honey is Sweeter than Blood""","1926","2017","1600","3.23","https://uploads3.wikiart.org/images/salvador-dali/honey-is-sweeter-than-blood.jpg","0177_Study_for_Honey_is_Sweeter_than_Blood_2017x1600.jpg","2135928"
"178","Salvador Dali","salvador-dali","Neo-Cubist Academy (Composition with Three Figures)","1926","650","638","0.41","https://uploads7.wikiart.org/images/salvador-dali/neo-cubist-academy-composition-with-three-figures.jpg","0178_Neo-Cubist_Academy_(Composition_with_Thr_650x638.jpg","74222"
"179","Salvador Dali","salvador-dali","Portrait of a Girl in a Landscape","1926","754","1100","0.83","https://uploads0.wikiart.org/images/salvador-dali/portrait-of-a-girl-in-a-landscape.jpg","0179_Portrait_of_a_Girl_in_a_Landscape_754x1100.jpg","174676"
"180","Salvador Dali","salvador-dali","Portrait of a Woman, (unfinished)","1926","640","1040","0.67","https://uploads6.wikiart.org/images/salvador-dali/portrait-of-a-woman-unfinished.jpg","0180_Portrait_of_a_Woman,_(unfinished)_640x1040.jpg","106129"
"181","Salvador Dali","salvador-dali","Portrait of Sefiora Abadal De'Argemi","1926","640","787","0.5","https://uploads3.wikiart.org/images/salvador-dali/portrait-of-sefiora-abadal-de-argemi.jpg","0181_Portrait_of_Sefiora_Abadal_De'Argemi_640x787.jpg","73313"
"182","Salvador Dali","salvador-dali","Rocks of Liane (first version)","1926","640","879","0.56","https://uploads4.wikiart.org/images/salvador-dali/rocks-of-liane-first-version.jpg","0182_Rocks_of_Liane_(first_version)_640x879.jpg","90549"
"183","Salvador Dali","salvador-dali","Rocks on the Coast  Lyane","1926","760","1094","0.83","https://uploads0.wikiart.org/images/salvador-dali/rocks-on-the-coast-lyane.jpg","0183_Rocks_on_the_Coast_Lyane_760x1094.jpg","757045"
"184","Salvador Dali","salvador-dali","Still Life by Moonlight","1926","746","1090","0.81","https://uploads8.wikiart.org/images/salvador-dali/still-life-by-moonlight.jpg","0184_Still_Life_by_Moonlight_746x1090.jpg","717275"
"185","Salvador Dali","salvador-dali","Still Life with Two Lemons","1926","1020","870","0.89","https://uploads2.wikiart.org/images/salvador-dali/still-life-with-two-lemons.jpg","0185_Still_Life_with_Two_Lemons_1020x870.jpg","803510"
"186","Salvador Dali","salvador-dali","The Basket of Bread","1926","650","668","0.43","https://uploads4.wikiart.org/images/salvador-dali/the-basket-of-bread.jpg","0186_The_Basket_of_Bread_650x668.jpg","52723"
"187","Salvador Dali","salvador-dali","Woman at the Window in Figueras","1926","600","621","0.37","https://uploads3.wikiart.org/images/salvador-dali/woman-at-the-window-in-figueras-1926.jpg","0187_Woman_at_the_Window_in_Figueras_600x621.jpg","71205"
"188","Salvador Dali","salvador-dali","Apparatus and Hand","1927","841","1200","1.01","https://uploads8.wikiart.org/images/salvador-dali/apparatus-and-hand-1927.jpg","0188_Apparatus_and_Hand_841x1200.jpg","405119"
"189","Salvador Dali","salvador-dali","Harlequin","1927","1229","1600","1.97","https://uploads8.wikiart.org/images/salvador-dali/harlequin-1927.jpg","0189_Harlequin_1229x1600.jpg","1204620"
"190","Salvador Dali","salvador-dali","Head of a Woman","1927","640","641","0.41","https://uploads0.wikiart.org/images/salvador-dali/head-of-a-woman.jpg","0190_Head_of_a_Woman_640x641.jpg","88177"
"191","Salvador Dali","salvador-dali","Honey Is Sweeter Than Blood","1927","800","594","0.48","https://uploads8.wikiart.org/images/salvador-dali/honey-is-sweeter-than-blood-1(1).jpg","0191_Honey_Is_Sweeter_Than_Blood_800x594.jpg","124713"
"192","Salvador Dali","salvador-dali","Mannequin (Barcelona Mannequin)","1927","514","700","0.36","https://uploads1.wikiart.org/images/salvador-dali/mannequin-barcelona-mannequin-1927.jpg","0192_Mannequin_(Barcelona_Mannequin)_514x700.jpg","56203"
"193","Salvador Dali","salvador-dali","Nude Woman in an Armchair","1927","640","851","0.54","https://uploads1.wikiart.org/images/salvador-dali/nude-woman-in-an-armchair.jpg","0193_Nude_Woman_in_an_Armchair_640x851.jpg","143079"
"194","Salvador Dali","salvador-dali","Self-Portrait Being Duplicated into Three","1927","640","905","0.58","https://uploads4.wikiart.org/images/salvador-dali/self-portrait-being-duplicated-into-three-1927.jpg","0194_Self-Portrait_Being_Duplicated_into_Thre_640x905.jpg","107420"
"195","Salvador Dali","salvador-dali","Abstract Composition","1928","640","475","0.3","https://uploads5.wikiart.org/images/salvador-dali/abstract-composition.jpg","0195_Abstract_Composition_640x475.jpg","28095"
"196","Salvador Dali","salvador-dali","Big Thumb. Beach. Moon and Decaying Bird","1928","771","648","0.5","https://uploads5.wikiart.org/images/salvador-dali/big-thumb-beach-moon-and-decaying-bird.jpg","0196_Big_Thumb._Beach._Moon_and_Decaying_Bird_771x648.jpg","91893"
"197","Salvador Dali","salvador-dali","Bird","1928","700","563","0.39","https://uploads7.wikiart.org/images/salvador-dali/bird.jpg","0197_Bird_700x563.jpg","71336"
"198","Salvador Dali","salvador-dali","Composition","1928","640","359","0.23","https://uploads5.wikiart.org/images/salvador-dali/composition.jpg","0198_Composition_640x359.jpg","28276"
"199","Salvador Dali","salvador-dali","Female Bather","1928","1921","1600","3.07","https://uploads7.wikiart.org/images/salvador-dali/female-bather.jpg","0199_Female_Bather_1921x1600.jpg","1791772"
"200","Salvador Dali","salvador-dali","Female Nude","1928","640","772","0.49","https://uploads5.wikiart.org/images/salvador-dali/female-nude.jpg","0200_Female_Nude_640x772.jpg","67765"
"201","Salvador Dali","salvador-dali","Fishermen in Cadaques","1928","640","469","0.3","https://uploads6.wikiart.org/images/salvador-dali/fishermen-in-cadaques.jpg","0201_Fishermen_in_Cadaques_640x469.jpg","23323"
"202","Salvador Dali","salvador-dali","Fishermen in the Sun","1928","640","587","0.38","https://uploads5.wikiart.org/images/salvador-dali/fishermen-in-the-sun.jpg","0202_Fishermen_in_the_Sun_640x587.jpg","68641"
"203","Salvador Dali","salvador-dali","Four Fishermen's Wives of Cadaqués","1928","700","546","0.38","https://uploads1.wikiart.org/images/salvador-dali/four-fishermen-s-wives-of-cadaqués.jpg","0203_Four_Fishermen's_Wives_of_Cadaqués_700x546.jpg","29473"
"204","Salvador Dali","salvador-dali","Inaugural Gooseflesh","1928","1273","1600","2.04","https://uploads5.wikiart.org/images/salvador-dali/inaugural-gooseflesh.jpg","0204_Inaugural_Gooseflesh_1273x1600.jpg","910548"
"205","Salvador Dali","salvador-dali","Little Cinders (Senicitas)","1928","640","860","0.55","https://uploads5.wikiart.org/images/salvador-dali/little-cinders-senicitas-1928.jpg","0205_Little_Cinders_(Senicitas)_640x860.jpg","89879"
"206","Salvador Dali","salvador-dali","Moonlight","1928","640","549","0.35","https://uploads3.wikiart.org/images/salvador-dali/moonlight.jpg","0206_Moonlight_640x549.jpg","84104"
"207","Salvador Dali","salvador-dali","Ocell. Peix","1928","640","768","0.49","https://uploads0.wikiart.org/images/salvador-dali/ocell-peix-1928.jpg","0207_Ocell._Peix_640x768.jpg","41711"
"208","Salvador Dali","salvador-dali","Seated Girl Seen from the Back","1928","821","1200","0.99","https://uploads6.wikiart.org/images/salvador-dali/seated-girl-seen-from-the-back.jpg","0208_Seated_Girl_Seen_from_the_Back_821x1200.jpg","511516"
"209","Salvador Dali","salvador-dali","Shell","1928","640","517","0.33","https://uploads8.wikiart.org/images/salvador-dali/shell.jpg","0209_Shell_640x517.jpg","85777"
"210","Salvador Dali","salvador-dali","Soft Nude (Nude Watch)","1928","640","824","0.53","https://uploads5.wikiart.org/images/salvador-dali/soft-nude-nude-watch.jpg","0210_Soft_Nude_(Nude_Watch)_640x824.jpg","113542"
"211","Salvador Dali","salvador-dali","Sun","1928","640","472","0.3","https://uploads6.wikiart.org/images/salvador-dali/sun.jpg","0211_Sun_640x472.jpg","38255"
"212","Salvador Dali","salvador-dali","Symbiotic Woman-Animal","1928","2179","1600","3.49","https://uploads7.wikiart.org/images/salvador-dali/symbiotic-woman-animal.jpg","0212_Symbiotic_Woman-Animal_2179x1600.jpg","2352045"
"213","Salvador Dali","salvador-dali","The Bather","1928","1004","780","0.78","https://uploads4.wikiart.org/images/salvador-dali/the-bather.jpg","0213_The_Bather_1004x780.jpg","729010"
"214","Salvador Dali","salvador-dali","The Ram (The Spectral Cow)","1928","2137","1600","3.42","https://uploads0.wikiart.org/images/salvador-dali/the-ram-the-spectral-cow.jpg","0214_The_Ram_(The_Spectral_Cow)_2137x1600.jpg","1773346"
"215","Salvador Dali","salvador-dali","The Rotting Bird","1928","1024","696","0.71","https://uploads1.wikiart.org/images/salvador-dali/the-rotting-bird.jpg","0215_The_Rotting_Bird_1024x696.jpg","637217"
"216","Salvador Dali","salvador-dali","The Rotting Donkey","1928","788","1094","0.86","https://uploads3.wikiart.org/images/salvador-dali/the-rotting-donkey.jpg","0216_The_Rotting_Donkey_788x1094.jpg","878957"
"217","Salvador Dali","salvador-dali","The Spectral Cow","1928","640","500","0.32","https://uploads6.wikiart.org/images/salvador-dali/the-spectral-cow-1928.jpg","0217_The_Spectral_Cow_640x500.jpg","69313"
"218","Salvador Dali","salvador-dali","The Wounded Bird","1928","698","600","0.42","https://uploads1.wikiart.org/images/salvador-dali/the-wounded-bird.jpg","0218_The_Wounded_Bird_698x600.jpg","83155"
"219","Salvador Dali","salvador-dali","Unsatisfied Desires","1928","1330","1600","2.13","https://uploads0.wikiart.org/images/salvador-dali/unsatisfied-desires-1928.jpg","0219_Unsatisfied_Desires_1330x1600.jpg","1012928"
"220","Salvador Dali","salvador-dali","Un Chien Andalou (film still)","1928","500","359","0.18","https://uploads8.wikiart.org/images/salvador-dali/un-chien-andalou-film-still-1928.jpg","0220_Un_Chien_Andalou_(film_still)_500x359.jpg","38589"
"221","Salvador Dali","salvador-dali","Accommodations of Desire","1929","2586","1600","4.14","https://uploads0.wikiart.org/images/salvador-dali/accommodations-of-desire.jpg","0221_Accommodations_of_Desire_2586x1600.jpg","2430568"
"222","Salvador Dali","salvador-dali","Desecration Descripti","1929","722","1094","0.79","https://uploads6.wikiart.org/images/salvador-dali/desecration-descripti.jpg","0222_Desecration_Descripti_722x1094.jpg","595997"
"223","Salvador Dali","salvador-dali","Illumined Pleasures","1929","2318","1600","3.71","https://uploads4.wikiart.org/images/salvador-dali/illumined-pleasures.jpg","0223_Illumined_Pleasures_2318x1600.jpg","2559877"
"224","Salvador Dali","salvador-dali","Imperial Monument of Woma-Child. Gala (Utopian Fantasy)","1929","573","1094","0.63","https://uploads1.wikiart.org/images/salvador-dali/imperial-monument-of-woma-child-gala-utopian-fantasy.jpg","0224_Imperial_Monument_of_Woma-Child._Gala_(U_573x1094.jpg","601680"
"225","Salvador Dali","salvador-dali","Invisible Man (Study for the Painting)","1929","764","1094","0.84","https://uploads3.wikiart.org/images/salvador-dali/invisible-man-study-for-the-painting.jpg","0225_Invisible_Man_(Study_for_the_Painting)_764x1094.jpg","886058"
"226","Salvador Dali","salvador-dali","Playing in the Dark","1929","650","1094","0.71","https://uploads4.wikiart.org/images/salvador-dali/playing-in-the-dark.jpg","0226_Playing_in_the_Dark_650x1094.jpg","203430"
"227","Salvador Dali","salvador-dali","Portrait of Paul Eluard","1929","1128","1600","1.8","https://uploads8.wikiart.org/images/salvador-dali/portrait-of-paul-eluard.jpg","0227_Portrait_of_Paul_Eluard_1128x1600.jpg","845585"
"228","Salvador Dali","salvador-dali","Profanation of the Host","1929","1171","1600","1.87","https://uploads8.wikiart.org/images/salvador-dali/profanation-of-the-host.jpg","0228_Profanation_of_the_Host_1171x1600.jpg","889524"
"229","Salvador Dali","salvador-dali","Sometimes I Spit with Pleasure on the Portrait of my Mother (The Sacred Heart)","1929","504","700","0.35","https://uploads7.wikiart.org/images/salvador-dali/sometimes-i-spit-with-pleasure-on-the-portrait-of-my-mother-the-sacred-heart.jpg","0229_Sometimes_I_Spit_with_Pleasure_on_the_Po_504x700.jpg","44586"
"230","Salvador Dali","salvador-dali","The Ants","1929","750","531","0.4","https://uploads2.wikiart.org/images/salvador-dali/the-ants.jpg","0230_The_Ants_750x531.jpg","88358"
"231","Salvador Dali","salvador-dali","The Enigma of My Desire or My Mother, My Mother, My Mother","1929","2143","1600","3.43","https://uploads1.wikiart.org/images/salvador-dali/the-enigma-of-my-desire-or-my-mother-my-mother-my-mother-1929.jpg","0231_The_Enigma_of_My_Desire_or_My_Mother,_My_2143x1600.jpg","1833440"
"232","Salvador Dali","salvador-dali","The First Days of Spring","1929","960","800","0.77","https://uploads0.wikiart.org/images/salvador-dali/the-first-days-of-spring.jpg","0232_The_First_Days_of_Spring_960x800.jpg","241624"
"233","Salvador Dali","salvador-dali","The Great Masturbator","1929","3000","2190","6.57","https://uploads3.wikiart.org/00475/images/salvador-dali/salvador-dali-the-great-masturbator-1929-obelisk-art-history.jpg","0233_The_Great_Masturbator_3000x2190.jpg","1789770"
"234","Salvador Dali","salvador-dali","The Lugubrious Game","1929","640","1004","0.64","https://uploads3.wikiart.org/images/salvador-dali/the-lugubrious-game-1929-oil-collage-on-cardboard-1929.jpg","0234_The_Lugubrious_Game_640x1004.jpg","122627"
"235","Salvador Dali","salvador-dali","The Two Balconies","1929","1024","760","0.78","https://uploads2.wikiart.org/images/salvador-dali/the-two-balconies.jpg","0235_The_Two_Balconies_1024x760.jpg","674544"
"236","Salvador Dali","salvador-dali","The Moon","1929","737","990","0.73","https://uploads2.wikiart.org/images/salvador-dali/the-moon.jpg","0236_The_Moon_737x990.jpg","60500"
"237","Salvador Dali","salvador-dali","Chocolate","1930","640","864","0.55","https://uploads3.wikiart.org/images/salvador-dali/chocolate.jpg","0237_Chocolate_640x864.jpg","87872"
"238","Salvador Dali","salvador-dali","Invisible  Sleeping Woman, Horse, Lion","1930","1901","1600","3.04","https://uploads2.wikiart.org/images/salvador-dali/invisible-sleeping-woman-horse-lion.jpg","0238_Invisible_Sleeping_Woman,_Horse,_Lion_1901x1600.jpg","2217493"
"239","Salvador Dali","salvador-dali","Invisible Sleeping Woman, Horse, Lion","1930","1024","964","0.99","https://uploads7.wikiart.org/images/salvador-dali/invisible-sleeping-woman-horse-lion-1930.jpg","0239_Invisible_Sleeping_Woman,_Horse,_Lion_1024x964.jpg","856844"
"240","Salvador Dali","salvador-dali","Paranoiac Woman-Horse (Invisible Sleeping Woman, Lion, Horse)","1930","750","594","0.45","https://uploads6.wikiart.org/images/salvador-dali/paranoiac-woman-horse-invisible-sleeping-woman-lion-horse.jpg","0240_Paranoiac_Woman-Horse_(Invisible_Sleepin_750x594.jpg","84166"
"241","Salvador Dali","salvador-dali","Phantasmagoria","1930","1061","1600","1.7","https://uploads8.wikiart.org/images/salvador-dali/phantasmagoria.jpg","0241_Phantasmagoria_1061x1600.jpg","819115"
"242","Salvador Dali","salvador-dali","Portrait of Mr. Emilio Terry (unfinished)","1930","1224","1600","1.96","https://uploads5.wikiart.org/images/salvador-dali/portrait-of-mr-emilio-terry-unfinished.jpg","0242_Portrait_of_Mr._Emilio_Terry_(unfinished_1224x1600.jpg","1143759"
"243","Salvador Dali","salvador-dali","Premature Ossification of a Railroad Station","1930","764","1094","0.84","https://uploads2.wikiart.org/images/salvador-dali/premature-ossification-of-a-railroad-station.jpg","0243_Premature_Ossification_of_a_Railroad_Sta_764x1094.jpg","797080"
"244","Salvador Dali","salvador-dali","The Average Bureaucrat","1930","640","799","0.51","https://uploads7.wikiart.org/images/salvador-dali/the-average-bureaucrat.jpg","0244_The_Average_Bureaucrat_640x799.jpg","48408"
"245","Salvador Dali","salvador-dali","The Bleeding Roses","1930","1269","1600","2.03","https://uploads8.wikiart.org/images/salvador-dali/the-bleeding-roses-1930.jpg","0245_The_Bleeding_Roses_1269x1600.jpg","1067990"
"246","Salvador Dali","salvador-dali","The Feeling of Becoming","1930","640","858","0.55","https://uploads8.wikiart.org/images/salvador-dali/the-feeling-of-becoming.jpg","0246_The_Feeling_of_Becoming_640x858.jpg","67947"
"247","Salvador Dali","salvador-dali","The Font","1930","619","1094","0.68","https://uploads2.wikiart.org/images/salvador-dali/the-font.jpg","0247_The_Font_619x1094.jpg","577439"
"248","Salvador Dali","salvador-dali","The Great Masturbator","1930","640","831","0.53","https://uploads6.wikiart.org/images/salvador-dali/the-great-masturbator.jpg","0248_The_Great_Masturbator_640x831.jpg","69330"
"249","Salvador Dali","salvador-dali","The Hand","1930","640","408","0.26","https://uploads2.wikiart.org/images/salvador-dali/the-hand.jpg","0249_The_Hand_640x408.jpg","31327"
"250","Salvador Dali","salvador-dali","William Tell","1930","810","1098","0.89","https://uploads6.wikiart.org/images/salvador-dali/william-tell.jpg","0250_William_Tell_810x1098.jpg","206706"
"251","Salvador Dali","salvador-dali","Board of Demented Associations (Fireworks)","1931","640","381","0.24","https://uploads7.wikiart.org/images/salvador-dali/board-of-demented-associations-fireworks.jpg","0251_Board_of_Demented_Associations_(Firework_640x381.jpg","54691"
"252","Salvador Dali","salvador-dali","Combinations (or The Combined Dalinian Phantasms; Ants, Keys, Nails)","1931","640","982","0.63","https://uploads3.wikiart.org/images/salvador-dali/combinations-or-the-combined-dalinian-phantasms-ants-keys-nails.jpg","0252_Combinations_(or_The_Combined_Dalinian_P_640x982.jpg","141404"
"253","Salvador Dali","salvador-dali","Gradiva","1931","640","873","0.56","https://uploads1.wikiart.org/images/salvador-dali/gradiva.jpg","0253_Gradiva_640x873.jpg","73995"
"254","Salvador Dali","salvador-dali","Gradiva Finds the Anthropomorphic Ruins","1931","804","1094","0.88","https://uploads6.wikiart.org/images/salvador-dali/gradiva-finds-the-anthropomorphic-ruins.jpg","0254_Gradiva_Finds_the_Anthropomorphic_Ruins_804x1094.jpg","710688"
"255","Salvador Dali","salvador-dali","Landscape","1931","640","460","0.29","https://uploads3.wikiart.org/images/salvador-dali/landscape.jpg","0255_Landscape_640x460.jpg","41021"
"256","Salvador Dali","salvador-dali","Loneliness","1931","800","1039","0.83","https://uploads4.wikiart.org/00344/images/salvador-dali/4.jpg","0256_Loneliness_800x1039.jpg","273536"
"257","Salvador Dali","salvador-dali","Mme. Reese","1931","640","1082","0.69","https://uploads3.wikiart.org/images/salvador-dali/mme-reese.jpg","0257_Mme._Reese_640x1082.jpg","80015"
"258","Salvador Dali","salvador-dali","On the Seashore","1931","640","827","0.53","https://uploads0.wikiart.org/images/salvador-dali/on-the-seashore.jpg","0258_On_the_Seashore_640x827.jpg","27525"
"259","Salvador Dali","salvador-dali","Partial Hallucination: Six Apparitions of Lenin on a Piano","1931","2025","1600","3.24","https://uploads2.wikiart.org/images/salvador-dali/partial-hallucination-six-apparitions-of-lenin-on-a-piano-1931.jpg","0259_Partial_Hallucination_Six_Apparitions_of_2025x1600.jpg","1568623"
"260","Salvador Dali","salvador-dali","Plant transformation","1931","640","863","0.55","https://uploads4.wikiart.org/00344/images/salvador-dali/3.jpg","0260_Plant_transformation_640x863.jpg","78076"
"261","Salvador Dali","salvador-dali","Portrait of Gala","1931","1097","1600","1.76","https://uploads1.wikiart.org/images/salvador-dali/portrait-of-gala.jpg","0261_Portrait_of_Gala_1097x1600.jpg","1072072"
"262","Salvador Dali","salvador-dali","Remorse, or Sphinx Embedded in the Sand","1931","2309","1600","3.69","https://uploads5.wikiart.org/images/salvador-dali/remorse-or-sphinx-embedded-in-the-sand.jpg","0262_Remorse,_or_Sphinx_Embedded_in_the_Sand_2309x1600.jpg","2289563"
"263","Salvador Dali","salvador-dali","Scatalogical Object Functioning Symbolically (The Surrealist Shoe)","1931","549","700","0.38","https://uploads4.wikiart.org/images/salvador-dali/scatalogical-object-functioning-symbolically-the-surrealist-shoe.jpg","0263_Scatalogical_Object_Functioning_Symbolic_549x700.jpg","26865"
"264","Salvador Dali","salvador-dali","Shades of Night Descending","1931","1305","1600","2.09","https://uploads2.wikiart.org/images/salvador-dali/shades-of-night-descending.jpg","0264_Shades_of_Night_Descending_1305x1600.jpg","854708"
"265","Salvador Dali","salvador-dali","Symbiosis Between the Head and Shell","1931","410","563","0.23","https://uploads4.wikiart.org/00344/images/salvador-dali/symbiosis-between-the-head-and-shell-jpg-large.jpg","0265_Symbiosis_Between_the_Head_and_Shell_410x563.jpg","50065"
"266","Salvador Dali","salvador-dali","The Dream","1931","1538","1600","2.46","https://uploads3.wikiart.org/images/salvador-dali/the-dream.jpg","0266_The_Dream_1538x1600.jpg","954096"
"267","Salvador Dali","salvador-dali","The Old Age of William Tell","1931","2364","1600","3.78","https://uploads3.wikiart.org/images/salvador-dali/the-old-age-of-william-tell.jpg","0267_The_Old_Age_of_William_Tell_2364x1600.jpg","2469580"
"268","Salvador Dali","salvador-dali","The Persistence of Memory","1931","2000","1446","2.89","https://uploads1.wikiart.org/00475/images/salvador-dali/w1siziisijm4njq3mcjdlfsiccisimnvbnzlcnqilcitcxvhbgl0esa5mcatcmvzaxplidiwmdb4mjawmfx1mdazzsjdxq.jpg","0268_The_Persistence_of_Memory_2000x1446.jpg","575793"
"269","Salvador Dali","salvador-dali","The Sense of Speed","1931","640","913","0.58","https://uploads3.wikiart.org/images/salvador-dali/the-sense-of-speed.jpg","0269_The_Sense_of_Speed_640x913.jpg","96832"
"270","Salvador Dali","salvador-dali","They Were There","1931","640","893","0.57","https://uploads0.wikiart.org/images/salvador-dali/they-were-there.jpg","0270_They_Were_There_640x893.jpg","67514"
"271","Salvador Dali","salvador-dali","Untided (William Tell and Gradiva)","1931","640","824","0.53","https://uploads8.wikiart.org/images/salvador-dali/untided-william-tell-and-gradiva.jpg","0271_Untided_(William_Tell_and_Gradiva)_640x824.jpg","47862"
"272","Salvador Dali","salvador-dali","Woman Sleeping in a Landscape","1931","2103","1600","3.36","https://uploads5.wikiart.org/images/salvador-dali/woman-sleeping-in-a-landscape.jpg","0272_Woman_Sleeping_in_a_Landscape_2103x1600.jpg","1671941"
"273","Salvador Dali","salvador-dali","The Spectre and the Phantom","1931","800","1114","0.89","https://uploads4.wikiart.org/00344/images/salvador-dali/1.jpg","0273_The_Spectre_and_the_Phantom_800x1114.jpg","289177"
"274","Salvador Dali","salvador-dali","The Dream Approaches","1931","1536","2048","3.15","https://uploads4.wikiart.org/00344/images/salvador-dali/2.jpg","0274_The_Dream_Approaches_1536x2048.jpg","825462"
"275","Salvador Dali","salvador-dali","Portrait of the Viscountess Marie Laure de Noailles","1932","640","805","0.52","https://uploads8.wikiart.org/00156/images/salvador-dali/zzzzz-dali-portrait-of-the-viscountess-marie-laure-de-noailles-1932.JPG","0275_Portrait_of_the_Viscountess_Marie_Laure_640x805.JPG","66366"
"276","Salvador Dali","salvador-dali","Agnostic Symbol","1932","1951","1600","3.12","https://uploads0.wikiart.org/images/salvador-dali/agnostic-symbol.jpg","0276_Agnostic_Symbol_1951x1600.jpg","1530503"
"277","Salvador Dali","salvador-dali","Angelus","1932","700","521","0.36","https://uploads1.wikiart.org/images/salvador-dali/angelus.jpg","0277_Angelus_700x521.jpg","54396"
"278","Salvador Dali","salvador-dali","Anthropomorphic Bread","1932","2221","1600","3.55","https://uploads6.wikiart.org/images/salvador-dali/anthropomorphic-bread.jpg","0278_Anthropomorphic_Bread_2221x1600.jpg","1925543"
"279","Salvador Dali","salvador-dali","Anthropomorphic Bread","1932","640","932","0.6","https://uploads8.wikiart.org/images/salvador-dali/anthropomorphic-bread-1.jpg","0279_Anthropomorphic_Bread_640x932.jpg","80007"
"280","Salvador Dali","salvador-dali","Automatic Beginning of a Portrait of Gala (unfinished)","1932","640","527","0.34","https://uploads1.wikiart.org/images/salvador-dali/automatic-beginning-of-a-portrait-of-gala-unfinished.jpg","0280_Automatic_Beginning_of_a_Portrait_of_Gal_640x527.jpg","48316"
"281","Salvador Dali","salvador-dali","Babaouo - Publicity Announcement for the Publication of the Scenario of the Film","1932","640","476","0.3","https://uploads0.wikiart.org/images/salvador-dali/babaouo-publicity-announcement-for-the-publication-of-the-scenario-of-the-film.jpg","0281_Babaouo_-_Publicity_Announcement_for_the_640x476.jpg","43122"
"282","Salvador Dali","salvador-dali","Diurnal Fantasies","1932","2030","1600","3.25","https://uploads2.wikiart.org/images/salvador-dali/diurnal-fantasies.jpg","0282_Diurnal_Fantasies_2030x1600.jpg","1417941"
"283","Salvador Dali","salvador-dali","Eggs on Plate without the Flat","1932","1309","1600","2.09","https://uploads6.wikiart.org/images/salvador-dali/eggs-on-plate-without-the-flat.jpg","0283_Eggs_on_Plate_without_the_Flat_1309x1600.jpg","951087"
"284","Salvador Dali","salvador-dali","Fried Egg on the Plate without the Plate","1932","640","745","0.48","https://uploads3.wikiart.org/images/salvador-dali/fried-egg-on-the-plate-without-the-plate-1932.jpg","0284_Fried_Egg_on_the_Plate_without_the_Plate_640x745.jpg","47421"
"285","Salvador Dali","salvador-dali","Glow of Laport","1932","721","1094","0.79","https://uploads8.wikiart.org/images/salvador-dali/glow-of-laport.jpg","0285_Glow_of_Laport_721x1094.jpg","630859"
"286","Salvador Dali","salvador-dali","Memory of the Child Woman","1932","567","700","0.4","https://uploads1.wikiart.org/images/salvador-dali/memory-of-the-child-woman.jpg","0286_Memory_of_the_Child_Woman_567x700.jpg","97943"
"287","Salvador Dali","salvador-dali","Memory of the Child-Woman","1932","1995","1600","3.19","https://uploads3.wikiart.org/images/salvador-dali/memory-of-the-child-woman-1.jpg","0287_Memory_of_the_Child-Woman_1995x1600.jpg","1599950"
"288","Salvador Dali","salvador-dali","Nostalgia of the Cannibal","1932","600","685","0.41","https://uploads6.wikiart.org/images/salvador-dali/nostalgia-of-the-cannibal-1932.jpg","0288_Nostalgia_of_the_Cannibal_600x685.jpg","39286"
"289","Salvador Dali","salvador-dali","Paranoic Metamorphosis of Gala's Face","1932","691","1094","0.76","https://uploads4.wikiart.org/images/salvador-dali/paranoic-metamorphosis-of-gala-s-face.jpg","0289_Paranoic_Metamorphosis_of_Gala's_Face_691x1094.jpg","707248"
"290","Salvador Dali","salvador-dali","Phosphene of Laporte","1932","1160","1600","1.86","https://uploads5.wikiart.org/images/salvador-dali/phosphene-of-laporte.jpg","0290_Phosphene_of_Laporte_1160x1600.jpg","594542"
"291","Salvador Dali","salvador-dali","Surrealist Architecture","1932","769","608","0.47","https://uploads8.wikiart.org/images/salvador-dali/surrealist-architecture.jpg","0291_Surrealist_Architecture_769x608.jpg","74479"
"292","Salvador Dali","salvador-dali","Surrealist Essay","1932","640","898","0.57","https://uploads1.wikiart.org/images/salvador-dali/surrealist-essay.jpg","0292_Surrealist_Essay_640x898.jpg","60588"
"293","Salvador Dali","salvador-dali","Surrealist Object Gauge of Instantaneous Memory","1932","1322","1600","2.12","https://uploads5.wikiart.org/images/salvador-dali/surrealist-object-gauge-of-instantaneous-memory.jpg","0293_Surrealist_Object_Gauge_of_Instantaneous_1322x1600.jpg","903071"
"294","Salvador Dali","salvador-dali","The Birth of Liquid Desires","1932","1890","1600","3.02","https://uploads3.wikiart.org/images/salvador-dali/the-birth-of-liquid-desires.jpg","0294_The_Birth_of_Liquid_Desires_1890x1600.jpg","1531572"
"295","Salvador Dali","salvador-dali","The Birth of Liquid Fears","1932","640","935","0.6","https://uploads1.wikiart.org/images/salvador-dali/the-birth-of-liquid-fears.jpg","0295_The_Birth_of_Liquid_Fears_640x935.jpg","57925"
"296","Salvador Dali","salvador-dali","The Invisible Harp, Fine and Medium./Harpe invisible fine et moyenne","1932","717","1094","0.78","https://uploads6.wikiart.org/images/salvador-dali/the-invisible-harp-fine-and-medium-harpe-invisible-fine-et-moyenne.jpg","0296_The_Invisible_Harp,_Fine_and_Medium._Har_717x1094.jpg","182876"
"297","Salvador Dali","salvador-dali","The Invisible Man","1932","2405","1600","3.85","https://uploads2.wikiart.org/images/salvador-dali/the-invisible-man.jpg","0297_The_Invisible_Man_2405x1600.jpg","1899455"
"298","Salvador Dali","salvador-dali","The Knight at the Tower","1932","640","853","0.55","https://uploads8.wikiart.org/images/salvador-dali/the-knight-at-the-tower.jpg","0298_The_Knight_at_the_Tower_640x853.jpg","71002"
"299","Salvador Dali","salvador-dali","The Meeting of the Illusion and the Arrested Moment - Fried Eggs Presented in a Spoon","1932","1038","1600","1.66","https://uploads5.wikiart.org/images/salvador-dali/the-meeting-of-the-illusion-and-the-arrested-moment-fried-eggs-presented-in-a-spoon.jpg","0299_The_Meeting_of_the_Illusion_and_the_Arre_1038x1600.jpg","807073"
"300","Salvador Dali","salvador-dali","The True Painting of the ""Isle of the Dead"" by Arnold Böcklin at the Hour of the Angelus","1932","1220","1600","1.95","https://uploads8.wikiart.org/images/salvador-dali/the-true-painting-of-the-isle-of-the-dead-by-arnold-böcklin-at-the-hour-of-the-angelus.jpg","0300_The_True_Painting_of_the_Isle_of_the_Dea_1220x1600.jpg","707628"
"301","Salvador Dali","salvador-dali","The Veiled Heart","1932","640","947","0.61","https://uploads1.wikiart.org/images/salvador-dali/the-veiled-heart.jpg","0301_The_Veiled_Heart_640x947.jpg","78550"
"302","Salvador Dali","salvador-dali","Untitled - Female Figure with Catalonian Bread","1932","640","477","0.31","https://uploads2.wikiart.org/images/salvador-dali/untitled-female-figure-with-catalonian-bread.jpg","0302_Untitled_-_Female_Figure_with_Catalonian_640x477.jpg","23449"
"303","Salvador Dali","salvador-dali","Ordinary French Loaf with Two Fried Eggs","1932","2251","1600","3.6","https://uploads7.wikiart.org/images/salvador-dali/ordinary-french-loaf-with-two-fried-eggs.jpg","0303_Ordinary_French_Loaf_with_Two_Fried_Eggs_2251x1600.jpg","1832983"
"304","Salvador Dali","salvador-dali","Portrait of Edward Wassermann","1933","800","1059","0.85","https://uploads8.wikiart.org/00175/images/salvador-dali/portrait-of-edward-wassermann.jpg","0304_Portrait_of_Edward_Wassermann_800x1059.jpg","128028"
"305","Salvador Dali","salvador-dali","Ambivalent Image","1933","1271","1600","2.03","https://uploads1.wikiart.org/images/salvador-dali/ambivalent-image.jpg","0305_Ambivalent_Image_1271x1600.jpg","762470"
"306","Salvador Dali","salvador-dali","Gala and The Angelus of Millet Before the Imminent Arrival of the Conical Anamorphoses","1933","1247","1600","2","https://uploads8.wikiart.org/images/salvador-dali/gala-and-the-angelus-of-millet-before-the-imminent-arrival-of-the-conical-anamorphoses.jpg","0306_Gala_and_The_Angelus_of_Millet_Before_th_1247x1600.jpg","911272"
"307","Salvador Dali","salvador-dali","Geological evolution","1933","1144","1600","1.83","https://uploads1.wikiart.org/images/salvador-dali/geological-evolution-1933.jpg","0307_Geological_evolution_1144x1600.jpg","703621"
"308","Salvador Dali","salvador-dali","Myself at the Age of Ten When I Was the Grasshopper Child","1933","1163","1600","1.86","https://uploads6.wikiart.org/images/salvador-dali/myself-at-the-age-of-ten-when-i-was-the-grasshopper-child.jpg","0308_Myself_at_the_Age_of_Ten_When_I_Was_the_1163x1600.jpg","656721"
"309","Salvador Dali","salvador-dali","Necrophiliac Fountain Flowing from a Grand Piano","1933","2018","1600","3.23","https://uploads2.wikiart.org/images/salvador-dali/necrophiliac-fountain-flowing-from-a-grand-piano-1933.jpg","0309_Necrophiliac_Fountain_Flowing_from_a_Gra_2018x1600.jpg","2085423"
"310","Salvador Dali","salvador-dali","Portrait of Gala","1933","640","878","0.56","https://uploads6.wikiart.org/images/salvador-dali/portrait-of-gala-1933.jpg","0310_Portrait_of_Gala_640x878.jpg","109203"
"311","Salvador Dali","salvador-dali","Portrait of Gala with Two Lamb Chops Balanced on Her Shoulder","1933","2148","1600","3.44","https://uploads1.wikiart.org/images/salvador-dali/portrait-of-gala-with-two-lamb-chops-balanced-on-her-shoulder.jpg","0311_Portrait_of_Gala_with_Two_Lamb_Chops_Bal_2148x1600.jpg","2084356"
"312","Salvador Dali","salvador-dali","Retrospective Bust of a Woman","1933","509","700","0.36","https://uploads5.wikiart.org/images/salvador-dali/retrospective-bust-of-a-woman.jpg","0312_Retrospective_Bust_of_a_Woman_509x700.jpg","56793"
"313","Salvador Dali","salvador-dali","Sugar Sphinx","1933","640","770","0.49","https://uploads6.wikiart.org/images/salvador-dali/sugar-sphinx.jpg","0313_Sugar_Sphinx_640x770.jpg","37015"
"314","Salvador Dali","salvador-dali","The Architectonic Angelus of Millet","1933","1282","1600","2.05","https://uploads2.wikiart.org/images/salvador-dali/the-architectonic-angelus-of-millet.jpg","0314_The_Architectonic_Angelus_of_Millet_1282x1600.jpg","947482"
"315","Salvador Dali","salvador-dali","The Enigma of William Tell","1933","2697","1600","4.32","https://uploads2.wikiart.org/images/salvador-dali/the-enigma-of-william-tell.jpg","0315_The_Enigma_of_William_Tell_2697x1600.jpg","1737718"
"316","Salvador Dali","salvador-dali","The Invisible Man","1933","908","1600","1.45","https://uploads7.wikiart.org/images/salvador-dali/the-invisible-man-1933.jpg","0316_The_Invisible_Man_908x1600.jpg","867927"
"317","Salvador Dali","salvador-dali","The Phantom Cart","1933","766","561","0.43","https://uploads6.wikiart.org/images/salvador-dali/the-phantom-cart-1933.jpg","0317_The_Phantom_Cart_766x561.jpg","14977"
"318","Salvador Dali","salvador-dali","The Phantom Wagon","1933","2105","1600","3.37","https://uploads2.wikiart.org/images/salvador-dali/the-phantom-wagon.jpg","0318_The_Phantom_Wagon_2105x1600.jpg","2137232"
"319","Salvador Dali","salvador-dali","The Phenomenon of Ecstasy","1933","606","880","0.53","https://uploads1.wikiart.org/images/salvador-dali/the-phenomenon-of-ecstasy.jpg","0319_The_Phenomenon_of_Ecstasy_606x880.jpg","119215"
"320","Salvador Dali","salvador-dali","The Triangular Hour","1933","1247","1600","2","https://uploads0.wikiart.org/images/salvador-dali/the-triangular-hour-1933.jpg","0320_The_Triangular_Hour_1247x1600.jpg","855764"
"321","Salvador Dali","salvador-dali","Untitled - Death Outside the Head - Paul Eluard","1933","640","485","0.31","https://uploads1.wikiart.org/images/salvador-dali/untitled-death-outside-the-head-paul-eluard.jpg","0321_Untitled_-_Death_Outside_the_Head_-_Paul_640x485.jpg","68168"
"322","Salvador Dali","salvador-dali","Aerodynamic Chair","1934","640","858","0.55","https://uploads2.wikiart.org/images/salvador-dali/aerodynamic-chair.jpg","0322_Aerodynamic_Chair_640x858.jpg","108675"
"323","Salvador Dali","salvador-dali","Allegory of an American Christmas","1934","640","908","0.58","https://uploads5.wikiart.org/images/salvador-dali/allegory-of-an-american-christmas-1934.jpg","0323_Allegory_of_an_American_Christmas_640x908.jpg","97468"
"324","Salvador Dali","salvador-dali","Apparition of My Cousin Carolinetta on the Beach at Rosas","1934","640","465","0.3","https://uploads6.wikiart.org/images/salvador-dali/apparition-of-my-cousin-carolinetta-on-the-beach-at-rosas.jpg","0324_Apparition_of_My_Cousin_Carolinetta_on_t_640x465.jpg","32846"
"325","Salvador Dali","salvador-dali","Atavism at Twilight","1934","2016","1600","3.23","https://uploads4.wikiart.org/images/salvador-dali/atavism-at-twilight.jpg","0325_Atavism_at_Twilight_2016x1600.jpg","1677242"
"326","Salvador Dali","salvador-dali","Atavistic Vestiges After the Rain","1934","1315","1600","2.1","https://uploads5.wikiart.org/images/salvador-dali/atavistic-vestiges-after-the-rain-1934.jpg","0326_Atavistic_Vestiges_After_the_Rain_1315x1600.jpg","975254"
"327","Salvador Dali","salvador-dali","Atmospheric Skull Sodomizing a Grand Piano","1934","640","506","0.32","https://uploads0.wikiart.org/images/salvador-dali/atmospheric-skull-sodomizing-a-grand-piano.jpg","0327_Atmospheric_Skull_Sodomizing_a_Grand_Pia_640x506.jpg","59786"
"328","Salvador Dali","salvador-dali","Barber Saddened by the Persistence of Good Weather (The Anguished Barber)","1934","640","952","0.61","https://uploads7.wikiart.org/images/salvador-dali/barber-saddened-by-the-persistence-of-good-weather-the-anguished-barber-1934.jpg","0328_Barber_Saddened_by_the_Persistence_of_Go_640x952.jpg","70451"
"329","Salvador Dali","salvador-dali","Cannibalism of the Praying Mantis of Lautreamont","1934","636","842","0.54","https://uploads6.wikiart.org/images/salvador-dali/cannibalism-of-the-praying-mantis-of-lautreamont.jpg","0329_Cannibalism_of_the_Praying_Mantis_of_Lau_636x842.jpg","80949"
"330","Salvador Dali","salvador-dali","Cardinal, Cardinal","1934","2115","1600","3.38","https://uploads2.wikiart.org/images/salvador-dali/cardinal-cardinal.jpg","0330_Cardinal,_Cardinal_2115x1600.jpg","1733814"
"331","Salvador Dali","salvador-dali","Dreams on a Beach","1934","549","700","0.38","https://uploads2.wikiart.org/images/salvador-dali/dreams-on-a-beach.jpg","0331_Dreams_on_a_Beach_549x700.jpg","62469"
"332","Salvador Dali","salvador-dali","Eclipse and Vegetable Osmosis","1934","640","796","0.51","https://uploads5.wikiart.org/images/salvador-dali/eclipse-and-vegetable-osmosis.jpg","0332_Eclipse_and_Vegetable_Osmosis_640x796.jpg","71017"
"333","Salvador Dali","salvador-dali","Enigmatic Elements in the Landscape","1934","1343","1600","2.15","https://uploads2.wikiart.org/images/salvador-dali/enigmatic-elements-in-the-landscape.jpg","0333_Enigmatic_Elements_in_the_Landscape_1343x1600.jpg","1521651"
"334","Salvador Dali","salvador-dali","Figure and Drapery in a Landscape","1934","2096","1600","3.35","https://uploads0.wikiart.org/images/salvador-dali/figure-and-drapery-in-a-landscape.jpg","0334_Figure_and_Drapery_in_a_Landscape_2096x1600.jpg","1575100"
"335","Salvador Dali","salvador-dali","Figure with Drawers for a Four-part Screen","1934","640","1837","1.18","https://uploads0.wikiart.org/images/salvador-dali/figure-with-drawers-for-a-four-part-screen.jpg","0335_Figure_with_Drawers_for_a_Four-part_Scre_640x1837.jpg","128246"
"336","Salvador Dali","salvador-dali","Ghost of Vermeer Van Delft","1934","640","792","0.51","https://uploads2.wikiart.org/images/salvador-dali/ghost-of-vermeer-van-delft.jpg","0336_Ghost_of_Vermeer_Van_Delft_640x792.jpg","93162"
"337","Salvador Dali","salvador-dali","Illustration to the 'Songs of Maldoror' Isidore Ducasse, Count Lautréamont","1934","734","1124","0.83","https://uploads7.wikiart.org/images/salvador-dali/illustration-to-the-songs-of-maldoror-isidore-ducasse-count-lautréamont-1934.jpg","0337_Illustration_to_the_'Songs_of_Maldoror'_734x1124.jpg","614050"
"338","Salvador Dali","salvador-dali","Javanese Mannequin","1934","1308","1600","2.09","https://uploads3.wikiart.org/images/salvador-dali/javanese-mannequin.jpg","0338_Javanese_Mannequin_1308x1600.jpg","1180262"
"339","Salvador Dali","salvador-dali","Landscape with Mysterious Details","1934","772","1094","0.84","https://uploads0.wikiart.org/images/salvador-dali/landscape-with-mysterious-details.jpg","0339_Landscape_with_Mysterious_Details_772x1094.jpg","192982"
"340","Salvador Dali","salvador-dali","Masochistic Instrument","1934","1261","1600","2.02","https://uploads7.wikiart.org/images/salvador-dali/masochistic-instrument.jpg","0340_Masochistic_Instrument_1261x1600.jpg","1215398"
"341","Salvador Dali","salvador-dali","Meditation on the Harp","1934","1118","1600","1.79","https://uploads3.wikiart.org/images/salvador-dali/meditation-on-the-harp-1934.jpg","0341_Meditation_on_the_Harp_1118x1600.jpg","698717"
"342","Salvador Dali","salvador-dali","Melancholy - to Marcel Remy in Friendship","1934","640","846","0.54","https://uploads6.wikiart.org/images/salvador-dali/melancholy-to-marcel-remy-in-friendship.jpg","0342_Melancholy_-_to_Marcel_Remy_in_Friendshi_640x846.jpg","67894"
"343","Salvador Dali","salvador-dali","Moment de Transition","1934","1024","911","0.93","https://uploads1.wikiart.org/images/salvador-dali/moment-de-transition-1934.jpg","0343_Moment_de_Transition_1024x911.jpg","716118"
"344","Salvador Dali","salvador-dali","Morning Ossification of the Cypress","1934","1243","1600","1.99","https://uploads7.wikiart.org/images/salvador-dali/morning-ossification-of-the-cypress-1934.jpg","0344_Morning_Ossification_of_the_Cypress_1243x1600.jpg","871070"
"345","Salvador Dali","salvador-dali","Night Spectre on the Beach","1934","640","510","0.33","https://uploads2.wikiart.org/images/salvador-dali/night-spectre-on-the-beach.jpg","0345_Night_Spectre_on_the_Beach_640x510.jpg","40542"
"346","Salvador Dali","salvador-dali","Paranoiac-Astral Image","1934","1063","761","0.81","https://uploads0.wikiart.org/images/salvador-dali/paranoiac-astral-image-1.jpg","0346_Paranoiac-Astral_Image_1063x761.jpg","92162"
"347","Salvador Dali","salvador-dali","Persistence of Fair Weather","1934","1127","1600","1.8","https://uploads3.wikiart.org/images/salvador-dali/persistence-of-fair-weather.jpg","0347_Persistence_of_Fair_Weather_1127x1600.jpg","805820"
"348","Salvador Dali","salvador-dali","Portrait of Gala with a Lobster (Portrait of Gala with Aeroplane Nose)","1934","640","585","0.37","https://uploads8.wikiart.org/images/salvador-dali/portrait-of-gala-with-a-lobster-portrait-of-gala-with-aeroplane-nose.jpg","0348_Portrait_of_Gala_with_a_Lobster_(Portrai_640x585.jpg","31243"
"349","Salvador Dali","salvador-dali","Sad Barber of Good Times Cruelty","1934","783","1094","0.86","https://uploads8.wikiart.org/images/salvador-dali/sad-barber-of-good-times-cruelty.jpg","0349_Sad_Barber_of_Good_Times_Cruelty_783x1094.jpg","193232"
"350","Salvador Dali","salvador-dali","Skull with its Lyric Appendage Leaning on a Bedside Table which should have the Exact Temperature of a Cardinal's Nest","1934","1238","1600","1.98","https://uploads3.wikiart.org/images/salvador-dali/skull-with-its-lyric-appendage-leaning-on-a-bedside-table-which-should-have-the-exact-1934.jpg","0350_Skull_with_its_Lyric_Appendage_Leaning_o_1238x1600.jpg","1187081"
"351","Salvador Dali","salvador-dali","Surrealist Knight for a Four-part Screen","1934","640","1909","1.22","https://uploads7.wikiart.org/images/salvador-dali/surrealist-knight-for-a-four-part-screen.jpg","0351_Surrealist_Knight_for_a_Four-part_Screen_640x1909.jpg","127829"
"352","Salvador Dali","salvador-dali","Surrealist Knights for a Four-part Screen, Centre Right,","1934","640","668","0.43","https://uploads3.wikiart.org/images/salvador-dali/surrealist-knights-for-a-four-part-screen-centre-right.jpg","0352_Surrealist_Knights_for_a_Four-part_Scree_640x668.jpg","70231"
"353","Salvador Dali","salvador-dali","Surrealist Poster","1934","1343","1600","2.15","https://uploads2.wikiart.org/images/salvador-dali/surrealist-poster.jpg","0353_Surrealist_Poster_1343x1600.jpg","1521651"
"354","Salvador Dali","salvador-dali","Surrealist Warriors for a Four-part Screen, Centre Left","1934","640","654","0.42","https://uploads3.wikiart.org/images/salvador-dali/surrealist-warriors-for-a-four-part-screen-centre-left.jpg","0354_Surrealist_Warriors_for_a_Four-part_Scre_640x654.jpg","68710"
"355","Salvador Dali","salvador-dali","The Ghost of Vermeer Van Delft","1934","640","864","0.55","https://uploads6.wikiart.org/images/salvador-dali/the-ghost-of-vermeer-van-delft.jpg","0355_The_Ghost_of_Vermeer_Van_Delft_640x864.jpg","110630"
"356","Salvador Dali","salvador-dali","The Ghost of Vermeer van Delft which Can Be Used as a Table","1934","1648","2237","3.69","https://uploads8.wikiart.org/images/salvador-dali/the-ghost-of-vermeer-van-delft-which-can-be-used-as-a-table.jpg","0356_The_Ghost_of_Vermeer_van_Delft_which_Can_1648x2237.jpg","614053"
"357","Salvador Dali","salvador-dali","The Hour of the Crackled Visage","1934","640","835","0.53","https://uploads7.wikiart.org/images/salvador-dali/the-hour-of-the-crackled-visage.jpg","0357_The_Hour_of_the_Crackled_Visage_640x835.jpg","54793"
"358","Salvador Dali","salvador-dali","The Invisible Harp","1934","1242","1600","1.99","https://uploads3.wikiart.org/images/salvador-dali/the-invisible-harp.jpg","0358_The_Invisible_Harp_1242x1600.jpg","884740"
"359","Salvador Dali","salvador-dali","The Isle of the Dead - Centre, Section","1934","640","903","0.58","https://uploads2.wikiart.org/images/salvador-dali/the-isle-of-the-dead-centre-section.jpg","0359_The_Isle_of_the_Dead_-_Centre,_Section_640x903.jpg","64481"
"360","Salvador Dali","salvador-dali","The Knight of Death","1934","640","755","0.48","https://uploads4.wikiart.org/images/salvador-dali/the-knight-of-death.jpg","0360_The_Knight_of_Death_640x755.jpg","67812"
"361","Salvador Dali","salvador-dali","The Mysterious Source of Harmony","1934","640","822","0.53","https://uploads8.wikiart.org/images/salvador-dali/the-mysterious-source-of-harmony.jpg","0361_The_Mysterious_Source_of_Harmony_640x822.jpg","45366"
"362","Salvador Dali","salvador-dali","The Spectre of the Angelus","1934","527","750","0.4","https://uploads2.wikiart.org/images/salvador-dali/the-spectre-of-the-angelus.jpg","0362_The_Spectre_of_the_Angelus_527x750.jpg","69357"
"363","Salvador Dali","salvador-dali","The Tower","1934","1343","1600","2.15","https://uploads3.wikiart.org/images/salvador-dali/the-tower.jpg","0363_The_Tower_1343x1600.jpg","1521651"
"364","Salvador Dali","salvador-dali","Untitled (Desert Landscape)","1934","636","842","0.54","https://uploads1.wikiart.org/images/salvador-dali/untitled-desert-landscape.jpg","0364_Untitled_(Desert_Landscape)_636x842.jpg","62738"
"365","Salvador Dali","salvador-dali","Untitled (Dreams on the Beach)","1934","640","807","0.52","https://uploads4.wikiart.org/images/salvador-dali/untitled-dreams-on-the-beach.jpg","0365_Untitled_(Dreams_on_the_Beach)_640x807.jpg","75901"
"366","Salvador Dali","salvador-dali","West Side of the Isle of the Dead","1934","640","835","0.53","https://uploads0.wikiart.org/images/salvador-dali/west-side-of-the-isle-of-the-dead.jpg","0366_West_Side_of_the_Isle_of_the_Dead_640x835.jpg","83768"
"367","Salvador Dali","salvador-dali","Portrait of Dali Carisse Crosby(1934)","1934","564","709","0.4","https://uploads5.wikiart.org/00152/images/salvador-dali/zzz-salvadore-dali-carisse-crosby1934.jpg","0367_Portrait_of_Dali_Carisse_Crosby(1934)_564x709.jpg","59927"
"368","Salvador Dali","salvador-dali","La Tour","1934","725","864","0.63","https://uploads0.wikiart.org/images/salvador-dali/latour.jpg","0368_La_Tour_725x864.jpg","284814"
"369","Salvador Dali","salvador-dali","portrait of René Crevel The man with a cigar","1934","800","985","0.79","https://uploads7.wikiart.org/00175/images/salvador-dali/portrait-of-rene-crevel-1934.jpg","0369_portrait_of_René_Crevel_The_man_with_a_c_800x985.jpg","126379"
"370","Salvador Dali","salvador-dali","Archeological Reminiscence Millet's Angelus","1935","1096","1466","1.61","https://uploads1.wikiart.org/images/salvador-dali/archeological-reminiscence-millet-s-angelus.jpg","0370_Archeological_Reminiscence_Millet's_Ange_1096x1466.jpg","249143"
"371","Salvador Dali","salvador-dali","Exquisite Cadaver","1935","640","932","0.6","https://uploads2.wikiart.org/images/salvador-dali/exquisite-cadaver.jpg","0371_Exquisite_Cadaver_640x932.jpg","102718"
"372","Salvador Dali","salvador-dali","Face of Mae West Which May Be Used as a Surrealist Apartment","1935","1008","1600","1.61","https://uploads8.wikiart.org/images/salvador-dali/face-of-mae-west-which-may-be-used-as-an-apartment.jpg","0372_Face_of_Mae_West_Which_May_Be_Used_as_a_1008x1600.jpg","884057"
"373","Salvador Dali","salvador-dali","Gangsterism and Goofy Vision of New York","1935","511","700","0.36","https://uploads7.wikiart.org/images/salvador-dali/gangsterism-and-goofy-vision-of-new-york.jpg","0373_Gangsterism_and_Goofy_Vision_of_New_York_511x700.jpg","91340"
"374","Salvador Dali","salvador-dali","Landscape After De Chirico (unfinished)","1935","640","518","0.33","https://uploads4.wikiart.org/images/salvador-dali/landscape-after-de-chirico-unfinished.jpg","0374_Landscape_After_De_Chirico_(unfinished)_640x518.jpg","75524"
"375","Salvador Dali","salvador-dali","Mediumnistic-Paranoiac Image","1935","2019","1600","3.23","https://uploads4.wikiart.org/images/salvador-dali/mediumnistic-paranoiac-image.jpg","0375_Mediumnistic-Paranoiac_Image_2019x1600.jpg","1995862"
"376","Salvador Dali","salvador-dali","Nostalgic Echo","1935","640","655","0.42","https://uploads8.wikiart.org/images/salvador-dali/nostalgic-echo.jpg","0376_Nostalgic_Echo_640x655.jpg","72605"
"377","Salvador Dali","salvador-dali","Paranoiac Critical Solitude","1935","2193","1796","3.94","https://uploads8.wikiart.org/images/salvador-dali/paranoiac-critical-solitude-1935.jpg","0377_Paranoiac_Critical_Solitude_2193x1796.jpg","650577"
"378","Salvador Dali","salvador-dali","Paranoiac Visage","1935","1024","768","0.79","https://uploads1.wikiart.org/images/salvador-dali/paranoiac-visage.jpg","0378_Paranoiac_Visage_1024x768.jpg","99645"
"379","Salvador Dali","salvador-dali","Poster Project","1935","1066","1600","1.71","https://uploads8.wikiart.org/images/salvador-dali/poster-project.jpg","0379_Poster_Project_1066x1600.jpg","969822"
"380","Salvador Dali","salvador-dali","Puzzle of Autumn","1935","1635","1600","2.62","https://uploads1.wikiart.org/images/salvador-dali/puzzle-of-autumn.jpg","0380_Puzzle_of_Autumn_1635x1600.jpg","1647186"
"381","Salvador Dali","salvador-dali","Solitude - Anthropomorphic Echo","1935","640","848","0.54","https://uploads5.wikiart.org/images/salvador-dali/solitude-anthropomorphic-echo.jpg","0381_Solitude_-_Anthropomorphic_Echo_640x848.jpg","48758"
"382","Salvador Dali","salvador-dali","The Angelus of Gala","1935","1320","1600","2.11","https://uploads4.wikiart.org/images/salvador-dali/the-angelus-of-gala.jpg","0382_The_Angelus_of_Gala_1320x1600.jpg","982845"
"383","Salvador Dali","salvador-dali","The Echo of the Vold","1935","640","500","0.32","https://uploads5.wikiart.org/images/salvador-dali/the-echo-of-the-vold.jpg","0383_The_Echo_of_the_Vold_640x500.jpg","28574"
"384","Salvador Dali","salvador-dali","The Horseman of Death","1935","1235","1600","1.98","https://uploads6.wikiart.org/images/salvador-dali/the-horseman-of-death.jpg","0384_The_Horseman_of_Death_1235x1600.jpg","947990"
"385","Salvador Dali","salvador-dali","The Ship","1935","640","842","0.54","https://uploads7.wikiart.org/images/salvador-dali/the-ship-1935.jpg","0385_The_Ship_640x842.jpg","99501"
"386","Salvador Dali","salvador-dali","The Surrealist Mystery of New York","1935","515","700","0.36","https://uploads1.wikiart.org/images/salvador-dali/the-surrealist-mystery-of-new-york.jpg","0386_The_Surrealist_Mystery_of_New_York_515x700.jpg","71923"
"387","Salvador Dali","salvador-dali","Woman with a Head of Roses","1935","1177","1600","1.88","https://uploads2.wikiart.org/images/salvador-dali/woman-with-a-head-of-roses.jpg","0387_Woman_with_a_Head_of_Roses_1177x1600.jpg","773767"
"388","Salvador Dali","salvador-dali","Portrait of  De Madame Ducas(1935)","1935","528","673","0.36","https://uploads4.wikiart.org/00152/images/salvador-dali/zzz-salvador-dal-portrait-de-madame-ducas1935.jpg","0388_Portrait_of_De_Madame_Ducas(1935)_528x673.jpg","60395"
"389","Salvador Dali","salvador-dali","Portrait of Isabelle Baker Woolley, (1935)","1935","336","403","0.14","https://uploads5.wikiart.org/00152/images/salvador-dali/zzz-salvadore-dali-isabelle-baker-woolley-1935.jpg","0389_Portrait_of_Isabelle_Baker_Woolley,_(193_336x403.jpg","17158"
"390","Salvador Dali","salvador-dali","White Aphrodisiac Telephone","1936","900","675","0.61","https://uploads4.wikiart.org/00333/images/salvador-dali/museum-boijmans-van-beuningen.jpg","0390_White_Aphrodisiac_Telephone_900x675.jpg","43953"
"391","Salvador Dali","salvador-dali","Lobster Telephone","1936","1200","855","1.03","https://uploads8.wikiart.org/00333/images/salvador-dali/museum-f-r-kommunikation-aphrodisisches-telefon-1936-salvador-dali-kl-1200x855.jpg","0391_Lobster_Telephone_1200x855.jpg","106946"
"392","Salvador Dali","salvador-dali","Lobster telephone (Aphrodisiac telephone)","1936","1516","1071","1.62","https://uploads4.wikiart.org/00333/images/salvador-dali/national-gallery-of-australia.png","0392_Lobster_telephone_(Aphrodisiac_telephone_1516x1071.png","336544"
"393","Salvador Dali","salvador-dali","""Geodesic"" Portrait of Gala","1936","700","583","0.41","https://uploads1.wikiart.org/images/salvador-dali/geodesic-portrait-of-gala.jpg","0393_Geodesic_Portrait_of_Gala_700x583.jpg","50281"
"394","Salvador Dali","salvador-dali","A Chemist Lifting with Extreme Precaution the Cuticle of a Grand Piano","1936","640","504","0.32","https://uploads1.wikiart.org/images/salvador-dali/a-chemist-lifting-with-extreme-precaution-the-cuticle-of-a-grand-piano.jpg","0394_A_Chemist_Lifting_with_Extreme_Precautio_640x504.jpg","30508"
"395","Salvador Dali","salvador-dali","A Couple with Their Heads Full of Clouds","1936","700","443","0.31","https://uploads7.wikiart.org/images/salvador-dali/a-couple-with-their-heads-full-of-clouds.jpg","0395_A_Couple_with_Their_Heads_Full_of_Clouds_700x443.jpg","39302"
"396","Salvador Dali","salvador-dali","Ampurdanese Yang and Yin","1936","640","819","0.52","https://uploads0.wikiart.org/images/salvador-dali/ampurdanese-yang-and-yin.jpg","0396_Ampurdanese_Yang_and_Yin_640x819.jpg","54340"
"397","Salvador Dali","salvador-dali","Animated Surrealist Landscape","1936","640","500","0.32","https://uploads5.wikiart.org/images/salvador-dali/animated-surrealist-landscape.jpg","0397_Animated_Surrealist_Landscape_640x500.jpg","82890"
"398","Salvador Dali","salvador-dali","Apparition of the Town of Delft","1936","1712","1600","2.74","https://uploads7.wikiart.org/images/salvador-dali/apparition-of-the-town-of-delft.jpg","0398_Apparition_of_the_Town_of_Delft_1712x1600.jpg","1347151"
"399","Salvador Dali","salvador-dali","Autumnal Cannibalism","1936","1506","1600","2.41","https://uploads5.wikiart.org/images/salvador-dali/autumnal-cannibalism.jpg","0399_Autumnal_Cannibalism_1506x1600.jpg","1086979"
"400","Salvador Dali","salvador-dali","Bread on the Head of the Prodigal Son","1936","640","820","0.52","https://uploads4.wikiart.org/images/salvador-dali/bread-on-the-head-of-the-prodigal-son.jpg","0400_Bread_on_the_Head_of_the_Prodigal_Son_640x820.jpg","68732"
"401","Salvador Dali","salvador-dali","City of drawers","1936","764","581","0.44","https://uploads0.wikiart.org/images/salvador-dali/city-of-drawers.jpg","0401_City_of_drawers_764x581.jpg","99897"
"402","Salvador Dali","salvador-dali","Couple with Clouds in Their Heads (Man)","1936","942","1262","1.19","https://uploads4.wikiart.org/images/salvador-dali/couple-with-clouds-in-their-heads-man.jpg","0402_Couple_with_Clouds_in_Their_Heads_(Man)_942x1262.jpg","113563"
"403","Salvador Dali","salvador-dali","Couple with Clouds in Their Heads (Woman)","1936","855","1072","0.92","https://uploads6.wikiart.org/images/salvador-dali/couple-with-clouds-in-their-heads-woman.jpg","0403_Couple_with_Clouds_in_Their_Heads_(Woman_855x1072.jpg","81755"
"404","Salvador Dali","salvador-dali","Couple with Their Heads Full of Clouds","1936","800","557","0.45","https://uploads5.wikiart.org/images/salvador-dali/couple-with-their-heads-full-of-clouds.jpg","0404_Couple_with_Their_Heads_Full_of_Clouds_800x557.jpg","90356"
"405","Salvador Dali","salvador-dali","Cover of 'Minotaure' Magazine","1936","1262","1600","2.02","https://uploads3.wikiart.org/images/salvador-dali/cover-of-minotaure-magazine.jpg","0405_Cover_of_'Minotaure'_Magazine_1262x1600.jpg","904174"
"406","Salvador Dali","salvador-dali","Decalcomania","1936","640","482","0.31","https://uploads6.wikiart.org/images/salvador-dali/decalcomania.jpg","0406_Decalcomania_640x482.jpg","53498"
"407","Salvador Dali","salvador-dali","Forgotten Horizon","1936","512","427","0.22","https://uploads2.wikiart.org/images/salvador-dali/forgotten-horizon.jpg","0407_Forgotten_Horizon_512x427.jpg","17938"
"408","Salvador Dali","salvador-dali","Geological justice","1936","1024","636","0.65","https://uploads3.wikiart.org/images/salvador-dali/geological-justice.jpg","0408_Geological_justice_1024x636.jpg","534288"
"409","Salvador Dali","salvador-dali","Head of a woman in the form of a battle","1936","640","502","0.32","https://uploads2.wikiart.org/images/salvador-dali/head-of-a-woman-in-the-form-of-a-battle-1936.jpg","0409_Head_of_a_woman_in_the_form_of_a_battle_640x502.jpg","70863"
"410","Salvador Dali","salvador-dali","Hypnagogic Monument","1936","640","799","0.51","https://uploads4.wikiart.org/images/salvador-dali/hypnagogic-monument.jpg","0410_Hypnagogic_Monument_640x799.jpg","39752"
"411","Salvador Dali","salvador-dali","Landscape with Girl Skipping Rope","1936","640","409","0.26","https://uploads0.wikiart.org/images/salvador-dali/landscape-with-girl-skipping-rope.jpg","0411_Landscape_with_Girl_Skipping_Rope_640x409.jpg","19734"
"412","Salvador Dali","salvador-dali","Man with His Head Full of Clouds","1936","640","901","0.58","https://uploads8.wikiart.org/images/salvador-dali/man-with-his-head-full-of-clouds.jpg","0412_Man_with_His_Head_Full_of_Clouds_640x901.jpg","67540"
"413","Salvador Dali","salvador-dali","Morphological Echo","1936","700","638","0.45","https://uploads3.wikiart.org/images/salvador-dali/morphological-echo.jpg","0413_Morphological_Echo_700x638.jpg","108506"
"414","Salvador Dali","salvador-dali","Morphological Echo'","1936","638","758","0.48","https://uploads5.wikiart.org/images/salvador-dali/morphological-echo-1.jpg","0414_Morphological_Echo'_638x758.jpg","61145"
"415","Salvador Dali","salvador-dali","Necrophiliac Springtime","1936","640","524","0.34","https://uploads8.wikiart.org/images/salvador-dali/necrophiliac-springtime.jpg","0415_Necrophiliac_Springtime_640x524.jpg","27149"
"416","Salvador Dali","salvador-dali","Night and Day Clothes of the Body","1936","2255","1600","3.61","https://uploads5.wikiart.org/images/salvador-dali/night-and-day-clothes-of-the-body-1936.jpg","0416_Night_and_Day_Clothes_of_the_Body_2255x1600.jpg","2179806"
"417","Salvador Dali","salvador-dali","Paranonia","1936","640","525","0.34","https://uploads8.wikiart.org/images/salvador-dali/paranonia-1936.jpg","0417_Paranonia_640x525.jpg","45922"
"418","Salvador Dali","salvador-dali","Premonition of Civil War","1936","561","749","0.42","https://uploads0.wikiart.org/images/salvador-dali/premonition-of-civil-war.jpg","0418_Premonition_of_Civil_War_561x749.jpg","41119"
"419","Salvador Dali","salvador-dali","Soft Construction with Boiled Beans: Premonition of Civil War","1936","1470","1469","2.16","https://uploads3.wikiart.org/images/salvador-dali/soft-construction-with-boiled-beans-premonition-of-civil-war(1).jpg","0419_Soft_Construction_with_Boiled_Beans_Prem_1470x1469.jpg","371012"
"420","Salvador Dali","salvador-dali","South (Noon)","1936","640","545","0.35","https://uploads4.wikiart.org/images/salvador-dali/south-noon.jpg","0420_South_(Noon)_640x545.jpg","86339"
"421","Salvador Dali","salvador-dali","Suburbs of a Paranoiac Critical Town, Afternoon on the Outskirts of European History","1936","2419","1311","3.17","https://uploads1.wikiart.org/images/salvador-dali/suburbs-of-a-paranoiac-critical-town-afternoon-on-the-outskirts-of-european-history-1936.jpg","0421_Suburbs_of_a_Paranoiac_Critical_Town,_Af_2419x1311.jpg","610206"
"422","Salvador Dali","salvador-dali","Sun Table","1936","1240","1600","1.98","https://uploads3.wikiart.org/images/salvador-dali/sun-table.jpg","0422_Sun_Table_1240x1600.jpg","831736"
"423","Salvador Dali","salvador-dali","Surrealist Composition with Invisible Figures","1936","640","879","0.56","https://uploads3.wikiart.org/images/salvador-dali/surrealist-composition-with-invisible-figures.jpg","0423_Surrealist_Composition_with_Invisible_Fi_640x879.jpg","70732"
"424","Salvador Dali","salvador-dali","The Chemist of Ampurden in Search of Absolutely Nothing, 1936 (oil on panel)","1936","750","465","0.35","https://uploads0.wikiart.org/images/salvador-dali/the-chemist-of-ampurden-in-search-of-absolutely-nothing-1936-oil-on-panel-1936.jpg","0424_The_Chemist_of_Ampurden_in_Search_of_Abs_750x465.jpg","41025"
"425","Salvador Dali","salvador-dali","The Fossilised Automobile of Cape Creus","1936","640","568","0.36","https://uploads2.wikiart.org/images/salvador-dali/the-fossilised-automobile-of-cape-creus-1936.jpg","0425_The_Fossilised_Automobile_of_Cape_Creus_640x568.jpg","64518"
"426","Salvador Dali","salvador-dali","The Great Paranoiac","1936","659","700","0.46","https://uploads0.wikiart.org/images/salvador-dali/the-great-paranoiac-1936.jpg","0426_The_Great_Paranoiac_659x700.jpg","93294"
"427","Salvador Dali","salvador-dali","The Man with the Head of Blue Hortensias","1936","2337","1600","3.74","https://uploads7.wikiart.org/images/salvador-dali/the-man-with-the-head-of-blue-hortensias.jpg","0427_The_Man_with_the_Head_of_Blue_Hortensias_2337x1600.jpg","2120628"
"428","Salvador Dali","salvador-dali","The Sign of Anguish","1936","1343","1600","2.15","https://uploads0.wikiart.org/images/salvador-dali/the-sign-of-anguish-1936.jpg","0428_The_Sign_of_Anguish_1343x1600.jpg","1521651"
"429","Salvador Dali","salvador-dali","The Vertebrate Grotto - Transfer Series","1936","640","881","0.56","https://uploads4.wikiart.org/images/salvador-dali/the-vertebrate-grotto-transfer-series.jpg","0429_The_Vertebrate_Grotto_-_Transfer_Series_640x881.jpg","89856"
"430","Salvador Dali","salvador-dali","The Vertebrated Cavern - Series of Decals","1936","467","764","0.36","https://uploads6.wikiart.org/images/salvador-dali/the-vertebrated-cavern-series-of-decals.jpg","0430_The_Vertebrated_Cavern_-_Series_of_Decal_467x764.jpg","71975"
"431","Salvador Dali","salvador-dali","Two Figures","1936","754","508","0.38","https://uploads5.wikiart.org/images/salvador-dali/two-figures.jpg","0431_Two_Figures_754x508.jpg","57022"
"432","Salvador Dali","salvador-dali","Venus de Milo with Drawers","1936","668","1094","0.73","https://uploads2.wikiart.org/images/salvador-dali/venus-de-milo-with-drawers.jpg","0432_Venus_de_Milo_with_Drawers_668x1094.jpg","610815"
"433","Salvador Dali","salvador-dali","Venus de Milo with Drawers","1936","470","784","0.37","https://uploads4.wikiart.org/images/salvador-dali/venus-de-milo-with-drawers-1.jpg","0433_Venus_de_Milo_with_Drawers_470x784.jpg","29249"
"434","Salvador Dali","salvador-dali","White Calm","1936","557","700","0.39","https://uploads0.wikiart.org/images/salvador-dali/white-calm-1936.jpg","0434_White_Calm_557x700.jpg","107587"
"435","Salvador Dali","salvador-dali","Woman with Drawers","1936","640","832","0.53","https://uploads3.wikiart.org/images/salvador-dali/woman-with-drawers.jpg","0435_Woman_with_Drawers_640x832.jpg","75575"
"436","Salvador Dali","salvador-dali","Singularities","1936","1024","796","0.82","https://uploads7.wikiart.org/images/salvador-dali/singularities.jpg","0436_Singularities_1024x796.jpg","258124"
"437","Salvador Dali","salvador-dali","Three Women with Heads of Flowers Finding the Skin of A","1936","2012","1600","3.22","https://uploads4.wikiart.org/images/salvador-dali/three-women-with-heads-of-flowers-finding-the-skin-of-a.jpg","0437_Three_Women_with_Heads_of_Flowers_Findin_2012x1600.jpg","1858349"
"438","Salvador Dali","salvador-dali","Sleep","1937","1024","768","0.79","https://uploads8.wikiart.org/00161/images/salvador-dali/000.jpg","0438_Sleep_1024x768.jpg","144677"
"439","Salvador Dali","salvador-dali","Anatomical Studies - Transfer Series","1937","639","515","0.33","https://uploads1.wikiart.org/images/salvador-dali/anatomical-studies-transfer-series.jpg","0439_Anatomical_Studies_-_Transfer_Series_639x515.jpg","44889"
"440","Salvador Dali","salvador-dali","Ant Face","1937","640","1129","0.72","https://uploads7.wikiart.org/images/salvador-dali/ant-face-1937.jpg","0440_Ant_Face_640x1129.jpg","91669"
"441","Salvador Dali","salvador-dali","Average Pagan Landscape","1937","640","472","0.3","https://uploads8.wikiart.org/images/salvador-dali/average-pagan-landscape.jpg","0441_Average_Pagan_Landscape_640x472.jpg","28266"
"442","Salvador Dali","salvador-dali","Cannibalism of the Objects","1937","1193","1600","1.91","https://uploads2.wikiart.org/images/salvador-dali/cannibalism-of-the-objects.jpg","0442_Cannibalism_of_the_Objects_1193x1600.jpg","1048890"
"443","Salvador Dali","salvador-dali","Swans Reflecting Elephants","1937","2402","1600","3.84","https://uploads6.wikiart.org/images/salvador-dali/cygnes-refletant-des-elephants.jpg","0443_Swans_Reflecting_Elephants_2402x1600.jpg","1990593"
"444","Salvador Dali","salvador-dali","Enchanted Beach (Long, Siphon)","1937","640","392","0.25","https://uploads3.wikiart.org/images/salvador-dali/enchanted-beach-long-siphon.jpg","0444_Enchanted_Beach_(Long,_Siphon)_640x392.jpg","26371"
"445","Salvador Dali","salvador-dali","Herodias","1937","640","494","0.32","https://uploads2.wikiart.org/images/salvador-dali/herodias.jpg","0445_Herodias_640x494.jpg","50704"
"446","Salvador Dali","salvador-dali","Invention of the Monsters","1937","2521","1600","4.03","https://uploads1.wikiart.org/images/salvador-dali/invention-of-the-monsters.jpg","0446_Invention_of_the_Monsters_2521x1600.jpg","2742101"
"447","Salvador Dali","salvador-dali","Knights of Death","1937","640","844","0.54","https://uploads1.wikiart.org/images/salvador-dali/knights-of-death.jpg","0447_Knights_of_Death_640x844.jpg","64580"
"448","Salvador Dali","salvador-dali","Mae West Lips Sofa","1937","960","670","0.64","https://uploads8.wikiart.org/images/salvador-dali/mae-west-lips-sofa-1937.jpg","0448_Mae_West_Lips_Sofa_960x670.jpg","146534"
"449","Salvador Dali","salvador-dali","Perspectives","1937","1616","1600","2.59","https://uploads6.wikiart.org/images/salvador-dali/perspectives.jpg","0449_Perspectives_1616x1600.jpg","1397908"
"450","Salvador Dali","salvador-dali","Queen Salome","1937","2463","1600","3.94","https://uploads6.wikiart.org/images/salvador-dali/queen-salome.jpg","0450_Queen_Salome_2463x1600.jpg","2733896"
"451","Salvador Dali","salvador-dali","The Ants","1937","640","836","0.54","https://uploads7.wikiart.org/images/salvador-dali/the-ants-1937.jpg","0451_The_Ants_640x836.jpg","66699"
"452","Salvador Dali","salvador-dali","The Metamorphosis of Narcissus","1937","2427","1596","3.87","https://uploads6.wikiart.org/images/salvador-dali/the-metamorphosis-of-narcissus.jpg","0452_The_Metamorphosis_of_Narcissus_2427x1596.jpg","679944"
"453","Salvador Dali","salvador-dali","Woman with Flower Head","1937","700","538","0.38","https://uploads7.wikiart.org/images/salvador-dali/woman-with-flower-head.jpg","0453_Woman_with_Flower_Head_700x538.jpg","57157"
"454","Salvador Dali","salvador-dali","The Burning Giraffe","1937","400","512","0.2","https://uploads3.wikiart.org/00187/images/salvador-dali/dali2.jpg","0454_The_Burning_Giraffe_400x512.jpg","147469"
"455","Salvador Dali","salvador-dali","Death Knight","1937","554","768","0.43","https://uploads6.wikiart.org/images/salvador-dali/death-knight.jpg","0455_Death_Knight_554x768.jpg","186294"
"456","Salvador Dali","salvador-dali","Aphrodisiac Telephone (Lobster Phone)","1938","1024","1011","1.04","https://uploads0.wikiart.org/00333/images/salvador-dali/dali-museum-st-petersburg.jpg","0456_Aphrodisiac_Telephone_(Lobster_Phone)_1024x1011.jpg","50246"
"457","Salvador Dali","salvador-dali","Aphrodisiac Telephone","1938","588","400","0.24","https://uploads3.wikiart.org/00333/images/salvador-dali/espace-dali-ajp4051.jpg","0457_Aphrodisiac_Telephone_588x400.jpg","88796"
"458","Salvador Dali","salvador-dali","White Aphrodisiac Telephone","1938","1200","798","0.96","https://uploads8.wikiart.org/00333/images/salvador-dali/johannesburg-art-gallery.jpg","0458_White_Aphrodisiac_Telephone_1200x798.jpg","71838"
"459","Salvador Dali","salvador-dali","Lobster Telephone","1938","1190","894","1.06","https://uploads5.wikiart.org/00333/images/salvador-dali/scottish-national-gallery-of-modern-art.jpg","0459_Lobster_Telephone_1190x894.jpg","59373"
"460","Salvador Dali","salvador-dali","Lobster Telephone","1938","564","377","0.21","https://uploads1.wikiart.org/00333/images/salvador-dali/west-dean-college.jpg","0460_Lobster_Telephone_564x377.jpg","38271"
"461","Salvador Dali","salvador-dali","Rainy Taxi (Mannequin Rotting in a Taxi-Cab)","1938","564","522","0.29","https://uploads2.wikiart.org/00301/images/salvador-dali/1-1.jpg","0461_Rainy_Taxi_(Mannequin_Rotting_in_a_Taxi-_564x522.jpg","79477"
"462","Salvador Dali","salvador-dali","Aphrodisiac Telephone","1938","800","605","0.48","https://uploads3.wikiart.org/00301/images/salvador-dali/5033.jpg","0462_Aphrodisiac_Telephone_800x605.jpg","53323"
"463","Salvador Dali","salvador-dali","Apparition of Face and Fruit Dish on a Beach","1938","2088","1600","3.34","https://uploads2.wikiart.org/images/salvador-dali/apparition-of-face-and-fruit-dish-on-a-beach.jpg","0463_Apparition_of_Face_and_Fruit_Dish_on_a_B_2088x1600.jpg","1853894"
"464","Salvador Dali","salvador-dali","Debris of an Automobile Giving Birth to a Blind Horse Biting a Telephone","1938","1860","1600","2.98","https://uploads3.wikiart.org/images/salvador-dali/debris-of-an-automobile-giving-birth-to-a-blind-horse-biting-a-telephone.jpg","0464_Debris_of_an_Automobile_Giving_Birth_to_1860x1600.jpg","1884623"
"465","Salvador Dali","salvador-dali","Enchanted Beach with Three Fluid Graces","1938","640","508","0.33","https://uploads6.wikiart.org/images/salvador-dali/enchanted-beach-with-three-fluid-graces.jpg","0465_Enchanted_Beach_with_Three_Fluid_Graces_640x508.jpg","31402"
"466","Salvador Dali","salvador-dali","Imperial Violets","1938","750","536","0.4","https://uploads6.wikiart.org/images/salvador-dali/imperial-violets-1938.jpg","0466_Imperial_Violets_750x536.jpg","57893"
"467","Salvador Dali","salvador-dali","Impression of Africa","1938","2020","1600","3.23","https://uploads1.wikiart.org/images/salvador-dali/impression-of-africa-1938.jpg","0467_Impression_of_Africa_2020x1600.jpg","1639359"
"468","Salvador Dali","salvador-dali","Invisible Afghan with the Apparition on the Beach of the Face of Garcia Lorca in the Form of a Fruit Dish with Three Figs","1938","640","507","0.32","https://uploads7.wikiart.org/images/salvador-dali/invisible-afghan-with-the-apparition-on-the-beach-of-the-face-of-garcia-lorca-in-the-form-of-a.jpg","0468_Invisible_Afghan_with_the_Apparition_on_640x507.jpg","62132"
"469","Salvador Dali","salvador-dali","Landscape with Telephones on a Plate","1938","743","550","0.41","https://uploads3.wikiart.org/images/salvador-dali/landscape-with-telephones-on-a-plate.jpg","0469_Landscape_with_Telephones_on_a_Plate_743x550.jpg","89582"
"470","Salvador Dali","salvador-dali","Lobster Telephone","1938","791","568","0.45","https://uploads7.wikiart.org/images/salvador-dali/lobster-telephone-1938.jpg","0470_Lobster_Telephone_791x568.jpg","23300"
"471","Salvador Dali","salvador-dali","Lobster Telephone","1938","959","737","0.71","https://uploads1.wikiart.org/00333/images/salvador-dali/centro-cultural-de-bel-m-1.jpg","0471_Lobster_Telephone_959x737.jpg","160791"
"472","Salvador Dali","salvador-dali","Mountain Lake","1938","1976","1600","3.16","https://uploads7.wikiart.org/images/salvador-dali/mountain-lake.jpg","0472_Mountain_Lake_1976x1600.jpg","1699538"
"473","Salvador Dali","salvador-dali","Drawing For ""Bacchanale"": Ludwig II Of Bavaria","1938","2279","1600","3.65","https://uploads4.wikiart.org/images/salvador-dali/not_detected_221205.jpg","0473_Drawing_For_Bacchanale_Ludwig_II_Of_Bava_2279x1600.jpg","2590823"
"474","Salvador Dali","salvador-dali","Palladio's Corridor of Dramatic Surprise","1938","2223","1600","3.56","https://uploads3.wikiart.org/images/salvador-dali/palladio-s-corridor-of-dramatic-surprise-1938.jpg","0474_Palladio's_Corridor_of_Dramatic_Surprise_2223x1600.jpg","2615653"
"475","Salvador Dali","salvador-dali","Palladio's Thalia Corridoe","1938","1224","1600","1.96","https://uploads2.wikiart.org/images/salvador-dali/palladio-s-thalia-corridoe.jpg","0475_Palladio's_Thalia_Corridoe_1224x1600.jpg","1095739"
"476","Salvador Dali","salvador-dali","Spain","1938","1110","1600","1.78","https://uploads4.wikiart.org/images/salvador-dali/spain-1938.jpg","0476_Spain_1110x1600.jpg","946495"
"477","Salvador Dali","salvador-dali","The Alert","1938","1219","1600","1.95","https://uploads3.wikiart.org/images/salvador-dali/the-alert.jpg","0477_The_Alert_1219x1600.jpg","1384585"
"478","Salvador Dali","salvador-dali","The Endless Enigma","1938","2038","1600","3.26","https://uploads3.wikiart.org/images/salvador-dali/the-endless-enigma.jpg","0478_The_Endless_Enigma_2038x1600.jpg","1802063"
"479","Salvador Dali","salvador-dali","The Enigma of Hitler","1938","2291","1600","3.67","https://uploads5.wikiart.org/images/salvador-dali/the-enigma-of-hitler.jpg","0479_The_Enigma_of_Hitler_2291x1600.jpg","2146601"
"480","Salvador Dali","salvador-dali","The Sublime Moment","1938","1973","1600","3.16","https://uploads3.wikiart.org/images/salvador-dali/the-sublime-moment.jpg","0480_The_Sublime_Moment_1973x1600.jpg","1699011"
"481","Salvador Dali","salvador-dali","The Transparent Simulacrum of the Feigned Image","1938","2040","1600","3.26","https://uploads5.wikiart.org/images/salvador-dali/the-transparent-simulacrum-of-the-feigned-image.jpg","0481_The_Transparent_Simulacrum_of_the_Feigne_2040x1600.jpg","2132275"
"482","Salvador Dali","salvador-dali","The Enchanted Beach","1938","1600","1200","1.92","https://uploads4.wikiart.org/images/salvador-dali/the-enchanted-beach.jpg","0482_The_Enchanted_Beach_1600x1200.jpg","135937"
"483","Salvador Dali","salvador-dali","The Dream of Venus for the New York World’s Fair","1939","720","493","0.35","https://uploads0.wikiart.org/00301/images/salvador-dali/1.jpg","0483_The_Dream_of_Venus_for_the_New_York_Worl_720x493.jpg","52125"
"484","Salvador Dali","salvador-dali","Actress Betty Stockfeld Is Metamorphosed into a Nurse","1939","640","942","0.6","https://uploads2.wikiart.org/images/salvador-dali/actress-betty-stockfeld-is-metamorphosed-into-a-nurse.jpg","0484_Actress_Betty_Stockfeld_Is_Metamorphosed_640x942.jpg","137635"
"485","Salvador Dali","salvador-dali","Baby Map of the World","1939","1281","1600","2.05","https://uploads6.wikiart.org/images/salvador-dali/baby-map-of-the-world.jpg","0485_Baby_Map_of_the_World_1281x1600.jpg","1523021"
"486","Salvador Dali","salvador-dali","Ballerina in a Death's Head","1939","640","815","0.52","https://uploads3.wikiart.org/images/salvador-dali/ballerina-in-a-death-s-head.jpg","0486_Ballerina_in_a_Death's_Head_640x815.jpg","66641"
"487","Salvador Dali","salvador-dali","Bulgarian Child Eating a Rat","1939","1360","1600","2.18","https://uploads4.wikiart.org/images/salvador-dali/bulgarian-child-eating-a-rat.jpg","0487_Bulgarian_Child_Eating_a_Rat_1360x1600.jpg","772278"
"488","Salvador Dali","salvador-dali","Mad Tristan","1939","1887","1600","3.02","https://uploads5.wikiart.org/images/salvador-dali/mad-tristan.jpg","0488_Mad_Tristan_1887x1600.jpg","1559586"
"489","Salvador Dali","salvador-dali","Metamorphosis of the Five Allegories of Giovanni Bellini","1939","1052","1600","1.68","https://uploads5.wikiart.org/images/salvador-dali/metamorphosis-of-the-five-allegories-of-giovanni-bellini.jpg","0489_Metamorphosis_of_the_Five_Allegories_of_1052x1600.jpg","1108981"
"490","Salvador Dali","salvador-dali","Philosopher Illuminated by the Light of the Moon and the Setting Sun","1939","1929","1600","3.09","https://uploads8.wikiart.org/images/salvador-dali/philosopher-illuminated-by-the-light-of-the-moon-and-the-setting-sun.jpg","0490_Philosopher_Illuminated_by_the_Light_of_1929x1600.jpg","1535244"
"491","Salvador Dali","salvador-dali","Psychoanalysis and Morphology Meet","1939","640","340","0.22","https://uploads1.wikiart.org/images/salvador-dali/psychoanalysis-and-morphology-meet.jpg","0491_Psychoanalysis_and_Morphology_Meet_640x340.jpg","24619"
"492","Salvador Dali","salvador-dali","Set for 'Bacchanale'","1939","750","574","0.43","https://uploads3.wikiart.org/images/salvador-dali/set-for-bacchanale.jpg","0492_Set_for_'Bacchanale'_750x574.jpg","87299"
"493","Salvador Dali","salvador-dali","Shirley Temple","1939","2008","1600","3.21","https://uploads8.wikiart.org/images/salvador-dali/shirley-temple.jpg","0493_Shirley_Temple_2008x1600.jpg","1713654"
"494","Salvador Dali","salvador-dali","The Dream of Venus","1939","640","338","0.22","https://uploads3.wikiart.org/images/salvador-dali/the-dream-of-venus.jpg","0494_The_Dream_of_Venus_640x338.jpg","27577"
"495","Salvador Dali","salvador-dali","Untitled - Figure (unfinished)","1939","640","1558","1","https://uploads2.wikiart.org/images/salvador-dali/untitled-figure-unfinished.jpg","0495_Untitled_-_Figure_(unfinished)_640x1558.jpg","137598"
"496","Salvador Dali","salvador-dali","Group of Women Imitating the Gestures of a Schooner","1940","640","541","0.35","https://uploads0.wikiart.org/images/salvador-dali/group-of-women-imitating-the-gestures-of-a-schooner.jpg","0496_Group_of_Women_Imitating_the_Gestures_of_640x541.jpg","76855"
"497","Salvador Dali","salvador-dali","March of Time Comittee - Papillon","1940","640","459","0.29","https://uploads7.wikiart.org/images/salvador-dali/march-of-time-comittee-papillon.jpg","0497_March_of_Time_Comittee_-_Papillon_640x459.jpg","42240"
"498","Salvador Dali","salvador-dali","Slave Market with the Disappearing Bust of Voltaire","1940","1072","745","0.8","https://uploads8.wikiart.org/images/salvador-dali/slave-market-with-the-disappearing-bust-of-voltaire-1940(1).jpg","0498_Slave_Market_with_the_Disappearing_Bust_1072x745.jpg","159805"
"499","Salvador Dali","salvador-dali","Spider Of The Evening","1940","2056","1600","3.29","https://uploads6.wikiart.org/images/salvador-dali/spider-of-the-evening.jpg","0499_Spider_Of_The_Evening_2056x1600.jpg","2174314"
"500","Salvador Dali","salvador-dali","Two Pieces of Bread Expressing the Sentiment of Love","1940","1986","1600","3.18","https://uploads1.wikiart.org/images/salvador-dali/two-pieces-of-bread-expressing-the-sentiment-of-love.jpg","0500_Two_Pieces_of_Bread_Expressing_the_Senti_1986x1600.jpg","1910704"
"501","Salvador Dali","salvador-dali","Book Transforming Itself into a Nude Woman","1940","750","610","0.46","https://uploads0.wikiart.org/images/salvador-dali/book-transforming-itself-into-a-nude-woman.jpg","0501_Book_Transforming_Itself_into_a_Nude_Wom_750x610.jpg","72491"
"502","Salvador Dali","salvador-dali","Corrosive","1940","1000","795","0.8","https://uploads3.wikiart.org/images/salvador-dali/corrosive.jpg","0502_Corrosive_1000x795.jpg","109338"
"503","Salvador Dali","salvador-dali","The Three Ages","1940","2193","1707","3.74","https://uploads8.wikiart.org/images/salvador-dali/the-three-ages.jpg","0503_The_Three_Ages_2193x1707.jpg","384116"
"504","Salvador Dali","salvador-dali","Portrait of Lady Louis Mountbatten (1940}","1940","500","646","0.32","https://uploads4.wikiart.org/00152/images/salvador-dali/zzz-lady-louis-mountbatten-1940-salvador-dali.jpg","0504_Portrait_of_Lady_Louis_Mountbatten_(1940_500x646.jpg","76186"
"505","Salvador Dali","salvador-dali","Allegory of Sunset Air (Allegory of the Everning)","1941","640","942","0.6","https://uploads1.wikiart.org/images/salvador-dali/allegory-of-sunset-air-allegory-of-the-everning-1941.jpg","0505_Allegory_of_Sunset_Air_(Allegory_of_the_640x942.jpg","92044"
"506","Salvador Dali","salvador-dali","Car Clothing (Clothed Automobile)","1941","1213","1600","1.94","https://uploads7.wikiart.org/images/salvador-dali/car-clothing-clothed-automobile.jpg","0506_Car_Clothing_(Clothed_Automobile)_1213x1600.jpg","1028375"
"507","Salvador Dali","salvador-dali","Costume for a Nude with a Codfish Tail","1941","1154","1600","1.85","https://uploads5.wikiart.org/images/salvador-dali/costume-for-a-nude-with-a-codfish-tail.jpg","0507_Costume_for_a_Nude_with_a_Codfish_Tail_1154x1600.jpg","1207626"
"508","Salvador Dali","salvador-dali","Design for Set Curtain for Labyrinth I","1941","2625","1600","4.2","https://uploads5.wikiart.org/images/salvador-dali/design-for-set-curtain-for-labyrinth-i.jpg","0508_Design_for_Set_Curtain_for_Labyrinth_I_2625x1600.jpg","2713494"
"509","Salvador Dali","salvador-dali","Invisible Bust of Voltaire","1941","1961","1600","3.14","https://uploads2.wikiart.org/images/salvador-dali/invisible-bust-of-voltaire.jpg","0509_Invisible_Bust_of_Voltaire_1961x1600.jpg","2248207"
"510","Salvador Dali","salvador-dali","Labyrinth II","1941","700","573","0.4","https://uploads6.wikiart.org/images/salvador-dali/labyrinth-ii.jpg","0510_Labyrinth_II_700x573.jpg","97508"
"511","Salvador Dali","salvador-dali","Mysterious Mouth Appearing in the Back of My Nurse","1941","640","951","0.61","https://uploads8.wikiart.org/images/salvador-dali/mysterious-mouth-appearing-in-the-back-of-my-nurse.jpg","0511_Mysterious_Mouth_Appearing_in_the_Back_o_640x951.jpg","99878"
"512","Salvador Dali","salvador-dali","Honey is Sweeter than Blood","1941","1838","1600","2.94","https://uploads4.wikiart.org/images/salvador-dali/not_detected_221209.jpg","0512_Honey_is_Sweeter_than_Blood_1838x1600.jpg","1450265"
"513","Salvador Dali","salvador-dali","Original Sin","1941","640","495","0.32","https://uploads6.wikiart.org/images/salvador-dali/original-sin.jpg","0513_Original_Sin_640x495.jpg","35923"
"514","Salvador Dali","salvador-dali","Portrait of Gala","1941","454","650","0.3","https://uploads3.wikiart.org/images/salvador-dali/portrait-of-gala-1.jpg","0514_Portrait_of_Gala_454x650.jpg","46987"
"515","Salvador Dali","salvador-dali","Portrait of Mrs. George Tait, II","1941","640","797","0.51","https://uploads6.wikiart.org/images/salvador-dali/portrait-of-mrs-george-tait-ii.jpg","0515_Portrait_of_Mrs._George_Tait,_II_640x797.jpg","88540"
"516","Salvador Dali","salvador-dali","Ruin with Head of Medusa and Landscape","1941","494","700","0.35","https://uploads1.wikiart.org/images/salvador-dali/ruin-with-head-of-medusa-and-landscape-1941.jpg","0516_Ruin_with_Head_of_Medusa_and_Landscape_494x700.jpg","48200"
"517","Salvador Dali","salvador-dali","Soft Self-Portrait with Fried Bacon","1941","1301","1600","2.08","https://uploads2.wikiart.org/images/salvador-dali/soft-self-portrait-with-fried-bacon.jpg","0517_Soft_Self-Portrait_with_Fried_Bacon_1301x1600.jpg","815852"
"518","Salvador Dali","salvador-dali","Temple - Sketch for a Set Design","1941","640","442","0.28","https://uploads6.wikiart.org/images/salvador-dali/temple-sketch-for-a-set-design.jpg","0518_Temple_-_Sketch_for_a_Set_Design_640x442.jpg","49126"
"519","Salvador Dali","salvador-dali","The Face of War","1941","1874","1600","3","https://uploads5.wikiart.org/images/salvador-dali/the-face-of-war-1941.jpg","0519_The_Face_of_War_1874x1600.jpg","1390378"
"520","Salvador Dali","salvador-dali","The Golden Age - Family of Marsupial Centaurs","1941","640","559","0.36","https://uploads6.wikiart.org/images/salvador-dali/the-golden-age-family-of-marsupial-centaurs-1941.jpg","0520_The_Golden_Age_-_Family_of_Marsupial_Cen_640x559.jpg","62826"
"521","Salvador Dali","salvador-dali","The Triumph of Nautilus","1941","640","576","0.37","https://uploads8.wikiart.org/images/salvador-dali/the-triumph-of-nautilus.jpg","0521_The_Triumph_of_Nautilus_640x576.jpg","69427"
"522","Salvador Dali","salvador-dali","Portrait of Marquis George de Cuevas","1942","800","1003","0.8","https://uploads6.wikiart.org/00175/images/salvador-dali/portrait-of-marquis-george-de-cuevas.jpg","0522_Portrait_of_Marquis_George_de_Cuevas_800x1003.jpg","287458"
"523","Salvador Dali","salvador-dali","portrait of Mrs Charles Swift","1942","800","1073","0.86","https://uploads5.wikiart.org/00156/images/salvador-dali/zzzzz-mrs-charles-swift-1942.jpg","0523_portrait_of_Mrs_Charles_Swift_800x1073.jpg","330460"
"524","Salvador Dali","salvador-dali","Nu dans la plaine de Rosas","1942","514","512","0.26","https://uploads7.wikiart.org/00153/images/salvador-dali/salvadore-dali-nu-dans-la-plaine-de-rosas-1942.Jpeg","0524_Nu_dans_la_plaine_de_Rosas_514x512.Jpeg","175849"
"525","Salvador Dali","salvador-dali","Portrait of Mrs. Ortiz De Linares","1942","566","702","0.4","https://uploads0.wikiart.org/00152/images/salvador-dali/zzz-portrait-of-mrs-ortiz-de-linares-1942.jpg","0525_Portrait_of_Mrs._Ortiz_De_Linares_566x702.jpg","66659"
"526","Salvador Dali","salvador-dali","Birth of a New World","1942","640","499","0.32","https://uploads5.wikiart.org/images/salvador-dali/birth-of-a-new-world.jpg","0526_Birth_of_a_New_World_640x499.jpg","73690"
"527","Salvador Dali","salvador-dali","Decor for 'Romeo et Juliet'","1942","2532","1600","4.05","https://uploads1.wikiart.org/images/salvador-dali/decor-for-romeo-et-juliet.jpg","0527_Decor_for_'Romeo_et_Juliet'_2532x1600.jpg","2868489"
"528","Salvador Dali","salvador-dali","Design for a poster for 'The Secret Life of Salvador Dali'","1942","640","640","0.41","https://uploads5.wikiart.org/images/salvador-dali/design-for-a-poster-for-the-secret-life-of-salvador-dali.jpg","0528_Design_for_a_poster_for_'The_Secret_Life_640x640.jpg","71449"
"529","Salvador Dali","salvador-dali","Design for the set of 'Romeo and Juliet'","1942","640","463","0.3","https://uploads5.wikiart.org/images/salvador-dali/design-for-the-set-of-romeo-and-juliet.jpg","0529_Design_for_the_set_of_'Romeo_and_Juliet'_640x463.jpg","47274"
"530","Salvador Dali","salvador-dali","Design for the set of 'Romeo and Juliet' (backdrops and wing flats)","1942","640","319","0.2","https://uploads3.wikiart.org/images/salvador-dali/design-for-the-set-of-romeo-and-juliet-backdrops-and-wing-flats.jpg","0530_Design_for_the_set_of_'Romeo_and_Juliet'_640x319.jpg","52860"
"531","Salvador Dali","salvador-dali","Equestrian Parade (possibly Set Design for 'Romeo and Juliet')","1942","640","366","0.23","https://uploads7.wikiart.org/images/salvador-dali/equestrian-parade-possibly-set-design-for-romeo-and-juliet.jpg","0531_Equestrian_Parade_(possibly_Set_Design_f_640x366.jpg","71295"
"532","Salvador Dali","salvador-dali","Juliet's Tomb","1942","1508","1600","2.41","https://uploads7.wikiart.org/images/salvador-dali/juliet-s-tomb.jpg","0532_Juliet's_Tomb_1508x1600.jpg","1495045"
"533","Salvador Dali","salvador-dali","Melancholy","1942","1198","1600","1.92","https://uploads4.wikiart.org/images/salvador-dali/melancholy.jpg","0533_Melancholy_1198x1600.jpg","835223"
"534","Salvador Dali","salvador-dali","Mural Painting for Helena Rubinstein (panel 1)","1942","640","853","0.55","https://uploads2.wikiart.org/images/salvador-dali/mural-painting-for-helena-rubinstein-panel-1.jpg","0534_Mural_Painting_for_Helena_Rubinstein_(pa_640x853.jpg","90286"
"535","Salvador Dali","salvador-dali","Mural Painting for Helena Rubinstein (panel 2)","1942","640","482","0.31","https://uploads2.wikiart.org/images/salvador-dali/mural-painting-for-helena-rubinstein-panel-2.jpg","0535_Mural_Painting_for_Helena_Rubinstein_(pa_640x482.jpg","44003"
"536","Salvador Dali","salvador-dali","Mural Painting for Helena Rubinstein (panel 3)","1942","640","891","0.57","https://uploads2.wikiart.org/images/salvador-dali/mural-painting-for-helena-rubinstein-panel-3.jpg","0536_Mural_Painting_for_Helena_Rubinstein_(pa_640x891.jpg","82401"
"537","Salvador Dali","salvador-dali","Nude on the Plain of Rosas","1942","640","615","0.39","https://uploads2.wikiart.org/images/salvador-dali/nude-on-the-plain-of-rosas.jpg","0537_Nude_on_the_Plain_of_Rosas_640x615.jpg","57984"
"538","Salvador Dali","salvador-dali","Portrait of Mrs. Luther Greene","1942","640","777","0.5","https://uploads5.wikiart.org/images/salvador-dali/portrait-of-mrs-luther-greene.jpg","0538_Portrait_of_Mrs._Luther_Greene_640x777.jpg","73661"
"539","Salvador Dali","salvador-dali","Portrait of Mrs. Ortiz-Linares","1942","640","780","0.5","https://uploads5.wikiart.org/images/salvador-dali/portrait-of-mrs-ortiz-linares.jpg","0539_Portrait_of_Mrs._Ortiz-Linares_640x780.jpg","87259"
"540","Salvador Dali","salvador-dali","Portrait of the Marquis De Cuevas","1942","640","863","0.55","https://uploads0.wikiart.org/images/salvador-dali/portrait-of-the-marquis-de-cuevas.jpg","0540_Portrait_of_the_Marquis_De_Cuevas_640x863.jpg","112758"
"541","Salvador Dali","salvador-dali","Romeo and Juliet Memorial","1942","640","484","0.31","https://uploads1.wikiart.org/images/salvador-dali/romeo-and-juliet-memorial.jpg","0541_Romeo_and_Juliet_Memorial_640x484.jpg","58450"
"542","Salvador Dali","salvador-dali","Saint George and the Dragon","1942","640","505","0.32","https://uploads3.wikiart.org/images/salvador-dali/saint-george-and-the-dragon.jpg","0542_Saint_George_and_the_Dragon_640x505.jpg","65036"
"543","Salvador Dali","salvador-dali","Sheep","1942","1024","723","0.74","https://uploads8.wikiart.org/images/salvador-dali/sheep.jpg","0543_Sheep_1024x723.jpg","704818"
"544","Salvador Dali","salvador-dali","Study for the set of 'Romeo and Juliet'","1942","640","371","0.24","https://uploads4.wikiart.org/images/salvador-dali/study-for-the-set-of-romeo-and-juliet.jpg","0544_Study_for_the_set_of_'Romeo_and_Juliet'_640x371.jpg","53154"
"545","Salvador Dali","salvador-dali","The Flames, They Call","1942","640","765","0.49","https://uploads5.wikiart.org/images/salvador-dali/the-flames-they-call.jpg","0545_The_Flames,_They_Call_640x765.jpg","70307"
"546","Salvador Dali","salvador-dali","The Two on the Cross","1942","640","708","0.45","https://uploads5.wikiart.org/images/salvador-dali/the-two-on-the-cross.jpg","0546_The_Two_on_the_Cross_640x708.jpg","95052"
"547","Salvador Dali","salvador-dali","Two Harlequins","1942","640","507","0.32","https://uploads4.wikiart.org/images/salvador-dali/two-harlequins-1942.jpg","0547_Two_Harlequins_640x507.jpg","31911"
"548","Salvador Dali","salvador-dali","Untitled - for the campaign against venereal disease","1942","640","786","0.5","https://uploads8.wikiart.org/images/salvador-dali/untitled-for-the-campaign-against-venereal-disease.jpg","0548_Untitled_-_for_the_campaign_against_vene_640x786.jpg","83834"
"549","Salvador Dali","salvador-dali","Untitled - Set Design (Figures Cut in Three)","1942","640","1661","1.06","https://uploads7.wikiart.org/images/salvador-dali/untitled-set-design-figures-cut-in-three.jpg","0549_Untitled_-_Set_Design_(Figures_Cut_in_Th_640x1661.jpg","100331"
"550","Salvador Dali","salvador-dali","Reclining girl in sheep","1942","1307","1600","2.09","https://uploads8.wikiart.org/images/salvador-dali/reclining-girl-in-sheep.jpg","0550_Reclining_girl_in_sheep_1307x1600.jpg","1241716"
"551","Salvador Dali","salvador-dali","Portrait of Dorothy Spreckels Munn, (1942)","1942","648","800","0.52","https://uploads8.wikiart.org/00152/images/salvador-dali/zzz-salvadore-dali-portrait-of-dorothy-spreckels-munn-1942.jpg","0551_Portrait_of_Dorothy_Spreckels_Munn,_(194_648x800.jpg","412917"
"552","Salvador Dali","salvador-dali","Geopolitical Child Watching the Birth of the New Man","1943","1738","1600","2.78","https://uploads6.wikiart.org/images/salvador-dali/geopolitical-child-watching-the-birth-of-the-new-man-1943.jpg","0552_Geopolitical_Child_Watching_the_Birth_of_1738x1600.jpg","1408876"
"553","Salvador Dali","salvador-dali","Madonna","1943","640","1224","0.78","https://uploads1.wikiart.org/images/salvador-dali/madonna.jpg","0553_Madonna_640x1224.jpg","143590"
"554","Salvador Dali","salvador-dali","Painting for the backdrop of 'Cafe De Chinitas'","1943","640","440","0.28","https://uploads3.wikiart.org/images/salvador-dali/painting-for-the-backdrop-of-cafe-de-chinitas.jpg","0554_Painting_for_the_backdrop_of_'Cafe_De_Ch_640x440.jpg","43964"
"555","Salvador Dali","salvador-dali","Portrait of Ambassador Cardenas","1943","640","758","0.49","https://uploads7.wikiart.org/images/salvador-dali/portrait-of-ambassador-cardenas.jpg","0555_Portrait_of_Ambassador_Cardenas_640x758.jpg","75396"
"556","Salvador Dali","salvador-dali","Portrait of Mrs. Harrison Williams","1943","640","986","0.63","https://uploads0.wikiart.org/images/salvador-dali/portrait-of-mrs-harrison-williams.jpg","0556_Portrait_of_Mrs._Harrison_Williams_640x986.jpg","139310"
"557","Salvador Dali","salvador-dali","Princess Arthchil Gourielli (Helena Rubinstein)","1943","1113","1600","1.78","https://uploads3.wikiart.org/images/salvador-dali/princess-arthchil-gourielli-helena-rubinstein.jpg","0557_Princess_Arthchil_Gourielli_(Helena_Rubi_1113x1600.jpg","1028146"
"558","Salvador Dali","salvador-dali","Stage Curtain for the Ballet 'Cafe De Chinitas'","1943","640","498","0.32","https://uploads3.wikiart.org/images/salvador-dali/stage-curtain-for-the-ballet-cafe-de-chinitas.jpg","0558_Stage_Curtain_for_the_Ballet_'Cafe_De_Ch_640x498.jpg","59427"
"559","Salvador Dali","salvador-dali","The Poetry of America (unfinished)","1943","677","1094","0.74","https://uploads8.wikiart.org/images/salvador-dali/the-poetry-of-america-unfinished.jpg","0559_The_Poetry_of_America_(unfinished)_677x1094.jpg","194909"
"560","Salvador Dali","salvador-dali","The Triumph of Tourbillon","1943","640","494","0.32","https://uploads1.wikiart.org/images/salvador-dali/the-triumph-of-tourbillon.jpg","0560_The_Triumph_of_Tourbillon_640x494.jpg","82793"
"561","Salvador Dali","salvador-dali","Portrait of the  Princess Arthchild Gourielli Helena Rubinstein (1943)","1943","650","650","0.42","https://uploads2.wikiart.org/00152/images/salvador-dali/zzz-salvador-dali-princess-arthchild-gourielli-helena-rubinstein1943.jpeg","0561_Portrait_of_the_Princess_Arthchild_Gouri_650x650.jpeg","43949"
"562","Salvador Dali","salvador-dali","The God of the Bay of Roses","1944","800","579","0.46","https://uploads6.wikiart.org/00175/images/salvador-dali/the-god-of-the-bay-of-roses.jpg","0562_The_God_of_the_Bay_of_Roses_800x579.jpg","63705"
"563","Salvador Dali","salvador-dali","Dance","1944","640","510","0.33","https://uploads8.wikiart.org/images/salvador-dali/dance.jpg","0563_Dance_640x510.jpg","67220"
"564","Salvador Dali","salvador-dali","Dream Caused by the Flight of a Bee around a Pomegranate a Second before Awakening","1944","1139","1437","1.64","https://uploads3.wikiart.org/00183/images/salvador-dali/624-1.jpg","0564_Dream_Caused_by_the_Flight_of_a_Bee_arou_1139x1437.jpg","339638"
"565","Salvador Dali","salvador-dali","Music - The Red Orchestra","1944","640","656","0.42","https://uploads8.wikiart.org/images/salvador-dali/music-the-red-orchestra.jpg","0565_Music_-_The_Red_Orchestra_640x656.jpg","63484"
"566","Salvador Dali","salvador-dali","Paranoia (Surrealist Figures)","1944","640","890","0.57","https://uploads3.wikiart.org/images/salvador-dali/paranoia-surrealist-figures.jpg","0566_Paranoia_(Surrealist_Figures)_640x890.jpg","87507"
"567","Salvador Dali","salvador-dali","Study for Sentimental Colloquy","1944","2811","1600","4.5","https://uploads6.wikiart.org/images/salvador-dali/study-for-sentimental-colloquy.jpg","0567_Study_for_Sentimental_Colloquy_2811x1600.jpg","3202380"
"568","Salvador Dali","salvador-dali","Study for the Backdrop of 'Mad Tristan' (Act II)","1944","640","403","0.26","https://uploads2.wikiart.org/images/salvador-dali/study-for-the-backdrop-of-mad-tristan-act-ii.jpg","0568_Study_for_the_Backdrop_of_'Mad_Tristan'_640x403.jpg","37470"
"569","Salvador Dali","salvador-dali","Study for the Set of the Ballet 'Tristan Insane'","1944","640","352","0.23","https://uploads4.wikiart.org/images/salvador-dali/study-for-the-set-of-the-ballet-tristan-insane.jpg","0569_Study_for_the_Set_of_the_Ballet_'Tristan_640x352.jpg","54373"
"570","Salvador Dali","salvador-dali","Tristan and Isolde","1944","2773","1600","4.44","https://uploads3.wikiart.org/images/salvador-dali/tristan-and-isolde.jpg","0570_Tristan_and_Isolde_2773x1600.jpg","3102156"
"571","Salvador Dali","salvador-dali","Untitled - Design for the ball in the dream sequence in 'Spellbound'","1944","640","527","0.34","https://uploads4.wikiart.org/images/salvador-dali/untitled-design-for-the-ball-in-the-dream-sequence-in-spellbound.jpg","0571_Untitled_-_Design_for_the_ball_in_the_dr_640x527.jpg","28813"
"572","Salvador Dali","salvador-dali","Untitled - The Seven Arts","1944","640","364","0.23","https://uploads8.wikiart.org/images/salvador-dali/untitled-the-seven-arts.jpg","0572_Untitled_-_The_Seven_Arts_640x364.jpg","37612"
"573","Salvador Dali","salvador-dali","Untitled -The Seven Arts","1944","640","505","0.32","https://uploads1.wikiart.org/images/salvador-dali/untitled-the-seven-arts-1.jpg","0573_Untitled_-The_Seven_Arts_640x505.jpg","57907"
"574","Salvador Dali","salvador-dali","Portrait of a Passionate Woman","1945","700","687","0.48","https://uploads2.wikiart.org/00152/images/salvador-dali/zzz-salvador-dali-portrait-of-a-passionate-woman1945.jpg","0574_Portrait_of_a_Passionate_Woman_700x687.jpg","85897"
"575","Salvador Dali","salvador-dali","Autumn Sonata","1945","2984","1600","4.77","https://uploads7.wikiart.org/images/salvador-dali/autumn-sonata.jpg","0575_Autumn_Sonata_2984x1600.jpg","3570435"
"576","Salvador Dali","salvador-dali","Design for the Film 'Spellbound' (1)","1945","640","494","0.32","https://uploads8.wikiart.org/images/salvador-dali/design-for-the-film-spellbound-1.jpg","0576_Design_for_the_Film_'Spellbound'_(1)_640x494.jpg","33139"
"577","Salvador Dali","salvador-dali","Design for the Film 'Spellbound' (2)","1945","640","493","0.32","https://uploads8.wikiart.org/images/salvador-dali/design-for-the-film-spellbound-2.jpg","0577_Design_for_the_Film_'Spellbound'_(2)_640x493.jpg","31955"
"578","Salvador Dali","salvador-dali","Design for the set of the film 'Spellbound'","1945","640","518","0.33","https://uploads8.wikiart.org/images/salvador-dali/design-for-the-set-of-the-film-spellbound.jpg","0578_Design_for_the_set_of_the_film_'Spellbou_640x518.jpg","48181"
"579","Salvador Dali","salvador-dali","Don Quixote and the Windmills","1945","2084","1600","3.33","https://uploads5.wikiart.org/images/salvador-dali/don-quixote-and-the-windmills.jpg","0579_Don_Quixote_and_the_Windmills_2084x1600.jpg","2142773"
"580","Salvador Dali","salvador-dali","Fountain of Milk Spreading Itself Uselessly on Three Shoes","1945","1983","1600","3.17","https://uploads7.wikiart.org/images/salvador-dali/fountain-of-milk-spreading-itself-uselessly-on-three-shoes.jpg","0580_Fountain_of_Milk_Spreading_Itself_Useles_1983x1600.jpg","2336588"
"581","Salvador Dali","salvador-dali","Galarina","1945","791","1094","0.87","https://uploads7.wikiart.org/images/salvador-dali/galarina-1945.jpg","0581_Galarina_791x1094.jpg","712524"
"582","Salvador Dali","salvador-dali","My Wife, Nude, Contemplating Her Own Flesh Becoming Stairs, Three Vertebrae of a Column, Sky and Architecture","1945","1349","1600","2.16","https://uploads5.wikiart.org/images/salvador-dali/my-wife-nude-contemplating-her-own-flesh-becoming-stairs-three-vertebrae-of-a-column-sky-and.jpg","0582_My_Wife,_Nude,_Contemplating_Her_Own_Fle_1349x1600.jpg","942839"
"583","Salvador Dali","salvador-dali","Portrait of Frau. Isabel Styler-Tas","1945","2023","1600","3.24","https://uploads1.wikiart.org/images/salvador-dali/portrait-of-frau-isabel-styler-tas.jpg","0583_Portrait_of_Frau._Isabel_Styler-Tas_2023x1600.jpg","1470076"
"584","Salvador Dali","salvador-dali","Resurrection of the Flesh","1945","1239","1600","1.98","https://uploads1.wikiart.org/images/salvador-dali/resurrection-of-the-flesh.jpg","0584_Resurrection_of_the_Flesh_1239x1600.jpg","1149964"
"585","Salvador Dali","salvador-dali","Spellbound","1945","640","461","0.3","https://uploads4.wikiart.org/images/salvador-dali/spellbound.jpg","0585_Spellbound_640x461.jpg","62540"
"586","Salvador Dali","salvador-dali","The Bread Basket","1945","1024","956","0.98","https://uploads1.wikiart.org/images/salvador-dali/the-bread-basket.jpg","0586_The_Bread_Basket_1024x956.jpg","749031"
"587","Salvador Dali","salvador-dali","The Broken Bridge and the Dream","1945","640","464","0.3","https://uploads7.wikiart.org/images/salvador-dali/the-broken-bridge-and-the-dream.jpg","0587_The_Broken_Bridge_and_the_Dream_640x464.jpg","49693"
"588","Salvador Dali","salvador-dali","The Eye","1945","640","475","0.3","https://uploads1.wikiart.org/images/salvador-dali/the-eye.jpg","0588_The_Eye_640x475.jpg","23972"
"589","Salvador Dali","salvador-dali","Three Apparitions of the Visage of Gala","1945","2050","1600","3.28","https://uploads6.wikiart.org/images/salvador-dali/three-apparitions-of-the-visage-of-gala.jpg","0589_Three_Apparitions_of_the_Visage_of_Gala_2050x1600.jpg","2171310"
"590","Salvador Dali","salvador-dali","Untitled - Portrait of a Woman","1945","640","880","0.56","https://uploads4.wikiart.org/images/salvador-dali/untitled-portrait-of-a-woman.jpg","0590_Untitled_-_Portrait_of_a_Woman_640x880.jpg","98716"
"591","Salvador Dali","salvador-dali","Untitled - Scene with Marine Allegory","1945","640","273","0.17","https://uploads2.wikiart.org/images/salvador-dali/untitled-scene-with-marine-allegory.jpg","0591_Untitled_-_Scene_with_Marine_Allegory_640x273.jpg","35473"
"592","Salvador Dali","salvador-dali","Victory (Woman Metamorphosing Into A Boat With Angels)","1945","640","847","0.54","https://uploads1.wikiart.org/images/salvador-dali/victory-woman-metamorphosing-into-a-boat-with-angels.jpg","0592_Victory_(Woman_Metamorphosing_Into_A_Boa_640x847.jpg","135966"
"593","Salvador Dali","salvador-dali","Melancholy Atomic","1945","2020","1600","3.23","https://uploads2.wikiart.org/images/salvador-dali/melancholy-atomic.jpg","0593_Melancholy_Atomic_2020x1600.jpg","1519191"
"594","Salvador Dali","salvador-dali","Trilogy of the Desert. Mirage","1946","800","485","0.39","https://uploads4.wikiart.org/00152/images/salvador-dali/zzz-trilogy-of-the-desert-mirage1946.jpg","0594_Trilogy_of_the_Desert._Mirage_800x485.jpg","109233"
"595","Salvador Dali","salvador-dali","Apparition of a Couple in the Desert","1946","640","385","0.25","https://uploads3.wikiart.org/images/salvador-dali/apparition-of-a-couple-in-the-desert.jpg","0595_Apparition_of_a_Couple_in_the_Desert_640x385.jpg","46343"
"596","Salvador Dali","salvador-dali","Apparition of a Woman and Suspended Architecture in the Desert","1946","640","391","0.25","https://uploads2.wikiart.org/images/salvador-dali/apparition-of-a-woman-and-suspended-architecture-in-the-desert.jpg","0596_Apparition_of_a_Woman_and_Suspended_Arch_640x391.jpg","53789"
"597","Salvador Dali","salvador-dali","Christmas (Noel)","1946","1076","1600","1.72","https://uploads8.wikiart.org/images/salvador-dali/christmas-noel.jpg","0597_Christmas_(Noel)_1076x1600.jpg","898938"
"598","Salvador Dali","salvador-dali","Composition - Portrait of Mrs. Eva Kolsman","1946","640","527","0.34","https://uploads6.wikiart.org/images/salvador-dali/composition-portrait-of-mrs-eva-kolsman.jpg","0598_Composition_-_Portrait_of_Mrs._Eva_Kolsm_640x527.jpg","31359"
"599","Salvador Dali","salvador-dali","Double Image for 'Destino'","1946","640","802","0.51","https://uploads0.wikiart.org/images/salvador-dali/double-image-for-destino.jpg","0599_Double_Image_for_'Destino'_640x802.jpg","80848"
"600","Salvador Dali","salvador-dali","Flower in the Desert","1946","640","431","0.28","https://uploads5.wikiart.org/images/salvador-dali/flower-in-the-desert.jpg","0600_Flower_in_the_Desert_640x431.jpg","40380"
"601","Salvador Dali","salvador-dali","Giant Flying Mocca Cup with an Inexplicable Five Metre Appendage","1946","733","1168","0.86","https://uploads4.wikiart.org/images/salvador-dali/giant-flying-mocca-cup-with-an-inexplicable-five-metre-appendage.jpg","0601_Giant_Flying_Mocca_Cup_with_an_Inexplica_733x1168.jpg","116190"
"602","Salvador Dali","salvador-dali","Nude in the Desert Landscape","1946","640","414","0.26","https://uploads4.wikiart.org/images/salvador-dali/nude-in-the-desert-landscape.jpg","0602_Nude_in_the_Desert_Landscape_640x414.jpg","30302"
"603","Salvador Dali","salvador-dali","The Stain","1946","640","440","0.28","https://uploads3.wikiart.org/images/salvador-dali/the-stain.jpg","0603_The_Stain_640x440.jpg","28009"
"604","Salvador Dali","salvador-dali","The Temptation of St. Anthony","1946","1015","795","0.81","https://uploads4.wikiart.org/images/salvador-dali/the-temptation-of-st-anthony.jpg","0604_The_Temptation_of_St._Anthony_1015x795.jpg","382963"
"605","Salvador Dali","salvador-dali","Untitled (Spanish Dances in a Landscape)","1946","640","998","0.64","https://uploads5.wikiart.org/images/salvador-dali/untitled-spanish-dances-in-a-landscape.jpg","0605_Untitled_(Spanish_Dances_in_a_Landscape)_640x998.jpg","94989"
"606","Salvador Dali","salvador-dali","Madonna and Child","1947","509","619","0.32","https://uploads0.wikiart.org/00164/images/salvador-dali/madonna-and-child-1947.jpg","0606_Madonna_and_Child_509x619.jpg","43697"
"607","Salvador Dali","salvador-dali","The Angel","1947","491","621","0.3","https://uploads1.wikiart.org/00164/images/salvador-dali/the-angel-1947.jpg","0607_The_Angel_491x621.jpg","73046"
"608","Salvador Dali","salvador-dali","Day of the Virgin","1947","640","784","0.5","https://uploads2.wikiart.org/images/salvador-dali/day-of-the-virgin.jpg","0608_Day_of_the_Virgin_640x784.jpg","74375"
"609","Salvador Dali","salvador-dali","Dematerialization Near the Nose of Nero","1947","602","1094","0.66","https://uploads6.wikiart.org/images/salvador-dali/dematerialization-near-the-nose-of-nero.jpg","0609_Dematerialization_Near_the_Nose_of_Nero_602x1094.jpg","563196"
"610","Salvador Dali","salvador-dali","Design for 'Destino'","1947","640","457","0.29","https://uploads3.wikiart.org/images/salvador-dali/design-for-destino.jpg","0610_Design_for_'Destino'_640x457.jpg","44682"
"611","Salvador Dali","salvador-dali","Design for 'Destino'","1947","640","455","0.29","https://uploads5.wikiart.org/images/salvador-dali/design-for-destino-1.jpg","0611_Design_for_'Destino'_640x455.jpg","54873"
"612","Salvador Dali","salvador-dali","Feather Equilibrium (Interatomic Balance of a Swans Feather)","1947","1984","1600","3.17","https://uploads7.wikiart.org/images/salvador-dali/feather-equilibrium-interatomic-balance-of-a-swans-feather.jpg","0612_Feather_Equilibrium_(Interatomic_Balance_1984x1600.jpg","1788537"
"613","Salvador Dali","salvador-dali","Portrait of Picasso","1947","1290","1600","2.06","https://uploads4.wikiart.org/images/salvador-dali/portrait-of-picasso.jpg","0613_Portrait_of_Picasso_1290x1600.jpg","807450"
"614","Salvador Dali","salvador-dali","Rock and Infuriated Horse Sleeping Under the Sea","1947","640","780","0.5","https://uploads6.wikiart.org/images/salvador-dali/rock-and-infuriated-horse-sleeping-under-the-sea.jpg","0614_Rock_and_Infuriated_Horse_Sleeping_Under_640x780.jpg","83543"
"615","Salvador Dali","salvador-dali","Wheat Ear","1947","640","1103","0.71","https://uploads3.wikiart.org/images/salvador-dali/wheat-ear.jpg","0615_Wheat_Ear_640x1103.jpg","79832"
"616","Salvador Dali","salvador-dali","Three Sphinxes of Bikini","1947","2013","1600","3.22","https://uploads8.wikiart.org/images/salvador-dali/hree-sphinxes-of-bikini.jpg","0616_Three_Sphinxes_of_Bikini_2013x1600.jpg","1982263"
"617","Salvador Dali","salvador-dali","Three Wise Men","1947","487","619","0.3","https://uploads6.wikiart.org/00164/images/salvador-dali/three-wise-men-1947.jpg","0617_Three_Wise_Men_487x619.jpg","60706"
"618","Salvador Dali","salvador-dali","Santa with Drawers","1948","624","800","0.5","https://uploads1.wikiart.org/00164/images/salvador-dali/santa-with-drawers-1948.jpg","0618_Santa_with_Drawers_624x800.jpg","77031"
"619","Salvador Dali","salvador-dali","Portrait of Elizabeth Gregory","1948","766","936","0.72","https://uploads5.wikiart.org/00152/images/salvador-dali/zzz-portrait-of-elizabeth-gregory1948.jpg","0619_Portrait_of_Elizabeth_Gregory_766x936.jpg","133815"
"620","Salvador Dali","salvador-dali","Lada Atomica (first unfinished version)","1948","640","849","0.54","https://uploads4.wikiart.org/images/salvador-dali/lada-atomica-first-unfinished-version.jpg","0620_Lada_Atomica_(first_unfinished_version)_640x849.jpg","60748"
"621","Salvador Dali","salvador-dali","Portrait of Mrs. Mary Sigall","1948","640","736","0.47","https://uploads3.wikiart.org/images/salvador-dali/portrait-of-mrs-mary-sigall.jpg","0621_Portrait_of_Mrs._Mary_Sigall_640x736.jpg","60552"
"622","Salvador Dali","salvador-dali","Portrait of Nada Pachevich","1948","640","1067","0.68","https://uploads2.wikiart.org/images/salvador-dali/portrait-of-nada-pachevich.jpg","0622_Portrait_of_Nada_Pachevich_640x1067.jpg","92390"
"623","Salvador Dali","salvador-dali","Study for a Portrait (unfinished)","1948","637","425","0.27","https://uploads7.wikiart.org/images/salvador-dali/study-for-a-portrait-unfinished.jpg","0623_Study_for_a_Portrait_(unfinished)_637x425.jpg","56293"
"624","Salvador Dali","salvador-dali","The Elephants (Large)","1948","1916","1600","3.07","https://uploads4.wikiart.org/images/salvador-dali/the-elephants-large.jpg","0624_The_Elephants_(Large)_1916x1600.jpg","1544346"
"625","Salvador Dali","salvador-dali","Untitled (Landscape)","1948","640","547","0.35","https://uploads3.wikiart.org/images/salvador-dali/untitled-landscape.jpg","0625_Untitled_(Landscape)_640x547.jpg","41187"
"626","Salvador Dali","salvador-dali","Untitled (Male Nude in a Landscape)","1948","640","942","0.6","https://uploads0.wikiart.org/images/salvador-dali/untitled-male-nude-in-a-landscape.jpg","0626_Untitled_(Male_Nude_in_a_Landscape)_640x942.jpg","111958"
"627","Salvador Dali","salvador-dali","Portrait of Enid Haldorn (1948)","1948","1024","782","0.8","https://uploads3.wikiart.org/00152/images/salvador-dali/zzz-salvadore-dali-enid-haldorn1948.jpg","0627_Portrait_of_Enid_Haldorn_(1948)_1024x782.jpg","288455"
"628","Salvador Dali","salvador-dali","Portrait of  Nada Pachevich (1948)","1948","303","500","0.15","https://uploads5.wikiart.org/00152/images/salvador-dali/zzz-salvador-dali-nada-pachevich-1948.jpg","0628_Portrait_of_Nada_Pachevich_(1948)_303x500.jpg","23870"
"629","Salvador Dali","salvador-dali","Space Elephant","1948","834","1600","1.33","https://uploads8.wikiart.org/images/salvador-dali/space-elephant.jpg","0629_Space_Elephant_834x1600.jpg","483325"
"630","Salvador Dali","salvador-dali","Leda Atomica","1949","671","900","0.6","https://uploads0.wikiart.org/00153/images/salvador-dali/leda-atomica.jpeg","0630_Leda_Atomica_671x900.jpeg","642538"
"631","Salvador Dali","salvador-dali","Four Armchairs in the Sky","1949","640","380","0.24","https://uploads1.wikiart.org/images/salvador-dali/four-armchairs-in-the-sky.jpg","0631_Four_Armchairs_in_the_Sky_640x380.jpg","46247"
"632","Salvador Dali","salvador-dali","La Turbie' - Sir James Dunn Seated","1949","640","940","0.6","https://uploads7.wikiart.org/images/salvador-dali/la-turbie-sir-james-dunn-seated.jpg","0632_La_Turbie'_-_Sir_James_Dunn_Seated_640x940.jpg","80466"
"633","Salvador Dali","salvador-dali","Lada Atomica","1949","1215","1600","1.94","https://uploads2.wikiart.org/images/salvador-dali/lada-atomica-1949.jpg","0633_Lada_Atomica_1215x1600.jpg","880013"
"634","Salvador Dali","salvador-dali","Set Design for the Ballet 'Los Sacos Del Molinero'","1949","558","1503","0.84","https://uploads6.wikiart.org/images/salvador-dali/set-design-for-the-ballet-los-sacos-del-molinero.jpg","0634_Set_Design_for_the_Ballet_'Los_Sacos_Del_558x1503.jpg","146434"
"635","Salvador Dali","salvador-dali","Set design for the ballet 'Los Sacos Del Molinero'","1949","560","1020","0.57","https://uploads8.wikiart.org/images/salvador-dali/set-design-for-the-ballet-los-sacos-del-molinero-1.jpg","0635_Set_design_for_the_ballet_'Los_Sacos_Del_560x1020.jpg","127604"
"636","Salvador Dali","salvador-dali","Set design for the ballet 'Los Sacos Del Molinero'","1949","640","638","0.41","https://uploads8.wikiart.org/images/salvador-dali/set-design-for-the-ballet-los-sacos-del-molinero-2.jpg","0636_Set_design_for_the_ballet_'Los_Sacos_Del_640x638.jpg","47590"
"637","Salvador Dali","salvador-dali","Set design for the ballet 'Los Sacos Del Molinero'","1949","640","380","0.24","https://uploads8.wikiart.org/images/salvador-dali/set-design-for-the-ballet-los-sacos-del-molinero-3.jpg","0637_Set_design_for_the_ballet_'Los_Sacos_Del_640x380.jpg","42759"
"638","Salvador Dali","salvador-dali","The First Study for the Madonna of Port Lligat","1949","1241","1600","1.99","https://uploads4.wikiart.org/images/salvador-dali/the-first-study-for-the-madonna-of-port-lligat.jpg","0638_The_First_Study_for_the_Madonna_of_Port_1241x1600.jpg","935525"
"639","Salvador Dali","salvador-dali","Portrait of Monsieur John Perona(1949)","1949","421","570","0.24","https://uploads2.wikiart.org/00152/images/salvador-dali/zzz-salvadore-dali-monsieur-john-perona1949.jpg","0639_Portrait_of_Monsieur_John_Perona(1949)_421x570.jpg","147234"
"640","Salvador Dali","salvador-dali","Backdrop for 'Don Juan Tenorio'","1950","640","698","0.45","https://uploads5.wikiart.org/images/salvador-dali/backdrop-for-don-juan-tenorio.jpg","0640_Backdrop_for_'Don_Juan_Tenorio'_640x698.jpg","52569"
"641","Salvador Dali","salvador-dali","Carnation and Cloth of Gold","1950","640","526","0.34","https://uploads3.wikiart.org/images/salvador-dali/carnation-and-cloth-of-gold.jpg","0641_Carnation_and_Cloth_of_Gold_640x526.jpg","65582"
"642","Salvador Dali","salvador-dali","Christ in Perspective","1950","2072","1600","3.32","https://uploads6.wikiart.org/images/salvador-dali/christ-in-perspective.jpg","0642_Christ_in_Perspective_2072x1600.jpg","1230997"
"643","Salvador Dali","salvador-dali","Cork (study for 'The Madonna of Port Lligat')","1950","640","782","0.5","https://uploads8.wikiart.org/images/salvador-dali/cork-study-for-the-madonna-of-port-lligat.jpg","0643_Cork_(study_for_'The_Madonna_of_Port_Lli_640x782.jpg","99197"
"644","Salvador Dali","salvador-dali","Dali at the Age of Six When He Thought He Was a Girl Lifting the Skin of the Water to See the Dog Sleeping in the Shade of the Sea","1950","2133","1600","3.41","https://uploads6.wikiart.org/images/salvador-dali/dali-at-the-age-of-six-when-he-thought-he-was-a-girl-lifting-the-skin-of-the-water-to-see-the.jpg","0644_Dali_at_the_Age_of_Six_When_He_Thought_H_2133x1600.jpg","2345036"
"645","Salvador Dali","salvador-dali","Dali's Moustache","1950","640","481","0.31","https://uploads1.wikiart.org/images/salvador-dali/dali-s-moustache.jpg","0645_Dali's_Moustache_640x481.jpg","49435"
"646","Salvador Dali","salvador-dali","Design for the Death Scene in 'Don Juan Tenorio'","1950","640","413","0.26","https://uploads4.wikiart.org/images/salvador-dali/design-for-the-death-scene-in-don-juan-tenorio.jpg","0646_Design_for_the_Death_Scene_in_'Don_Juan_640x413.jpg","57521"
"647","Salvador Dali","salvador-dali","Erotic Beach","1950","640","433","0.28","https://uploads6.wikiart.org/images/salvador-dali/erotic-beach.jpg","0647_Erotic_Beach_640x433.jpg","35620"
"648","Salvador Dali","salvador-dali","Gala as Madonna of Port Lligat","1950","481","600","0.29","https://uploads6.wikiart.org/images/salvador-dali/gala-as-madonna-of-port-lligat.jpg","0648_Gala_as_Madonna_of_Port_Lligat_481x600.jpg","65908"
"649","Salvador Dali","salvador-dali","Landscape of Port Lligat","1950","640","477","0.31","https://uploads0.wikiart.org/images/salvador-dali/landscape-of-port-lligat.jpg","0649_Landscape_of_Port_Lligat_640x477.jpg","34750"
"650","Salvador Dali","salvador-dali","Study for a Backdrop","1950","640","528","0.34","https://uploads5.wikiart.org/images/salvador-dali/study-for-a-backdrop.jpg","0650_Study_for_a_Backdrop_640x528.jpg","52475"
"651","Salvador Dali","salvador-dali","The Madonna of Port Lligat","1950","1162","1600","1.86","https://uploads2.wikiart.org/images/salvador-dali/the-madonna-of-port-lligat.jpg","0651_The_Madonna_of_Port_Lligat_1162x1600.jpg","765841"
"652","Salvador Dali","salvador-dali","Portrait of Josephine Hartford Bryce (1950}","1950","512","659","0.34","https://uploads6.wikiart.org/00152/images/salvador-dali/zzz-salvador-dali-josephine-hartford-bryce-1950.jpg","0652_Portrait_of_Josephine_Hartford_Bryce_(19_512x659.jpg","38472"
"653","Salvador Dali","salvador-dali","Celestial Coronation","1951","640","873","0.56","https://uploads5.wikiart.org/images/salvador-dali/celestial-coronation.jpg","0653_Celestial_Coronation_640x873.jpg","128140"
"654","Salvador Dali","salvador-dali","Christ of St. John of the Cross","1951","1690","3000","5.07","https://uploads8.wikiart.org/00475/images/salvador-dali/christ-of-saint-john-of-the-cross-1951.jpg","0654_Christ_of_St._John_of_the_Cross_1690x3000.jpg","961833"
"655","Salvador Dali","salvador-dali","Explosive Madonna","1951","640","862","0.55","https://uploads2.wikiart.org/images/salvador-dali/explosive-madonna.jpg","0655_Explosive_Madonna_640x862.jpg","116954"
"656","Salvador Dali","salvador-dali","Landscape with Cavalier and Gala","1951","640","434","0.28","https://uploads8.wikiart.org/images/salvador-dali/landscape-with-cavalier-and-gala.jpg","0656_Landscape_with_Cavalier_and_Gala_640x434.jpg","40269"
"657","Salvador Dali","salvador-dali","Mystical Carnation","1951","640","418","0.27","https://uploads8.wikiart.org/images/salvador-dali/mystical-carnation-1951.jpg","0657_Mystical_Carnation_640x418.jpg","36041"
"658","Salvador Dali","salvador-dali","Portrait of a Child (unfinished)","1951","640","793","0.51","https://uploads6.wikiart.org/images/salvador-dali/portrait-of-a-child-unfinished.jpg","0658_Portrait_of_a_Child_(unfinished)_640x793.jpg","66049"
"659","Salvador Dali","salvador-dali","Portrait of Colonel Jack Warner","1951","638","537","0.34","https://uploads7.wikiart.org/images/salvador-dali/portrait-of-colonel-jack-warner.jpg","0659_Portrait_of_Colonel_Jack_Warner_638x537.jpg","45583"
"660","Salvador Dali","salvador-dali","Portrait of Katharina Cornell","1951","640","866","0.55","https://uploads5.wikiart.org/images/salvador-dali/portrait-of-katharina-cornell.jpg","0660_Portrait_of_Katharina_Cornell_640x866.jpg","100724"
"661","Salvador Dali","salvador-dali","Portrait of Mrs Jack Warner","1951","669","800","0.54","https://uploads3.wikiart.org/images/salvador-dali/portrait-of-mrs-jack-warner.jpg","0661_Portrait_of_Mrs_Jack_Warner_669x800.jpg","193660"
"662","Salvador Dali","salvador-dali","Raphaelesque Head Exploding","1951","1208","1600","1.93","https://uploads3.wikiart.org/images/salvador-dali/raphaelesque-head-exploding.jpg","0662_Raphaelesque_Head_Exploding_1208x1600.jpg","1248923"
"663","Salvador Dali","salvador-dali","Study for 'Christ of St. John of the Cross'","1951","640","395","0.25","https://uploads3.wikiart.org/images/salvador-dali/study-for-christ-of-st-john-of-the-cross-1951.jpg","0663_Study_for_'Christ_of_St._John_of_the_Cro_640x395.jpg","38471"
"664","Salvador Dali","salvador-dali","The Queen of the Butterflies","1951","450","560","0.25","https://uploads4.wikiart.org/images/salvador-dali/the-queen-of-the-butterflies.jpg","0664_The_Queen_of_the_Butterflies_450x560.jpg","41664"
"665","Salvador Dali","salvador-dali","The Wheelbarrow (Pantheon Formed by Twisted Wheelbarrows)","1951","1209","1600","1.93","https://uploads4.wikiart.org/images/salvador-dali/the-wheelbarrow-pantheon-formed-by-twisted-wheelbarrows.jpg","0665_The_Wheelbarrow_(Pantheon_Formed_by_Twis_1209x1600.jpg","953738"
"666","Salvador Dali","salvador-dali","Women forming a skull","1951","465","600","0.28","https://uploads6.wikiart.org/images/salvador-dali/women-forming-a-skull.jpg","0666_Women_forming_a_skull_465x600.jpg","55246"
"667","Salvador Dali","salvador-dali","Galatea of the Spheres","1952","1169","1600","1.87","https://uploads7.wikiart.org/images/salvador-dali/galatea-of-the-spheres.jpg","0667_Galatea_of_the_Spheres_1169x1600.jpg","793635"
"668","Salvador Dali","salvador-dali","Arithmosophic Cross","1952","640","1049","0.67","https://uploads4.wikiart.org/images/salvador-dali/arithmosophic-cross.jpg","0668_Arithmosophic_Cross_640x1049.jpg","96869"
"669","Salvador Dali","salvador-dali","Assumpta Corpuscularia Lapislazulina","1952","1012","1600","1.62","https://uploads8.wikiart.org/images/salvador-dali/assumpta-corpuscularia-lapislazulina-1952.jpg","0669_Assumpta_Corpuscularia_Lapislazulina_1012x1600.jpg","844506"
"670","Salvador Dali","salvador-dali","Corpuscular Madonna","1952","500","645","0.32","https://uploads4.wikiart.org/images/salvador-dali/corpuscular-madonna.jpg","0670_Corpuscular_Madonna_500x645.jpg","89739"
"671","Salvador Dali","salvador-dali","Eucharistic Still Life","1952","2407","1600","3.85","https://uploads7.wikiart.org/images/salvador-dali/eucharistic-still-life.jpg","0671_Eucharistic_Still_Life_2407x1600.jpg","1792720"
"672","Salvador Dali","salvador-dali","Madonna in Particles","1952","640","969","0.62","https://uploads5.wikiart.org/images/salvador-dali/madonna-in-particles.jpg","0672_Madonna_in_Particles_640x969.jpg","133405"
"673","Salvador Dali","salvador-dali","Nuclear Cross","1952","1165","1600","1.86","https://uploads7.wikiart.org/images/salvador-dali/nuclear-cross.jpg","0673_Nuclear_Cross_1165x1600.jpg","670814"
"674","Salvador Dali","salvador-dali","Opposition","1952","640","886","0.57","https://uploads4.wikiart.org/images/salvador-dali/opposition.jpg","0674_Opposition_640x886.jpg","148482"
"675","Salvador Dali","salvador-dali","The Angel of Port Lligat","1952","640","474","0.3","https://uploads0.wikiart.org/images/salvador-dali/the-angel-of-port-lligat.jpg","0675_The_Angel_of_Port_Lligat_640x474.jpg","52159"
"676","Salvador Dali","salvador-dali","The Angel of Port Lligat","1952","640","456","0.29","https://uploads2.wikiart.org/images/salvador-dali/the-angel-of-port-lligat-1.jpg","0676_The_Angel_of_Port_Lligat_640x456.jpg","52584"
"677","Salvador Dali","salvador-dali","The Tree","1952","591","1869","1.1","https://uploads2.wikiart.org/images/salvador-dali/the-tree.jpg","0677_The_Tree_591x1869.jpg","178469"
"678","Salvador Dali","salvador-dali","Transparent Horse","1952","2213","1600","3.54","https://uploads2.wikiart.org/images/salvador-dali/transparent-horse.jpg","0678_Transparent_Horse_2213x1600.jpg","1835398"
"679","Salvador Dali","salvador-dali","Portrait of Berthe David Weill (1952)","1952","371","625","0.23","https://uploads0.wikiart.org/00152/images/salvador-dali/zzz-salvadore-dali-berthe-david-weill1952.jpg","0679_Portrait_of_Berthe_David_Weill_(1952)_371x625.jpg","216834"
"680","Salvador Dali","salvador-dali","Girl in Love","1953","634","765","0.49","https://uploads6.wikiart.org/00152/images/salvador-dali/zzz-girl-in-love1953.jpg","0680_Girl_in_Love_634x765.jpg","121293"
"681","Salvador Dali","salvador-dali","The Royal Heart","1953","1153","1600","1.84","https://uploads0.wikiart.org/images/salvador-dali/the-royal-heart.jpg","0681_The_Royal_Heart_1153x1600.jpg","836287"
"682","Salvador Dali","salvador-dali","Portrait of  Ann Woodward (1953)","1953","620","881","0.55","https://uploads6.wikiart.org/00152/images/salvador-dali/zzz-salvadore-dali-ann-woodward-1953.jpeg","0682_Portrait_of_Ann_Woodward_(1953)_620x881.jpeg","331910"
"683","Salvador Dali","salvador-dali","Portrait of Mrs Eric Phillips (1953)","1953","276","371","0.1","https://uploads8.wikiart.org/00152/images/salvador-dali/zzz-salvadore-dali-mrs-eric-phillips1953.jpg","0683_Portrait_of_Mrs_Eric_Phillips_(1953)_276x371.jpg","30482"
"684","Salvador Dali","salvador-dali","Portrait of the Prince Gourielli","1954","800","1103","0.88","https://uploads8.wikiart.org/00152/images/salvador-dali/zzz-portrait-of-the-prince-gourielli1954.jpg","0684_Portrait_of_the_Prince_Gourielli_800x1103.jpg","169603"
"685","Salvador Dali","salvador-dali","Crucifixion","1954","640","896","0.57","https://uploads5.wikiart.org/images/salvador-dali/crucifixion.jpg","0685_Crucifixion_640x896.jpg","96155"
"686","Salvador Dali","salvador-dali","Crucifixion (Corpus Hypercubicus)","1954","1006","1600","1.61","https://uploads3.wikiart.org/images/salvador-dali/crucifixion-corpus-hypercubicus-1954.jpg","0686_Crucifixion_(Corpus_Hypercubicus)_1006x1600.jpg","584591"
"687","Salvador Dali","salvador-dali","Equestrian Fantasy Portrait of Lady Dunn","1954","1887","1600","3.02","https://uploads7.wikiart.org/images/salvador-dali/equestrian-fantasy-portrait-of-lady-dunn.jpg","0687_Equestrian_Fantasy_Portrait_of_Lady_Dunn_1887x1600.jpg","1534263"
"688","Salvador Dali","salvador-dali","Gala Contemplate Corpus Hypercubus","1954","908","1094","0.99","https://uploads1.wikiart.org/images/salvador-dali/gala-contemplate-corpus-hypercubus.jpg","0688_Gala_Contemplate_Corpus_Hypercubus_908x1094.jpg","230955"
"689","Salvador Dali","salvador-dali","Galatée","1954","640","634","0.41","https://uploads1.wikiart.org/images/salvador-dali/galatée.jpg","0689_Galatée_640x634.jpg","90473"
"690","Salvador Dali","salvador-dali","Head Bombarded with Grains of Wheat (Particle Head Over the Village of Cadaques)","1954","640","962","0.62","https://uploads0.wikiart.org/images/salvador-dali/head-bombarded-with-grains-of-wheat-particle-head-over-the-village-of-cadaques.jpg","0690_Head_Bombarded_with_Grains_of_Wheat_(Par_640x962.jpg","133659"
"691","Salvador Dali","salvador-dali","Melting Watch","1954","640","518","0.33","https://uploads7.wikiart.org/images/salvador-dali/melting-watch.jpg","0691_Melting_Watch_640x518.jpg","61988"
"692","Salvador Dali","salvador-dali","Microphysical Madonna","1954","640","836","0.54","https://uploads6.wikiart.org/images/salvador-dali/microphysical-madonna.jpg","0692_Microphysical_Madonna_640x836.jpg","96664"
"693","Salvador Dali","salvador-dali","Portrait of Gala with Rhinocerotic Symptoms","1954","1277","1600","2.04","https://uploads1.wikiart.org/images/salvador-dali/portrait-of-gala-with-rhinocerotic-symptoms.jpg","0693_Portrait_of_Gala_with_Rhinocerotic_Sympt_1277x1600.jpg","1036672"
"694","Salvador Dali","salvador-dali","Portrait of Mrs. Ann Woodward","1954","640","874","0.56","https://uploads4.wikiart.org/images/salvador-dali/portrait-of-mrs-ann-woodward.jpg","0694_Portrait_of_Mrs._Ann_Woodward_640x874.jpg","133796"
"695","Salvador Dali","salvador-dali","Portrait of Mrs. Reeves","1954","640","1034","0.66","https://uploads7.wikiart.org/images/salvador-dali/portrait-of-mrs-reeves.jpg","0695_Portrait_of_Mrs._Reeves_640x1034.jpg","95984"
"696","Salvador Dali","salvador-dali","Rhinocerotic Figure of Phidias' Illisos","1954","2006","1600","3.21","https://uploads5.wikiart.org/images/salvador-dali/rhinocerotic-figure-of-phidias-illisos.jpg","0696_Rhinocerotic_Figure_of_Phidias'_Illisos_2006x1600.jpg","1501150"
"697","Salvador Dali","salvador-dali","Statue of Olympic Zeus","1954","640","610","0.39","https://uploads7.wikiart.org/images/salvador-dali/statue-of-olympic-zeus.jpg","0697_Statue_of_Olympic_Zeus_640x610.jpg","81080"
"698","Salvador Dali","salvador-dali","The Colossus of Rhodes","1954","744","1315","0.98","https://uploads3.wikiart.org/images/salvador-dali/the-colossus-of-rhodes-1954.jpg","0698_The_Colossus_of_Rhodes_744x1315.jpg","256343"
"699","Salvador Dali","salvador-dali","The Lighthouse at Alexandria","1954","640","968","0.62","https://uploads4.wikiart.org/images/salvador-dali/the-lighthouse-at-alexandria.jpg","0699_The_Lighthouse_at_Alexandria_640x968.jpg","123269"
"700","Salvador Dali","salvador-dali","The Lighthouse at Alexandria","1954","636","818","0.52","https://uploads6.wikiart.org/images/salvador-dali/the-lighthouse-at-alexandria-1.jpg","0700_The_Lighthouse_at_Alexandria_636x818.jpg","100914"
"701","Salvador Dali","salvador-dali","The Maximum Speed of Raphael's Madonna","1954","640","801","0.51","https://uploads5.wikiart.org/images/salvador-dali/the-maximum-speed-of-raphael-s-madonna.jpg","0701_The_Maximum_Speed_of_Raphael's_Madonna_640x801.jpg","83185"
"702","Salvador Dali","salvador-dali","The Pyramids and the Sphynx of Gizeh","1954","800","364","0.29","https://uploads3.wikiart.org/images/salvador-dali/the-pyramids-and-the-sphynx-of-gizeh.jpg","0702_The_Pyramids_and_the_Sphynx_of_Gizeh_800x364.jpg","104016"
"703","Salvador Dali","salvador-dali","Two Adolescents","1954","1888","1600","3.02","https://uploads0.wikiart.org/images/salvador-dali/two-adolescents.jpg","0703_Two_Adolescents_1888x1600.jpg","1754781"
"704","Salvador Dali","salvador-dali","Young Virgin Auto-Sodomized by the Horns of Her Own Chastity","1954","1162","1600","1.86","https://uploads0.wikiart.org/images/salvador-dali/young-virgin-auto-sodomized-by-the-horns-of-her-own-chastity.jpg","0704_Young_Virgin_Auto-Sodomized_by_the_Horns_1162x1600.jpg","778525"
"705","Salvador Dali","salvador-dali","Dali Nude, in Contemplation Before the Five Regular Bodies","1954","1165","1600","1.86","https://uploads6.wikiart.org/images/salvador-dali/dali-nude-in-contemplation-before-the-five-regular-bodies.jpg","0705_Dali_Nude,_in_Contemplation_Before_the_F_1165x1600.jpg","750296"
"706","Salvador Dali","salvador-dali","The Disintegration of the Persistence of Memory","1954","1998","1552","3.1","https://uploads5.wikiart.org/images/salvador-dali/the-disintegration-of-the-persistence-of-memory.jpg","0706_The_Disintegration_of_the_Persistence_of_1998x1552.jpg","551052"
"707","Salvador Dali","salvador-dali","Ascensionist Saint Cecilia","1955","640","803","0.51","https://uploads2.wikiart.org/images/salvador-dali/ascensionist-saint-cecilia.jpg","0707_Ascensionist_Saint_Cecilia_640x803.jpg","130567"
"708","Salvador Dali","salvador-dali","Blue Horns. Design for a Scarf","1955","640","639","0.41","https://uploads5.wikiart.org/images/salvador-dali/blue-horns-design-for-a-scarf.jpg","0708_Blue_Horns._Design_for_a_Scarf_640x639.jpg","82596"
"709","Salvador Dali","salvador-dali","Dali Combat","1955","2405","1600","3.85","https://uploads5.wikiart.org/images/salvador-dali/dali-combat.jpg","0709_Dali_Combat_2405x1600.jpg","2354343"
"710","Salvador Dali","salvador-dali","Portrait of Laurence Olivier in the Role of Richard III","1955","1320","1600","2.11","https://uploads4.wikiart.org/images/salvador-dali/portrait-of-laurence-olivier-in-the-role-of-richard-iii.jpg","0710_Portrait_of_Laurence_Olivier_in_the_Role_1320x1600.jpg","1071345"
"711","Salvador Dali","salvador-dali","Rhinocerotic Figures","1955","640","578","0.37","https://uploads5.wikiart.org/images/salvador-dali/rhinocerotic-figures.jpg","0711_Rhinocerotic_Figures_640x578.jpg","63779"
"712","Salvador Dali","salvador-dali","Rhinocerotic Portrait of Vermeer's 'Lacemaker'","1955","640","661","0.42","https://uploads2.wikiart.org/images/salvador-dali/rhinocerotic-portrait-of-vermeer-s-lacemaker.jpg","0712_Rhinocerotic_Portrait_of_Vermeer's_'Lace_640x661.jpg","92560"
"713","Salvador Dali","salvador-dali","The Lacemaker (after Vermeer)","1955","588","700","0.41","https://uploads8.wikiart.org/images/salvador-dali/the-lacemaker-after-vermeer-1955.jpg","0713_The_Lacemaker_(after_Vermeer)_588x700.jpg","81488"
"714","Salvador Dali","salvador-dali","The Paranoiac-Critical Study of Vermeer's Lacemaker","1955","1409","1600","2.25","https://uploads5.wikiart.org/images/salvador-dali/the-paranoiac-critical-study-of-vermeer-s-lacemaker-1955.jpg","0714_The_Paranoiac-Critical_Study_of_Vermeer'_1409x1600.jpg","1602594"
"715","Salvador Dali","salvador-dali","The Sacrament of the Last Supper","1955","2416","1600","3.87","https://uploads4.wikiart.org/images/salvador-dali/the-sacrament-of-the-last-supper-1955.jpg","0715_The_Sacrament_of_the_Last_Supper_2416x1600.jpg","1791924"
"716","Salvador Dali","salvador-dali","Portrait of Dolores Suero Falla (1955)","1955","771","1024","0.79","https://uploads3.wikiart.org/00152/images/salvador-dali/zzz-salvador-dal-portrait-of-dolores-suero-falla-1955.jpg","0716_Portrait_of_Dolores_Suero_Falla_(1955)_771x1024.jpg","166321"
"717","Salvador Dali","salvador-dali","Anti-Protonic Assumption","1956","640","756","0.48","https://uploads0.wikiart.org/images/salvador-dali/anti-protonic-assumption.jpg","0717_Anti-Protonic_Assumption_640x756.jpg","105545"
"718","Salvador Dali","salvador-dali","Assumpta Canaveral","1956","640","982","0.63","https://uploads3.wikiart.org/images/salvador-dali/assumpta-canaveral.jpg","0718_Assumpta_Canaveral_640x982.jpg","61416"
"719","Salvador Dali","salvador-dali","Fancy Costumes","1956","467","709","0.33","https://uploads8.wikiart.org/images/salvador-dali/fancy-costumes.jpg","0719_Fancy_Costumes_467x709.jpg","98026"
"720","Salvador Dali","salvador-dali","Glass of Wine and Boat","1956","640","515","0.33","https://uploads3.wikiart.org/images/salvador-dali/glass-of-wine-and-boat-1956.jpg","0720_Glass_of_Wine_and_Boat_640x515.jpg","62611"
"721","Salvador Dali","salvador-dali","Living Still Life","1956","800","612","0.49","https://uploads2.wikiart.org/images/salvador-dali/living-still-life.jpg","0721_Living_Still_Life_800x612.jpg","263061"
"722","Salvador Dali","salvador-dali","Noon (Barracks of Port Lligat)","1956","1792","1600","2.87","https://uploads0.wikiart.org/images/salvador-dali/noon-barracks-of-port-lligat-1956.jpg","0722_Noon_(Barracks_of_Port_Lligat)_1792x1600.jpg","1767083"
"723","Salvador Dali","salvador-dali","Rhinocerotic Gooseflesh","1956","1241","1600","1.99","https://uploads8.wikiart.org/images/salvador-dali/rhinocerotic-gooseflesh.jpg","0723_Rhinocerotic_Gooseflesh_1241x1600.jpg","1032104"
"724","Salvador Dali","salvador-dali","Saint Surrounded by Three Pi-Mesons","1956","1150","1600","1.84","https://uploads2.wikiart.org/images/salvador-dali/saint-surrounded-by-three-pi-mesons.jpg","0724_Saint_Surrounded_by_Three_Pi-Mesons_1150x1600.jpg","1231173"
"725","Salvador Dali","salvador-dali","Skull of Zurbaran","1956","700","700","0.49","https://uploads2.wikiart.org/images/salvador-dali/skull-of-zurbaran.jpg","0725_Skull_of_Zurbaran_700x700.jpg","59463"
"726","Salvador Dali","salvador-dali","St. Helena of Port Lligat","1956","2017","1600","3.23","https://uploads0.wikiart.org/images/salvador-dali/st-helena-of-port-lligat.jpg","0726_St._Helena_of_Port_Lligat_2017x1600.jpg","2066108"
"727","Salvador Dali","salvador-dali","Study for a fruit bowl in 'Still Life - Fast Moving'","1956","640","776","0.5","https://uploads6.wikiart.org/images/salvador-dali/study-for-a-fruit-bowl-in-still-life-fast-moving.jpg","0727_Study_for_a_fruit_bowl_in_'Still_Life_-_640x776.jpg","78973"
"728","Salvador Dali","salvador-dali","The Infant Jesus","1956","640","836","0.54","https://uploads1.wikiart.org/images/salvador-dali/the-infant-jesus.jpg","0728_The_Infant_Jesus_640x836.jpg","67376"
"729","Salvador Dali","salvador-dali","The Motionless Swallow. Study for 'Still Life - Fast Moving'","1956","638","822","0.52","https://uploads4.wikiart.org/images/salvador-dali/the-motionless-swallow-study-for-still-life-fast-moving.jpg","0729_The_Motionless_Swallow._Study_for_'Still_638x822.jpg","79280"
"730","Salvador Dali","salvador-dali","Untitled (Landscape with Butterflies)","1956","640","555","0.36","https://uploads2.wikiart.org/images/salvador-dali/untitled-landscape-with-butterflies.jpg","0730_Untitled_(Landscape_with_Butterflies)_640x555.jpg","47170"
"731","Salvador Dali","salvador-dali","Music-The Red Orchestra-The Seven Arts","1957","570","430","0.25","https://uploads1.wikiart.org/00153/images/salvador-dali/salvadore-dali-music-the-red-orchestra-the-seven-arts-1957.Jpeg","0731_Music-The_Red_Orchestra-The_Seven_Arts_570x430.Jpeg","168020"
"732","Salvador Dali","salvador-dali","Butterfly Landscape (The Great Masturbator in a Surrealist Landscape with D.N.A.)","1957","640","829","0.53","https://uploads0.wikiart.org/images/salvador-dali/butterfly-landscape-the-great-masturbator-in-a-surrealist-landscape-with-d-n-a.jpg","0732_Butterfly_Landscape_(The_Great_Masturbat_640x829.jpg","85874"
"733","Salvador Dali","salvador-dali","Celestial Ride","1957","640","1537","0.98","https://uploads4.wikiart.org/images/salvador-dali/celestial-ride-1957.jpg","0733_Celestial_Ride_640x1537.jpg","113092"
"734","Salvador Dali","salvador-dali","Metamorphosed Women","1957","640","454","0.29","https://uploads4.wikiart.org/images/salvador-dali/metamorphosed-women.jpg","0734_Metamorphosed_Women_640x454.jpg","38408"
"735","Salvador Dali","salvador-dali","Modern Rhapsody","1957","640","470","0.3","https://uploads0.wikiart.org/images/salvador-dali/modern-rhapsody.jpg","0735_Modern_Rhapsody_640x470.jpg","52222"
"736","Salvador Dali","salvador-dali","Music - The Red Orchestra","1957","700","528","0.37","https://uploads1.wikiart.org/images/salvador-dali/music-the-red-orchestra-1.jpg","0736_Music_-_The_Red_Orchestra_700x528.jpg","46039"
"737","Salvador Dali","salvador-dali","Rock 'n Roll","1957","640","463","0.3","https://uploads5.wikiart.org/images/salvador-dali/rock-n-roll.jpg","0737_Rock_'n_Roll_640x463.jpg","36859"
"738","Salvador Dali","salvador-dali","Santiago El Grande","1957","1021","1365","1.39","https://uploads3.wikiart.org/images/salvador-dali/santiago-el-grande.jpg","0738_Santiago_El_Grande_1021x1365.jpg","552807"
"739","Salvador Dali","salvador-dali","Sorcery","1957","637","461","0.29","https://uploads6.wikiart.org/images/salvador-dali/sorcery-1957.jpg","0739_Sorcery_637x461.jpg","31330"
"740","Salvador Dali","salvador-dali","Swallow","1957","1519","1600","2.43","https://uploads1.wikiart.org/images/salvador-dali/swallow.jpg","0740_Swallow_1519x1600.jpg","1516059"
"741","Salvador Dali","salvador-dali","The Duke of Urbino (Portrait of Count Theo Rossi Di Montelera)","1957","640","807","0.52","https://uploads0.wikiart.org/images/salvador-dali/the-duke-of-urbino-portrait-of-count-theo-rossi-di-montelera.jpg","0741_The_Duke_of_Urbino_(Portrait_of_Count_Th_640x807.jpg","60842"
"742","Salvador Dali","salvador-dali","The Grand Opera","1957","640","643","0.41","https://uploads0.wikiart.org/images/salvador-dali/the-grand-opera.jpg","0742_The_Grand_Opera_640x643.jpg","58989"
"743","Salvador Dali","salvador-dali","Untitled (Surrealist Landscape)","1957","640","1770","1.13","https://uploads5.wikiart.org/images/salvador-dali/untitled-surrealist-landscape.jpg","0743_Untitled_(Surrealist_Landscape)_640x1770.jpg","130785"
"744","Salvador Dali","salvador-dali","Chateau Mouton Rothschild","1958","463","631","0.29","https://uploads2.wikiart.org/00313/images/salvador-dali/71.png","0744_Chateau_Mouton_Rothschild_463x631.png","345827"
"745","Salvador Dali","salvador-dali","Portrait of John Langeloth Loeb, Sr.","1958","645","800","0.52","https://uploads4.wikiart.org/00175/images/salvador-dali/portrait-of-john-langeloth-loeb-sr.jpg","0745_Portrait_of_John_Langeloth_Loeb,_Sr_645x800.jpg","328823"
"746","Salvador Dali","salvador-dali","Portrait of An Unidentified Man","1958","600","761","0.46","https://uploads3.wikiart.org/00152/images/salvador-dali/zzz-portrait-of-an-unidentified-man-1958-salvador-dal.jpg","0746_Portrait_of_An_Unidentified_Man_600x761.jpg","57100"
"747","Salvador Dali","salvador-dali","Angel","1958","1017","1600","1.63","https://uploads8.wikiart.org/images/salvador-dali/angel.jpg","0747_Angel_1017x1600.jpg","813560"
"748","Salvador Dali","salvador-dali","Ascension","1958","700","665","0.47","https://uploads3.wikiart.org/images/salvador-dali/ascension.jpg","0748_Ascension_700x665.jpg","74121"
"749","Salvador Dali","salvador-dali","Christ. From 'The Apocalypse of St. John'","1958","640","794","0.51","https://uploads4.wikiart.org/images/salvador-dali/christ-from-the-apocalypse-of-st-john.jpg","0749_Christ._From_'The_Apocalypse_of_St._John_640x794.jpg","113587"
"750","Salvador Dali","salvador-dali","Clown for 'The Amazing Adventure of the Lacemaker and the Rhinoceros'","1958","640","454","0.29","https://uploads7.wikiart.org/images/salvador-dali/clown-for-the-amazing-adventure-of-the-lacemaker-and-the-rhinoceros.jpg","0750_Clown_for_'The_Amazing_Adventure_of_the_640x454.jpg","43031"
"751","Salvador Dali","salvador-dali","Cosmic Madonna","1958","640","1108","0.71","https://uploads8.wikiart.org/images/salvador-dali/cosmic-madonna.jpg","0751_Cosmic_Madonna_640x1108.jpg","153547"
"752","Salvador Dali","salvador-dali","Dionysus Spitting the Complete Image of Cadaques on the Tip of the Tongue of a Three-Storied Gaudinian Woman","1958","640","864","0.55","https://uploads5.wikiart.org/images/salvador-dali/dionysus-spitting-the-complete-image-of-cadaques-on-the-tip-of-the-tongue-of-a-three-storied.jpg","0752_Dionysus_Spitting_the_Complete_Image_of_640x864.jpg","144475"
"753","Salvador Dali","salvador-dali","Landscape Near Port Lligat","1958","640","499","0.32","https://uploads2.wikiart.org/images/salvador-dali/landscape-near-port-lligat.jpg","0753_Landscape_Near_Port_Lligat_640x499.jpg","31117"
"754","Salvador Dali","salvador-dali","Meditative Rose","1958","640","822","0.53","https://uploads0.wikiart.org/images/salvador-dali/meditative-rose.jpg","0754_Meditative_Rose_640x822.jpg","48236"
"755","Salvador Dali","salvador-dali","Metamorphosis of Hitler's Face into a Moonlit Landscape with Accompaniment","1958","640","497","0.32","https://uploads5.wikiart.org/images/salvador-dali/metamorphosis-of-hitler-s-face-into-a-moonlit-landscape-with-accompaniment.jpg","0755_Metamorphosis_of_Hitler's_Face_into_a_Mo_640x497.jpg","44339"
"756","Salvador Dali","salvador-dali","Portrait of Sir James Dunn","1958","640","869","0.56","https://uploads2.wikiart.org/images/salvador-dali/portrait-of-sir-james-dunn.jpg","0756_Portrait_of_Sir_James_Dunn_640x869.jpg","59066"
"757","Salvador Dali","salvador-dali","Religious Scene in Particles","1958","640","966","0.62","https://uploads4.wikiart.org/images/salvador-dali/religious-scene-in-particles.jpg","0757_Religious_Scene_in_Particles_640x966.jpg","133072"
"758","Salvador Dali","salvador-dali","The Sistine Madonna","1958","1372","1600","2.2","https://uploads4.wikiart.org/images/salvador-dali/the-sistine-madonna.jpg","0758_The_Sistine_Madonna_1372x1600.jpg","1598877"
"759","Salvador Dali","salvador-dali","Velázquez Painting the Infanta Margarita with the Lights and Shadows of His Own Glory","1958","1039","1600","1.66","https://uploads7.wikiart.org/images/salvador-dali/velázquez-painting-the-infanta-margarita-with-the-lights-and-shadows-of-his-own-glory.jpg","0759_Velázquez_Painting_the_Infanta_Margarita_1039x1600.jpg","864078"
"760","Salvador Dali","salvador-dali","Portrait of  De Madame Winston Frederick Churchill Guest(1958)","1958","534","700","0.37","https://uploads5.wikiart.org/00152/images/salvador-dali/zzz-salvador-dal-portrait-de-madame-winston-frederick-churchill-guest1958.jpg","0760_Portrait_of_De_Madame_Winston_Frederick_534x700.jpg","53571"
"761","Salvador Dali","salvador-dali","Portrait of Chester Dale (1958)","1958","474","720","0.34","https://uploads3.wikiart.org/00152/images/salvador-dali/zzz-salvadore-dali-chester-dale1958.jpg","0761_Portrait_of_Chester_Dale_(1958)_474x720.jpg","73894"
"762","Salvador Dali","salvador-dali","Portrait of Arthur Clarke Herrington","1958","800","1309","1.05","https://uploads3.wikiart.org/00152/images/salvador-dali/zzz-portrait-of-arthur-clarke-herrington1958.jpg","0762_Portrait_of_Arthur_Clarke_Herrington_800x1309.jpg","619399"
"763","Salvador Dali","salvador-dali","Mystic Rose","1959","500","680","0.34","https://uploads3.wikiart.org/00164/images/salvador-dali/mystic-rose-1959.png","0763_Mystic_Rose_500x680.png","121496"
"764","Salvador Dali","salvador-dali","Nativity","1959","600","456","0.27","https://uploads0.wikiart.org/00164/images/salvador-dali/nativity-1959.jpg","0764_Nativity_600x456.jpg","74616"
"765","Salvador Dali","salvador-dali","Extravaganza","1959","500","671","0.34","https://uploads4.wikiart.org/00164/images/salvador-dali/extravaganza-1959.jpg","0765_Extravaganza_500x671.jpg","381629"
"766","Salvador Dali","salvador-dali","Easter Angel","1959","500","664","0.33","https://uploads4.wikiart.org/00164/images/salvador-dali/easter-angel-1959.jpg","0766_Easter_Angel_500x664.jpg","67440"
"767","Salvador Dali","salvador-dali","Portrait of Alexander Guest","1959","772","979","0.76","https://uploads4.wikiart.org/00156/images/salvador-dali/zzzzz-alexander-guest1959-1.jpg","0767_Portrait_of_Alexander_Guest_772x979.jpg","180453"
"768","Salvador Dali","salvador-dali","Jeune Femme Dans Un Paysage","1959","800","540","0.43","https://uploads8.wikiart.org/00153/images/salvador-dali/salvadore-dali-jeune-femme-dans-un-paysage-1959.jpeg","0768_Jeune_Femme_Dans_Un_Paysage_800x540.jpeg","20625"
"769","Salvador Dali","salvador-dali","Port Lligat at Sunset","1959","2071","1600","3.31","https://uploads6.wikiart.org/images/salvador-dali/port-lligat-at-sunset.jpg","0769_Port_Lligat_at_Sunset_2071x1600.jpg","1237346"
"770","Salvador Dali","salvador-dali","Portrait of Reinaldo Herrera Marquis De Torre Casa","1959","640","852","0.55","https://uploads8.wikiart.org/images/salvador-dali/portrait-of-reinaldo-herrera-marquis-de-torre-casa.jpg","0770_Portrait_of_Reinaldo_Herrera_Marquis_De_640x852.jpg","63223"
"771","Salvador Dali","salvador-dali","Study for 'Woman Undressing'","1959","638","820","0.52","https://uploads2.wikiart.org/images/salvador-dali/study-for-woman-undressing.jpg","0771_Study_for_'Woman_Undressing'_638x820.jpg","88718"
"772","Salvador Dali","salvador-dali","The Discovery of America by Christopher Columbus","1959","1018","1349","1.37","https://uploads2.wikiart.org/images/salvador-dali/the-discovery-of-america-by-christopher-columbus-1959.jpg","0772_The_Discovery_of_America_by_Christopher_1018x1349.jpg","532429"
"773","Salvador Dali","salvador-dali","The Vase of Cornflowers","1959","1182","1600","1.89","https://uploads8.wikiart.org/images/salvador-dali/the-vase-of-cornflowers.jpg","0773_The_Vase_of_Cornflowers_1182x1600.jpg","1149213"
"774","Salvador Dali","salvador-dali","The Virgin of Guadalupe","1959","745","1163","0.87","https://uploads8.wikiart.org/images/salvador-dali/the-virgin-of-guadalupe.jpg","0774_The_Virgin_of_Guadalupe_745x1163.jpg","177411"
"775","Salvador Dali","salvador-dali","Woman Undressing","1959","640","857","0.55","https://uploads1.wikiart.org/images/salvador-dali/woman-undressing.jpg","0775_Woman_Undressing_640x857.jpg","124123"
"776","Salvador Dali","salvador-dali","A Fate of the Parthenon","1960","640","907","0.58","https://uploads8.wikiart.org/images/salvador-dali/a-fate-of-the-parthenon.jpg","0776_A_Fate_of_the_Parthenon_640x907.jpg","149811"
"777","Salvador Dali","salvador-dali","A Propos of the 'Treatise on Cubic Form' by Juan de Herrera","1960","1479","1600","2.37","https://uploads6.wikiart.org/images/salvador-dali/a-propos-of-the-treatise-on-cubic-form-by-juan-de-herrera.jpg","0777_A_Propos_of_the_'Treatise_on_Cubic_Form'_1479x1600.jpg","1719037"
"778","Salvador Dali","salvador-dali","Angel of Light","1960","1020","744","0.76","https://uploads8.wikiart.org/images/salvador-dali/angel-of-light.jpg","0778_Angel_of_Light_1020x744.jpg","274392"
"779","Salvador Dali","salvador-dali","Arabs. Study for 'The Battle of Tetuan'","1960","640","391","0.25","https://uploads3.wikiart.org/images/salvador-dali/arabs-study-for-the-battle-of-tetuan.jpg","0779_Arabs._Study_for_'The_Battle_of_Tetuan'_640x391.jpg","52865"
"780","Salvador Dali","salvador-dali","Beatrice","1960","1204","1600","1.93","https://uploads2.wikiart.org/images/salvador-dali/beatrice.jpg","0780_Beatrice_1204x1600.jpg","1186108"
"781","Salvador Dali","salvador-dali","Birth of a Divinity","1960","640","807","0.52","https://uploads4.wikiart.org/images/salvador-dali/birth-of-a-divinity.jpg","0781_Birth_of_a_Divinity_640x807.jpg","64800"
"782","Salvador Dali","salvador-dali","Cathedral (unfinished)","1960","640","511","0.33","https://uploads5.wikiart.org/images/salvador-dali/cathedral-unfinished.jpg","0782_Cathedral_(unfinished)_640x511.jpg","83919"
"783","Salvador Dali","salvador-dali","Chair with the Wings of a Vulture","1960","1461","1600","2.34","https://uploads0.wikiart.org/images/salvador-dali/chair-with-the-wings-of-a-vulture.jpg","0783_Chair_with_the_Wings_of_a_Vulture_1461x1600.jpg","1069577"
"784","Salvador Dali","salvador-dali","Female Seated Nud","1960","640","831","0.53","https://uploads2.wikiart.org/images/salvador-dali/female-seated-nud.jpg","0784_Female_Seated_Nud_640x831.jpg","75552"
"785","Salvador Dali","salvador-dali","Figure In the Shape of a Cloud","1960","640","468","0.3","https://uploads6.wikiart.org/images/salvador-dali/figure-in-the-shape-of-a-cloud.jpg","0785_Figure_In_the_Shape_of_a_Cloud_640x468.jpg","27151"
"786","Salvador Dali","salvador-dali","Goddess Leaning on Her Elbow - Continuum of the Four Buttocks or Five Rhinoceros Horns Making a Virgin or Birth of a Deity","1960","1024","768","0.79","https://uploads2.wikiart.org/images/salvador-dali/goddess-leaning-on-her-elbow-continuum-of-the-four-buttocks-or-five-rhinoceros-horns-making-a-1960.jpg","0786_Goddess_Leaning_on_Her_Elbow_-_Continuum_1024x768.jpg","77413"
"787","Salvador Dali","salvador-dali","Hyperxiological Sky","1960","2266","1600","3.63","https://uploads4.wikiart.org/images/salvador-dali/hyperxiological-sky.jpg","0787_Hyperxiological_Sky_2266x1600.jpg","2438423"
"788","Salvador Dali","salvador-dali","Madonna","1960","640","1141","0.73","https://uploads3.wikiart.org/images/salvador-dali/madonna-1.jpg","0788_Madonna_640x1141.jpg","125145"
"789","Salvador Dali","salvador-dali","Portrait of 'Bobo' Rockefeller (unfinished)","1960","640","680","0.44","https://uploads6.wikiart.org/images/salvador-dali/portrait-of-bobo-rockefeller-unfinished.jpg","0789_Portrait_of_'Bobo'_Rockefeller_(unfinish_640x680.jpg","47837"
"790","Salvador Dali","salvador-dali","Portrait of Countess Ghislaine d'Oultremont","1960","634","778","0.49","https://uploads1.wikiart.org/images/salvador-dali/portrait-of-countess-ghislaine-d-oultremont.jpg","0790_Portrait_of_Countess_Ghislaine_d'Oultrem_634x778.jpg","78689"
"791","Salvador Dali","salvador-dali","Portrait of Juan de Pareja Adjusting a String on His Mandolin","1960","659","600","0.4","https://uploads1.wikiart.org/images/salvador-dali/portrait-of-juan-de-pareja-adjusting-a-string-on-his-mandolin.jpg","0791_Portrait_of_Juan_de_Pareja_Adjusting_a_S_659x600.jpg","80782"
"792","Salvador Dali","salvador-dali","Portrait of Mrs. Fagen","1960","640","877","0.56","https://uploads6.wikiart.org/images/salvador-dali/portrait-of-mrs-fagen.jpg","0792_Portrait_of_Mrs._Fagen_640x877.jpg","87773"
"793","Salvador Dali","salvador-dali","Portrait of St. Jerome","1960","640","811","0.52","https://uploads6.wikiart.org/images/salvador-dali/portrait-of-st-jerome.jpg","0793_Portrait_of_St._Jerome_640x811.jpg","142987"
"794","Salvador Dali","salvador-dali","San Salvador and Antonio Gaudi Fighting for the Crown of the Virgin","1960","2183","1600","3.49","https://uploads7.wikiart.org/images/salvador-dali/san-salvador-and-antonio-gaudi-fighting-for-the-crown-of-the-virgin.jpg","0794_San_Salvador_and_Antonio_Gaudi_Fighting_2183x1600.jpg","2287298"
"795","Salvador Dali","salvador-dali","The Cosmic Athlete","1960","640","974","0.62","https://uploads3.wikiart.org/images/salvador-dali/the-cosmic-athlete.jpg","0795_The_Cosmic_Athlete_640x974.jpg","54426"
"796","Salvador Dali","salvador-dali","The Ecumenical Council","1960","640","480","0.31","https://uploads7.wikiart.org/images/salvador-dali/the-ecumenical-council.jpg","0796_The_Ecumenical_Council_640x480.jpg","60600"
"797","Salvador Dali","salvador-dali","The Ecumenical Council","1960","591","700","0.41","https://uploads3.wikiart.org/images/salvador-dali/the-ecumenical-council-1960.jpg","0797_The_Ecumenical_Council_591x700.jpg","90615"
"798","Salvador Dali","salvador-dali","The Life of Mary Magdalene","1960","640","660","0.42","https://uploads2.wikiart.org/images/salvador-dali/the-life-of-mary-magdalene.jpg","0798_The_Life_of_Mary_Magdalene_640x660.jpg","34101"
"799","Salvador Dali","salvador-dali","The Maids-in-Waiting (Las Meninas)","1960","640","832","0.53","https://uploads8.wikiart.org/images/salvador-dali/the-maids-in-waiting-las-meninas.jpg","0799_The_Maids-in-Waiting_(Las_Meninas)_640x832.jpg","123309"
"800","Salvador Dali","salvador-dali","The Servant of the Disciples at Emmaus","1960","1420","1600","2.27","https://uploads5.wikiart.org/images/salvador-dali/the-servant-of-the-disciples-at-emmaus.jpg","0800_The_Servant_of_the_Disciples_at_Emmaus_1420x1600.jpg","1547556"
"801","Salvador Dali","salvador-dali","Two Religious Figures","1960","640","817","0.52","https://uploads6.wikiart.org/images/salvador-dali/two-religious-figures.jpg","0801_Two_Religious_Figures_640x817.jpg","100673"
"802","Salvador Dali","salvador-dali","Untitled","1960","640","841","0.54","https://uploads2.wikiart.org/images/salvador-dali/untitled.jpg","0802_Untitled_640x841.jpg","92383"
"803","Salvador Dali","salvador-dali","Untitled (The Lady of Avignon)","1960","640","1727","1.11","https://uploads4.wikiart.org/images/salvador-dali/untitled-the-lady-of-avignon.jpg","0803_Untitled_(The_Lady_of_Avignon)_640x1727.jpg","146920"
"804","Salvador Dali","salvador-dali","The Trinity","1960","650","646","0.42","https://uploads5.wikiart.org/images/salvador-dali/the-trinity.jpg","0804_The_Trinity_650x646.jpg","102077"
"805","Salvador Dali","salvador-dali","Portrait of Juan de Pareja Repairing a String of His Mandolin","1960","1920","1600","3.07","https://uploads1.wikiart.org/images/salvador-dali/portrait-of-juan-de-pareja-repairing-a-string-of-his-mandolin.jpg","0805_Portrait_of_Juan_de_Pareja_Repairing_a_S_1920x1600.jpg","1632975"
"806","Salvador Dali","salvador-dali","St. Peter's in Rome","1960","640","890","0.57","https://uploads3.wikiart.org/images/salvador-dali/st-peter-s-in-rome.jpg","0806_St._Peter's_in_Rome_640x890.jpg","106702"
"807","Salvador Dali","salvador-dali","Cavallo Metafisco","1960","834","935","0.78","https://uploads2.wikiart.org/images/salvador-dali/cavallo-metafisco.jpg","0807_Cavallo_Metafisco_834x935.jpg","333832"
"808","Salvador Dali","salvador-dali","Portrait of Louis Sachar","1961","800","1150","0.92","https://uploads0.wikiart.org/00152/images/salvador-dali/zzz-portrait-of-louis-sachar1961.jpg","0808_Portrait_of_Louis_Sachar_800x1150.jpg","112197"
"809","Salvador Dali","salvador-dali","Portrait of Rosemary Chisholm","1961","800","1047","0.84","https://uploads5.wikiart.org/00152/images/salvador-dali/zzz-portrait-of-rosemary-chisholm1961.jpg","0809_Portrait_of_Rosemary_Chisholm_800x1047.jpg","93493"
"810","Salvador Dali","salvador-dali","Portrait of Ruth Lachman","1961","800","1179","0.94","https://uploads0.wikiart.org/00152/images/salvador-dali/zzz-portrait-of-ruth-lachman1961.jpg","0810_Portrait_of_Ruth_Lachman_800x1179.jpg","132732"
"811","Salvador Dali","salvador-dali","Leda's Swan (Leda and the Swan)","1961","640","620","0.4","https://uploads5.wikiart.org/images/salvador-dali/leda-s-swan-leda-and-the-swan.jpg","0811_Leda's_Swan_(Leda_and_the_Swan)_640x620.jpg","67904"
"812","Salvador Dali","salvador-dali","Mohammed's Dream (Homage to Fortuny)","1961","640","664","0.42","https://uploads1.wikiart.org/images/salvador-dali/mohammed-s-dream-homage-to-fortuny.jpg","0812_Mohammed's_Dream_(Homage_to_Fortuny)_640x664.jpg","130204"
"813","Salvador Dali","salvador-dali","Portrait of a Woman - Grey Jacket Wearing a Pearl Necklace","1961","640","727","0.47","https://uploads5.wikiart.org/images/salvador-dali/portrait-of-a-woman-grey-jacket-wearing-a-pearl-necklace.jpg","0813_Portrait_of_a_Woman_-_Grey_Jacket_Wearin_640x727.jpg","44031"
"814","Salvador Dali","salvador-dali","Study for 'The Battle of Tetuan'","1961","640","384","0.25","https://uploads6.wikiart.org/images/salvador-dali/study-for-the-battle-of-tetuan.jpg","0814_Study_for_'The_Battle_of_Tetuan'_640x384.jpg","81308"
"815","Salvador Dali","salvador-dali","The Infanta (Standing Woman)","1961","640","649","0.42","https://uploads2.wikiart.org/images/salvador-dali/the-infanta-standing-woman.jpg","0815_The_Infanta_(Standing_Woman)_640x649.jpg","99974"
"816","Salvador Dali","salvador-dali","Arab","1962","1361","1600","2.18","https://uploads7.wikiart.org/images/salvador-dali/arab.jpg","0816_Arab_1361x1600.jpg","1242799"
"817","Salvador Dali","salvador-dali","Battle of Tétouan","1962","1024","832","0.85","https://uploads2.wikiart.org/images/salvador-dali/battle-of-tétouan.jpg","0817_Battle_of_Tétouan_1024x832.jpg","281904"
"818","Salvador Dali","salvador-dali","Macrophotographic Self-Portrait with the Appearance of Gala","1962","640","1074","0.69","https://uploads8.wikiart.org/images/salvador-dali/macrophotographic-self-portrait-with-the-appearance-of-gala.jpg","0818_Macrophotographic_Self-Portrait_with_the_640x1074.jpg","148109"
"819","Salvador Dali","salvador-dali","Portrait of Mr. Fagen","1962","640","889","0.57","https://uploads5.wikiart.org/images/salvador-dali/portrait-of-mr-fagen.jpg","0819_Portrait_of_Mr._Fagen_640x889.jpg","90621"
"820","Salvador Dali","salvador-dali","St. George and the Dragon","1962","640","472","0.3","https://uploads0.wikiart.org/images/salvador-dali/st-george-and-the-dragon.jpg","0820_St._George_and_the_Dragon_640x472.jpg","43809"
"821","Salvador Dali","salvador-dali","Study for 'The Battle of Tetuan'","1962","640","498","0.32","https://uploads8.wikiart.org/images/salvador-dali/study-for-the-battle-of-tetuan-1.jpg","0821_Study_for_'The_Battle_of_Tetuan'_640x498.jpg","52100"
"822","Salvador Dali","salvador-dali","Study of a Female Nude","1962","1207","1600","1.93","https://uploads7.wikiart.org/images/salvador-dali/study-of-a-female-nude.jpg","0822_Study_of_a_Female_Nude_1207x1600.jpg","902486"
"823","Salvador Dali","salvador-dali","The Alchemist","1962","640","1010","0.65","https://uploads7.wikiart.org/images/salvador-dali/the-alchemist.jpg","0823_The_Alchemist_640x1010.jpg","109893"
"824","Salvador Dali","salvador-dali","The Sacred Heart of Jesus","1962","640","903","0.58","https://uploads1.wikiart.org/images/salvador-dali/the-sacred-heart-of-jesus.jpg","0824_The_Sacred_Heart_of_Jesus_640x903.jpg","93174"
"825","Salvador Dali","salvador-dali","Twist in the Studio of Velazquez","1962","640","474","0.3","https://uploads8.wikiart.org/images/salvador-dali/twist-in-the-studio-of-velazquez.jpg","0825_Twist_in_the_Studio_of_Velazquez_640x474.jpg","35636"
"826","Salvador Dali","salvador-dali","Vision of Fatima","1962","382","571","0.22","https://uploads1.wikiart.org/images/salvador-dali/vision-of-fatima.jpg","0826_Vision_of_Fatima_382x571.jpg","32932"
"827","Salvador Dali","salvador-dali","Arabs - the Death of Raimundus Lullus","1963","640","242","0.15","https://uploads2.wikiart.org/images/salvador-dali/arabs-the-death-of-raimundus-lullus.jpg","0827_Arabs_-_the_Death_of_Raimundus_Lullus_640x242.jpg","51968"
"828","Salvador Dali","salvador-dali","Arabs - the Death of Raymond Lulle","1963","3953","1600","6.32","https://uploads8.wikiart.org/images/salvador-dali/arabs-the-death-of-raymond-lulle.jpg","0828_Arabs_-_the_Death_of_Raymond_Lulle_3953x1600.jpg","4159878"
"829","Salvador Dali","salvador-dali","Desoxyribonucleic Acid Arabs","1963","2283","1600","3.65","https://uploads4.wikiart.org/images/salvador-dali/desoxyribonucleic-acid-arabs.jpg","0829_Desoxyribonucleic_Acid_Arabs_2283x1600.jpg","2491185"
"830","Salvador Dali","salvador-dali","Fifty Abstract Paintings Which as Seen from Two Yards Change into Three Lenins Masquerading as Chinese and as Seen from Six Yards Appear as the Head of a Royal Bengal Tiger","1963","700","640","0.45","https://uploads7.wikiart.org/images/salvador-dali/fifty-abstract-paintings-which-as-seen-from-two-yards-change-into-three-lenins-masquerading-as.jpg","0830_Fifty_Abstract_Paintings_Which_as_Seen_f_700x640.jpg","80564"
"831","Salvador Dali","salvador-dali","Galacidalacidesoxyribonucleicacid","1963","2014","1600","3.22","https://uploads0.wikiart.org/images/salvador-dali/galacidalacidesoxyribonucleicacid.jpg","0831_Galacidalacidesoxyribonucleicacid_2014x1600.jpg","1781181"
"832","Salvador Dali","salvador-dali","Hercules Lifts the Skin of the Sea and Stops Venus for an Instant from Waking Love","1963","2094","1600","3.35","https://uploads4.wikiart.org/images/salvador-dali/hercules-lifts-the-skin-of-the-sea-and-stops-venus-for-an-instant-from-waking-love.jpg","0832_Hercules_Lifts_the_Skin_of_the_Sea_and_S_2094x1600.jpg","2073956"
"833","Salvador Dali","salvador-dali","Mohammed's Dream","1963","634","888","0.56","https://uploads1.wikiart.org/images/salvador-dali/mohammed-s-dream.jpg","0833_Mohammed's_Dream_634x888.jpg","151302"
"834","Salvador Dali","salvador-dali","Portrait of My Dead Brother","1963","1624","1600","2.6","https://uploads8.wikiart.org/images/salvador-dali/portrait-of-my-dead-brother-1963.jpg","0834_Portrait_of_My_Dead_Brother_1624x1600.jpg","1623215"
"835","Salvador Dali","salvador-dali","Study for Deoxyribonucleic Acid Arabs","1963","640","501","0.32","https://uploads4.wikiart.org/images/salvador-dali/study-for-deoxyribonucleic-acid-arabs.jpg","0835_Study_for_Deoxyribonucleic_Acid_Arabs_640x501.jpg","36379"
"836","Salvador Dali","salvador-dali","Study for Deoxyribonucleic Acid Arabs","1963","640","476","0.3","https://uploads6.wikiart.org/images/salvador-dali/study-for-deoxyribonucleic-acid-arabs-1.jpg","0836_Study_for_Deoxyribonucleic_Acid_Arabs_640x476.jpg","66922"
"837","Salvador Dali","salvador-dali","The Madonna and the Mystical Rose","1963","640","739","0.47","https://uploads5.wikiart.org/images/salvador-dali/the-madonna-and-the-mystical-rose-1963.jpg","0837_The_Madonna_and_the_Mystical_Rose_640x739.jpg","65551"
"838","Salvador Dali","salvador-dali","Untitled (Still Life with Lilies)","1963","640","520","0.33","https://uploads7.wikiart.org/images/salvador-dali/untitled-still-life-with-lilies.jpg","0838_Untitled_(Still_Life_with_Lilies)_640x520.jpg","43518"
"839","Salvador Dali","salvador-dali","Portrait of De Sara María Larrabure (1963)","1963","707","1024","0.72","https://uploads6.wikiart.org/00152/images/salvador-dali/zzz-salvador-dali-portrait-de-sara-mari-a-larrabure-1963.jpg","0839_Portrait_of_De_Sara_María_Larrabure_(19_707x1024.jpg","109060"
"840","Salvador Dali","salvador-dali","Portrait of Mrs Ann Green and Son Jonathan (1963)","1963","736","504","0.37","https://uploads3.wikiart.org/00152/images/salvador-dali/zzz-salvadore-dali-mrs-ann-green-and-son-jonathan1963.jpg","0840_Portrait_of_Mrs_Ann_Green_and_Son_Jonath_736x504.jpg","52341"
"841","Salvador Dali","salvador-dali","Landscape with Flies","1964","640","651","0.42","https://uploads5.wikiart.org/images/salvador-dali/landscape-with-flies.jpg","0841_Landscape_with_Flies_640x651.jpg","104140"
"842","Salvador Dali","salvador-dali","Untitled (St. John)","1964","640","844","0.54","https://uploads1.wikiart.org/images/salvador-dali/untitled-st-john.jpg","0842_Untitled_(St._John)_640x844.jpg","87675"
"843","Salvador Dali","salvador-dali","Untitled. Female Nude on a Palette","1964","640","845","0.54","https://uploads0.wikiart.org/images/salvador-dali/untitled-female-nude-on-a-palette.jpg","0843_Untitled._Female_Nude_on_a_Palette_640x845.jpg","78420"
"844","Salvador Dali","salvador-dali","Lazarus, come forth - Lazare, veni foras (John 11:44)","1964","334","480","0.16","https://uploads8.wikiart.org/images/salvador-dali/lazarus-come-forth-lazare-veni-foras-1964.jpg","0844_Lazarus,_come_forth_-_Lazare,_veni_foras_334x480.jpg","25822"
"845","Salvador Dali","salvador-dali","Et cognoverunt eum in fractione panis","1964","346","500","0.17","https://uploads0.wikiart.org/images/salvador-dali/et-cognoverunt-eum-in-fractione-panis-1964.jpg","0845_Et_cognoverunt_eum_in_fractione_panis_346x500.jpg","42146"
"846","Salvador Dali","salvador-dali","Et ligaverunt corpus Iesu linteis cum aromatibu","1964","500","365","0.18","https://uploads1.wikiart.org/images/salvador-dali/et-ligaverunt-corpus-iesu-linteis-cum-aromatibu-1964.jpg","0846_Et_ligaverunt_corpus_Iesu_linteis_cum_ar_500x365.jpg","46599"
"847","Salvador Dali","salvador-dali","Et post buccellam introivit in eum satanas (Psalms 40:10)","1964","375","500","0.19","https://uploads0.wikiart.org/images/salvador-dali/et-post-buccellam-introivit-in-eum-satanas-psalms-40-10-1964.jpg","0847_Et_post_buccellam_introivit_in_eum_satan_375x500.jpg","50398"
"848","Salvador Dali","salvador-dali","Et posuerunt eum in monumento (Mark 15:46)","1964","600","440","0.26","https://uploads3.wikiart.org/images/salvador-dali/et-posuerunt-eum-in-monumento-mark-15-46-1964.jpg","0848_Et_posuerunt_eum_in_monumento_(Mark_15_4_600x440.jpg","122567"
"849","Salvador Dali","salvador-dali","Ex Aegypto vocavi filium meum","1964","500","368","0.18","https://uploads1.wikiart.org/images/salvador-dali/ex-aegypto-vocavi-filium-meum-1964.jpg","0849_Ex_Aegypto_vocavi_filium_meum_500x368.jpg","39447"
"850","Salvador Dali","salvador-dali","Faciamus hominem (Genesis 1:26)","1964","447","600","0.27","https://uploads1.wikiart.org/images/salvador-dali/faciamus-hominem-genesis-1-26-1964.jpg","0850_Faciamus_hominem_(Genesis_1_26)_447x600.jpg","53587"
"851","Salvador Dali","salvador-dali","Familia Ruth Moabitidis","1964","374","500","0.19","https://uploads4.wikiart.org/images/salvador-dali/familia-ruth-moabitidis-1964.jpg","0851_Familia_Ruth_Moabitidis_374x500.jpg","50568"
"852","Salvador Dali","salvador-dali","Filiae Herodiadis saltatio (Matthew 14:6)","1964","447","600","0.27","https://uploads2.wikiart.org/images/salvador-dali/filiae-herodiadis-saltatio-matthew-14-6-1964.jpg","0852_Filiae_Herodiadis_saltatio_(Matthew_14_6_447x600.jpg","54558"
"853","Salvador Dali","salvador-dali","Filius prodigus","1964","362","500","0.18","https://uploads5.wikiart.org/images/salvador-dali/filius-prodigus-1964.jpg","0853_Filius_prodigus_362x500.jpg","44545"
"854","Salvador Dali","salvador-dali","Gloria vultus Moysi (Exodus 34:29)","1964","353","500","0.18","https://uploads4.wikiart.org/images/salvador-dali/gloria-vultus-moysi-exodus-34-29-1964.jpg","0854_Gloria_vultus_Moysi_(Exodus_34_29)_353x500.jpg","29523"
"855","Salvador Dali","salvador-dali","Hircus caprarum super faciem terrae","1964","352","500","0.18","https://uploads7.wikiart.org/images/salvador-dali/hircus-caprarum-super-faciem-terrae-1964.jpg","0855_Hircus_caprarum_super_faciem_terrae_352x500.jpg","49440"
"856","Salvador Dali","salvador-dali","Ieremiae prophetia contra regem Ioachin (2 Kings 24:12)","1964","436","600","0.26","https://uploads7.wikiart.org/images/salvador-dali/ieremiae-prophetia-contra-regem-ioachin-2-kings-24-12-1964.jpg","0856_Ieremiae_prophetia_contra_regem_Ioachin_436x600.jpg","56050"
"857","Salvador Dali","salvador-dali","Iesu nativitas (Matthew 1:20)","1964","600","446","0.27","https://uploads8.wikiart.org/images/salvador-dali/iesu-nativitas-matthew-1-20-1964.jpg","0857_Iesu_nativitas_(Matthew_1_20)_600x446.jpg","30385"
"858","Salvador Dali","salvador-dali","Iesu transfigurato (Mark 9:4f)","1964","365","500","0.18","https://uploads0.wikiart.org/images/salvador-dali/iesu-transfigurato-mark-9-4f-1964.jpg","0858_Iesu_transfigurato_(Mark_9_4f)_365x500.jpg","56890"
"859","Salvador Dali","salvador-dali","Iesus a Satana tentatur (Mark 1:13)","1964","443","600","0.27","https://uploads5.wikiart.org/images/salvador-dali/iesus-a-satana-tentatur-mark-1-13-1964.jpg","0859_Iesus_a_Satana_tentatur_(Mark_1_13)_443x600.jpg","58014"
"860","Salvador Dali","salvador-dali","Iesus flagellatus (John 19:1)","1964","413","600","0.25","https://uploads8.wikiart.org/images/salvador-dali/iesus-flagellatus-john-19-1-1964.jpg","0860_Iesus_flagellatus_(John_19_1)_413x600.jpg","61496"
"861","Salvador Dali","salvador-dali","Iesus super mare ambulans (Matthew 14:26)","1964","371","500","0.19","https://uploads2.wikiart.org/images/salvador-dali/iesus-super-mare-ambulans-matthew-14-26-1964.jpg","0861_Iesus_super_mare_ambulans_(Matthew_14_26_371x500.jpg","37770"
"862","Salvador Dali","salvador-dali","In principiodeus creavit...","1964","500","370","0.18","https://uploads5.wikiart.org/images/salvador-dali/in-principiodeus-creavit-1964.jpg","0862_In_principiodeus_creavit_500x370.jpg","73460"
"863","Salvador Dali","salvador-dali","Antequam exhires de vulva sactificavite (Jeremiah 1:5)","1964","440","600","0.26","https://uploads1.wikiart.org/images/salvador-dali/antequam-exhires-de-vulva-sactificavite-jeremiah-1-5.jpg","0863_Antequam_exhires_de_vulva_sactificavite_440x600.jpg","50534"
"864","Salvador Dali","salvador-dali","The Simoniacs","1964","504","750","0.38","https://uploads7.wikiart.org/images/salvador-dali/the-simoniacs.jpg","0864_The_Simoniacs_504x750.jpg","78772"
"865","Salvador Dali","salvador-dali","Vanitas vanitatum (Ecclesiastes 1:12f)","1964","313","450","0.14","https://uploads1.wikiart.org/images/salvador-dali/ecclesiastes-preacher-of-surprising-joy-1-4.jpg","0865_Vanitas_vanitatum_(Ecclesiastes_1_12f)_313x450.jpg","183731"
"866","Salvador Dali","salvador-dali","Portrait of Mon Ling Yu Landegger, (1964)","1964","600","861","0.52","https://uploads5.wikiart.org/00152/images/salvador-dali/zzz-salvador-dal-portrait-of-mon-ling-yu-landegger-1964.jpg","0866_Portrait_of_Mon_Ling_Yu_Landegger,_(1964_600x861.jpg","99669"
"867","Salvador Dali","salvador-dali","Portrait of  the Briggs Family (1964)","1964","1024","685","0.7","https://uploads1.wikiart.org/00152/images/salvador-dali/zzz-salvador-dali-of-the-briggs-family1964.jpg","0867_Portrait_of_the_Briggs_Family_(1964)_1024x685.jpg","39464"
"868","Salvador Dali","salvador-dali","Aliyah","1964","777","1022","0.79","https://uploads2.wikiart.org/00266/images/salvador-dali/salvador-dali-2.JPG","0868_Aliyah_777x1022.JPG","325692"
"869","Salvador Dali","salvador-dali","Er tu, puer, prophetia altissimi (Luke 1:76)","1964","435","600","0.26","https://uploads7.wikiart.org/images/salvador-dali/er-tu-puer-prophetia-altissimi-luke-1-76.jpg","0869_Er_tu,_puer,_prophetia_altissimi_(Luke_1_435x600.jpg","55654"
"870","Salvador Dali","salvador-dali","Et baptizatus est a Ioanne in Iordane (Luke 3:3)","1964","415","600","0.25","https://uploads4.wikiart.org/images/salvador-dali/et-baptizatus-est-a-ioanne-in-iordane-luke-3-3.jpg","0870_Et_baptizatus_est_a_Ioanne_in_Iordane_(L_415x600.jpg","47995"
"871","Salvador Dali","salvador-dali","Portrait of Lammot du Pont Copeland","1965","800","1069","0.86","https://uploads5.wikiart.org/00175/images/salvador-dali/portrait-of-lammot-du-pont-copeland.jpg","0871_Portrait_of_Lammot_du_Pont_Copeland_800x1069.jpg","589488"
"872","Salvador Dali","salvador-dali","Portrait of Abel E. Fagen","1965","800","1065","0.85","https://uploads3.wikiart.org/00175/images/salvador-dali/portrait-of-abel-e-fagen.jpg","0872_Portrait_of_Abel_E._Fagen_800x1065.jpg","184413"
"873","Salvador Dali","salvador-dali","Portrait De Madame Schlumberger, 1963 65","1965","475","503","0.24","https://uploads6.wikiart.org/00152/images/salvador-dali/zzz-salvador-dal-portrait-de-madame-schlumberger-1963-65.jpg","0873_Portrait_De_Madame_Schlumberger,_1963_65_475x503.jpg","34477"
"874","Salvador Dali","salvador-dali","Character Masquerading in Pinning Up a Butterfly","1965","588","800","0.47","https://uploads6.wikiart.org/images/salvador-dali/character-masquerading-in-pinning-up-a-butterfly.jpg","0874_Character_Masquerading_in_Pinning_Up_a_B_588x800.jpg","261686"
"875","Salvador Dali","salvador-dali","Crucifixion (Dedication; For Gala Queen of the Divine DalH)","1965","1230","1600","1.97","https://uploads5.wikiart.org/images/salvador-dali/crucifixion-dedication-for-gala-queen-of-the-divine-dalh.jpg","0875_Crucifixion_(Dedication;_For_Gala_Queen_1230x1600.jpg","1268789"
"876","Salvador Dali","salvador-dali","Homage to Meirronier","1965","3135","1600","5.02","https://uploads5.wikiart.org/images/salvador-dali/homage-to-meirronier.jpg","0876_Homage_to_Meirronier_3135x1600.jpg","2911752"
"877","Salvador Dali","salvador-dali","Laocoon Tormented by Flies","1965","640","844","0.54","https://uploads2.wikiart.org/images/salvador-dali/laocoon-tormented-by-flies.jpg","0877_Laocoon_Tormented_by_Flies_640x844.jpg","103048"
"878","Salvador Dali","salvador-dali","Moth and Flame. Candelstick","1965","516","883","0.46","https://uploads2.wikiart.org/images/salvador-dali/moth-and-flame-candelstick.jpg","0878_Moth_and_Flame._Candelstick_516x883.jpg","22492"
"879","Salvador Dali","salvador-dali","Night in the Hotel (Abstract in Black and White)","1965","640","402","0.26","https://uploads4.wikiart.org/images/salvador-dali/night-in-the-hotel-abstract-in-black-and-white.jpg","0879_Night_in_the_Hotel_(Abstract_in_Black_an_640x402.jpg","44784"
"880","Salvador Dali","salvador-dali","Portrait of Gala (Gala Against the Light)","1965","1466","1600","2.35","https://uploads6.wikiart.org/images/salvador-dali/portrait-of-gala-gala-against-the-light.jpg","0880_Portrait_of_Gala_(Gala_Against_the_Light_1466x1600.jpg","1515959"
"881","Salvador Dali","salvador-dali","Portrait of Mrs. Ruth Daponte","1965","640","912","0.58","https://uploads4.wikiart.org/images/salvador-dali/portrait-of-mrs-ruth-daponte.jpg","0881_Portrait_of_Mrs._Ruth_Daponte_640x912.jpg","72134"
"882","Salvador Dali","salvador-dali","Salvador Dali in the Act of Painting Gala in the Apotheosis of the Dollar","1965","640","497","0.32","https://uploads4.wikiart.org/images/salvador-dali/salvador-dali-in-the-act-of-painting-gala-in-the-apotheosis-of-the-dollar.jpg","0882_Salvador_Dali_in_the_Act_of_Painting_Gal_640x497.jpg","70076"
"883","Salvador Dali","salvador-dali","The Railway Station at Perpignan","1965","991","723","0.72","https://uploads4.wikiart.org/00359/images/salvador-dali/7893856.jpeg","0883_The_Railway_Station_at_Perpignan_991x723.jpeg","241010"
"884","Salvador Dali","salvador-dali","The Sun of Dali","1965","640","886","0.57","https://uploads0.wikiart.org/images/salvador-dali/the-sun-of-dali.jpg","0884_The_Sun_of_Dali_640x886.jpg","117917"
"885","Salvador Dali","salvador-dali","Untitled (Apocalyptic Christ; Christ with Flames)","1965","640","646","0.41","https://uploads4.wikiart.org/images/salvador-dali/untitled-apocalyptic-christ-christ-with-flames.jpg","0885_Untitled_(Apocalyptic_Christ;_Christ_wit_640x646.jpg","35967"
"886","Salvador Dali","salvador-dali","Untitled (St. John from Behind)","1965","640","952","0.61","https://uploads4.wikiart.org/images/salvador-dali/untitled-st-john-from-behind.jpg","0886_Untitled_(St._John_from_Behind)_640x952.jpg","115184"
"887","Salvador Dali","salvador-dali","Moses and the Pharaoh","1966","640","732","0.47","https://uploads6.wikiart.org/images/salvador-dali/moses-and-the-pharaoh.jpg","0887_Moses_and_the_Pharaoh_640x732.jpg","56760"
"888","Salvador Dali","salvador-dali","Tuna Fishing","1967","1051","784","0.82","https://uploads2.wikiart.org/images/salvador-dali/tuna-fishing-1967.jpg","0888_Tuna_Fishing_1051x784.jpg","256678"
"889","Salvador Dali","salvador-dali","Tuna Fishing (advanced State)","1967","640","476","0.3","https://uploads3.wikiart.org/images/salvador-dali/tuna-fishing-advanced-state.jpg","0889_Tuna_Fishing_(advanced_State)_640x476.jpg","34001"
"890","Salvador Dali","salvador-dali","Assuerus Falls in Love with Esther - Assueres adamavit Esther (Esther 2:17)","1967","350","480","0.17","https://uploads7.wikiart.org/images/salvador-dali/assuerus-falls-in-love-with-esther-assueres-adamavit-esther-1967(2).jpg","0890_Assuerus_Falls_in_Love_with_Esther_-_Ass_350x480.jpg","18777"
"891","Salvador Dali","salvador-dali","Tolle, tolle, crucifige eum (John 19:15)","1967","443","600","0.27","https://uploads8.wikiart.org/images/salvador-dali/tolle-tolle-crucifige-eum-john-19-15-1967.jpg","0891_Tolle,_tolle,_crucifige_eum_(John_19_15)_443x600.jpg","78626"
"892","Salvador Dali","salvador-dali","Abraham, Abraham! (Genesis 22:2)","1967","412","600","0.25","https://uploads0.wikiart.org/images/salvador-dali/abraham-abraham-genesis-22-2-1967.jpg","0892_Abraham,_Abraham!_(Genesis_22_2)_412x600.jpg","45111"
"893","Salvador Dali","salvador-dali","Abraham, pater multarem gentium (Genesis 12:1f)","1967","448","600","0.27","https://uploads7.wikiart.org/images/salvador-dali/abraham-pater-multarem-gentium-genesis-12-1f-1967.jpg","0893_Abraham,_pater_multarem_gentium_(Genesis_448x600.jpg","34006"
"894","Salvador Dali","salvador-dali","Angelus excussit flammamignis (Daniel 3:23)","1967","600","444","0.27","https://uploads4.wikiart.org/images/salvador-dali/angelus-excussit-flammamignis-daniel-3-23-1967.jpg","0894_Angelus_excussit_flammamignis_(Daniel_3_600x444.jpg","52831"
"895","Salvador Dali","salvador-dali","Apparuerunt illis dispertitae linguae (Acts 1:14)","1967","440","600","0.26","https://uploads1.wikiart.org/images/salvador-dali/apparuerunt-illis-dispertitae-linguae-acts-1-14-1967.jpg","0895_Apparuerunt_illis_dispertitae_linguae_(A_440x600.jpg","88034"
"896","Salvador Dali","salvador-dali","Aquae diluvii super terram (Genesis 6:17)","1967","600","441","0.26","https://uploads2.wikiart.org/images/salvador-dali/aquae-diluvii-super-terram-genesis-6-17-1967.jpg","0896_Aquae_diluvii_super_terram_(Genesis_6_17_600x441.jpg","36331"
"897","Salvador Dali","salvador-dali","Beati pauperes... Beati mites ... Beati (Psalms 1:1)","1967","358","500","0.18","https://uploads6.wikiart.org/images/salvador-dali/beati-pauperes-beati-mites-beati-psalms-1-1-1967.jpg","0897_Beati_pauperes..._Beati_mites_..._Beati_358x500.jpg","40192"
"898","Salvador Dali","salvador-dali","Cadaver in seoulchro Elisei (2 Kings 13:21)","1967","373","500","0.19","https://uploads4.wikiart.org/images/salvador-dali/cadaver-in-seoulchro-elisei-2-kings-13-21-1967.jpg","0898_Cadaver_in_seoulchro_Elisei_(2_Kings_13_373x500.jpg","63305"
"899","Salvador Dali","salvador-dali","Canita tuba in Sion (Joel 2:1)","1967","352","480","0.17","https://uploads0.wikiart.org/images/salvador-dali/canita-tuba-in-sion-joel-2-1-1967.jpg","0899_Canita_tuba_in_Sion_(Joel_2_1)_352x480.jpg","22418"
"900","Salvador Dali","salvador-dali","Cherub super limen domus (Ezekiel 9:3)","1967","351","480","0.17","https://uploads8.wikiart.org/images/salvador-dali/cherub-super-limen-domus-ezekiel-9-3-1967.jpg","0900_Cherub_super_limen_domus_(Ezekiel_9_3)_351x480.jpg","25891"
"901","Salvador Dali","salvador-dali","Da mihi bibere (Ecclesiastes 12:1)","1967","332","450","0.15","https://uploads4.wikiart.org/images/salvador-dali/da-mihi-bibere-ecclesiastes-12-1-1967.jpg","0901_Da_mihi_bibere_(Ecclesiastes_12_1)_332x450.jpg","66526"
"902","Salvador Dali","salvador-dali","David et Philistaeus (1 Samuel 17:43)","1967","323","450","0.15","https://uploads7.wikiart.org/images/salvador-dali/david-et-philistaeus-1-samuel-17-43-1967.jpg","0902_David_et_Philistaeus_(1_Samuel_17_43)_323x450.jpg","29892"
"903","Salvador Dali","salvador-dali","Ecce homo","1967","368","500","0.18","https://uploads8.wikiart.org/images/salvador-dali/ecce-homo-1967.jpg","0903_Ecce_homo_368x500.jpg","72274"
"904","Salvador Dali","salvador-dali","De cruce depositio","1967","365","500","0.18","https://uploads8.wikiart.org/images/salvador-dali/de-cruce-depositio-1967.jpg","0904_De_cruce_depositio_365x500.jpg","46744"
"905","Salvador Dali","salvador-dali","Asperges me hyssopo et mundabor","1967","365","500","0.18","https://uploads3.wikiart.org/images/salvador-dali/asperges-me-hyssopo-et-mundabor-1967.jpg","0905_Asperges_me_hyssopo_et_mundabor_365x500.jpg","34337"
"906","Salvador Dali","salvador-dali","Arca foederis","1967","366","500","0.18","https://uploads3.wikiart.org/images/salvador-dali/arca-foederis-1967.jpg","0906_Arca_foederis_366x500.jpg","48132"
"907","Salvador Dali","salvador-dali","Ecce quasi filius hominis in nubibus us caeli (Ezekiel 1:4)","1967","437","600","0.26","https://uploads2.wikiart.org/images/salvador-dali/ecce-quasi-filius-hominis-in-nubibus-us-caeli-ezekiel-1-4-1967.jpg","0907_Ecce_quasi_filius_hominis_in_nubibus_us_437x600.jpg","62244"
"908","Salvador Dali","salvador-dali","Ecce virgo concipiet (Isaiah 7:14)","1967","444","600","0.27","https://uploads4.wikiart.org/images/salvador-dali/ecce-virgo-concipiet-isaiah-7-14-1967.jpg","0908_Ecce_virgo_concipiet_(Isaiah_7_14)_444x600.jpg","57771"
"909","Salvador Dali","salvador-dali","Ego sum Dominus Deus tuus... (Exodus 34:28)","1967","416","600","0.25","https://uploads1.wikiart.org/images/salvador-dali/ego-sum-dominus-deus-tuus-exodus-34-28-1967.jpg","0909_Ego_sum_Dominus_Deus_tuus..._(Exodus_34_416x600.jpg","63881"
"910","Salvador Dali","salvador-dali","Elias per turbinem super currus igneus","1967","372","500","0.19","https://uploads1.wikiart.org/images/salvador-dali/elias-per-turbinem-super-currus-igneus-1967.jpg","0910_Elias_per_turbinem_super_currus_igneus_372x500.jpg","48762"
"911","Salvador Dali","salvador-dali","Emissa voce magna expiravit (Mark 15:37)","1967","488","600","0.29","https://uploads1.wikiart.org/images/salvador-dali/emissa-voce-magna-expiravit-mark-15-37-1967.jpg","0911_Emissa_voce_magna_expiravit_(Mark_15_37)_488x600.jpg","52582"
"912","Salvador Dali","salvador-dali","Inter filios die affuit etiam Satan (Job 2:6)","1967","443","600","0.27","https://uploads6.wikiart.org/images/salvador-dali/inter-filios-die-affuit-etiam-satan-job-2-6-1967.jpg","0912_Inter_filios_die_affuit_etiam_Satan_(Job_443x600.jpg","53137"
"913","Salvador Dali","salvador-dali","Ionas in ventre piscis","1967","500","370","0.18","https://uploads3.wikiart.org/images/salvador-dali/ionas-in-ventre-piscis-1967.jpg","0913_Ionas_in_ventre_piscis_500x370.jpg","46248"
"914","Salvador Dali","salvador-dali","Iosephet fratres in Aegypto","1967","367","500","0.18","https://uploads8.wikiart.org/images/salvador-dali/iosephet-fratres-in-aegypto-1967.jpg","0914_Iosephet_fratres_in_Aegypto_367x500.jpg","44961"
"915","Salvador Dali","salvador-dali","Iosias sepultus in mausoleum patrum (2 Chronicles 35:24)","1967","373","500","0.19","https://uploads8.wikiart.org/images/salvador-dali/iosias-sepultus-in-mausoleum-patrum-2-chronicles-35-24-1967.jpg","0915_Iosias_sepultus_in_mausoleum_patrum_(2_C_373x500.jpg","82958"
"916","Salvador Dali","salvador-dali","Iosue fortis in bello (Joshua 10:12)","1967","352","480","0.17","https://uploads6.wikiart.org/images/salvador-dali/iosue-fortis-in-bello-joshua-10-12-1967.jpg","0916_Iosue_fortis_in_bello_(Joshua_10_12)_352x480.jpg","17797"
"917","Salvador Dali","salvador-dali","Ipse erat Elias (Mark 1:4)","1967","362","500","0.18","https://uploads5.wikiart.org/images/salvador-dali/ipse-erat-elias-mark-1-4-1967.jpg","0917_Ipse_erat_Elias_(Mark_1_4)_362x500.jpg","48674"
"918","Salvador Dali","salvador-dali","Jesus carrying the cross","1967","367","500","0.18","https://uploads5.wikiart.org/images/salvador-dali/jesus-carrying-the-cross-1967.jpg","0918_Jesus_carrying_the_cross_367x500.jpg","61405"
"919","Salvador Dali","salvador-dali","Leo quasi bos comedens paleas (Isaiah 11:7)","1967","446","600","0.27","https://uploads4.wikiart.org/images/salvador-dali/leo-quasi-bos-comedens-paleas-isaiah-11-7-1967.jpg","0919_Leo_quasi_bos_comedens_paleas_(Isaiah_11_446x600.jpg","63833"
"920","Salvador Dali","salvador-dali","Leviathan (Job 40:21)","1967","600","437","0.26","https://uploads0.wikiart.org/images/salvador-dali/leviathan-job-40-21-1967.jpg","0920_Leviathan_(Job_40_21)_600x437.jpg","69454"
"921","Salvador Dali","salvador-dali","Licet tributum dare Caesari?","1967","368","500","0.18","https://uploads8.wikiart.org/images/salvador-dali/licet-tributum-dare-caesari-1967.jpg","0921_Licet_tributum_dare_Caesari_368x500.jpg","27500"
"922","Salvador Dali","salvador-dali","Locusta et bruchus","1967","358","500","0.18","https://uploads8.wikiart.org/images/salvador-dali/locusta-et-bruchus-1967.jpg","0922_Locusta_et_bruchus_358x500.jpg","42624"
"923","Salvador Dali","salvador-dali","Mane, thecel, phares","1967","367","500","0.18","https://uploads8.wikiart.org/images/salvador-dali/mane-thecel-phares-1967.jpg","0923_Mane,_thecel,_phares_367x500.jpg","50992"
"924","Salvador Dali","salvador-dali","Maria conferens in corde suo (Matthew 1:23)","1967","445","600","0.27","https://uploads4.wikiart.org/images/salvador-dali/maria-conferens-in-corde-suo-matthew-1-23-1967.jpg","0924_Maria_conferens_in_corde_suo_(Matthew_1_445x600.jpg","61319"
"925","Salvador Dali","salvador-dali","Mariae annunciato (Luke 1:26f)","1967","448","600","0.27","https://uploads0.wikiart.org/images/salvador-dali/mariae-annunciato-luke-1-26f-1967.jpg","0925_Mariae_annunciato_(Luke_1_26f)_448x600.jpg","58078"
"926","Salvador Dali","salvador-dali","Mulier amicta sole","1967","364","500","0.18","https://uploads8.wikiart.org/images/salvador-dali/mulier-amicta-sole-1967.jpg","0926_Mulier_amicta_sole_364x500.jpg","57762"
"927","Salvador Dali","salvador-dali","Mulier e latere viri","1967","377","500","0.19","https://uploads1.wikiart.org/images/salvador-dali/mulier-e-latere-viri-1967.jpg","0927_Mulier_e_latere_viri_377x500.jpg","54872"
"928","Salvador Dali","salvador-dali","Muliere peccatrici remittuntur peccata multa","1967","349","500","0.17","https://uploads7.wikiart.org/images/salvador-dali/muliere-peccatrici-remittuntur-peccata-multa-1967.jpg","0928_Muliere_peccatrici_remittuntur_peccata_m_349x500.jpg","53336"
"929","Salvador Dali","salvador-dali","Nabuchodonsor rex Babylons","1967","374","500","0.19","https://uploads7.wikiart.org/images/salvador-dali/nabuchodonsor-rex-babylons-1967.jpg","0929_Nabuchodonsor_rex_Babylons_374x500.jpg","64822"
"930","Salvador Dali","salvador-dali","Noe qui primus plantavit vineam… (Genesis 9:20f)","1967","426","600","0.26","https://uploads8.wikiart.org/images/salvador-dali/noe-qui-primus-plantavit-vineam-genesis-9-20f-1967.jpg","0930_Noe_qui_primus_plantavit_vineam…_(Genesi_426x600.jpg","51375"
"931","Salvador Dali","salvador-dali","Noli me tangere (John 20:1)","1967","417","600","0.25","https://uploads6.wikiart.org/images/salvador-dali/noli-me-tangere-john-20-1-1967.jpg","0931_Noli_me_tangere_(John_20_1)_417x600.jpg","52863"
"932","Salvador Dali","salvador-dali","Nummularii de templo eiecti (John 2:16)","1967","444","600","0.27","https://uploads0.wikiart.org/images/salvador-dali/nummularii-de-templo-eiecti-john-2-16-1967.jpg","0932_Nummularii_de_templo_eiecti_(John_2_16)_444x600.jpg","60727"
"933","Salvador Dali","salvador-dali","Oblatio munda","1967","371","500","0.19","https://uploads3.wikiart.org/images/salvador-dali/oblatio-munda-1967.jpg","0933_Oblatio_munda_371x500.jpg","33725"
"934","Salvador Dali","salvador-dali","Omnes de Saba venient","1967","500","362","0.18","https://uploads2.wikiart.org/images/salvador-dali/omnes-de-saba-venient-1967.jpg","0934_Omnes_de_Saba_venient_500x362.jpg","48265"
"935","Salvador Dali","salvador-dali","Omnes gentes in valle Iosaphat (Joel 3:2)","1967","335","480","0.16","https://uploads2.wikiart.org/images/salvador-dali/omnes-gentes-in-valle-iosaphat-joel-3-2-1967.jpg","0935_Omnes_gentes_in_valle_Iosaphat_(Joel_3_2_335x480.jpg","23492"
"936","Salvador Dali","salvador-dali","Peccatum originis","1967","365","500","0.18","https://uploads7.wikiart.org/images/salvador-dali/peccatum-originis-1967.jpg","0936_Peccatum_originis_365x500.jpg","33039"
"937","Salvador Dali","salvador-dali","Planctus David in mortem Saul","1967","368","500","0.18","https://uploads1.wikiart.org/images/salvador-dali/planctus-david-in-mortem-saul-1967.jpg","0937_Planctus_David_in_mortem_Saul_368x500.jpg","46836"
"938","Salvador Dali","salvador-dali","Plange, virgo, accincta. Sacco.","1967","367","500","0.18","https://uploads8.wikiart.org/images/salvador-dali/plange-virgo-accincta-sacco-1967.jpg","0938_Plange,_virgo,_accincta._Sacco_367x500.jpg","36487"
"939","Salvador Dali","salvador-dali","Proelium magnum in caelo","1967","364","500","0.18","https://uploads5.wikiart.org/images/salvador-dali/proelium-magnum-in-caelo-1967.jpg","0939_Proelium_magnum_in_caelo_364x500.jpg","61837"
"940","Salvador Dali","salvador-dali","Quis ascendet in mentem Domini?","1967","379","500","0.19","https://uploads2.wikiart.org/images/salvador-dali/quis-ascendet-in-mentem-domini-1967.jpg","0940_Quis_ascendet_in_mentem_Domini_379x500.jpg","43760"
"941","Salvador Dali","salvador-dali","Rubus incombustus (Exodus 3:2)","1967","308","450","0.14","https://uploads0.wikiart.org/images/salvador-dali/rubus-incombustus-exodus-3-2-1967.jpg","0941_Rubus_incombustus_(Exodus_3_2)_308x450.jpg","79831"
"942","Salvador Dali","salvador-dali","Sedet sola civitas plena populo (Lamentations 1:1)","1967","369","500","0.18","https://uploads5.wikiart.org/images/salvador-dali/sedet-sola-civitas-plena-poupolo-2-chronicles-36-19-1967.jpg","0942_Sedet_sola_civitas_plena_populo_(Lamenta_369x500.jpg","62710"
"943","Salvador Dali","salvador-dali","Spiritus promptus est, caro vero infirma","1967","346","500","0.17","https://uploads2.wikiart.org/images/salvador-dali/spiritus-promptus-est-caro-vero-infirma-1967.jpg","0943_Spiritus_promptus_est,_caro_vero_infirma_346x500.jpg","31079"
"944","Salvador Dali","salvador-dali","Sponsabo te mihi in sempiternum (Song of Songs 2:12)","1967","414","600","0.25","https://uploads4.wikiart.org/images/salvador-dali/sponsabo-te-mihi-in-sempiternum-song-of-songs-2-12-1967.jpg","0944_Sponsabo_te_mihi_in_sempiternum_(Song_of_414x600.jpg","48145"
"945","Salvador Dali","salvador-dali","Stultae et prudentes Filiae (Sirach 7:26)","1967","500","360","0.18","https://uploads2.wikiart.org/images/salvador-dali/stultae-et-prudentes-filiae-sirach-7-26-1967.jpg","0945_Stultae_et_prudentes_Filiae_(Sirach_7_26_500x360.jpg","49079"
"946","Salvador Dali","salvador-dali","Tertia die resurrexit","1967","500","365","0.18","https://uploads2.wikiart.org/images/salvador-dali/tertia-die-resurrexit-1967.jpg","0946_Tertia_die_resurrexit_500x365.jpg","37451"
"947","Salvador Dali","salvador-dali","Turris Babel","1967","368","500","0.18","https://uploads2.wikiart.org/images/salvador-dali/turris-babel-1967.jpg","0947_Turris_Babel_368x500.jpg","45021"
"948","Salvador Dali","salvador-dali","Uxnor Lot in satuam salis conversa (Genesis 19:24)","1967","367","500","0.18","https://uploads2.wikiart.org/images/salvador-dali/uxnor-lot-in-satuam-salis-conversa-genesis-19-24-1967.jpg","0948_Uxnor_Lot_in_satuam_salis_conversa_(Gene_367x500.jpg","48517"
"949","Salvador Dali","salvador-dali","Vir et mulier in Paradiso Voluptatis","1967","352","500","0.18","https://uploads8.wikiart.org/images/salvador-dali/vir-et-mulier-in-paradiso-voluptatis-1967.jpg","0949_Vir_et_mulier_in_Paradiso_Voluptatis_352x500.jpg","44654"
"950","Salvador Dali","salvador-dali","Vox clamantis","1967","372","500","0.19","https://uploads3.wikiart.org/images/salvador-dali/vox-clamantis-1967.jpg","0950_Vox_clamantis_372x500.jpg","38499"
"951","Salvador Dali","salvador-dali","Seduxisti me, Domine","1967","370","500","0.18","https://uploads0.wikiart.org/images/salvador-dali/seduxisti-me-domine-1967.jpg","0951_Seduxisti_me,_Domine_370x500.jpg","29871"
"952","Salvador Dali","salvador-dali","Trulla caementarii in manu Domini (Amos 7:7)","1967","332","450","0.15","https://uploads5.wikiart.org/images/salvador-dali/trulla-caementarii-in-manu-domini-amos-7-7-1967.jpg","0952_Trulla_caementarii_in_manu_Domini_(Amos_332x450.jpg","73143"
"953","Salvador Dali","salvador-dali","Tu est Petrus… (Mathew 16:15f)","1967","361","500","0.18","https://uploads8.wikiart.org/images/salvador-dali/tu-est-petrus-mathew-16-15f-1967.jpg","0953_Tu_est_Petrus…_(Mathew_16_15f)_361x500.jpg","40141"
"954","Salvador Dali","salvador-dali","Veni, Domine Jesu (Revelation 22:17)","1967","408","600","0.24","https://uploads5.wikiart.org/images/salvador-dali/veni-domine-jesu-revelation-22-17-1967.jpg","0954_Veni,_Domine_Jesu_(Revelation_22_17)_408x600.jpg","52083"
"955","Salvador Dali","salvador-dali","Vere, hic homo iustus erat (Luke 23:47)","1967","420","600","0.25","https://uploads8.wikiart.org/images/salvador-dali/vere-hic-homo-iustus-erat-luke-23-47-1967.jpg","0955_Vere,_hic_homo_iustus_erat_(Luke_23_47)_420x600.jpg","54569"
"956","Salvador Dali","salvador-dali","Vinea electa (Isaiah 5:6)","1967","600","437","0.26","https://uploads4.wikiart.org/images/salvador-dali/vinea-electa-isaiah-5-6-1967.jpg","0956_Vinea_electa_(Isaiah_5_6)_600x437.jpg","79132"
"957","Salvador Dali","salvador-dali","Figure Climbing a Stair","1967","640","983","0.63","https://uploads8.wikiart.org/images/salvador-dali/winged-victory.jpg","0957_Figure_Climbing_a_Stair_640x983.jpg","84755"
"958","Salvador Dali","salvador-dali","The Mountains of Cape Creus on the March","1967","1990","1600","3.18","https://uploads7.wikiart.org/images/salvador-dali/the-mountains-of-cape-creus-on-the-march.jpg","0958_The_Mountains_of_Cape_Creus_on_the_March_1990x1600.jpg","1740910"
"959","Salvador Dali","salvador-dali","Portrait of Eunice Gardiner, (1967)","1967","497","700","0.35","https://uploads8.wikiart.org/00152/images/salvador-dali/zzz-salvador-dal-portrait-of-eunice-gardiner-1967.jpg","0959_Portrait_of_Eunice_Gardiner,_(1967)_497x700.jpg","45447"
"960","Salvador Dali","salvador-dali","Fisherman of Port Lligat Mending His Net","1968","640","449","0.29","https://uploads7.wikiart.org/images/salvador-dali/fisherman-of-port-lligat-mending-his-net.jpg","0960_Fisherman_of_Port_Lligat_Mending_His_Net_640x449.jpg","37831"
"961","Salvador Dali","salvador-dali","Mad Mad Mad Minerva - Illustration for 'Memories of Surrealism'","1968","640","853","0.55","https://uploads8.wikiart.org/images/salvador-dali/mad-mad-mad-minerva-illustration-for-memories-of-surrealism.jpg","0961_Mad_Mad_Mad_Minerva_-_Illustration_for_'_640x853.jpg","92160"
"962","Salvador Dali","salvador-dali","Tauromachia I - The Torero, the Kill (third and final round of the bullfight)","1968","640","810","0.52","https://uploads3.wikiart.org/images/salvador-dali/tauromachia-i-the-torero-the-kill-third-and-final-round-of-the-bullfight.jpg","0962_Tauromachia_I_-_The_Torero,_the_Kill_(th_640x810.jpg","88771"
"963","Salvador Dali","salvador-dali","The Patio of Port Lligat","1968","2158","1600","3.45","https://uploads0.wikiart.org/images/salvador-dali/the-patio-of-port-lligat.jpg","0963_The_Patio_of_Port_Lligat_2158x1600.jpg","2518993"
"964","Salvador Dali","salvador-dali","Poster for Eurovision -1969","1969","300","400","0.12","https://uploads2.wikiart.org/00313/images/salvador-dali/68.jpg","0964_Poster_for_Eurovision_-1969_300x400.jpg","48013"
"965","Salvador Dali","salvador-dali","Hour of the Monarchy","1969","640","633","0.41","https://uploads5.wikiart.org/images/salvador-dali/hour-of-the-monarchy.jpg","0965_Hour_of_the_Monarchy_640x633.jpg","74600"
"966","Salvador Dali","salvador-dali","Study of a Male Nude - Saint Sebastian","1969","640","983","0.63","https://uploads3.wikiart.org/images/salvador-dali/study-of-a-male-nude-saint-sebastian.jpg","0966_Study_of_a_Male_Nude_-_Saint_Sebastian_640x983.jpg","78403"
"967","Salvador Dali","salvador-dali","The Pool of Tears","1969","640","949","0.61","https://uploads2.wikiart.org/images/salvador-dali/the-pool-of-tears.jpg","0967_The_Pool_of_Tears_640x949.jpg","113389"
"968","Salvador Dali","salvador-dali","Toreo Noir","1969","450","644","0.29","https://uploads4.wikiart.org/images/salvador-dali/toreo-noir.jpg","0968_Toreo_Noir_450x644.jpg","42091"
"969","Salvador Dali","salvador-dali","Untitled (Still Life with White Cloth)","1969","640","850","0.54","https://uploads3.wikiart.org/images/salvador-dali/untitled-still-life-with-white-cloth.jpg","0969_Untitled_(Still_Life_with_White_Cloth)_640x850.jpg","68013"
"970","Salvador Dali","salvador-dali","Untitled (Surrealist Angel)","1969","640","883","0.57","https://uploads1.wikiart.org/images/salvador-dali/untitled-surrealist-angel.jpg","0970_Untitled_(Surrealist_Angel)_640x883.jpg","76971"
"971","Salvador Dali","salvador-dali","The Hallucinogenic Toreador","1970","1170","1600","1.87","https://uploads4.wikiart.org/images/salvador-dali/hallucinogenic-toreador-1970.jpg","0971_The_Hallucinogenic_Toreador_1170x1600.jpg","937283"
"972","Salvador Dali","salvador-dali","Les Dlemoilselles D'Avignon (The Girls of Avignon)","1970","640","942","0.6","https://uploads5.wikiart.org/images/salvador-dali/les-clemolselles-d-avignon-the-girls-of-avignon.jpg","0972_Les_Dlemoilselles_D'Avignon_(The_Girls_o_640x942.jpg","63064"
"973","Salvador Dali","salvador-dali","Nude Figures at Cape Creus","1970","640","495","0.32","https://uploads2.wikiart.org/images/salvador-dali/nude-figures-at-cape-creus.jpg","0973_Nude_Figures_at_Cape_Creus_640x495.jpg","58783"
"974","Salvador Dali","salvador-dali","Portrait of John Theodoracopoulos","1970","479","700","0.34","https://uploads0.wikiart.org/images/salvador-dali/portrait-of-john-theodoracopoulos.jpg","0974_Portrait_of_John_Theodoracopoulos_479x700.jpg","114149"
"975","Salvador Dali","salvador-dali","Roger Freeing Angelica (St. George and the Damsel)","1970","640","977","0.63","https://uploads5.wikiart.org/images/salvador-dali/roger-freeing-angelica-st-george-and-the-damsel.jpg","0975_Roger_Freeing_Angelica_(St._George_and_t_640x977.jpg","112228"
"976","Salvador Dali","salvador-dali","Study for the Decoration of the Ceiling in Pubol","1970","640","987","0.63","https://uploads6.wikiart.org/images/salvador-dali/study-for-the-decoration-of-the-ceiling-in-pubol.jpg","0976_Study_for_the_Decoration_of_the_Ceiling_640x987.jpg","84544"
"977","Salvador Dali","salvador-dali","The Dalinian Senyera (Catalonian National Flag)","1970","518","988","0.51","https://uploads3.wikiart.org/images/salvador-dali/the-dalinian-senyera-catalonian-national-flag.jpg","0977_The_Dalinian_Senyera_(Catalonian_Nationa_518x988.jpg","82356"
"978","Salvador Dali","salvador-dali","The Horseman of the Apocalypse","1970","640","463","0.3","https://uploads6.wikiart.org/images/salvador-dali/the-horseman-of-the-apocalypse.jpg","0978_The_Horseman_of_the_Apocalypse_640x463.jpg","57545"
"979","Salvador Dali","salvador-dali","The Swimming Pool in Port Lligat","1970","640","789","0.5","https://uploads4.wikiart.org/images/salvador-dali/the-swimming-pool-in-port-lligat-1970.jpg","0979_The_Swimming_Pool_in_Port_Lligat_640x789.jpg","151736"
"980","Salvador Dali","salvador-dali","Untitled (Michelangelo Head with Drawers)","1970","640","810","0.52","https://uploads6.wikiart.org/images/salvador-dali/untitled-michelangelo-head-with-drawers.jpg","0980_Untitled_(Michelangelo_Head_with_Drawers_640x810.jpg","92442"
"981","Salvador Dali","salvador-dali","Hannibal crossing the Aps","1970","2052","1600","3.28","https://uploads1.wikiart.org/images/salvador-dali/hannibal-crossing-the-aps.jpg","0981_Hannibal_crossing_the_Aps_2052x1600.jpg","1745045"
"982","Salvador Dali","salvador-dali","Caligula's Horse (Dali's Horses)","1971","640","948","0.61","https://uploads6.wikiart.org/images/salvador-dali/caligula-s-horse-dali-s-horses.jpg","0982_Caligula's_Horse_(Dali's_Horses)_640x948.jpg","101211"
"983","Salvador Dali","salvador-dali","Ceiling of the Hall of Gala's Chateau at Pubol","1971","1623","1600","2.6","https://uploads4.wikiart.org/images/salvador-dali/ceiling-of-the-hall-of-gala-s-chateau-at-pubol.jpg","0983_Ceiling_of_the_Hall_of_Gala's_Chateau_at_1623x1600.jpg","1673021"
"984","Salvador Dali","salvador-dali","Figure with Flag. Illustration for 'Memories of Surrealism'","1971","640","826","0.53","https://uploads5.wikiart.org/images/salvador-dali/figure-with-flag-illustration-for-memories-of-surrealism.jpg","0984_Figure_with_Flag._Illustration_for_'Memo_640x826.jpg","86990"
"985","Salvador Dali","salvador-dali","Le Char d'Or","1971","640","890","0.57","https://uploads6.wikiart.org/images/salvador-dali/le-char-d-or.jpg","0985_Le_Char_d'Or_640x890.jpg","150716"
"986","Salvador Dali","salvador-dali","The Christian Knight (Dali's Horses)","1971","640","888","0.57","https://uploads1.wikiart.org/images/salvador-dali/the-christian-knight-dali-s-horses.jpg","0986_The_Christian_Knight_(Dali's_Horses)_640x888.jpg","99897"
"987","Salvador Dali","salvador-dali","The Second Coming of Christ","1971","504","822","0.41","https://uploads3.wikiart.org/images/salvador-dali/the-second-coming-of-christ.jpg","0987_The_Second_Coming_of_Christ_504x822.jpg","47354"
"988","Salvador Dali","salvador-dali","View of Pubol","1971","640","313","0.2","https://uploads7.wikiart.org/images/salvador-dali/view-of-pubol.jpg","0988_View_of_Pubol_640x313.jpg","39811"
"989","Salvador Dali","salvador-dali","Gala's Dream (Dream of Paradise)","1972","640","898","0.57","https://uploads6.wikiart.org/images/salvador-dali/gala-s-dream-dream-of-paradise.jpg","0989_Gala's_Dream_(Dream_of_Paradise)_640x898.jpg","87925"
"990","Salvador Dali","salvador-dali","Marilyn Monroe","1972","640","1317","0.84","https://uploads8.wikiart.org/images/salvador-dali/marilyn-monroe.jpg","0990_Marilyn_Monroe_640x1317.jpg","112869"
"991","Salvador Dali","salvador-dali","Overture in Trompe l'Oeil","1972","1113","1600","1.78","https://uploads1.wikiart.org/images/salvador-dali/overture-in-trompe-l-oeil.jpg","0991_Overture_in_Trompe_l'Oeil_1113x1600.jpg","1196604"
"992","Salvador Dali","salvador-dali","Polyhedron. Basketball Players Being Transformed into Angels (Assembling a Hologram - the Central Element)","1972","1894","1600","3.03","https://uploads6.wikiart.org/images/salvador-dali/polyhedron-basketball-players-being-transformed-into-angels-assembling-a-hologram-the-central.jpg","0992_Polyhedron._Basketball_Players_Being_Tra_1894x1600.jpg","1371155"
"993","Salvador Dali","salvador-dali","Quantification of Leonardo de Vinci's 'Last Supper'","1972","640","488","0.31","https://uploads7.wikiart.org/images/salvador-dali/quantification-of-leonardo-de-vinci-s-last-supper.jpg","0993_Quantification_of_Leonardo_de_Vinci's_'L_640x488.jpg","47647"
"994","Salvador Dali","salvador-dali","Self-Portrait (Photomontage with the famous 'Mao-Marilyn' that Philippe Halsman created at Dali's wish)","1972","640","784","0.5","https://uploads7.wikiart.org/images/salvador-dali/self-portrait-photomontage-with-the-famous-mao-marilyn-that-philippe-halsman-created-at-dali-s.jpg","0994_Self-Portrait_(Photomontage_with_the_fam_640x784.jpg","93089"
"995","Salvador Dali","salvador-dali","Space Eve","1972","640","838","0.54","https://uploads3.wikiart.org/images/salvador-dali/space-eve.jpg","0995_Space_Eve_640x838.jpg","79394"
"996","Salvador Dali","salvador-dali","The Daughter of the West Wind","1972","972","1600","1.56","https://uploads5.wikiart.org/images/salvador-dali/the-daughter-of-the-west-wind.jpg","0996_The_Daughter_of_the_West_Wind_972x1600.jpg","658001"
"997","Salvador Dali","salvador-dali","Trajan on Horseback","1972","640","782","0.5","https://uploads4.wikiart.org/images/salvador-dali/trajan-on-horseback.jpg","0997_Trajan_on_Horseback_640x782.jpg","87299"
"998","Salvador Dali","salvador-dali","Untitled (Stereoscopic Painting)","1972","640","602","0.39","https://uploads6.wikiart.org/images/salvador-dali/untitled-stereoscopic-painting.jpg","0998_Untitled_(Stereoscopic_Painting)_640x602.jpg","54988"
"999","Salvador Dali","salvador-dali","portrait of Dr. Brian Mercer","1973","656","800","0.52","https://uploads5.wikiart.org/00161/images/salvador-dali/dali-portrait-of-dr-brian-mercer1973.jpg","0999_portrait_of_Dr._Brian_Mercer_656x800.jpg","72880"
"1000","Salvador Dali","salvador-dali","Dali from the Back Painting Gala from the Back Eternalized by Six Virtual Corneas Provisionally Reflected in Six Real Mirrors","1973","1527","1600","2.44","https://uploads4.wikiart.org/images/salvador-dali/dali-from-the-back-painting-gala-from-the-back-eternalized-by-six-virtual-corneas-provisionally-1973.jpg","1000_Dali_from_the_Back_Painting_Gala_from_th_1527x1600.jpg","1080422"
"1001","Salvador Dali","salvador-dali","First Cylindric Crono-Hologram. Portrait of Alice Cooper's Brain","1973","700","526","0.37","https://uploads3.wikiart.org/images/salvador-dali/first-cylindric-crono-hologram-portrait-of-alice-cooper-s-brain.jpg","1001_First_Cylindric_Crono-Hologram._Portrait_700x526.jpg","31879"
"1002","Salvador Dali","salvador-dali","Gala's Castle at Pubol","1973","640","542","0.35","https://uploads7.wikiart.org/images/salvador-dali/gala-s-castle-at-pubol.jpg","1002_Gala's_Castle_at_Pubol_640x542.jpg","42166"
"1003","Salvador Dali","salvador-dali","Hitler Masturbating","1973","640","475","0.3","https://uploads4.wikiart.org/images/salvador-dali/hitler-masturbating.jpg","1003_Hitler_Masturbating_640x475.jpg","37594"
"1004","Salvador Dali","salvador-dali","Las Galas of Port Lligat","1973","640","506","0.32","https://uploads0.wikiart.org/images/salvador-dali/las-galas-of-port-lligat.jpg","1004_Las_Galas_of_Port_Lligat_640x506.jpg","49914"
"1005","Salvador Dali","salvador-dali","Palace of the Winds","1973","799","335","0.27","https://uploads4.wikiart.org/images/salvador-dali/palace-of-the-winds.jpg","1005_Palace_of_the_Winds_799x335.jpg","46076"
"1006","Salvador Dali","salvador-dali","Portrait of Dr. Brian Mercer","1973","640","707","0.45","https://uploads3.wikiart.org/images/salvador-dali/portrait-of-dr-brian-mercer.jpg","1006_Portrait_of_Dr._Brian_Mercer_640x707.jpg","55103"
"1007","Salvador Dali","salvador-dali","The Sleeping Smoker","1973","640","641","0.41","https://uploads4.wikiart.org/images/salvador-dali/the-sleeping-smoker.jpg","1007_The_Sleeping_Smoker_640x641.jpg","57464"
"1008","Salvador Dali","salvador-dali","The Way to Pubol","1973","1800","1600","2.88","https://uploads1.wikiart.org/images/salvador-dali/the-way-to-pubol.jpg","1008_The_Way_to_Pubol_1800x1600.jpg","1372200"
"1009","Salvador Dali","salvador-dali","Homage To Duchamp","1973","413","765","0.32","https://uploads2.wikiart.org/00125/images/salvador-dali/homage-to-duchamp-1.jpg","1009_Homage_To_Duchamp_413x765.jpg","63207"
"1010","Salvador Dali","salvador-dali","Portrait of Eva Suero Talkish","1973","800","1145","0.92","https://uploads8.wikiart.org/00175/images/salvador-dali/portrait-of-eva-suero-talkish.jpg","1010_Portrait_of_Eva_Suero_Talkish_800x1145.jpg","712043"
"1011","Salvador Dali","salvador-dali","Armchair with Landscape Painted for Gala's Chateau at Pubol","1974","952","1600","1.52","https://uploads8.wikiart.org/images/salvador-dali/armchair-with-landscape-painted-for-gala-s-chateau-at-pubol.jpg","1011_Armchair_with_Landscape_Painted_for_Gala_952x1600.jpg","883718"
"1012","Salvador Dali","salvador-dali","Battle in the Clouds","1974","1614","1600","2.58","https://uploads5.wikiart.org/images/salvador-dali/battle-in-the-clouds.jpg","1012_Battle_in_the_Clouds_1614x1600.jpg","1414433"
"1013","Salvador Dali","salvador-dali","Cranach Metamorphosis (Woman in a Mirror)","1974","640","920","0.59","https://uploads6.wikiart.org/images/salvador-dali/cranach-metamorphosis-woman-in-a-mirror.jpg","1013_Cranach_Metamorphosis_(Woman_in_a_Mirror_640x920.jpg","77610"
"1014","Salvador Dali","salvador-dali","Equestrian Portrait of Carmen Bordiu-Franco","1974","1943","1600","3.11","https://uploads1.wikiart.org/images/salvador-dali/equestrian-portrait-of-carmen-bordiu-franco.jpg","1014_Equestrian_Portrait_of_Carmen_Bordiu-Fra_1943x1600.jpg","1759978"
"1015","Salvador Dali","salvador-dali","Gala's Foot (left panel)","1974","640","650","0.42","https://uploads7.wikiart.org/images/salvador-dali/gala-s-foot-left-panel.jpg","1015_Gala's_Foot_(left_panel)_640x650.jpg","44729"
"1016","Salvador Dali","salvador-dali","Gala's Foot (right panel)","1974","640","646","0.41","https://uploads8.wikiart.org/images/salvador-dali/gala-s-foot-right-panel.jpg","1016_Gala's_Foot_(right_panel)_640x646.jpg","48030"
"1017","Salvador Dali","salvador-dali","The Palace of the Wind","1974","640","862","0.55","https://uploads7.wikiart.org/images/salvador-dali/the-palace-of-the-wind.jpg","1017_The_Palace_of_the_Wind_640x862.jpg","104877"
"1018","Salvador Dali","salvador-dali","The Palace of the Wind","1974","640","877","0.56","https://uploads0.wikiart.org/images/salvador-dali/the-palace-of-the-wind-1.jpg","1018_The_Palace_of_the_Wind_640x877.jpg","98100"
"1019","Salvador Dali","salvador-dali","To Meli","1974","2224","1600","3.56","https://uploads1.wikiart.org/images/salvador-dali/to-meli.jpg","1019_To_Meli_2224x1600.jpg","2361753"
"1020","Salvador Dali","salvador-dali","Transformation of 'Antiques' Magazine Cover into the Apparition of a Face","1974","640","822","0.53","https://uploads2.wikiart.org/images/salvador-dali/transformation-of-antiques-magazine-cover-into-the-apparition-of-a-face.jpg","1020_Transformation_of_'Antiques'_Magazine_Co_640x822.jpg","123583"
"1021","Salvador Dali","salvador-dali","Wounded Soft Watch","1974","640","485","0.31","https://uploads3.wikiart.org/images/salvador-dali/wounded-soft-watch.jpg","1021_Wounded_Soft_Watch_640x485.jpg","39458"
"1022","Salvador Dali","salvador-dali","Gala Contemplating the Mediterranean Sea Which at Twenty Meters Becomes the Portrait of Abraham Lincoln - Homage to Rothko (first version)","1975","640","820","0.52","https://uploads8.wikiart.org/images/salvador-dali/gala-contemplating-the-mediterranean-sea-which-at-twenty-meters-becomes-the-portrait-of-abraham.jpg","1022_Gala_Contemplating_the_Mediterranean_Sea_640x820.jpg","61535"
"1023","Salvador Dali","salvador-dali","Homage to Raimundus Lullus (design for a ceiling painting)","1975","640","552","0.35","https://uploads5.wikiart.org/images/salvador-dali/homage-to-raimundus-lullus-design-for-a-ceiling-painting.jpg","1023_Homage_to_Raimundus_Lullus_(design_for_a_640x552.jpg","43953"
"1024","Salvador Dali","salvador-dali","The Chair","1975","1766","1600","2.83","https://uploads3.wikiart.org/images/salvador-dali/the-chair.jpg","1024_The_Chair_1766x1600.jpg","1185842"
"1025","Salvador Dali","salvador-dali","The Chair (stereoscopic work, right component)","1975","640","1210","0.77","https://uploads1.wikiart.org/images/salvador-dali/the-chair-stereoscopic-work-right-component.jpg","1025_The_Chair_(stereoscopic_work,_right_comp_640x1210.jpg","106826"
"1026","Salvador Dali","salvador-dali","The Whole Dali in a Face","1975","521","700","0.36","https://uploads0.wikiart.org/images/salvador-dali/the-whole-dali-in-a-face.jpg","1026_The_Whole_Dali_in_a_Face_521x700.jpg","97664"
"1027","Salvador Dali","salvador-dali","Gala Contemplating the Mediterranean Sea Which at Eighteen Metres Becomes the Portrait of Abraham Lincoln","1976","1205","1600","1.93","https://uploads7.wikiart.org/images/salvador-dali/gala-contemplating-the-mediterranean-sea-which-at-eighteen-metres-becomes-the-portrait-of-1976.jpg","1027_Gala_Contemplating_the_Mediterranean_Sea_1205x1600.jpg","797254"
"1028","Salvador Dali","salvador-dali","Soft Monster (Monstruo blando adormercido)","1976","2065","1600","3.3","https://uploads7.wikiart.org/images/salvador-dali/soft-monster-monstruo-blando-adormercido.jpg","1028_Soft_Monster_(Monstruo_blando_adormercid_2065x1600.jpg","2208163"
"1029","Salvador Dali","salvador-dali","The Chair","1976","640","970","0.62","https://uploads5.wikiart.org/images/salvador-dali/the-chair-1.jpg","1029_The_Chair_640x970.jpg","72605"
"1030","Salvador Dali","salvador-dali","The Unicorn (unfinished)","1976","640","504","0.32","https://uploads7.wikiart.org/images/salvador-dali/the-unicorn-unfinished.jpg","1030_The_Unicorn_(unfinished)_640x504.jpg","55578"
"1031","Salvador Dali","salvador-dali","The Wash Basin","1976","640","911","0.58","https://uploads8.wikiart.org/images/salvador-dali/the-wash-basin.jpg","1031_The_Wash_Basin_640x911.jpg","77015"
"1032","Salvador Dali","salvador-dali","Angelic Landscape","1977","638","480","0.31","https://uploads2.wikiart.org/images/salvador-dali/angelic-landscape.jpg","1032_Angelic_Landscape_638x480.jpg","29853"
"1033","Salvador Dali","salvador-dali","Aurora's Head, After Michelangelo (detail of a Figure on the Grave of Lorenzo Di Medici)","1977","640","1013","0.65","https://uploads7.wikiart.org/images/salvador-dali/aurora-s-head-after-michelangelo-detail-of-a-figure-on-the-grave-of-lorenzo-di-medici.jpg","1033_Aurora's_Head,_After_Michelangelo_(detai_640x1013.jpg","73066"
"1034","Salvador Dali","salvador-dali","Dali Lifting the Skin of the Mediterranean Sea to Show Gala the Birth of Venus","1977","1517","1600","2.43","https://uploads0.wikiart.org/images/salvador-dali/dali-lifting-the-skin-of-the-mediterranean-sea-to-show-gala-the-birth-of-venus.jpg","1034_Dali_Lifting_the_Skin_of_the_Mediterrane_1517x1600.jpg","796084"
"1035","Salvador Dali","salvador-dali","Dali's Hand Drawing Back the Golden Fleece in the Form of a Cloud to Show Gala,Completely Nude,the Dawn,Very,Very Far Away Behind the Sun","1977","1082","1600","1.73","https://uploads7.wikiart.org/images/salvador-dali/dali-s-hand-drawing-back-the-golden-fleece-in-the-form-of-a-cloud-to-show-gala-completely-nude.jpg","1035_Dali's_Hand_Drawing_Back_the_Golden_Flee_1082x1600.jpg","1186629"
"1036","Salvador Dali","salvador-dali","Fertility","1977","640","867","0.55","https://uploads3.wikiart.org/images/salvador-dali/fertility.jpg","1036_Fertility_640x867.jpg","69574"
"1037","Salvador Dali","salvador-dali","Las Meninas (The Maids-in-Waiting)","1977","643","800","0.51","https://uploads7.wikiart.org/images/salvador-dali/las-meninas-the-maids-in-waiting-1977(1).jpg","1037_Las_Meninas_(The_Maids-in-Waiting)_643x800.jpg","183138"
"1038","Salvador Dali","salvador-dali","Nike, Victory Goddess of Samothrace, Appears in a Tree Bathed in Light","1977","640","1183","0.76","https://uploads8.wikiart.org/images/salvador-dali/nike-victory-goddess-of-samothrace-appears-in-a-tree-bathed-in-light.jpg","1038_Nike,_Victory_Goddess_of_Samothrace,_App_640x1183.jpg","153831"
"1039","Salvador Dali","salvador-dali","Portrait of Gala","1977","640","829","0.53","https://uploads6.wikiart.org/images/salvador-dali/portrait-of-gala-1977.jpg","1039_Portrait_of_Gala_640x829.jpg","63867"
"1040","Salvador Dali","salvador-dali","Randomdot Correlogram - The Golden Fleece","1977","640","457","0.29","https://uploads6.wikiart.org/images/salvador-dali/randomdot-correlogram-the-golden-fleece.jpg","1040_Randomdot_Correlogram_-_The_Golden_Fleec_640x457.jpg","43682"
"1041","Salvador Dali","salvador-dali","Surrealist Angel","1977","640","726","0.46","https://uploads1.wikiart.org/images/salvador-dali/surrealist-angel.jpg","1041_Surrealist_Angel_640x726.jpg","50664"
"1042","Salvador Dali","salvador-dali","Triomphe De L'Amour","1977","681","971","0.66","https://uploads4.wikiart.org/images/salvador-dali/triomphe-de-l-amour.jpg","1042_Triomphe_De_L'Amour_681x971.jpg","62311"
"1043","Salvador Dali","salvador-dali","The Gold Chalice","1977","681","1008","0.69","https://uploads1.wikiart.org/images/salvador-dali/the-gold-chalice.jpg","1043_The_Gold_Chalice_681x1008.jpg","52421"
"1044","Salvador Dali","salvador-dali","Allegory of Spring","1978","2456","1600","3.93","https://uploads3.wikiart.org/images/salvador-dali/allegory-of-spring.jpg","1044_Allegory_of_Spring_2456x1600.jpg","2460980"
"1045","Salvador Dali","salvador-dali","Ampurdanese Landscape,","1978","640","485","0.31","https://uploads6.wikiart.org/images/salvador-dali/ampurdanese-landscape.jpg","1045_Ampurdanese_Landscape,_640x485.jpg","49437"
"1046","Salvador Dali","salvador-dali","Cybernetic Odalisque","1978","640","640","0.41","https://uploads5.wikiart.org/images/salvador-dali/cybernetic-odalisque.jpg","1046_Cybernetic_Odalisque_640x640.jpg","65737"
"1047","Salvador Dali","salvador-dali","Cybernetic Odalisuqe-Homage to Bela Julesz","1978","1544","1600","2.47","https://uploads0.wikiart.org/images/salvador-dali/cybernetic-odalisuqe-homage-to-bela-julesz.jpg","1047_Cybernetic_Odalisuqe-Homage_to_Bela_Jule_1544x1600.jpg","1160148"
"1048","Salvador Dali","salvador-dali","Lugubrious Planarian (unfinished)","1978","800","809","0.65","https://uploads7.wikiart.org/00332/images/salvador-dali/dali-planaire-lugubre.jpeg","1048_Lugubrious_Planarian_(unfinished)_800x809.jpeg","158703"
"1049","Salvador Dali","salvador-dali","Gala's Christ","1978","1616","1600","2.59","https://uploads7.wikiart.org/images/salvador-dali/gala-s-christ.jpg","1049_Gala's_Christ_1616x1600.jpg","1656611"
"1050","Salvador Dali","salvador-dali","Landscape Near Ampurdan","1978","640","772","0.49","https://uploads1.wikiart.org/images/salvador-dali/landscape-near-ampurdan-1.jpg","1050_Landscape_Near_Ampurdan_640x772.jpg","46612"
"1051","Salvador Dali","salvador-dali","Pierrot Lunaire","1978","640","260","0.17","https://uploads0.wikiart.org/images/salvador-dali/pierrot-lunaire.jpg","1051_Pierrot_Lunaire_640x260.jpg","22936"
"1052","Salvador Dali","salvador-dali","The Eye of the Angelus","1978","640","640","0.41","https://uploads7.wikiart.org/images/salvador-dali/the-eye-of-the-angelus.jpg","1052_The_Eye_of_the_Angelus_640x640.jpg","54293"
"1053","Salvador Dali","salvador-dali","The Harmony of the Spheres","1978","1630","1600","2.61","https://uploads2.wikiart.org/images/salvador-dali/the-harmony-of-the-spheres.jpg","1053_The_Harmony_of_the_Spheres_1630x1600.jpg","1161752"
"1054","Salvador Dali","salvador-dali","Woman with Egg and Arrows","1978","640","1222","0.78","https://uploads1.wikiart.org/images/salvador-dali/woman-with-egg-and-arrows.jpg","1054_Woman_with_Egg_and_Arrows_640x1222.jpg","100160"
"1055","Salvador Dali","salvador-dali","A Soft Watch Put in the Appropriate Place to Cause a Young Ephebe to Die and Be Resuscitated by Excess of Satisfaction (unfinished)","1979","3127","1600","5","https://uploads8.wikiart.org/images/salvador-dali/a-soft-watch-put-in-the-appropriate-place-to-cause-a-young-ephebe-to-die-and-be-resuscitated-by.jpg","1055_A_Soft_Watch_Put_in_the_Appropriate_Plac_3127x1600.jpg","3008233"
"1056","Salvador Dali","salvador-dali","Copy of a Rubens Copy of a Leonardo","1979","640","470","0.3","https://uploads2.wikiart.org/images/salvador-dali/copy-of-a-rubens-copy-of-a-leonardo.jpg","1056_Copy_of_a_Rubens_Copy_of_a_Leonardo_640x470.jpg","80328"
"1057","Salvador Dali","salvador-dali","Dawn, Noon, Sunset and Dusk","1979","3105","1600","4.97","https://uploads1.wikiart.org/images/salvador-dali/dawn-noon-sunset-and-dusk.jpg","1057_Dawn,_Noon,_Sunset_and_Dusk_3105x1600.jpg","3757616"
"1058","Salvador Dali","salvador-dali","Long Live the Station at Perpignan, Long Live Figueras","1979","640","712","0.46","https://uploads2.wikiart.org/images/salvador-dali/long-live-the-station-at-perpignan-long-live-figueras.jpg","1058_Long_Live_the_Station_at_Perpignan,_Long_640x712.jpg","51306"
"1059","Salvador Dali","salvador-dali","More Beautiful than Canova","1979","640","782","0.5","https://uploads2.wikiart.org/images/salvador-dali/more-beautiful-than-canova.jpg","1059_More_Beautiful_than_Canova_640x782.jpg","46303"
"1060","Salvador Dali","salvador-dali","Nude and Horse with Metamorphosis (unfinished)","1979","640","484","0.31","https://uploads2.wikiart.org/images/salvador-dali/nude-and-horse-with-metamorphosis-unfinished.jpg","1060_Nude_and_Horse_with_Metamorphosis_(unfin_640x484.jpg","53841"
"1061","Salvador Dali","salvador-dali","Pentagonal Sardana","1979","640","639","0.41","https://uploads3.wikiart.org/images/salvador-dali/pentagonal-sardana.jpg","1061_Pentagonal_Sardana_640x639.jpg","49342"
"1062","Salvador Dali","salvador-dali","Pentagonal Sardana","1979","640","636","0.41","https://uploads5.wikiart.org/images/salvador-dali/pentagonal-sardana-1.jpg","1062_Pentagonal_Sardana_640x636.jpg","46433"
"1063","Salvador Dali","salvador-dali","Phosphene","1979","640","983","0.63","https://uploads3.wikiart.org/images/salvador-dali/phosphene.jpg","1063_Phosphene_640x983.jpg","89780"
"1064","Salvador Dali","salvador-dali","Raphaelesque Hallucination","1979","640","315","0.2","https://uploads2.wikiart.org/images/salvador-dali/raphaelesque-hallucination.jpg","1064_Raphaelesque_Hallucination_640x315.jpg","26818"
"1065","Salvador Dali","salvador-dali","Searching for the Fourth Dimension","1979","1024","569","0.58","https://uploads1.wikiart.org/images/salvador-dali/searching-for-the-fourth-dimension.jpg","1065_Searching_for_the_Fourth_Dimension_1024x569.jpg","129975"
"1066","Salvador Dali","salvador-dali","Study for 'Compianto Diabele' by Canova (unfinished)","1979","640","513","0.33","https://uploads6.wikiart.org/images/salvador-dali/study-for-compianto-diabele-by-canova-unfinished.jpg","1066_Study_for_'Compianto_Diabele'_by_Canova_640x513.jpg","75860"
"1067","Salvador Dali","salvador-dali","The Prince of Sleep (El principe de ensueno)","1979","1137","1600","1.82","https://uploads5.wikiart.org/images/salvador-dali/the-prince-of-sleep-el-principe-de-ensueno-1979.jpg","1067_The_Prince_of_Sleep_(El_principe_de_ensu_1137x1600.jpg","1198080"
"1068","Salvador Dali","salvador-dali","Three Graces of Canova (unfinished)","1979","640","945","0.6","https://uploads0.wikiart.org/images/salvador-dali/three-graces-of-canova-unfinished.jpg","1068_Three_Graces_of_Canova_(unfinished)_640x945.jpg","68161"
"1069","Salvador Dali","salvador-dali","The Persistence of Memory","1980","304","515","0.16","https://uploads5.wikiart.org/00301/images/salvador-dali/the-persistence-of-memory-c1980-1.jpg","1069_The_Persistence_of_Memory_304x515.jpg","13297"
"1070","Salvador Dali","salvador-dali","Arabs","1980","640","468","0.3","https://uploads8.wikiart.org/images/salvador-dali/arabs.jpg","1070_Arabs_640x468.jpg","71243"
"1071","Salvador Dali","salvador-dali","Arabs","1980","640","464","0.3","https://uploads1.wikiart.org/images/salvador-dali/arabs-1.jpg","1071_Arabs_640x464.jpg","80311"
"1072","Salvador Dali","salvador-dali","Athens Is Burning! The School of Athens and the Fire in the Borgo","1980","2179","1600","3.49","https://uploads0.wikiart.org/images/salvador-dali/athens-is-burning-the-school-of-athens-and-the-fire-in-the-borgo-1980.jpg","1072_Athens_Is_Burning!_The_School_of_Athens_2179x1600.jpg","2423085"
"1073","Salvador Dali","salvador-dali","Athens Is Burning! The School of Athens and the Fire in the Borgo","1980","640","463","0.3","https://uploads2.wikiart.org/images/salvador-dali/athens-is-burning-the-school-of-athens-and-the-fire-in-the-borgo-1980-1.jpg","1073_Athens_Is_Burning!_The_School_of_Athens_640x463.jpg","58077"
"1074","Salvador Dali","salvador-dali","Sleeping Young Narcissus","1980","640","657","0.42","https://uploads0.wikiart.org/images/salvador-dali/sleeping-young-narcissus.jpg","1074_Sleeping_Young_Narcissus_640x657.jpg","52191"
"1075","Salvador Dali","salvador-dali","The Cheerful Horse","1980","640","335","0.21","https://uploads3.wikiart.org/images/salvador-dali/the-cheerful-horse.jpg","1075_The_Cheerful_Horse_640x335.jpg","29559"
"1076","Salvador Dali","salvador-dali","Untitled (Bridge with Reflections; sketch for a dual image picture, unfinished)","1980","640","535","0.34","https://uploads6.wikiart.org/images/salvador-dali/untitled-bridge-with-reflections-sketch-for-a-dual-image-picture-unfinished.jpg","1076_Untitled_(Bridge_with_Reflections;_sketc_640x535.jpg","43833"
"1077","Salvador Dali","salvador-dali","Untitled (Landscape with Celestial Beings)","1980","640","478","0.31","https://uploads7.wikiart.org/images/salvador-dali/untitled-landscape-with-celestial-beings.jpg","1077_Untitled_(Landscape_with_Celestial_Being_640x478.jpg","55315"
"1078","Salvador Dali","salvador-dali","Blue Knot and Ear of Wheat Next to the Castle","1980","330","1221","0.4","https://uploads3.wikiart.org/images/salvador-dali/blue-knot-and-ear-of-wheat-next-to-the-castle.jpg","1078_Blue_Knot_and_Ear_of_Wheat_Next_to_the_C_330x1221.jpg","26214"
"1079","Salvador Dali","salvador-dali","L'Etoile","1980","750","1046","0.78","https://uploads2.wikiart.org/images/salvador-dali/l-etoile.jpg","1079_L'Etoile_750x1046.jpg","40852"
"1080","Salvador Dali","salvador-dali","Pink Knot and Shell on the Seashore","1980","333","1219","0.41","https://uploads2.wikiart.org/images/salvador-dali/pink-knot-and-shell-on-the-seashore.jpg","1080_Pink_Knot_and_Shell_on_the_Seashore_333x1219.jpg","25156"
"1081","Salvador Dali","salvador-dali","Sybyle Agripa","1980","756","1040","0.79","https://uploads7.wikiart.org/images/salvador-dali/sybyle-agripa.jpg","1081_Sybyle_Agripa_756x1040.jpg","54367"
"1082","Salvador Dali","salvador-dali","Amphitrite","1981","640","478","0.31","https://uploads4.wikiart.org/images/salvador-dali/amphitrite.jpg","1082_Amphitrite_640x478.jpg","40695"
"1083","Salvador Dali","salvador-dali","Apparition of the Visage of Aphrodite of Cnidos in a Landscape","1981","1116","1600","1.79","https://uploads2.wikiart.org/images/salvador-dali/apparition-of-the-visage-of-aphrodite-of-cnidos-in-a-landscape.jpg","1083_Apparition_of_the_Visage_of_Aphrodite_of_1116x1600.jpg","823232"
"1084","Salvador Dali","salvador-dali","Argus","1981","640","433","0.28","https://uploads8.wikiart.org/images/salvador-dali/argus.jpg","1084_Argus_640x433.jpg","35337"
"1085","Salvador Dali","salvador-dali","Figures (Scene after Goya)","1981","640","873","0.56","https://uploads0.wikiart.org/images/salvador-dali/figures-scene-after-goya.jpg","1085_Figures_(Scene_after_Goya)_640x873.jpg","96306"
"1086","Salvador Dali","salvador-dali","Gala in a Patio Watching the Sky, Where the Equestrian Figure of Prince Baltasar Carlos and Several Constellations (All) Appear, after Velazquez","1981","640","914","0.58","https://uploads3.wikiart.org/images/salvador-dali/gala-in-a-patio-watching-the-sky-where-the-equestrian-figure-of-prince-baltasar-carlos-and.jpg","1086_Gala_in_a_Patio_Watching_the_Sky,_Where_640x914.jpg","76807"
"1087","Salvador Dali","salvador-dali","Untitled (The Great Masturbator Appears Behind Arcades)","1981","640","475","0.3","https://uploads7.wikiart.org/images/salvador-dali/great-tapeworm-masturbator-appears-behind-arcades.jpg","1087_Untitled_(The_Great_Masturbator_Appears_640x475.jpg","41119"
"1088","Salvador Dali","salvador-dali","Group Surrounding a Reclining Nude - Velazquez","1981","640","471","0.3","https://uploads7.wikiart.org/images/salvador-dali/group-surrounding-a-reclining-nude-velazquez-1981.jpg","1088_Group_Surrounding_a_Reclining_Nude_-_Vel_640x471.jpg","66940"
"1089","Salvador Dali","salvador-dali","Hermes","1981","1303","1600","2.08","https://uploads0.wikiart.org/images/salvador-dali/hermes.jpg","1089_Hermes_1303x1600.jpg","1073343"
"1090","Salvador Dali","salvador-dali","Jason Carrying the Golden Fleece (unfinished)","1981","640","992","0.63","https://uploads1.wikiart.org/images/salvador-dali/jason-carrying-the-golden-fleece-unfinished.jpg","1090_Jason_Carrying_the_Golden_Fleece_(unfini_640x992.jpg","70966"
"1091","Salvador Dali","salvador-dali","Landscape","1981","640","309","0.2","https://uploads5.wikiart.org/images/salvador-dali/landscape-1.jpg","1091_Landscape_640x309.jpg","26078"
"1092","Salvador Dali","salvador-dali","Landscape with Rock in the Shape of a Triumphal Arch","1981","640","425","0.27","https://uploads1.wikiart.org/images/salvador-dali/landscape-with-rock-in-the-shape-of-a-triumphal-arch.jpg","1092_Landscape_with_Rock_in_the_Shape_of_a_Tr_640x425.jpg","32603"
"1093","Salvador Dali","salvador-dali","Medea or Jason Taking Possession of the Golden Fleece","1981","640","436","0.28","https://uploads2.wikiart.org/images/salvador-dali/medea-or-jason-taking-possession-of-the-golden-fleece.jpg","1093_Medea_or_Jason_Taking_Possession_of_the_640x436.jpg","30649"
"1094","Salvador Dali","salvador-dali","Mercury and Argus","1981","640","961","0.62","https://uploads2.wikiart.org/images/salvador-dali/mercury-and-argus.jpg","1094_Mercury_and_Argus_640x961.jpg","83183"
"1095","Salvador Dali","salvador-dali","Reading. Family Scene by Lamplight","1981","640","447","0.29","https://uploads0.wikiart.org/images/salvador-dali/reading-family-scene-by-lamplight.jpg","1095_Reading._Family_Scene_by_Lamplight_640x447.jpg","40464"
"1096","Salvador Dali","salvador-dali","Ready-to-wear Fashion for Next Spring; 'Garlands, Nests and Flowers'","1981","640","862","0.55","https://uploads4.wikiart.org/images/salvador-dali/ready-to-wear-fashion-for-next-spring-garlands-nests-and-flowers.jpg","1096_Ready-to-wear_Fashion_for_Next_Spring;_'_640x862.jpg","113404"
"1097","Salvador Dali","salvador-dali","Untitled (Looking at The Great Masturbator)","1981","640","796","0.51","https://uploads5.wikiart.org/images/salvador-dali/seated-figure-contemplating-a-great-tapeworm-masturbator.jpg","1097_Untitled_(Looking_at_The_Great_Masturbat_640x796.jpg","71932"
"1098","Salvador Dali","salvador-dali","Spanish Nobleman with a Cross of Brabant on His Jerkin","1981","640","839","0.54","https://uploads3.wikiart.org/images/salvador-dali/spanish-nobleman-with-a-cross-of-brabant-on-his-jerkin.jpg","1098_Spanish_Nobleman_with_a_Cross_of_Brabant_640x839.jpg","74407"
"1099","Salvador Dali","salvador-dali","The Exterminating Angels","1981","640","652","0.42","https://uploads0.wikiart.org/images/salvador-dali/the-exterminating-angels.jpg","1099_The_Exterminating_Angels_640x652.jpg","87240"
"1100","Salvador Dali","salvador-dali","The Garden of Hours","1981","640","783","0.5","https://uploads4.wikiart.org/images/salvador-dali/the-garden-of-hours.jpg","1100_The_Garden_of_Hours_640x783.jpg","66529"
"1101","Salvador Dali","salvador-dali","The Gaseous Swan","1981","640","460","0.29","https://uploads1.wikiart.org/images/salvador-dali/the-gaseous-swan.jpg","1101_The_Gaseous_Swan_640x460.jpg","28467"
"1102","Salvador Dali","salvador-dali","The Path of Enigma","1981","679","1094","0.74","https://uploads3.wikiart.org/images/salvador-dali/the-path-of-enigma.jpg","1102_The_Path_of_Enigma_679x1094.jpg","175091"
"1103","Salvador Dali","salvador-dali","The Path of Enigmas (first version)","1981","640","755","0.48","https://uploads0.wikiart.org/images/salvador-dali/the-path-of-enigmas-first-version.jpg","1103_The_Path_of_Enigmas_(first_version)_640x755.jpg","60354"
"1104","Salvador Dali","salvador-dali","The Path of Enigmas (second version)","1981","1074","1600","1.72","https://uploads1.wikiart.org/images/salvador-dali/the-path-of-enigmas-second-version.jpg","1104_The_Path_of_Enigmas_(second_version)_1074x1600.jpg","634864"
"1105","Salvador Dali","salvador-dali","The Pearl","1981","1139","1600","1.82","https://uploads3.wikiart.org/images/salvador-dali/the-pearl.jpg","1105_The_Pearl_1139x1600.jpg","1208710"
"1106","Salvador Dali","salvador-dali","The Tower of Enigmas","1981","1243","1600","1.99","https://uploads5.wikiart.org/images/salvador-dali/the-tower-of-enigmas.jpg","1106_The_Tower_of_Enigmas_1243x1600.jpg","989392"
"1107","Salvador Dali","salvador-dali","The Towers","1981","2201","1600","3.52","https://uploads4.wikiart.org/images/salvador-dali/the-towers.jpg","1107_The_Towers_2201x1600.jpg","2469201"
"1108","Salvador Dali","salvador-dali","Three Female Figures in Festive Gowns","1981","640","421","0.27","https://uploads4.wikiart.org/images/salvador-dali/three-female-figures-in-festive-gowns.jpg","1108_Three_Female_Figures_in_Festive_Gowns_640x421.jpg","44103"
"1109","Salvador Dali","salvador-dali","Tower","1981","1181","1600","1.89","https://uploads8.wikiart.org/images/salvador-dali/tower.jpg","1109_Tower_1181x1600.jpg","1320314"
"1110","Salvador Dali","salvador-dali","Tower","1981","640","963","0.62","https://uploads1.wikiart.org/images/salvador-dali/tower-1.jpg","1110_Tower_640x963.jpg","92057"
"1111","Salvador Dali","salvador-dali","Untitled (Female Bust with Draped Cloth)","1981","640","968","0.62","https://uploads5.wikiart.org/images/salvador-dali/untitled-female-bust-with-draped-cloth.jpg","1111_Untitled_(Female_Bust_with_Draped_Cloth)_640x968.jpg","83289"
"1112","Salvador Dali","salvador-dali","Untitled (Head of a Woman; unfinished)","1981","640","960","0.61","https://uploads2.wikiart.org/images/salvador-dali/untitled-head-of-a-woman-unfinished.jpg","1112_Untitled_(Head_of_a_Woman;_unfinished)_640x960.jpg","46598"
"1113","Salvador Dali","salvador-dali","Untitled (Imaginary Landscape at Pubol)","1981","640","861","0.55","https://uploads4.wikiart.org/images/salvador-dali/untitled-imaginary-landscape-at-pubol.jpg","1113_Untitled_(Imaginary_Landscape_at_Pubol)_640x861.jpg","93948"
"1114","Salvador Dali","salvador-dali","Untitled (Skin of a Beach)","1981","640","430","0.28","https://uploads0.wikiart.org/images/salvador-dali/untitled-skin-of-a-beach.jpg","1114_Untitled_(Skin_of_a_Beach)_640x430.jpg","28010"
"1115","Salvador Dali","salvador-dali","Woman on a Ram","1981","640","474","0.3","https://uploads8.wikiart.org/images/salvador-dali/woman-on-a-ram.jpg","1115_Woman_on_a_Ram_640x474.jpg","42349"
"1116","Salvador Dali","salvador-dali","After Michelangelo's 'Moses', on the Tomb of Julius II in Rome","1982","640","658","0.42","https://uploads8.wikiart.org/images/salvador-dali/after-michelangelo-s-moses-on-the-tomb-of-julius-ii-in-rome.jpg","1116_After_Michelangelo's_'Moses',_on_the_Tom_640x658.jpg","68974"
"1117","Salvador Dali","salvador-dali","After Michelangelo's 'Squatting Child'","1982","640","939","0.6","https://uploads3.wikiart.org/images/salvador-dali/after-michelangelo-s-squatting-child.jpg","1117_After_Michelangelo's_'Squatting_Child'_640x939.jpg","106211"
"1118","Salvador Dali","salvador-dali","After the Head of 'Giuliano di Medici","1982","640","967","0.62","https://uploads3.wikiart.org/images/salvador-dali/after-the-head-of-giuliano-di-medici.jpg","1118_After_the_Head_of_'Giuliano_di_Medici_640x967.jpg","88467"
"1119","Salvador Dali","salvador-dali","Architectural Contortion of El Escorial","1982","640","515","0.33","https://uploads6.wikiart.org/images/salvador-dali/architectural-contortion-of-el-escorial.jpg","1119_Architectural_Contortion_of_El_Escorial_640x515.jpg","57508"
"1120","Salvador Dali","salvador-dali","Atmospherocephalic Figures","1982","640","633","0.41","https://uploads2.wikiart.org/images/salvador-dali/atmospherocephalic-figures.jpg","1120_Atmospherocephalic_Figures_640x633.jpg","59211"
"1121","Salvador Dali","salvador-dali","Classic Figure and Head (unfinished)","1982","640","787","0.5","https://uploads6.wikiart.org/images/salvador-dali/classic-figure-and-head-unfinished-1982.jpg","1121_Classic_Figure_and_Head_(unfinished)_640x787.jpg","69550"
"1122","Salvador Dali","salvador-dali","Don Jose Nieto Velazquez from 'Las Meninas' by Velazquez","1982","640","911","0.58","https://uploads3.wikiart.org/images/salvador-dali/don-jose-nieto-velazquez-from-las-meninas-by-velazquez.jpg","1122_Don_Jose_Nieto_Velazquez_from_'Las_Menin_640x911.jpg","86672"
"1123","Salvador Dali","salvador-dali","Double Victory of Gaudi","1982","640","797","0.51","https://uploads8.wikiart.org/images/salvador-dali/double-victory-of-gaudi.jpg","1123_Double_Victory_of_Gaudi_640x797.jpg","93029"
"1124","Salvador Dali","salvador-dali","El Escorial and Catastrophe-Form Calligraphy","1982","640","597","0.38","https://uploads2.wikiart.org/images/salvador-dali/el-escorial-and-catastrophe-form-calligraphy.jpg","1124_El_Escorial_and_Catastrophe-Form_Calligr_640x597.jpg","57617"
"1125","Salvador Dali","salvador-dali","Enigma (unfinished version of 'The Three Glorious Enigmas of Gala')","1982","640","622","0.4","https://uploads3.wikiart.org/images/salvador-dali/enigma-unfinished-version-of-the-three-glorious-enigmas-of-gala.jpg","1125_Enigma_(unfinished_version_of_'The_Three_640x622.jpg","45302"
"1126","Salvador Dali","salvador-dali","Exploded Head","1982","640","903","0.58","https://uploads7.wikiart.org/images/salvador-dali/exploded-head.jpg","1126_Exploded_Head_640x903.jpg","81680"
"1127","Salvador Dali","salvador-dali","Figure after Michelangelo's 'Dawn' on the Tomb of Lorenzo di Medici","1982","640","810","0.52","https://uploads5.wikiart.org/images/salvador-dali/figure-after-michelangelo-s-dawn-on-the-tomb-of-lorenzo-di-medici.jpg","1127_Figure_after_Michelangelo's_'Dawn'_on_th_640x810.jpg","109991"
"1128","Salvador Dali","salvador-dali","Figure in the Water - After a Drawing by Michelangelo for the 'Resurrection of Christ'","1982","640","813","0.52","https://uploads4.wikiart.org/images/salvador-dali/figure-in-the-water-after-a-drawing-by-michelangelo-for-the-resurrection-of-christ.jpg","1128_Figure_in_the_Water_-_After_a_Drawing_by_640x813.jpg","56983"
"1129","Salvador Dali","salvador-dali","Figure Inspired by the Adam of the Ceiling of the Sistine Chapel","1982","2062","1600","3.3","https://uploads4.wikiart.org/images/salvador-dali/figure-inspired-by-the-adam-of-the-ceiling-of-the-sistine-chapel.jpg","1129_Figure_Inspired_by_the_Adam_of_the_Ceili_2062x1600.jpg","2535680"
"1130","Salvador Dali","salvador-dali","Giuliano di Medici' by Michelangelo, Seen from Behind","1982","640","958","0.61","https://uploads0.wikiart.org/images/salvador-dali/giuliano-di-medici-by-michelangelo-seen-from-behind.jpg","1130_Giuliano_di_Medici'_by_Michelangelo,_See_640x958.jpg","114585"
"1131","Salvador Dali","salvador-dali","Head, after Michelangelo's, 'Giuliano di Medici'","1982","640","646","0.41","https://uploads2.wikiart.org/images/salvador-dali/head-after-michelangelo-s-giuliano-di-medici.jpg","1131_Head,_after_Michelangelo's,_'Giuliano_di_640x646.jpg","56785"
"1132","Salvador Dali","salvador-dali","Landscape with Hidden Image of Michelangelo's 'David'","1982","640","804","0.51","https://uploads0.wikiart.org/images/salvador-dali/landscape-with-hidden-image-of-michelangelo-s-david.jpg","1132_Landscape_with_Hidden_Image_of_Michelang_640x804.jpg","78705"
"1133","Salvador Dali","salvador-dali","Mirror Women - Mirror Head","1982","640","705","0.45","https://uploads0.wikiart.org/images/salvador-dali/mirror-women-mirror-head.jpg","1133_Mirror_Women_-_Mirror_Head_640x705.jpg","72715"
"1134","Salvador Dali","salvador-dali","Ole","1982","1966","1600","3.15","https://uploads6.wikiart.org/images/salvador-dali/ole.jpg","1134_Ole_1966x1600.jpg","2266685"
"1135","Salvador Dali","salvador-dali","Othello Dreaming Venice","1982","640","700","0.45","https://uploads8.wikiart.org/images/salvador-dali/othello-dreaming-venice.jpg","1135_Othello_Dreaming_Venice_640x700.jpg","85442"
"1136","Salvador Dali","salvador-dali","Pieta","1982","1136","1600","1.82","https://uploads8.wikiart.org/images/salvador-dali/pieta.jpg","1136_Pieta_1136x1600.jpg","868050"
"1137","Salvador Dali","salvador-dali","Pieta","1982","1617","1600","2.59","https://uploads1.wikiart.org/images/salvador-dali/pieta-1.jpg","1137_Pieta_1617x1600.jpg","1770147"
"1138","Salvador Dali","salvador-dali","Rock Figure after the Head of Christ in the 'Pieta' of Palestrina by Michelangelo","1982","640","435","0.28","https://uploads1.wikiart.org/images/salvador-dali/rock-figure-after-the-head-of-christ-in-the-pieta-of-palestrina-by-michelangelo.jpg","1138_Rock_Figure_after_the_Head_of_Christ_in_640x435.jpg","42142"
"1139","Salvador Dali","salvador-dali","Saint Sebastian","1982","640","818","0.52","https://uploads0.wikiart.org/images/salvador-dali/saint-sebastian.jpg","1139_Saint_Sebastian_640x818.jpg","83342"
"1140","Salvador Dali","salvador-dali","Scene in the Courtyard of the Escorial with a Figure in the Foreground Inspired by Michelangelo's 'Evening' on the Tomb of Lorenzo di Medici","1982","640","826","0.53","https://uploads8.wikiart.org/images/salvador-dali/scene-in-the-courtyard-of-the-escorial-with-a-figure-in-the-foreground-inspired-by-michelangelo.jpg","1140_Scene_in_the_Courtyard_of_the_Escorial_w_640x826.jpg","101099"
"1141","Salvador Dali","salvador-dali","Sebastian de Morra with Catastrophic Signs","1982","640","819","0.52","https://uploads0.wikiart.org/images/salvador-dali/sebastian-de-morra-with-catastrophic-signs.jpg","1141_Sebastian_de_Morra_with_Catastrophic_Sig_640x819.jpg","100389"
"1142","Salvador Dali","salvador-dali","Study for 'Ole' (unfinished)","1982","640","536","0.34","https://uploads0.wikiart.org/images/salvador-dali/study-for-ole-unfinished.jpg","1142_Study_for_'Ole'_(unfinished)_640x536.jpg","47027"
"1143","Salvador Dali","salvador-dali","The Infanta Margarita of Velazquez Appearing in the Silhouette of Horsemen in the Courtyard of the Escorial","1982","1306","1600","2.09","https://uploads7.wikiart.org/images/salvador-dali/the-infanta-margarita-of-velazquez-appearing-in-the-silhouette-of-horsemen-in-the-courtyard-of.jpg","1143_The_Infanta_Margarita_of_Velazquez_Appea_1306x1600.jpg","1449453"
"1144","Salvador Dali","salvador-dali","The Martyr","1982","773","1094","0.85","https://uploads4.wikiart.org/images/salvador-dali/the-martyr.jpg","1144_The_Martyr_773x1094.jpg","254903"
"1145","Salvador Dali","salvador-dali","The Three Glorious Enigmas of Gala","1982","640","642","0.41","https://uploads1.wikiart.org/images/salvador-dali/the-three-glorious-enigmas-of-gala.jpg","1145_The_Three_Glorious_Enigmas_of_Gala_640x642.jpg","42437"
"1146","Salvador Dali","salvador-dali","The Three Glorious Enigmas of Gala(second version)","1982","1764","1600","2.82","https://uploads7.wikiart.org/images/salvador-dali/the-three-glorious-enigmas-of-gala-second-version.jpg","1146_The_Three_Glorious_Enigmas_of_Gala(secon_1764x1600.jpg","1530431"
"1147","Salvador Dali","salvador-dali","Topological Study for 'Exploded Head'","1982","640","895","0.57","https://uploads2.wikiart.org/images/salvador-dali/topological-study-for-exploded-head.jpg","1147_Topological_Study_for_'Exploded_Head'_640x895.jpg","118160"
"1148","Salvador Dali","salvador-dali","Untitled - Equestrian Figure of Prince Baltasar Carlos, after Velazquez, with Figures in the Courtyard of the Escorial","1982","640","817","0.52","https://uploads1.wikiart.org/images/salvador-dali/untitled-equestrian-figure-of-prince-baltasar-carlos-after-velazquez-with-figures-in-the.jpg","1148_Untitled_-_Equestrian_Figure_of_Prince_B_640x817.jpg","68569"
"1149","Salvador Dali","salvador-dali","Untitled - Nude Figures after Michelangelo","1982","640","970","0.62","https://uploads7.wikiart.org/images/salvador-dali/untitled-nude-figures-after-michelangelo.jpg","1149_Untitled_-_Nude_Figures_after_Michelange_640x970.jpg","101419"
"1150","Salvador Dali","salvador-dali","Untitled (After 'The Day' by Michelangelo)","1982","640","451","0.29","https://uploads5.wikiart.org/images/salvador-dali/untitled-after-the-day-by-michelangelo.jpg","1150_Untitled_(After_'The_Day'_by_Michelangel_640x451.jpg","39344"
"1151","Salvador Dali","salvador-dali","Untitled (After 'The Night' by Michelangelo)","1982","640","466","0.3","https://uploads7.wikiart.org/images/salvador-dali/untitled-after-the-night-by-michelangelo.jpg","1151_Untitled_(After_'The_Night'_by_Michelang_640x466.jpg","62493"
"1152","Salvador Dali","salvador-dali","Untitled (Composition - Courtyard of the Escorial with Figure and Sebastian De Morra, Veldzquez's Dwarf)","1982","640","528","0.34","https://uploads6.wikiart.org/images/salvador-dali/untitled-composition-courtyard-of-the-escorial-with-figure-and-sebastian-de-morra-veldzquez-s.jpg","1152_Untitled_(Composition_-_Courtyard_of_the_640x528.jpg","41926"
"1153","Salvador Dali","salvador-dali","Untitled (first study for 'The Three Glorious Enigmas of Gala')","1982","640","625","0.4","https://uploads8.wikiart.org/images/salvador-dali/untitled-first-study-for-the-three-glorious-enigmas-of-gala.jpg","1153_Untitled_(first_study_for_'The_Three_Glo_640x625.jpg","48328"
"1154","Salvador Dali","salvador-dali","Velazquez and a Figure","1982","640","498","0.32","https://uploads7.wikiart.org/images/salvador-dali/velazquez-and-a-figure.jpg","1154_Velazquez_and_a_Figure_640x498.jpg","46580"
"1155","Salvador Dali","salvador-dali","Velazquez Dying Behind the Window on the Left Side Out of Which a Spoon Projects","1982","1230","1600","1.97","https://uploads2.wikiart.org/images/salvador-dali/velazquez-dying-behind-the-window-on-the-left-side-out-of-which-a-spoon-projects.jpg","1155_Velazquez_Dying_Behind_the_Window_on_the_1230x1600.jpg","1194520"
"1156","Salvador Dali","salvador-dali","Warrior","1982","1604","1600","2.57","https://uploads1.wikiart.org/images/salvador-dali/warrior.jpg","1156_Warrior_1604x1600.jpg","1345506"
"1157","Salvador Dali","salvador-dali","Bed and Bedside Table Ferociously Attacking a Cello","1983","640","594","0.38","https://uploads0.wikiart.org/images/salvador-dali/bed-and-bedside-table-ferociously-attacking-a-cello.jpg","1157_Bed_and_Bedside_Table_Ferociously_Attack_640x594.jpg","51434"
"1158","Salvador Dali","salvador-dali","Bed and Two Bedside Tables Ferociously Attacking a Cello","1983","640","535","0.34","https://uploads5.wikiart.org/images/salvador-dali/bed-and-two-bedside-tables-ferociously-attacking-a-cello.jpg","1158_Bed_and_Two_Bedside_Tables_Ferociously_A_640x535.jpg","49461"
"1159","Salvador Dali","salvador-dali","Bed and Two Bedside Tables Ferociously Attacking a Cello","1983","640","528","0.34","https://uploads7.wikiart.org/images/salvador-dali/bed-and-two-bedside-tables-ferociously-attacking-a-cello-1.jpg","1159_Bed_and_Two_Bedside_Tables_Ferociously_A_640x528.jpg","50312"
"1160","Salvador Dali","salvador-dali","Bed and Two Bedside Tables Ferociously Attacking a Cello (Final Stage)","1983","1968","1600","3.15","https://uploads8.wikiart.org/images/salvador-dali/bed-and-two-bedside-tables-ferociously-attacking-a-cello-final-stage.jpg","1160_Bed_and_Two_Bedside_Tables_Ferociously_A_1968x1600.jpg","1790079"
"1161","Salvador Dali","salvador-dali","Bed, Chair and Bedside Table Ferociously Attacking a Cello","1983","640","516","0.33","https://uploads6.wikiart.org/images/salvador-dali/bed-chair-and-bedside-table-ferociously-attacking-a-cello.jpg","1161_Bed,_Chair_and_Bedside_Table_Ferociously_640x516.jpg","42144"
"1162","Salvador Dali","salvador-dali","Cutlet and Match - The Chinese Crab","1983","2010","1600","3.22","https://uploads0.wikiart.org/images/salvador-dali/cutlet-and-match-the-chinese-crab.jpg","1162_Cutlet_and_Match_-_The_Chinese_Crab_2010x1600.jpg","1036878"
"1163","Salvador Dali","salvador-dali","Head Inspired by Michelangelo","1983","640","658","0.42","https://uploads5.wikiart.org/images/salvador-dali/head-inspired-by-michelangelo.jpg","1163_Head_Inspired_by_Michelangelo_640x658.jpg","70831"
"1164","Salvador Dali","salvador-dali","Pieta","1983","640","520","0.33","https://uploads1.wikiart.org/images/salvador-dali/pieta-2.jpg","1164_Pieta_640x520.jpg","43490"
"1165","Salvador Dali","salvador-dali","St. George Overpowering a Cello","1983","640","491","0.31","https://uploads6.wikiart.org/images/salvador-dali/st-george-overpowering-a-cello.jpg","1165_St._George_Overpowering_a_Cello_640x491.jpg","37271"
"1166","Salvador Dali","salvador-dali","The Swallow's Tail","1983","2062","1600","3.3","https://uploads3.wikiart.org/images/salvador-dali/the-swallow-s-tail.jpg","1166_The_Swallow's_Tail_2062x1600.jpg","2259270"
"1167","Salvador Dali","salvador-dali","The Truck (We'll be arriving later, about five o'clock)","1983","640","787","0.5","https://uploads1.wikiart.org/images/salvador-dali/the-truck-we-ll-be-arriving-later-about-five-o-clock.jpg","1167_The_Truck_(We'll_be_arriving_later,_abou_640x787.jpg","93019"
"1168","Salvador Dali","salvador-dali","Topological Abduction of Europe - Homage to Rene Thom","1983","700","597","0.42","https://uploads0.wikiart.org/images/salvador-dali/topological-abduction-of-europe-homage-to-rene-thom.jpg","1168_Topological_Abduction_of_Europe_-_Homage_700x597.jpg","61873"
"1169","Salvador Dali","salvador-dali","Topological Contortion of a Female Figure","1983","640","524","0.34","https://uploads8.wikiart.org/images/salvador-dali/topological-contortion-of-a-female-figure.jpg","1169_Topological_Contortion_of_a_Female_Figur_640x524.jpg","27368"
"1170","Salvador Dali","salvador-dali","Topological Contortion of a Female Figure Becoming a Violoncello","1983","1988","1600","3.18","https://uploads4.wikiart.org/images/salvador-dali/topological-contortion-of-a-female-figure-becoming-a-violoncello.jpg","1170_Topological_Contortion_of_a_Female_Figur_1988x1600.jpg","1937042"
"1171","Salvador Dali","salvador-dali","Untitled - Head of a Spanish Nobleman, Fashioned by the Catastrophe Model from a Swallow's Tail and Two Halves of a Cello","1983","640","806","0.52","https://uploads5.wikiart.org/images/salvador-dali/untitled-head-of-a-spanish-nobleman-fashioned-by-the-catastrophe-model-from-a-swallow-s-tail.jpg","1171_Untitled_-_Head_of_a_Spanish_Nobleman,_F_640x806.jpg","98486"
"1172","Salvador Dali","salvador-dali","Untitled - Series on Catastrophes","1983","700","534","0.37","https://uploads7.wikiart.org/images/salvador-dali/untitled-series-on-catastrophes.jpg","1172_Untitled_-_Series_on_Catastrophes_700x534.jpg","36842"
"1173","Salvador Dali","salvador-dali","Untitled (Figures, Pieta, Catastrophic Signs)","1983","640","786","0.5","https://uploads8.wikiart.org/images/salvador-dali/untitled-figures-pieta-catastrophic-signs.jpg","1173_Untitled_(Figures,_Pieta,_Catastrophic_S_640x786.jpg","58638"
"1174","Salvador Dali","salvador-dali","Warrior Mounted on an Elephant Overpowering a Cello","1983","640","476","0.3","https://uploads0.wikiart.org/images/salvador-dali/warrior-mounted-on-an-elephant-overpowering-a-cello.jpg","1174_Warrior_Mounted_on_an_Elephant_Overpower_640x476.jpg","37272"
"1175","Salvador Dali","salvador-dali","Profile of Time","1984","2524","3200","8.08","https://uploads7.wikiart.org/00301/images/salvador-dali/profile-of-time-1.jpg","1175_Profile_of_Time_2524x3200.jpg","283834"
"1176","Salvador Dali","salvador-dali","Dance of Time I","1984","910","1617","1.47","https://uploads7.wikiart.org/00301/images/salvador-dali/dance-of-time-i-1.jpg","1176_Dance_of_Time_I_910x1617.jpg","278090"
"1177","Salvador Dali","salvador-dali","Nobility of Time","1984","866","1300","1.13","https://uploads8.wikiart.org/00301/images/salvador-dali/nobility-of-time-1.jpg","1177_Nobility_of_Time_866x1300.jpg","222263"
"1178","Salvador Dali","salvador-dali","The King's Sword","1989","750","1008","0.76","https://uploads0.wikiart.org/images/salvador-dali/the-kings-sword.jpg","1178_The_King's_Sword_750x1008.jpg","43158"
