"Index","Artist","ArtistSlug","Title","Year","Width","Height","Megapixels","HighResUrl","LocalFileName","FileSizeBytes"
"1","Pablo Picasso","pablo-picasso","The picador","1890","1315","1716","2.26","https://uploads1.wikiart.org/images/pablo-picasso/the-picador-1890.jpg","0001_The_picador_1315x1716.jpg","619833"
"2","Pablo Picasso","pablo-picasso","House in the field","1893","1088","718","0.78","https://uploads8.wikiart.org/images/pablo-picasso/house-in-the-field-1893.jpg","0002_House_in_the_field_1088x718.jpg","450664"
"3","Pablo Picasso","pablo-picasso","Plaster male torso","1893","1180","1867","2.2","https://uploads8.wikiart.org/images/pablo-picasso/plaster-male-torso-1893.jpg","0003_Plaster_male_torso_1180x1867.jpg","223749"
"4","Pablo Picasso","pablo-picasso","Academical study","1895","1479","2025","2.99","https://uploads1.wikiart.org/images/pablo-picasso/academical-study.jpg","0004_Academical_study_1479x2025.jpg","618931"
"5","Pablo Picasso","pablo-picasso","Bust of young man","1895","944","1088","1.03","https://uploads2.wikiart.org/images/pablo-picasso/bust-of-young-man.jpg","0005_Bust_of_young_man_944x1088.jpg","425326"
"6","Pablo Picasso","pablo-picasso","Female nude from back","1895","660","1088","0.72","https://uploads2.wikiart.org/images/pablo-picasso/female-nude-from-back-1895.jpg","0006_Female_nude_from_back_660x1088.jpg","397540"
"7","Pablo Picasso","pablo-picasso","The barefoot girl","1895","1573","2454","3.86","https://uploads7.wikiart.org/images/pablo-picasso/the-barefoot-girl-1895.jpg","0007_The_barefoot_girl_1573x2454.jpg","614828"
"8","Pablo Picasso","pablo-picasso","The old fisherman","1895","827","1088","0.9","https://uploads7.wikiart.org/images/pablo-picasso/the-old-fisherman-1895.jpg","0008_The_old_fisherman_827x1088.jpg","467215"
"9","Pablo Picasso","pablo-picasso","Alicante, view of boats","1895","1088","685","0.75","https://uploads7.wikiart.org/images/pablo-picasso/alicante-view-of-boats.jpg","0009_Alicante,_view_of_boats_1088x685.jpg","408176"
"10","Pablo Picasso","pablo-picasso","View of the port of Valencia","1895","1088","682","0.74","https://uploads4.wikiart.org/images/pablo-picasso/view-of-the-port-of-valencia.jpg","0010_View_of_the_port_of_Valencia_1088x682.jpg","415214"
"11","Pablo Picasso","pablo-picasso","Artist's mother","1896","716","1088","0.78","https://uploads5.wikiart.org/images/pablo-picasso/artist-s-mother-1896.jpg","0011_Artist's_mother_716x1088.jpg","452382"
"12","Pablo Picasso","pablo-picasso","First Communion","1896","736","1070","0.79","https://uploads5.wikiart.org/00451/images/pablo-picasso/1900first-communion.jpg","0012_First_Communion_736x1070.jpg","119674"
"13","Pablo Picasso","pablo-picasso","Head of a child","1896","955","1088","1.04","https://uploads5.wikiart.org/images/pablo-picasso/head-of-a-child-1896.jpg","0013_Head_of_a_child_955x1088.jpg","625074"
"14","Pablo Picasso","pablo-picasso","Portrait of aunt Pepa","1896","952","1088","1.04","https://uploads2.wikiart.org/images/pablo-picasso/portrait-of-aunt-pepa-1896.jpg","0014_Portrait_of_aunt_Pepa_952x1088.jpg","391005"
"15","Pablo Picasso","pablo-picasso","Portrait of the Artist's Mother","1896","1315","1780","2.34","https://uploads3.wikiart.org/images/pablo-picasso/portrait-of-the-artist-s-mother-1896.jpg","0015_Portrait_of_the_Artist's_Mother_1315x1780.jpg","430624"
"16","Pablo Picasso","pablo-picasso","Quarries","1896","1088","819","0.89","https://uploads7.wikiart.org/images/pablo-picasso/quarries-1896.jpg","0016_Quarries_1088x819.jpg","622664"
"17","Pablo Picasso","pablo-picasso","Self-Portrait","1896","1422","2162","3.07","https://uploads3.wikiart.org/images/pablo-picasso/self-portrait-1896.jpg","0017_Self-Portrait_1422x2162.jpg","505377"
"18","Pablo Picasso","pablo-picasso","The altarboy","1896","719","1088","0.78","https://uploads2.wikiart.org/images/pablo-picasso/the-altarboy-1896.jpg","0018_The_altarboy_719x1088.jpg","334657"
"19","Pablo Picasso","pablo-picasso","Advertisement for tavern ""Four cats""","1897","1782","1175","2.09","https://uploads6.wikiart.org/images/pablo-picasso/advertisement-for-tavern-four-cats-1897.jpg","0019_Advertisement_for_tavern_Four_cats_1782x1175.jpg","340332"
"20","Pablo Picasso","pablo-picasso","Science and Charity","1897","1804","1411","2.55","https://uploads0.wikiart.org/images/pablo-picasso/science-and-charity-1897.jpg","0020_Science_and_Charity_1804x1411.jpg","500519"
"21","Pablo Picasso","pablo-picasso","Mule","1898","1088","827","0.9","https://uploads0.wikiart.org/images/pablo-picasso/mule-1.jpg","0021_Mule_1088x827.jpg","527770"
"22","Pablo Picasso","pablo-picasso","Head of a Man in El Greco style","1899","1433","1606","2.3","https://uploads3.wikiart.org/images/pablo-picasso/head-of-a-man-in-el-greco-style-1899.jpg","0022_Head_of_a_Man_in_El_Greco_style_1433x1606.jpg","250884"
"23","Pablo Picasso","pablo-picasso","La chata","1899","638","2758","1.76","https://uploads7.wikiart.org/images/pablo-picasso/la-chata-1899.jpg","0023_La_chata_638x2758.jpg","264831"
"24","Pablo Picasso","pablo-picasso","Lola","1899","1426","2128","3.03","https://uploads3.wikiart.org/images/pablo-picasso/lola-1899.jpg","0024_Lola_1426x2128.jpg","427883"
"25","Pablo Picasso","pablo-picasso","Portrait of Casagemas","1899","1491","1976","2.95","https://uploads6.wikiart.org/images/pablo-picasso/portrait-of-casagemas.jpg","0025_Portrait_of_Casagemas_1491x1976.jpg","511474"
"26","Pablo Picasso","pablo-picasso","Portrait of Josep Cardona","1899","1436","2330","3.35","https://uploads6.wikiart.org/images/pablo-picasso/portrait-of-josep-cardona-1899.jpg","0026_Portrait_of_Josep_Cardona_1436x2330.jpg","377425"
"27","Pablo Picasso","pablo-picasso","Mule","1899","1088","657","0.71","https://uploads7.wikiart.org/images/pablo-picasso/mule.jpg","0027_Mule_1088x657.jpg","417674"
"28","Pablo Picasso","pablo-picasso","A spanish couple in front of inn","1900","1789","1441","2.58","https://uploads4.wikiart.org/images/pablo-picasso/a-spanish-couple-in-front-of-inn-1900.jpg","0028_A_spanish_couple_in_front_of_inn_1789x1441.jpg","323546"
"29","Pablo Picasso","pablo-picasso","Bullfighters and bull waiting for the next move","1900","1280","667","0.85","https://uploads1.wikiart.org/images/pablo-picasso/bullfighters-and-bull-waiting-for-the-next-move-1900.jpg","0029_Bullfighters_and_bull_waiting_for_the_ne_1280x667.jpg","410512"
"30","Pablo Picasso","pablo-picasso","Embrace","1900","1793","1764","3.16","https://uploads6.wikiart.org/images/pablo-picasso/embrace-1900.jpg","0030_Embrace_1793x1764.jpg","435016"
"31","Pablo Picasso","pablo-picasso","Fairground","1900","1280","1046","1.34","https://uploads0.wikiart.org/images/pablo-picasso/fairground-1900.jpg","0031_Fairground_1280x1046.jpg","691905"
"32","Pablo Picasso","pablo-picasso","Gypsy in front of Musca","1900","1088","805","0.88","https://uploads4.wikiart.org/images/pablo-picasso/gypsy-in-front-of-musca-1900.jpg","0032_Gypsy_in_front_of_Musca_1088x805.jpg","486874"
"33","Pablo Picasso","pablo-picasso","Lovers of the street","1900","771","1280","0.99","https://uploads1.wikiart.org/images/pablo-picasso/lovers-of-the-street-1900.jpg","0033_Lovers_of_the_street_771x1280.jpg","439405"
"34","Pablo Picasso","pablo-picasso","Moulin de la Galette","1900","1800","1386","2.49","https://uploads1.wikiart.org/images/pablo-picasso/moulin-de-la-galette-1900.jpg","0034_Moulin_de_la_Galette_1800x1386.jpg","244881"
"35","Pablo Picasso","pablo-picasso","Picador","1900","810","1280","1.04","https://uploads6.wikiart.org/images/pablo-picasso/picador-1900.jpg","0035_Picador_810x1280.jpg","588802"
"36","Pablo Picasso","pablo-picasso","Pierrot and Colombina","1900","1280","1042","1.33","https://uploads2.wikiart.org/images/pablo-picasso/pierrot-and-colombina-1900.jpg","0036_Pierrot_and_Colombina_1280x1042.jpg","568258"
"37","Pablo Picasso","pablo-picasso","Self-Portrait","1900","771","1088","0.84","https://uploads7.wikiart.org/images/pablo-picasso/self-portrait.jpg","0037_Self-Portrait_771x1088.jpg","588573"
"38","Pablo Picasso","pablo-picasso","Snackbar in the  open air","1900","1280","1018","1.3","https://uploads5.wikiart.org/images/pablo-picasso/snackbar-in-the-open-air-1900.jpg","0038_Snackbar_in_the_open_air_1280x1018.jpg","617555"
"39","Pablo Picasso","pablo-picasso","Stuffed shirts","1900","1774","1055","1.87","https://uploads4.wikiart.org/images/pablo-picasso/stuffed-shirts-1900.jpg","0039_Stuffed_shirts_1774x1055.jpg","396269"
"40","Pablo Picasso","pablo-picasso","The brutal embrace","1900","1042","1280","1.33","https://uploads8.wikiart.org/images/pablo-picasso/the-brutal-embrace-1900.jpg","0040_The_brutal_embrace_1042x1280.jpg","590891"
"41","Pablo Picasso","pablo-picasso","The cries of virgins","1900","643","966","0.62","https://uploads1.wikiart.org/images/pablo-picasso/the-cries-of-virgins-1900.jpg","0041_The_cries_of_virgins_643x966.jpg","265954"
"42","Pablo Picasso","pablo-picasso","View of Riera de Sant Joan from the window","1900","642","1088","0.7","https://uploads5.wikiart.org/images/pablo-picasso/view-of-riera-de-sant-joan-from-the-window-1900.jpg","0042_View_of_Riera_de_Sant_Joan_from_the_wind_642x1088.jpg","404178"
"43","Pablo Picasso","pablo-picasso","Woman with Cat","1900","901","783","0.71","https://uploads4.wikiart.org/images/pablo-picasso/woman-with-cat-1900.jpg","0043_Woman_with_Cat_901x783.jpg","738747"
"44","Pablo Picasso","pablo-picasso","Sabartes as decadent poet","1900","1222","1827","2.23","https://uploads1.wikiart.org/images/pablo-picasso/sabartes-as-decadent-poet.jpg","0044_Sabartes_as_decadent_poet_1222x1827.jpg","419463"
"45","Pablo Picasso","pablo-picasso","A blue room (A tub)","1901","1793","1482","2.66","https://uploads7.wikiart.org/images/pablo-picasso/a-blue-room-a-tub-1901.jpg","0045_A_blue_room_(A_tub)_1793x1482.jpg","407433"
"46","Pablo Picasso","pablo-picasso","A red skirt","1901","907","1088","0.99","https://uploads1.wikiart.org/images/pablo-picasso/a-red-skirt-1901.jpg","0046_A_red_skirt_907x1088.jpg","546415"
"47","Pablo Picasso","pablo-picasso","Bullfight scene","1901","1280","965","1.24","https://uploads5.wikiart.org/images/pablo-picasso/bullfight-scene-1901.jpg","0047_Bullfight_scene_1280x965.jpg","664681"
"48","Pablo Picasso","pablo-picasso","Child with dove","1901","1419","1970","2.8","https://uploads5.wikiart.org/images/pablo-picasso/child-with-dove-1901.jpg","0048_Child_with_dove_1419x1970.jpg","433871"
"49","Pablo Picasso","pablo-picasso","Couple walking","1901","419","653","0.27","https://uploads4.wikiart.org/images/pablo-picasso/couple-walking-1901.jpg","0049_Couple_walking_419x653.jpg","106607"
"50","Pablo Picasso","pablo-picasso","Courtesan with necklace of gems","1901","837","1000","0.84","https://uploads3.wikiart.org/images/pablo-picasso/courtesan-with-necklace-of-gems-1901.jpg","0050_Courtesan_with_necklace_of_gems_837x1000.jpg","299208"
"51","Pablo Picasso","pablo-picasso","Crossind Seine on the upper deck","1901","1800","1352","2.43","https://uploads4.wikiart.org/images/pablo-picasso/crossind-seine-on-the-upper-deck-1901.jpg","0051_Crossind_Seine_on_the_upper_deck_1800x1352.jpg","364849"
"52","Pablo Picasso","pablo-picasso","Evocation (The Burial of Casagemas)","1901","1228","2051","2.52","https://uploads5.wikiart.org/images/pablo-picasso/evocation-the-burial-of-casagemas-1901.jpg","0052_Evocation_(The_Burial_of_Casagemas)_1228x2051.jpg","481401"
"53","Pablo Picasso","pablo-picasso","Flower seller","1901","900","585","0.53","https://uploads3.wikiart.org/images/pablo-picasso/flower-seller-1901.jpg","0053_Flower_seller_900x585.jpg","287381"
"54","Pablo Picasso","pablo-picasso","Harlequin leaning","1901","793","1088","0.86","https://uploads7.wikiart.org/images/pablo-picasso/harlequin-leaning-1901.jpg","0054_Harlequin_leaning_793x1088.jpg","560144"
"55","Pablo Picasso","pablo-picasso","Head of woman","1901","714","1088","0.78","https://uploads3.wikiart.org/images/pablo-picasso/head-of-woman-1901.jpg","0055_Head_of_woman_714x1088.jpg","483592"
"56","Pablo Picasso","pablo-picasso","Jeanne (Reclining nude)","1901","1280","986","1.26","https://uploads2.wikiart.org/images/pablo-picasso/jeanne-reclining-nude-1901.jpg","0056_Jeanne_(Reclining_nude)_1280x986.jpg","639390"
"57","Pablo Picasso","pablo-picasso","Longchamp","1901","800","600","0.48","https://uploads8.wikiart.org/images/pablo-picasso/longchamp-1901.jpg","0057_Longchamp_800x600.jpg","118771"
"58","Pablo Picasso","pablo-picasso","Madrilenian (Head of young woman)","1901","707","1088","0.77","https://uploads3.wikiart.org/images/pablo-picasso/madrilenian-head-of-young-woman-1901.jpg","0058_Madrilenian_(Head_of_young_woman)_707x1088.jpg","429254"
"59","Pablo Picasso","pablo-picasso","Mother and child behind the bouquet of flowers","1901","1088","812","0.88","https://uploads0.wikiart.org/images/pablo-picasso/mother-and-child-behind-the-bouquet-of-flowers-1901.jpg","0059_Mother_and_child_behind_the_bouquet_of_f_1088x812.jpg","541476"
"60","Pablo Picasso","pablo-picasso","Motherhood","1901","725","1008","0.73","https://uploads0.wikiart.org/images/pablo-picasso/motherhood-1901.jpg","0060_Motherhood_725x1008.jpg","807424"
"61","Pablo Picasso","pablo-picasso","Motherhood","1901","596","911","0.54","https://uploads2.wikiart.org/images/pablo-picasso/motherhood-1901-1.jpg","0061_Motherhood_596x911.jpg","570102"
"62","Pablo Picasso","pablo-picasso","Nana","1901","1315","2308","3.04","https://uploads3.wikiart.org/images/pablo-picasso/nana-1901.jpg","0062_Nana_1315x2308.jpg","567944"
"63","Pablo Picasso","pablo-picasso","Pablo Picasso and Sebastìa Junyer-Vidal arrives to Paris","1901","1795","1484","2.66","https://uploads1.wikiart.org/images/pablo-picasso/pablo-picasso-and-sebastìa-junyer-vidal-arrives-to-paris-1901.jpg","0063_Pablo_Picasso_and_Sebastìa_Junyer-Vidal_1795x1484.jpg","659433"
"64","Pablo Picasso","pablo-picasso","Pablo Picasso and Sebastìa Junyer-Vidal arrives to Paris","1901","1073","1400","1.5","https://uploads3.wikiart.org/images/pablo-picasso/pablo-picasso-and-sebastìa-junyer-vidal-arrives-to-paris-1901-1.jpg","0064_Pablo_Picasso_and_Sebastìa_Junyer-Vidal_1073x1400.jpg","228629"
"65","Pablo Picasso","pablo-picasso","Picasso with partner","1901","644","865","0.56","https://uploads1.wikiart.org/images/pablo-picasso/picasso-with-partner-1901.jpg","0065_Picasso_with_partner_644x865.jpg","216740"
"66","Pablo Picasso","pablo-picasso","Pierreuse with her hand on her shoulder","1901","842","1088","0.92","https://uploads2.wikiart.org/images/pablo-picasso/pierreuse-with-her-hand-on-her-shoulder-1901.jpg","0066_Pierreuse_with_her_hand_on_her_shoulder_842x1088.jpg","493302"
"67","Pablo Picasso","pablo-picasso","Portrait of Bibi la Purée","1901","857","1088","0.93","https://uploads6.wikiart.org/images/pablo-picasso/portrait-of-bibi-la-purée-1901.jpg","0067_Portrait_of_Bibi_la_Purée_857x1088.jpg","538973"
"68","Pablo Picasso","pablo-picasso","Portrait of Gustave Coquiot","1901","1024","1280","1.31","https://uploads8.wikiart.org/images/pablo-picasso/portrait-of-gustave-coquiot-1901.jpg","0068_Portrait_of_Gustave_Coquiot_1024x1280.jpg","686195"
"69","Pablo Picasso","pablo-picasso","Portrait of Gustave Coquiot","1901","1315","1660","2.18","https://uploads1.wikiart.org/images/pablo-picasso/portrait-of-gustave-coquiot-1901-1.jpg","0069_Portrait_of_Gustave_Coquiot_1315x1660.jpg","280982"
"70","Pablo Picasso","pablo-picasso","Portrait of Jaime Sabartes","1901","797","1000","0.8","https://uploads7.wikiart.org/images/pablo-picasso/portrait-of-jaime-sabartes-1901.jpg","0070_Portrait_of_Jaime_Sabartes_797x1000.jpg","243050"
"71","Pablo Picasso","pablo-picasso","Portrait of Jaime Sabartes (The bock)","1901","1433","1781","2.55","https://uploads7.wikiart.org/images/pablo-picasso/portrait-of-jaime-sabartes-the-bock-1901.jpg","0071_Portrait_of_Jaime_Sabartes_(The_bock)_1433x1781.jpg","416921"
"72","Pablo Picasso","pablo-picasso","Portrait of Mateu Fernandez de Soto","1901","808","1088","0.88","https://uploads7.wikiart.org/images/pablo-picasso/portrait-of-mateu-fernandez-de-soto-1901.jpg","0072_Portrait_of_Mateu_Fernandez_de_Soto_808x1088.jpg","621434"
"73","Pablo Picasso","pablo-picasso","Portrait of Petrus Manach","1901","1345","2033","2.73","https://uploads6.wikiart.org/images/pablo-picasso/portrait-of-petrus-manach-1901.jpg","0073_Portrait_of_Petrus_Manach_1345x2033.jpg","319218"
"74","Pablo Picasso","pablo-picasso","Profile of a young girl (Girl with red flower in her hair)","1901","634","1000","0.63","https://uploads1.wikiart.org/images/pablo-picasso/profile-of-a-young-girl-girl-with-red-flower-in-her-hair-1901.jpg","0074_Profile_of_a_young_girl_(Girl_with_red_f_634x1000.jpg","237784"
"75","Pablo Picasso","pablo-picasso","Public Garden","1901","934","604","0.56","https://uploads3.wikiart.org/images/pablo-picasso/public-garden-1901.jpg","0075_Public_Garden_934x604.jpg","288435"
"76","Pablo Picasso","pablo-picasso","Sada Yacco","1901","775","1000","0.78","https://uploads0.wikiart.org/images/pablo-picasso/sada-yacco-1901.jpg","0076_Sada_Yacco_775x1000.jpg","256727"
"77","Pablo Picasso","pablo-picasso","Seated woman in green","1901","629","1000","0.63","https://uploads2.wikiart.org/images/pablo-picasso/seated-woman-in-green-1901.jpg","0077_Seated_woman_in_green_629x1000.jpg","239176"
"78","Pablo Picasso","pablo-picasso","Self-Portrait","1901","1465","2051","3","https://uploads3.wikiart.org/images/pablo-picasso/self-portrait-1901.jpg","0078_Self-Portrait_1465x2051.jpg","239798"
"79","Pablo Picasso","pablo-picasso","Self-Portrait","1901","888","1088","0.97","https://uploads5.wikiart.org/images/pablo-picasso/self-portrait-1901-1.jpg","0079_Self-Portrait_888x1088.jpg","565454"
"80","Pablo Picasso","pablo-picasso","Self-Portrait","1901","1197","2048","2.45","https://uploads5.wikiart.org/images/pablo-picasso/self-portrait-1901-2.jpg","0080_Self-Portrait_1197x2048.jpg","458164"
"81","Pablo Picasso","pablo-picasso","Self-Portrait","1901","780","952","0.74","https://uploads5.wikiart.org/images/pablo-picasso/self-portrait-1901-3.jpg","0081_Self-Portrait_780x952.jpg","457897"
"82","Pablo Picasso","pablo-picasso","Still life (The dessert)","1901","1817","1355","2.46","https://uploads3.wikiart.org/images/pablo-picasso/still-life-the-dessert-1901.jpg","0082_Still_life_(The_dessert)_1817x1355.jpg","409306"
"83","Pablo Picasso","pablo-picasso","The Absinthe Drinker","1901","1497","2031","3.04","https://uploads1.wikiart.org/images/pablo-picasso/the-absinthe-drinker-1901.jpg","0083_The_Absinthe_Drinker_1497x2031.jpg","757953"
"84","Pablo Picasso","pablo-picasso","The absinthe drinker","1901","1446","1888","2.73","https://uploads3.wikiart.org/images/pablo-picasso/the-absinthe-drinker-1901-1.jpg","0084_The_absinthe_drinker_1446x1888.jpg","298595"
"85","Pablo Picasso","pablo-picasso","The corrida","1901","1280","1045","1.34","https://uploads1.wikiart.org/images/pablo-picasso/the-corrida-1901.jpg","0085_The_corrida_1280x1045.jpg","844873"
"86","Pablo Picasso","pablo-picasso","The death of Casagemas","1901","1088","834","0.91","https://uploads3.wikiart.org/images/pablo-picasso/the-death-of-casagemas-1901.jpg","0086_The_death_of_Casagemas_1088x834.jpg","658384"
"87","Pablo Picasso","pablo-picasso","The death of Casagemas","1901","1002","1088","1.09","https://uploads5.wikiart.org/images/pablo-picasso/the-death-of-casagemas-1901-1.jpg","0087_The_death_of_Casagemas_1002x1088.jpg","931721"
"88","Pablo Picasso","pablo-picasso","The 'Divan Japonais'","1901","1000","722","0.72","https://uploads8.wikiart.org/images/pablo-picasso/the-divan-japonais-1901.jpg","0088_The_'Divan_Japonais'_1000x722.jpg","279179"
"89","Pablo Picasso","pablo-picasso","The Fortune","1901","626","1000","0.63","https://uploads1.wikiart.org/images/pablo-picasso/the-fortune-1901.jpg","0089_The_Fortune_626x1000.jpg","238468"
"90","Pablo Picasso","pablo-picasso","The Fourteenth of July","1901","1803","1390","2.51","https://uploads3.wikiart.org/images/pablo-picasso/the-fourteenth-of-july-1901.jpg","0090_The_Fourteenth_of_July_1803x1390.jpg","449824"
"91","Pablo Picasso","pablo-picasso","The Greedy","1901","1422","1956","2.78","https://uploads0.wikiart.org/images/pablo-picasso/the-greedy-1901.jpg","0091_The_Greedy_1422x1956.jpg","367690"
"92","Pablo Picasso","pablo-picasso","The mother leading two children","1901","1436","2124","3.05","https://uploads3.wikiart.org/images/pablo-picasso/the-mother-leading-two-children-1901.jpg","0092_The_mother_leading_two_children_1436x2124.jpg","451092"
"93","Pablo Picasso","pablo-picasso","The pool of Tuileries","1901","370","300","0.11","https://uploads2.wikiart.org/images/pablo-picasso/the-pool-of-tuileries-1901.jpg","0093_The_pool_of_Tuileries_370x300.jpg","57730"
"94","Pablo Picasso","pablo-picasso","The suicide (Casagemas)","1901","640","1000","0.64","https://uploads2.wikiart.org/images/pablo-picasso/the-suicide-casagemas-1901.jpg","0094_The_suicide_(Casagemas)_640x1000.jpg","253562"
"95","Pablo Picasso","pablo-picasso","The Sun King","1901","561","882","0.49","https://uploads2.wikiart.org/images/pablo-picasso/the-sun-king-1901.jpg","0095_The_Sun_King_561x882.jpg","176863"
"96","Pablo Picasso","pablo-picasso","Two acrobats (Harlequin and his companion)","1901","1311","1673","2.19","https://uploads3.wikiart.org/images/pablo-picasso/two-acrobats-harlequin-and-his-companion-1901.jpg","0096_Two_acrobats_(Harlequin_and_his_companio_1311x1673.jpg","500350"
"97","Pablo Picasso","pablo-picasso","Woman at a Fountain","1901","855","1050","0.9","https://uploads0.wikiart.org/images/pablo-picasso/woman-at-a-fountain-1901.jpg","0097_Woman_at_a_Fountain_855x1050.jpg","443208"
"98","Pablo Picasso","pablo-picasso","Woman dressed in blue","1901","1502","2045","3.07","https://uploads2.wikiart.org/images/pablo-picasso/woman-dressed-in-blue-1901.jpg","0098_Woman_dressed_in_blue_1502x2045.jpg","278752"
"99","Pablo Picasso","pablo-picasso","Woman leaving the bath","1901","702","1000","0.7","https://uploads3.wikiart.org/images/pablo-picasso/woman-leaving-the-bath-1901.jpg","0099_Woman_leaving_the_bath_702x1000.jpg","252290"
"100","Pablo Picasso","pablo-picasso","Woman on the street","1901","334","653","0.22","https://uploads0.wikiart.org/images/pablo-picasso/woman-on-the-street-1901.jpg","0100_Woman_on_the_street_334x653.jpg","89903"
"101","Pablo Picasso","pablo-picasso","Woman with blue hat","1901","893","1088","0.97","https://uploads0.wikiart.org/images/pablo-picasso/woman-with-blue-hat-1901.jpg","0101_Woman_with_blue_hat_893x1088.jpg","621338"
"102","Pablo Picasso","pablo-picasso","Woman with cap","1901","1027","1280","1.31","https://uploads4.wikiart.org/images/pablo-picasso/woman-with-cap-1901.jpg","0102_Woman_with_cap_1027x1280.jpg","752401"
"103","Pablo Picasso","pablo-picasso","Woman with chignon","1901","589","808","0.48","https://uploads8.wikiart.org/images/pablo-picasso/woman-with-chignon-1901.jpg","0103_Woman_with_chignon_589x808.jpg","33748"
"104","Pablo Picasso","pablo-picasso","Woman with feathered hat","1901","862","1088","0.94","https://uploads5.wikiart.org/images/pablo-picasso/woman-with-feathered-hat-1901.jpg","0104_Woman_with_feathered_hat_862x1088.jpg","492242"
"105","Pablo Picasso","pablo-picasso","Woman with hat","1901","648","953","0.62","https://uploads4.wikiart.org/images/pablo-picasso/woman-with-hat-1901.jpg","0105_Woman_with_hat_648x953.jpg","186966"
"106","Pablo Picasso","pablo-picasso","Woman with jewelery","1901","808","1088","0.88","https://uploads0.wikiart.org/images/pablo-picasso/woman-with-jewelery-1901.jpg","0106_Woman_with_jewelery_808x1088.jpg","576106"
"107","Pablo Picasso","pablo-picasso","Woman with necklace of gems","1901","1062","1280","1.36","https://uploads8.wikiart.org/images/pablo-picasso/woman-with-necklace-of-gems-1901.jpg","0107_Woman_with_necklace_of_gems_1062x1280.jpg","714772"
"108","Pablo Picasso","pablo-picasso","Women in the loge","1901","760","1088","0.83","https://uploads7.wikiart.org/images/pablo-picasso/women-in-the-loge-1901.jpg","0108_Women_in_the_loge_760x1088.jpg","573383"
"109","Pablo Picasso","pablo-picasso","Brasserie on Monmartre","1901","1280","978","1.25","https://uploads7.wikiart.org/images/pablo-picasso/brasserie-on-monmartre.jpg","0109_Brasserie_on_Monmartre_1280x978.jpg","608217"
"110","Pablo Picasso","pablo-picasso","Portrait of Minguell","1901","1062","1767","1.88","https://uploads5.wikiart.org/images/pablo-picasso/portrait-of-minguell.jpg","0110_Portrait_of_Minguell_1062x1767.jpg","314740"
"111","Pablo Picasso","pablo-picasso","Le gourmet","1901","445","599","0.27","https://uploads6.wikiart.org/00197/images/pablo-picasso/445px-le-gourmet.JPG","0111_Le_gourmet_445x599.JPG","73569"
"112","Pablo Picasso","pablo-picasso","Blue Nude","1902","432","550","0.24","https://uploads2.wikiart.org/00236/images/pablo-picasso/blue-nude-c-1902-u-l-e77lc0.jpg","0112_Blue_Nude_432x550.jpg","80486"
"113","Pablo Picasso","pablo-picasso","A parody of Manet's Olympia with Junyer and Picasso","1902","952","657","0.63","https://uploads0.wikiart.org/images/pablo-picasso/a-parody-of-manet-s-olympia-with-junyer-and-picasso.jpg","0113_A_parody_of_Manet's_Olympia_with_Junyer_952x657.jpg","685986"
"114","Pablo Picasso","pablo-picasso","Advertisement for 'Lecitina Agell'","1902","391","243","0.1","https://uploads4.wikiart.org/images/pablo-picasso/advertisement-for-lecitina-agell-1902.jpg","0114_Advertisement_for_'Lecitina_Agell'_391x243.jpg","34218"
"115","Pablo Picasso","pablo-picasso","Crouching beggar","1902","396","601","0.24","https://uploads6.wikiart.org/images/pablo-picasso/crouching-beggar-1902.jpg","0115_Crouching_beggar_396x601.jpg","96341"
"116","Pablo Picasso","pablo-picasso","Crouching woman","1902","1302","1776","2.31","https://uploads5.wikiart.org/images/pablo-picasso/crouching-woman-1902.jpg","0116_Crouching_woman_1302x1776.jpg","467889"
"117","Pablo Picasso","pablo-picasso","Drunk woman is tired","1902","579","814","0.47","https://uploads1.wikiart.org/images/pablo-picasso/drunk-woman-is-tired-1902.jpg","0117_Drunk_woman_is_tired_579x814.jpg","174254"
"118","Pablo Picasso","pablo-picasso","Female Head","1902","802","1088","0.87","https://uploads5.wikiart.org/images/pablo-picasso/female-head.jpg","0118_Female_Head_802x1088.jpg","591091"
"119","Pablo Picasso","pablo-picasso","Head of dead woman","1902","571","757","0.43","https://uploads8.wikiart.org/images/pablo-picasso/head-of-dead-woman-1902.jpg","0119_Head_of_dead_woman_571x757.jpg","161998"
"120","Pablo Picasso","pablo-picasso","Man and Woman","1902","582","401","0.23","https://uploads3.wikiart.org/images/pablo-picasso/man-and-woman-1902.jpg","0120_Man_and_Woman_582x401.jpg","91628"
"121","Pablo Picasso","pablo-picasso","Man in blue","1902","929","1088","1.01","https://uploads5.wikiart.org/images/pablo-picasso/man-in-blue.jpg","0121_Man_in_blue_929x1088.jpg","587219"
"122","Pablo Picasso","pablo-picasso","Melancholy woman","1902","1662","2447","4.07","https://uploads1.wikiart.org/images/pablo-picasso/melancholy-woman.jpg","0122_Melancholy_woman_1662x2447.jpg","427435"
"123","Pablo Picasso","pablo-picasso","Mother and child","1902","1796","2104","3.78","https://uploads6.wikiart.org/images/pablo-picasso/mother-and-child-1902.jpg","0123_Mother_and_child_1796x2104.jpg","591817"
"124","Pablo Picasso","pablo-picasso","Mother and child on the beach","1902","1758","2478","4.36","https://uploads1.wikiart.org/images/pablo-picasso/mother-and-child-on-the-beach-1902.jpg","0124_Mother_and_child_on_the_beach_1758x2478.jpg","623389"
"125","Pablo Picasso","pablo-picasso","Mother and child on the beach","1902","394","827","0.33","https://uploads3.wikiart.org/images/pablo-picasso/mother-and-child-on-the-beach-1902-1.jpg","0125_Mother_and_child_on_the_beach_394x827.jpg","181090"
"126","Pablo Picasso","pablo-picasso","Mother and son on the shore","1902","879","1088","0.96","https://uploads8.wikiart.org/images/pablo-picasso/mother-and-son-on-the-shore-1902.jpg","0126_Mother_and_son_on_the_shore_879x1088.jpg","613173"
"127","Pablo Picasso","pablo-picasso","Naked woman with dripping hair","1902","338","604","0.2","https://uploads2.wikiart.org/images/pablo-picasso/naked-woman-with-dripping-hair-1902.jpg","0127_Naked_woman_with_dripping_hair_338x604.jpg","86333"
"128","Pablo Picasso","pablo-picasso","Portrait of Corina Romeu","1902","577","682","0.39","https://uploads5.wikiart.org/images/pablo-picasso/portrait-of-corina-romeu-1902.jpg","0128_Portrait_of_Corina_Romeu_577x682.jpg","169342"
"129","Pablo Picasso","pablo-picasso","Portrait of Juli Gonzalez","1902","576","699","0.4","https://uploads6.wikiart.org/images/pablo-picasso/portrait-of-juli-gonzalez-1902.jpg","0129_Portrait_of_Juli_Gonzalez_576x699.jpg","142319"
"130","Pablo Picasso","pablo-picasso","Portrait of Sebastia Junyer-Vidal","1902","1436","1761","2.53","https://uploads0.wikiart.org/images/pablo-picasso/portrait-of-sebastia-junyer-vidal.jpg","0130_Portrait_of_Sebastia_Junyer-Vidal_1436x1761.jpg","403420"
"131","Pablo Picasso","pablo-picasso","Scene in a cabaret","1902","942","727","0.68","https://uploads8.wikiart.org/images/pablo-picasso/scene-in-a-cabaret-1902.jpg","0131_Scene_in_a_cabaret_942x727.jpg","265224"
"132","Pablo Picasso","pablo-picasso","Seated woman","1902","735","1000","0.74","https://uploads2.wikiart.org/images/pablo-picasso/seated-woman-1902.jpg","0132_Seated_woman_735x1000.jpg","201535"
"133","Pablo Picasso","pablo-picasso","Seller of gul","1902","1426","2087","2.98","https://uploads7.wikiart.org/images/pablo-picasso/seller-of-gul.jpg","0133_Seller_of_gul_1426x2087.jpg","366327"
"134","Pablo Picasso","pablo-picasso","Study to ""Two sisters""","1902","1191","1584","1.89","https://uploads1.wikiart.org/images/pablo-picasso/study-to-two-sisters-1902.jpg","0134_Study_to_Two_sisters_1191x1584.jpg","77387"
"135","Pablo Picasso","pablo-picasso","Summer landscape","1902","942","730","0.69","https://uploads6.wikiart.org/images/pablo-picasso/summer-landscape-1902.jpg","0135_Summer_landscape_942x730.jpg","270679"
"136","Pablo Picasso","pablo-picasso","The Visit  (The two sisters)","1902","700","1088","0.76","https://uploads6.wikiart.org/images/pablo-picasso/the-visit-the-two-sisters-1902.jpg","0136_The_Visit_(The_two_sisters)_700x1088.jpg","489041"
"137","Pablo Picasso","pablo-picasso","The woman with the edge","1902","341","399","0.14","https://uploads4.wikiart.org/images/pablo-picasso/the-woman-with-the-edge-1902.jpg","0137_The_woman_with_the_edge_341x399.jpg","56336"
"138","Pablo Picasso","pablo-picasso","Two women sitting at a bar","1902","1793","1575","2.82","https://uploads7.wikiart.org/images/pablo-picasso/two-women-sitting-at-a-bar-1902.jpg","0138_Two_women_sitting_at_a_bar_1793x1575.jpg","426762"
"139","Pablo Picasso","pablo-picasso","Woman in a shawl","1902","907","1088","0.99","https://uploads6.wikiart.org/images/pablo-picasso/woman-in-a-shawl-1902.jpg","0139_Woman_in_a_shawl_907x1088.jpg","543863"
"140","Pablo Picasso","pablo-picasso","Woman in blue","1902","825","1088","0.9","https://uploads5.wikiart.org/images/pablo-picasso/woman-in-blue-1902-1.jpg","0140_Woman_in_blue_825x1088.jpg","525709"
"141","Pablo Picasso","pablo-picasso","Woman with green stockings","1902","391","872","0.34","https://uploads7.wikiart.org/images/pablo-picasso/woman-with-green-stockings-1902.jpg","0141_Woman_with_green_stockings_391x872.jpg","132585"
"142","Pablo Picasso","pablo-picasso","A blue house","1902","855","1088","0.93","https://uploads6.wikiart.org/images/pablo-picasso/a-blue-house.jpg","0142_A_blue_house_855x1088.jpg","722635"
"143","Pablo Picasso","pablo-picasso","A blue vase","1903","451","1088","0.49","https://uploads1.wikiart.org/images/pablo-picasso/a-blue-vase-1903.jpg","0143_A_blue_vase_451x1088.jpg","235216"
"144","Pablo Picasso","pablo-picasso","Angel Fernandez de Soto and his Friend","1903","622","991","0.62","https://uploads1.wikiart.org/images/pablo-picasso/angel-fernandez-de-soto-and-his-friend-1903.jpg","0144_Angel_Fernandez_de_Soto_and_his_Friend_622x991.jpg","595442"
"145","Pablo Picasso","pablo-picasso","Ascet","1903","1071","1604","1.72","https://uploads4.wikiart.org/images/pablo-picasso/ascet-1903.jpg","0145_Ascet_1071x1604.jpg","266149"
"146","Pablo Picasso","pablo-picasso","Breakfast of a Blind Man","1903","1806","1791","3.23","https://uploads5.wikiart.org/images/pablo-picasso/breakfast-of-a-blind-man-1903.jpg","0146_Breakfast_of_a_Blind_Man_1806x1791.jpg","304888"
"147","Pablo Picasso","pablo-picasso","Dawn at Riera de Sant Joan","1903","657","894","0.59","https://uploads7.wikiart.org/images/pablo-picasso/dawn-at-riera-de-sant-joan-1903.jpg","0147_Dawn_at_Riera_de_Sant_Joan_657x894.jpg","178507"
"148","Pablo Picasso","pablo-picasso","Dinner time (Evocation of Horta d'Ebre)","1903","1382","1000","1.38","https://uploads0.wikiart.org/images/pablo-picasso/dinner-time-evocation-of-horta-d-ebre-1903.jpg","0148_Dinner_time_(Evocation_of_Horta_d'Ebre)_1382x1000.jpg","402855"
"149","Pablo Picasso","pablo-picasso","Group of poor people","1903","505","831","0.42","https://uploads1.wikiart.org/images/pablo-picasso/group-of-poor-people-1903.jpg","0149_Group_of_poor_people_505x831.jpg","153862"
"150","Pablo Picasso","pablo-picasso","Life","1903","1786","2716","4.85","https://uploads3.wikiart.org/images/pablo-picasso/life-1903.jpg","0150_Life_1786x2716.jpg","685228"
"151","Pablo Picasso","pablo-picasso","Man and woman in café","1903","881","1088","0.96","https://uploads2.wikiart.org/images/pablo-picasso/man-and-woman-in-café-1903.jpg","0151_Man_and_woman_in_café_881x1088.jpg","613418"
"152","Pablo Picasso","pablo-picasso","Man and woman in café (study)","1903","448","639","0.29","https://uploads8.wikiart.org/images/pablo-picasso/man-and-woman-in-café-study-1903.jpg","0152_Man_and_woman_in_café_(study)_448x639.jpg","104929"
"153","Pablo Picasso","pablo-picasso","Man and woman with child in café","1903","743","1088","0.81","https://uploads4.wikiart.org/images/pablo-picasso/man-and-woman-with-child-in-café-1903.jpg","0153_Man_and_woman_with_child_in_café_743x1088.jpg","624747"
"154","Pablo Picasso","pablo-picasso","Mother and son with handkerchief","1903","989","1088","1.08","https://uploads4.wikiart.org/images/pablo-picasso/mother-and-son-with-handkerchief-1903.jpg","0154_Mother_and_son_with_handkerchief_989x1088.jpg","609620"
"155","Pablo Picasso","pablo-picasso","Nude with Picasso by her feet","1903","1052","865","0.91","https://uploads5.wikiart.org/images/pablo-picasso/nude-with-picasso-by-her-feet.jpg","0155_Nude_with_Picasso_by_her_feet_1052x865.jpg","147784"
"156","Pablo Picasso","pablo-picasso","Old blind man with boy","1903","793","1088","0.86","https://uploads3.wikiart.org/images/pablo-picasso/old-blind-man-with-boy-1903.jpg","0156_Old_blind_man_with_boy_793x1088.jpg","438637"
"157","Pablo Picasso","pablo-picasso","Palace of Arts, Barcelona","1903","657","1088","0.71","https://uploads5.wikiart.org/images/pablo-picasso/palace-of-arts-barcelona-1903.jpg","0157_Palace_of_Arts,_Barcelona_657x1088.jpg","404505"
"158","Pablo Picasso","pablo-picasso","Portrait of a tailor Soler","1903","404","575","0.23","https://uploads7.wikiart.org/images/pablo-picasso/portrait-of-a-tailor-soler-1903.jpg","0158_Portrait_of_a_tailor_Soler_404x575.jpg","86708"
"159","Pablo Picasso","pablo-picasso","Portrait of seniora Soler (Girl in a chemise)","1903","1796","2227","4","https://uploads6.wikiart.org/images/pablo-picasso/portrait-of-seniora-soler-girl-in-a-chemise-1903.jpg","0159_Portrait_of_seniora_Soler_(Girl_in_a_che_1796x2227.jpg","656108"
"160","Pablo Picasso","pablo-picasso","Portrait of the Artist","1903","660","959","0.63","https://uploads3.wikiart.org/images/pablo-picasso/portrait-of-the-artist-1903.jpg","0160_Portrait_of_the_Artist_660x959.jpg","585525"
"161","Pablo Picasso","pablo-picasso","S. Junyer-Vidal with woman beside him","1903","774","1088","0.84","https://uploads8.wikiart.org/images/pablo-picasso/s-junyer-vidal-with-woman-beside-him-1903.jpg","0161_S._Junyer-Vidal_with_woman_beside_him_774x1088.jpg","533569"
"162","Pablo Picasso","pablo-picasso","Seated female nude","1903","852","1088","0.93","https://uploads8.wikiart.org/images/pablo-picasso/seated-female-nude-1903.jpg","0162_Seated_female_nude_852x1088.jpg","442484"
"163","Pablo Picasso","pablo-picasso","Seated woman on a striped floor","1903","350","540","0.19","https://uploads3.wikiart.org/images/pablo-picasso/seated-woman-on-a-striped-floor-1903.jpg","0163_Seated_woman_on_a_striped_floor_350x540.jpg","35980"
"164","Pablo Picasso","pablo-picasso","Sebastia Junyer-Vidal as matador","1903","602","856","0.52","https://uploads4.wikiart.org/images/pablo-picasso/sebastia-junyer-vidal-as-matador-1903.jpg","0164_Sebastia_Junyer-Vidal_as_matador_602x856.jpg","127576"
"165","Pablo Picasso","pablo-picasso","Sebastia Junyer-Vidal as rhapsode","1903","702","1000","0.7","https://uploads5.wikiart.org/images/pablo-picasso/sebastia-junyer-vidal-as-rhapsode-1903.jpg","0165_Sebastia_Junyer-Vidal_as_rhapsode_702x1000.jpg","270276"
"166","Pablo Picasso","pablo-picasso","Soler family","1903","1088","785","0.85","https://uploads2.wikiart.org/images/pablo-picasso/soler-family-1903.jpg","0166_Soler_family_1088x785.jpg","469325"
"167","Pablo Picasso","pablo-picasso","The Absinthe Drinker (Portrait of Angel Fernandez de Soto)","1903","780","1000","0.78","https://uploads1.wikiart.org/images/pablo-picasso/the-absinthe-drinker-portrait-of-angel-fernandez-de-soto-1903.jpg","0167_The_Absinthe_Drinker_(Portrait_of_Angel_780x1000.jpg","271875"
"168","Pablo Picasso","pablo-picasso","The Embrace","1903","1332","2312","3.08","https://uploads1.wikiart.org/images/pablo-picasso/the-embrace-1903.jpg","0168_The_Embrace_1332x2312.jpg","725502"
"169","Pablo Picasso","pablo-picasso","The family of blind man","1903","711","1000","0.71","https://uploads4.wikiart.org/images/pablo-picasso/the-family-of-blind-man-1903.jpg","0169_The_family_of_blind_man_711x1000.jpg","269915"
"170","Pablo Picasso","pablo-picasso","The Mackerel","1903","745","1088","0.81","https://uploads2.wikiart.org/images/pablo-picasso/the-mackerel-1903.jpg","0170_The_Mackerel_745x1088.jpg","472200"
"171","Pablo Picasso","pablo-picasso","The old blind guitarist","1903","3648","5472","19.96","https://uploads2.wikiart.org/00198/images/pablo-picasso/old-guitarist-chicago.jpg","0171_The_old_blind_guitarist_3648x5472.jpg","7274553"
"172","Pablo Picasso","pablo-picasso","The roofs of Barcelona","1903","1088","685","0.75","https://uploads3.wikiart.org/images/pablo-picasso/the-roofs-of-barcelona-1903.jpg","0172_The_roofs_of_Barcelona_1088x685.jpg","429886"
"173","Pablo Picasso","pablo-picasso","The roofs of Barcelona in the moonlight","1903","957","894","0.86","https://uploads2.wikiart.org/images/pablo-picasso/the-roofs-of-barcelona-in-the-moonlight-1903.jpg","0173_The_roofs_of_Barcelona_in_the_moonlight_957x894.jpg","294949"
"174","Pablo Picasso","pablo-picasso","The soup","1903","1803","1510","2.72","https://uploads7.wikiart.org/images/pablo-picasso/the-soup-1903.jpg","0174_The_soup_1803x1510.jpg","368204"
"175","Pablo Picasso","pablo-picasso","The Tragedy","1903","1778","2731","4.86","https://uploads1.wikiart.org/images/pablo-picasso/the-tragedy-1903.jpg","0175_The_Tragedy_1778x2731.jpg","694579"
"176","Pablo Picasso","pablo-picasso","Two nudes and a cat","1903","1088","739","0.8","https://uploads0.wikiart.org/images/pablo-picasso/two-nudes-and-a-cat-1903.jpg","0176_Two_nudes_and_a_cat_1088x739.jpg","363820"
"177","Pablo Picasso","pablo-picasso","Woman with cigarette","1903","715","1045","0.75","https://uploads1.wikiart.org/images/pablo-picasso/woman-with-cigarette-1903.jpg","0177_Woman_with_cigarette_715x1045.jpg","171346"
"178","Pablo Picasso","pablo-picasso","Portrait of Sebastia Junyer-Vidal","1903","970","1280","1.24","https://uploads2.wikiart.org/images/pablo-picasso/portrait-of-sebastia-junyer-vidal-1.jpg","0178_Portrait_of_Sebastia_Junyer-Vidal_970x1280.jpg","801175"
"179","Pablo Picasso","pablo-picasso","Old Woman stretching out her hands to the fire","1903","391","587","0.23","https://uploads4.wikiart.org/images/pablo-picasso/old-woman-stretching-out-her-hands-to-the-fire.jpg","0179_Old_Woman_stretching_out_her_hands_to_th_391x587.jpg","88431"
"180","Pablo Picasso","pablo-picasso","The Frugal Repast","1904","884","1088","0.96","https://uploads3.wikiart.org/images/pablo-picasso/a-simple-meal-1904.jpg","0180_The_Frugal_Repast_884x1088.jpg","559371"
"181","Pablo Picasso","pablo-picasso","A simple meal","1904","1337","1000","1.34","https://uploads5.wikiart.org/images/pablo-picasso/a-simple-meal-1904-1.jpg","0181_A_simple_meal_1337x1000.jpg","283802"
"182","Pablo Picasso","pablo-picasso","An actor","1904","577","1000","0.58","https://uploads7.wikiart.org/images/pablo-picasso/an-actor-1904.jpg","0182_An_actor_577x1000.jpg","251731"
"183","Pablo Picasso","pablo-picasso","Blind man and girl","1904","663","1000","0.66","https://uploads8.wikiart.org/images/pablo-picasso/blind-man-and-girl-1904.jpg","0183_Blind_man_and_girl_663x1000.jpg","172778"
"184","Pablo Picasso","pablo-picasso","Celestina","1904","653","903","0.59","https://uploads8.wikiart.org/images/pablo-picasso/celestina-1904.jpg","0184_Celestina_653x903.jpg","220534"
"185","Pablo Picasso","pablo-picasso","Celestina","1904","762","1000","0.76","https://uploads1.wikiart.org/images/pablo-picasso/celestina-1904-1.jpg","0185_Celestina_762x1000.jpg","170025"
"186","Pablo Picasso","pablo-picasso","Lovers","1904","1200","1670","2","https://uploads5.wikiart.org/images/pablo-picasso/lovers-1904.jpg","0186_Lovers_1200x1670.jpg","421231"
"187","Pablo Picasso","pablo-picasso","Madeleine","1904","962","1266","1.22","https://uploads8.wikiart.org/images/pablo-picasso/madeleine-1904.jpg","0187_Madeleine_962x1266.jpg","374313"
"188","Pablo Picasso","pablo-picasso","Madonna with Garland","1904","727","960","0.7","https://uploads1.wikiart.org/images/pablo-picasso/madonna-with-garland-1904.jpg","0188_Madonna_with_Garland_727x960.jpg","275878"
"189","Pablo Picasso","pablo-picasso","Mother and child (study)","1904","774","1088","0.84","https://uploads3.wikiart.org/images/pablo-picasso/mother-and-child-study-1904.jpg","0189_Mother_and_child_(study)_774x1088.jpg","564248"
"190","Pablo Picasso","pablo-picasso","Picasso and S. Junier-Vidal sitting near Celestina","1904","653","501","0.33","https://uploads3.wikiart.org/images/pablo-picasso/picasso-and-s-junier-vidal-sitting-near-celestina-1904.jpg","0190_Picasso_and_S._Junier-Vidal_sitting_near_653x501.jpg","127293"
"191","Pablo Picasso","pablo-picasso","Portrait of Jaime Sabartes","1904","761","1000","0.76","https://uploads7.wikiart.org/images/pablo-picasso/portrait-of-jaime-sabartes-1904.jpg","0191_Portrait_of_Jaime_Sabartes_761x1000.jpg","228946"
"192","Pablo Picasso","pablo-picasso","Portrait of nude Casagemas","1904","734","1088","0.8","https://uploads7.wikiart.org/images/pablo-picasso/portrait-of-nude-casagemas-1904.jpg","0192_Portrait_of_nude_Casagemas_734x1088.jpg","377495"
"193","Pablo Picasso","pablo-picasso","Portrait of Sebastià Junyent Sans","1904","886","1088","0.96","https://uploads5.wikiart.org/images/pablo-picasso/portrait-of-sebastià-junyent-sans-1904.jpg","0193_Portrait_of_Sebastià_Junyent_Sans_886x1088.jpg","510967"
"194","Pablo Picasso","pablo-picasso","Portrait of Suzanne Bloch","1904","1307","1604","2.1","https://uploads6.wikiart.org/images/pablo-picasso/portrait-of-suzanne-bloch-1904.jpg","0194_Portrait_of_Suzanne_Bloch_1307x1604.jpg","422139"
"195","Pablo Picasso","pablo-picasso","Sleeping nude","1904","1443","2045","2.95","https://uploads3.wikiart.org/images/pablo-picasso/sleeping-nude-1904.jpg","0195_Sleeping_nude_1443x2045.jpg","510352"
"196","Pablo Picasso","pablo-picasso","Sleeping woman (Meditation)","1904","1443","1984","2.86","https://uploads6.wikiart.org/images/pablo-picasso/sleeping-woman-meditation-1904.jpg","0196_Sleeping_woman_(Meditation)_1443x1984.jpg","468358"
"197","Pablo Picasso","pablo-picasso","Standing young nude","1904","677","1088","0.74","https://uploads0.wikiart.org/images/pablo-picasso/standing-young-nude-1904.jpg","0197_Standing_young_nude_677x1088.jpg","389152"
"198","Pablo Picasso","pablo-picasso","The Catalan Sculptor Manolo (Manuel Hugué)","1904","1422","1991","2.83","https://uploads3.wikiart.org/images/pablo-picasso/the-catalan-sculptor-manolo-manuel-hugué-1904.jpg","0198_The_Catalan_Sculptor_Manolo_(Manuel_Hugu_1422x1991.jpg","505695"
"199","Pablo Picasso","pablo-picasso","The fool","1904","427","1088","0.46","https://uploads7.wikiart.org/images/pablo-picasso/the-fool-1904.jpg","0199_The_fool_427x1088.jpg","279610"
"200","Pablo Picasso","pablo-picasso","The fool","1904","719","1000","0.72","https://uploads0.wikiart.org/images/pablo-picasso/the-fool-1904-1.jpg","0200_The_fool_719x1000.jpg","176537"
"201","Pablo Picasso","pablo-picasso","The ironer","1904","1522","2454","3.73","https://uploads0.wikiart.org/images/pablo-picasso/the-ironer-1904.jpg","0201_The_ironer_1522x2454.jpg","759390"
"202","Pablo Picasso","pablo-picasso","The room of the ironer","1904","653","463","0.3","https://uploads3.wikiart.org/images/pablo-picasso/the-room-of-the-ironer-1904.jpg","0202_The_room_of_the_ironer_653x463.jpg","89732"
"203","Pablo Picasso","pablo-picasso","Two figures","1904","1772","2275","4.03","https://uploads1.wikiart.org/images/pablo-picasso/two-figures-1904.jpg","0203_Two_figures_1772x2275.jpg","499652"
"204","Pablo Picasso","pablo-picasso","Two friends","1904","750","1088","0.82","https://uploads1.wikiart.org/images/pablo-picasso/two-friends-1904.jpg","0204_Two_friends_750x1088.jpg","479822"
"205","Pablo Picasso","pablo-picasso","Two friends","1904","1356","1000","1.36","https://uploads3.wikiart.org/images/pablo-picasso/two-friends-1904-1.jpg","0205_Two_friends_1356x1000.jpg","422069"
"206","Pablo Picasso","pablo-picasso","Woman leaning ahead","1904","1407","1000","1.41","https://uploads0.wikiart.org/images/pablo-picasso/woman-leaning-ahead-1904.jpg","0206_Woman_leaning_ahead_1407x1000.jpg","447489"
"207","Pablo Picasso","pablo-picasso","Woman with her ​​hair in a small bun","1904","1028","1484","1.53","https://uploads6.wikiart.org/images/pablo-picasso/woman-with-her-hair-in-a-small-bun-1904.jpg","0207_Woman_with_her_​​hair_in_a_small_bun_1028x1484.jpg","297868"
"208","Pablo Picasso","pablo-picasso","Woman with raven","1904","728","1000","0.73","https://uploads6.wikiart.org/images/pablo-picasso/woman-with-raven-1904.jpg","0208_Woman_with_raven_728x1000.jpg","228724"
"209","Pablo Picasso","pablo-picasso","Woman with raven","1904","796","1088","0.87","https://uploads8.wikiart.org/images/pablo-picasso/woman-with-raven-1904-1.jpg","0209_Woman_with_raven_796x1088.jpg","473151"
"210","Pablo Picasso","pablo-picasso","A bank of canal","1905","648","476","0.31","https://uploads5.wikiart.org/images/pablo-picasso/a-bank-of-canal-1905.jpg","0210_A_bank_of_canal_648x476.jpg","89445"
"211","Pablo Picasso","pablo-picasso","A boat on the canal","1905","660","440","0.29","https://uploads0.wikiart.org/images/pablo-picasso/a-boat-on-the-canal-1905.jpg","0211_A_boat_on_the_canal_660x440.jpg","56491"
"212","Pablo Picasso","pablo-picasso","A boy with pipe","1905","1998","2495","4.99","https://uploads5.wikiart.org/images/pablo-picasso/a-boy-with-pipe-1905.jpg","0212_A_boy_with_pipe_1998x2495.jpg","1054971"
"213","Pablo Picasso","pablo-picasso","A horsewoman","1905","974","718","0.7","https://uploads2.wikiart.org/images/pablo-picasso/a-horsewoman-1905.jpg","0213_A_horsewoman_974x718.jpg","216048"
"214","Pablo Picasso","pablo-picasso","Acrobat and young harlequin","1905","684","1230","0.84","https://uploads8.wikiart.org/images/pablo-picasso/acrobat-and-young-harlequin-1905.jpg","0214_Acrobat_and_young_harlequin_684x1230.jpg","120409"
"215","Pablo Picasso","pablo-picasso","At ""Lapin Agile"" (Harlequin with Glass)","1905","1079","1088","1.17","https://uploads7.wikiart.org/images/pablo-picasso/at-lapin-agile-harlequin-with-glass-1905.jpg","0215_At_Lapin_Agile_(Harlequin_with_Glass)_1079x1088.jpg","771861"
"216","Pablo Picasso","pablo-picasso","Boy with a Dog","1905","1412","1984","2.8","https://uploads4.wikiart.org/images/pablo-picasso/boy-with-a-dog-1905.jpg","0216_Boy_with_a_Dog_1412x1984.jpg","516696"
"217","Pablo Picasso","pablo-picasso","Boy with bouquet of flowers in his hand","1905","653","770","0.5","https://uploads2.wikiart.org/images/pablo-picasso/boy-with-bouquet-of-flowers-in-his-hand-1905.jpg","0217_Boy_with_bouquet_of_flowers_in_his_hand_653x770.jpg","144058"
"218","Pablo Picasso","pablo-picasso","Dutch girl","1905","1530","1822","2.79","https://uploads0.wikiart.org/images/pablo-picasso/dutch-girl-1905.jpg","0218_Dutch_girl_1530x1822.jpg","448132"
"219","Pablo Picasso","pablo-picasso","Dutch landscape with windmills","1905","553","383","0.21","https://uploads2.wikiart.org/images/pablo-picasso/dutch-landscape-with-windmills-1905.jpg","0219_Dutch_landscape_with_windmills_553x383.jpg","62246"
"220","Pablo Picasso","pablo-picasso","Dutchwoman beside the canal","1905","552","756","0.42","https://uploads8.wikiart.org/images/pablo-picasso/dutchwoman-beside-the-canal-1905.jpg","0220_Dutchwoman_beside_the_canal_552x756.jpg","95030"
"221","Pablo Picasso","pablo-picasso","Family of acrobats","1905","966","594","0.57","https://uploads8.wikiart.org/images/pablo-picasso/family-of-acrobats-1905.jpg","0221_Family_of_acrobats_966x594.jpg","169468"
"222","Pablo Picasso","pablo-picasso","Family of acrobats (Jugglers)","1905","1960","1894","3.71","https://uploads8.wikiart.org/images/pablo-picasso/family-of-acrobats-jugglers-1905.jpg","0222_Family_of_acrobats_(Jugglers)_1960x1894.jpg","578118"
"223","Pablo Picasso","pablo-picasso","Family of acrobats (study)","1905","1422","1194","1.7","https://uploads5.wikiart.org/images/pablo-picasso/family-of-acrobats-study-1905.jpg","0223_Family_of_acrobats_(study)_1422x1194.jpg","314951"
"224","Pablo Picasso","pablo-picasso","Family of Acrobats with Monkey","1905","1741","2468","4.3","https://uploads2.wikiart.org/images/pablo-picasso/family-of-acrobats-with-monkey-1905.jpg","0224_Family_of_Acrobats_with_Monkey_1741x2468.jpg","682769"
"225","Pablo Picasso","pablo-picasso","Family of jugglers","1905","1787","1385","2.47","https://uploads8.wikiart.org/images/pablo-picasso/family-of-jugglers-1905.jpg","0225_Family_of_jugglers_1787x1385.jpg","629964"
"226","Pablo Picasso","pablo-picasso","Girl on the ball","1905","1535","2447","3.76","https://uploads6.wikiart.org/images/pablo-picasso/girl-on-the-ball-1905.jpg","0226_Girl_on_the_ball_1535x2447.jpg","544429"
"227","Pablo Picasso","pablo-picasso","Harlequin on the horseback","1905","753","1088","0.82","https://uploads7.wikiart.org/images/pablo-picasso/harlequin-on-the-horseback-1905.jpg","0227_Harlequin_on_the_horseback_753x1088.jpg","585083"
"228","Pablo Picasso","pablo-picasso","Harlequin's family","1905","785","1088","0.85","https://uploads8.wikiart.org/images/pablo-picasso/harlequin-s-family-1905.jpg","0228_Harlequin's_family_785x1088.jpg","510832"
"229","Pablo Picasso","pablo-picasso","Harlequin's family","1905","400","565","0.23","https://uploads1.wikiart.org/images/pablo-picasso/harlequin-s-family-1905-1.jpg","0229_Harlequin's_family_400x565.jpg","81003"
"230","Pablo Picasso","pablo-picasso","Harlequin's Head","1905","754","986","0.74","https://uploads6.wikiart.org/images/pablo-picasso/harlequin-s-head-1905.jpg","0230_Harlequin's_Head_754x986.jpg","686268"
"231","Pablo Picasso","pablo-picasso","Head of hurdy-gurdy","1905","564","810","0.46","https://uploads0.wikiart.org/images/pablo-picasso/head-of-hurdy-gurdy-1905.jpg","0231_Head_of_hurdy-gurdy_564x810.jpg","127548"
"232","Pablo Picasso","pablo-picasso","Head of young man","1905","561","756","0.42","https://uploads7.wikiart.org/images/pablo-picasso/head-of-young-man-1905.jpg","0232_Head_of_young_man_561x756.jpg","127350"
"233","Pablo Picasso","pablo-picasso","Hurdy-gurdy","1905","1669","2475","4.13","https://uploads1.wikiart.org/images/pablo-picasso/hurdy-gurdy-1905.jpg","0233_Hurdy-gurdy_1669x2475.jpg","688607"
"234","Pablo Picasso","pablo-picasso","Madame Soler","1905","759","1088","0.83","https://uploads2.wikiart.org/images/pablo-picasso/madame-soler-1905.jpg","0234_Madame_Soler_759x1088.jpg","357223"
"235","Pablo Picasso","pablo-picasso","Mallorcan","1905","652","868","0.57","https://uploads8.wikiart.org/images/pablo-picasso/mallorcan-1905.jpg","0235_Mallorcan_652x868.jpg","176505"
"236","Pablo Picasso","pablo-picasso","Mother and Child","1905","768","1088","0.84","https://uploads6.wikiart.org/images/pablo-picasso/mother-and-child-1905.jpg","0236_Mother_and_Child_768x1088.jpg","577629"
"237","Pablo Picasso","pablo-picasso","Mother and child (Baladins)","1905","808","1088","0.88","https://uploads6.wikiart.org/images/pablo-picasso/mother-and-child-baladins-1905.jpg","0237_Mother_and_child_(Baladins)_808x1088.jpg","615222"
"238","Pablo Picasso","pablo-picasso","Nudes interlaces","1905","657","845","0.56","https://uploads6.wikiart.org/images/pablo-picasso/nudes-interlaces-1905.jpg","0238_Nudes_interlaces_657x845.jpg","155486"
"239","Pablo Picasso","pablo-picasso","Portrait of Madame Canals","1905","832","1088","0.91","https://uploads6.wikiart.org/images/pablo-picasso/portrait-of-madame-canals-1905.jpg","0239_Portrait_of_Madame_Canals_832x1088.jpg","611048"
"240","Pablo Picasso","pablo-picasso","Profile of young dutchwoman","1905","648","477","0.31","https://uploads8.wikiart.org/images/pablo-picasso/profile-of-young-dutchwoman-1905.jpg","0240_Profile_of_young_dutchwoman_648x477.jpg","82317"
"241","Pablo Picasso","pablo-picasso","Right profile of clown","1905","657","978","0.64","https://uploads3.wikiart.org/images/pablo-picasso/right-profile-of-clown-1905.jpg","0241_Right_profile_of_clown_657x978.jpg","280833"
"242","Pablo Picasso","pablo-picasso","Salome","1905","941","1088","1.02","https://uploads5.wikiart.org/images/pablo-picasso/salome-1905.jpg","0242_Salome_941x1088.jpg","532207"
"243","Pablo Picasso","pablo-picasso","Seated fat clown","1905","657","1199","0.79","https://uploads6.wikiart.org/images/pablo-picasso/seated-fat-clown-1905.jpg","0243_Seated_fat_clown_657x1199.jpg","247741"
"244","Pablo Picasso","pablo-picasso","Seated female nude","1905","736","1088","0.8","https://uploads8.wikiart.org/images/pablo-picasso/seated-female-nude-1905.jpg","0244_Seated_female_nude_736x1088.jpg","466253"
"245","Pablo Picasso","pablo-picasso","Seated monkey","1905","685","1088","0.75","https://uploads3.wikiart.org/images/pablo-picasso/seated-monkey-1905.jpg","0245_Seated_monkey_685x1088.jpg","448879"
"246","Pablo Picasso","pablo-picasso","The bread carrier","1905","737","1088","0.8","https://uploads7.wikiart.org/images/pablo-picasso/the-bread-carrier-1905.jpg","0246_The_bread_carrier_737x1088.jpg","351882"
"247","Pablo Picasso","pablo-picasso","The three dutchwoman","1905","1796","2131","3.83","https://uploads1.wikiart.org/images/pablo-picasso/the-three-dutchwoman-1905.jpg","0247_The_three_dutchwoman_1796x2131.jpg","500807"
"248","Pablo Picasso","pablo-picasso","Two acrobats with a dog","1905","1298","1892","2.46","https://uploads4.wikiart.org/images/pablo-picasso/two-acrobats-with-a-dog-1905.jpg","0248_Two_acrobats_with_a_dog_1298x1892.jpg","533676"
"249","Pablo Picasso","pablo-picasso","Two roosters","1905","648","484","0.31","https://uploads2.wikiart.org/images/pablo-picasso/two-roosters-1905.jpg","0249_Two_roosters_648x484.jpg","69507"
"250","Pablo Picasso","pablo-picasso","Venus and Cupid","1905","542","902","0.49","https://uploads5.wikiart.org/images/pablo-picasso/venus-and-cupid-1905.jpg","0250_Venus_and_Cupid_542x902.jpg","476685"
"251","Pablo Picasso","pablo-picasso","Woman with a Fan","1905","1789","2299","4.11","https://uploads6.wikiart.org/images/pablo-picasso/woman-with-a-fan-1905.jpg","0251_Woman_with_a_Fan_1789x2299.jpg","618752"
"252","Pablo Picasso","pablo-picasso","Woman's profile","1905","1294","1579","2.04","https://uploads5.wikiart.org/images/pablo-picasso/woman-s-profile-1905.jpg","0252_Woman's_profile_1294x1579.jpg","502218"
"253","Pablo Picasso","pablo-picasso","Young acrobat and clown","1905","1446","2069","2.99","https://uploads4.wikiart.org/images/pablo-picasso/young-acrobat-and-clown-1905.jpg","0253_Young_acrobat_and_clown_1446x2069.jpg","605603"
"254","Pablo Picasso","pablo-picasso","Young naked girl with flower basket","1905","1277","3080","3.93","https://uploads7.wikiart.org/images/pablo-picasso/young-naked-girl-with-flower-basket-1905.jpg","0254_Young_naked_girl_with_flower_basket_1277x3080.jpg","798407"
"255","Pablo Picasso","pablo-picasso","Manola","1905","571","1280","0.73","https://uploads0.wikiart.org/images/pablo-picasso/manola.jpg","0255_Manola_571x1280.jpg","362985"
"256","Pablo Picasso","pablo-picasso","Seated harlequin","1905","777","1088","0.85","https://uploads1.wikiart.org/images/pablo-picasso/seated-harlequin.jpg","0256_Seated_harlequin_777x1088.jpg","466676"
"257","Pablo Picasso","pablo-picasso","Bed with mosquito nets","1906","548","824","0.45","https://uploads3.wikiart.org/images/pablo-picasso/bed-with-mosquito-nets-1906.jpg","0257_Bed_with_mosquito_nets_548x824.jpg","146691"
"258","Pablo Picasso","pablo-picasso","Boy leading a horse","1906","1433","2461","3.53","https://uploads0.wikiart.org/images/pablo-picasso/boy-leading-a-horse-1906.jpg","0258_Boy_leading_a_horse_1433x2461.jpg","573335"
"259","Pablo Picasso","pablo-picasso","Bust of nude woman","1906","1793","2275","4.08","https://uploads8.wikiart.org/images/pablo-picasso/bust-of-nude-woman-1906.jpg","0259_Bust_of_nude_woman_1793x2275.jpg","708621"
"260","Pablo Picasso","pablo-picasso","Bust of woman","1906","648","1000","0.65","https://uploads3.wikiart.org/images/pablo-picasso/bust-of-woman-1906.jpg","0260_Bust_of_woman_648x1000.jpg","232890"
"261","Pablo Picasso","pablo-picasso","Bust of woman","1906","319","400","0.13","https://uploads5.wikiart.org/images/pablo-picasso/bust-of-woman-1906-1.jpg","0261_Bust_of_woman_319x400.jpg","14477"
"262","Pablo Picasso","pablo-picasso","Composition  ""Peasants""","1906","692","1181","0.82","https://uploads1.wikiart.org/images/pablo-picasso/composition-peasants-1906.jpg","0262_Composition_Peasants_692x1181.jpg","133042"
"263","Pablo Picasso","pablo-picasso","El Tinen","1906","540","831","0.45","https://uploads7.wikiart.org/images/pablo-picasso/el-tinen-1906.jpg","0263_El_Tinen_540x831.jpg","150801"
"264","Pablo Picasso","pablo-picasso","Female nude in profile","1906","501","1088","0.55","https://uploads3.wikiart.org/images/pablo-picasso/female-nude-in-profile-1906.jpg","0264_Female_nude_in_profile_501x1088.jpg","327921"
"265","Pablo Picasso","pablo-picasso","Fernande with shawl","1906","557","702","0.39","https://uploads0.wikiart.org/images/pablo-picasso/fernande-with-shawl-1906.jpg","0265_Fernande_with_shawl_557x702.jpg","116937"
"266","Pablo Picasso","pablo-picasso","Fernande's Head","1906","873","972","0.85","https://uploads5.wikiart.org/images/pablo-picasso/fernande-s-head-1906.jpg","0266_Fernande's_Head_873x972.jpg","824055"
"267","Pablo Picasso","pablo-picasso","Girl and goat","1906","1038","1469","1.52","https://uploads3.wikiart.org/images/pablo-picasso/girl-and-goat-1906.jpg","0267_Girl_and_goat_1038x1469.jpg","189331"
"268","Pablo Picasso","pablo-picasso","Hairdressing","1906","1409","2457","3.46","https://uploads2.wikiart.org/images/pablo-picasso/hairdressing-1906.jpg","0268_Hairdressing_1409x2457.jpg","524144"
"269","Pablo Picasso","pablo-picasso","Harlequin's death","1906","1793","1276","2.29","https://uploads7.wikiart.org/images/pablo-picasso/harlequin-s-death-1906.jpg","0269_Harlequin's_death_1793x1276.jpg","383905"
"270","Pablo Picasso","pablo-picasso","Head of young man","1906","652","927","0.6","https://uploads7.wikiart.org/images/pablo-picasso/head-of-young-man-1906.jpg","0270_Head_of_young_man_652x927.jpg","144316"
"271","Pablo Picasso","pablo-picasso","Nude with her hands pressed to each other","1906","1429","1850","2.64","https://uploads4.wikiart.org/images/pablo-picasso/nude-with-her-hands-pressed-to-each-other-1906.jpg","0271_Nude_with_her_hands_pressed_to_each_othe_1429x1850.jpg","408566"
"272","Pablo Picasso","pablo-picasso","Nude woman naked face and nude woman profile","1906","785","1088","0.85","https://uploads7.wikiart.org/images/pablo-picasso/nude-woman-naked-face-and-nude-woman-profile-1906.jpg","0272_Nude_woman_naked_face_and_nude_woman_pro_785x1088.jpg","517673"
"273","Pablo Picasso","pablo-picasso","Nude Youth","1906","573","782","0.45","https://uploads0.wikiart.org/images/pablo-picasso/nude-youth-1906.jpg","0273_Nude_Youth_573x782.jpg","137537"
"274","Pablo Picasso","pablo-picasso","Nude, study to ""Harem""","1906","753","1000","0.75","https://uploads0.wikiart.org/images/pablo-picasso/nude-study-to-harem-1906.jpg","0274_Nude,_study_to_Harem_753x1000.jpg","148535"
"275","Pablo Picasso","pablo-picasso","Peasants","1906","644","810","0.52","https://uploads7.wikiart.org/images/pablo-picasso/peasants-1906.jpg","0275_Peasants_644x810.jpg","181960"
"276","Pablo Picasso","pablo-picasso","Portrait of Allan Stein","1906","657","831","0.55","https://uploads4.wikiart.org/images/pablo-picasso/portrait-of-allan-stein-1906.jpg","0276_Portrait_of_Allan_Stein_657x831.jpg","188762"
"277","Pablo Picasso","pablo-picasso","Portrait of Fernande Olivier in headscarves","1906","802","1088","0.87","https://uploads6.wikiart.org/images/pablo-picasso/portrait-of-fernande-olivier-in-headscarves-1906.jpg","0277_Portrait_of_Fernande_Olivier_in_headscar_802x1088.jpg","398209"
"278","Pablo Picasso","pablo-picasso","Portrait of Gertrude Stein","1906","1806","2258","4.08","https://uploads7.wikiart.org/images/pablo-picasso/portrait-of-gertrude-stein-1906.jpg","0278_Portrait_of_Gertrude_Stein_1806x2258.jpg","595111"
"279","Pablo Picasso","pablo-picasso","Reclining Nude (Fernande)","1906","1800","1376","2.48","https://uploads4.wikiart.org/images/pablo-picasso/reclining-nude-fernande-1906.jpg","0279_Reclining_Nude_(Fernande)_1800x1376.jpg","432081"
"280","Pablo Picasso","pablo-picasso","Seated nude","1906","1179","1919","2.26","https://uploads1.wikiart.org/images/pablo-picasso/seated-nude-1906.jpg","0280_Seated_nude_1179x1919.jpg","164115"
"281","Pablo Picasso","pablo-picasso","Seated nude and standing nude","1906","306","380","0.12","https://uploads1.wikiart.org/images/pablo-picasso/seated-nude-and-standing-nude-1906.jpg","0281_Seated_nude_and_standing_nude_306x380.jpg","21077"
"282","Pablo Picasso","pablo-picasso","Seated nude and standing nude","1906","777","1088","0.85","https://uploads3.wikiart.org/images/pablo-picasso/seated-nude-and-standing-nude-1906-1.jpg","0282_Seated_nude_and_standing_nude_777x1088.jpg","504290"
"283","Pablo Picasso","pablo-picasso","Self-Portrait","1906","1810","2348","4.25","https://uploads3.wikiart.org/images/pablo-picasso/self-portrait-1906.jpg","0283_Self-Portrait_1810x2348.jpg","706614"
"284","Pablo Picasso","pablo-picasso","Self-Portrait","1906","710","1000","0.71","https://uploads5.wikiart.org/images/pablo-picasso/self-portrait-1906-1.jpg","0284_Self-Portrait_710x1000.jpg","259344"
"285","Pablo Picasso","pablo-picasso","Self-Portrait","1906","793","1088","0.86","https://uploads5.wikiart.org/images/pablo-picasso/self-portrait-1906-2.jpg","0285_Self-Portrait_793x1088.jpg","638946"
"286","Pablo Picasso","pablo-picasso","Self-Portrait","1906","1660","2051","3.4","https://uploads5.wikiart.org/images/pablo-picasso/self-portrait-1906-3.jpg","0286_Self-Portrait_1660x2051.jpg","411719"
"287","Pablo Picasso","pablo-picasso","Spaniard","1906","835","1088","0.91","https://uploads7.wikiart.org/images/pablo-picasso/spaniard-1906.jpg","0287_Spaniard_835x1088.jpg","519205"
"288","Pablo Picasso","pablo-picasso","Standing female nude","1906","1174","1925","2.26","https://uploads1.wikiart.org/images/pablo-picasso/standing-female-nude-1906.jpg","0288_Standing_female_nude_1174x1925.jpg","456441"
"289","Pablo Picasso","pablo-picasso","Still life with Table","1906","1000","819","0.82","https://uploads2.wikiart.org/images/pablo-picasso/still-life-with-table-1906.jpg","0289_Still_life_with_Table_1000x819.jpg","312641"
"290","Pablo Picasso","pablo-picasso","Still life with vases","1906","836","575","0.48","https://uploads2.wikiart.org/images/pablo-picasso/still-life-with-vases-1906.jpg","0290_Still_life_with_vases_836x575.jpg","259602"
"291","Pablo Picasso","pablo-picasso","Study to ""Girls from Avignon""","1906","500","361","0.18","https://uploads8.wikiart.org/images/pablo-picasso/study-to-girls-from-avignon-1906.jpg","0291_Study_to_Girls_from_Avignon_500x361.jpg","35067"
"292","Pablo Picasso","pablo-picasso","Teenagers","1906","1038","1452","1.51","https://uploads8.wikiart.org/images/pablo-picasso/teenagers-1906.jpg","0292_Teenagers_1038x1452.jpg","247806"
"293","Pablo Picasso","pablo-picasso","Teenagers","1906","609","1000","0.61","https://uploads1.wikiart.org/images/pablo-picasso/teenagers-1906-1.jpg","0293_Teenagers_609x1000.jpg","170355"
"294","Pablo Picasso","pablo-picasso","The Harem","1906","1734","2464","4.27","https://uploads8.wikiart.org/images/pablo-picasso/the-harem-1906.jpg","0294_The_Harem_1734x2464.jpg","888133"
"295","Pablo Picasso","pablo-picasso","Three nudes","1906","1436","1850","2.66","https://uploads1.wikiart.org/images/pablo-picasso/three-nudes-1906.jpg","0295_Three_nudes_1436x1850.jpg","541012"
"296","Pablo Picasso","pablo-picasso","Toilette","1906","564","986","0.56","https://uploads7.wikiart.org/images/pablo-picasso/toilette-1906.jpg","0296_Toilette_564x986.jpg","155091"
"297","Pablo Picasso","pablo-picasso","Toilette","1906","1429","2183","3.12","https://uploads0.wikiart.org/images/pablo-picasso/toilette-1906-1.jpg","0297_Toilette_1429x2183.jpg","522741"
"298","Pablo Picasso","pablo-picasso","Toilette","1906","611","793","0.48","https://uploads0.wikiart.org/images/pablo-picasso/toilette-1906-2.jpg","0298_Toilette_611x793.jpg","124857"
"299","Pablo Picasso","pablo-picasso","Two brothers","1906","801","1088","0.87","https://uploads2.wikiart.org/images/pablo-picasso/two-brothers-1906.jpg","0299_Two_brothers_801x1088.jpg","368127"
"300","Pablo Picasso","pablo-picasso","Two naked women","1906","723","1088","0.79","https://uploads5.wikiart.org/images/pablo-picasso/two-naked-women-1906.jpg","0300_Two_naked_women_723x1088.jpg","490910"
"301","Pablo Picasso","pablo-picasso","Two nude women","1906","698","1088","0.76","https://uploads4.wikiart.org/images/pablo-picasso/two-nude-women-1906.jpg","0301_Two_nude_women_698x1088.jpg","420377"
"302","Pablo Picasso","pablo-picasso","Two nude women","1906","1477","2454","3.62","https://uploads6.wikiart.org/images/pablo-picasso/two-nude-women-1906-1.jpg","0302_Two_nude_women_1477x2454.jpg","643201"
"303","Pablo Picasso","pablo-picasso","Two nude women","1906","561","943","0.53","https://uploads6.wikiart.org/images/pablo-picasso/two-nude-women-1906-2.jpg","0303_Two_nude_women_561x943.jpg","198065"
"304","Pablo Picasso","pablo-picasso","Woman on a donkey","1906","705","1088","0.77","https://uploads7.wikiart.org/images/pablo-picasso/woman-on-a-donkey-1906.jpg","0304_Woman_on_a_donkey_705x1088.jpg","464598"
"305","Pablo Picasso","pablo-picasso","Woman with comb","1906","995","2508","2.5","https://uploads5.wikiart.org/images/pablo-picasso/woman-with-comb-1906.jpg","0305_Woman_with_comb_995x2508.jpg","600247"
"306","Pablo Picasso","pablo-picasso","Seated nude with her legs crossed","1906","698","1088","0.76","https://uploads0.wikiart.org/images/pablo-picasso/seated-nude-with-her-legs-crossed.jpg","0306_Seated_nude_with_her_legs_crossed_698x1088.jpg","274808"
"307","Pablo Picasso","pablo-picasso","Woman Plaiting Her Hair","1906","714","1088","0.78","https://uploads6.wikiart.org/images/pablo-picasso/the-toilette.jpg","0307_Woman_Plaiting_Her_Hair_714x1088.jpg","393589"
"308","Pablo Picasso","pablo-picasso","Antes","1906","1002","1767","1.77","https://uploads8.wikiart.org/images/pablo-picasso/antes.jpg","0308_Antes_1002x1767.jpg","329990"
"309","Pablo Picasso","pablo-picasso","Femme nue","1907","800","1724","1.38","https://uploads1.wikiart.org/00391/images/pablo-picasso/12.jpg","0309_Femme_nue_800x1724.jpg","634310"
"310","Pablo Picasso","pablo-picasso","La Maja con Bandolina","1907","669","540","0.36","https://uploads0.wikiart.org/00130/images/pablo-picasso/picassosignature.JPG","0310_La_Maja_con_Bandolina_669x540.JPG","75994"
"311","Pablo Picasso","pablo-picasso","A girl from Avignon","1907","838","1088","0.91","https://uploads0.wikiart.org/images/pablo-picasso/a-girl-from-avignon-1907.jpg","0311_A_girl_from_Avignon_838x1088.jpg","277761"
"312","Pablo Picasso","pablo-picasso","Bust of woman","1907","657","856","0.56","https://uploads3.wikiart.org/images/pablo-picasso/bust-of-woman-1907.jpg","0312_Bust_of_woman_657x856.jpg","181960"
"313","Pablo Picasso","pablo-picasso","Bust of young woman from Avignon","1907","653","728","0.48","https://uploads4.wikiart.org/images/pablo-picasso/bust-of-young-woman-from-avignon-1907.jpg","0313_Bust_of_young_woman_from_Avignon_653x728.jpg","198010"
"314","Pablo Picasso","pablo-picasso","Composition with skull (study)","1907","839","1088","0.91","https://uploads4.wikiart.org/images/pablo-picasso/composition-with-skull-study.jpg","0314_Composition_with_skull_(study)_839x1088.jpg","388734"
"315","Pablo Picasso","pablo-picasso","Dance of the Veils","1907","700","1088","0.76","https://uploads8.wikiart.org/images/pablo-picasso/dance-of-the-veils-1907.jpg","0315_Dance_of_the_Veils_700x1088.jpg","455425"
"316","Pablo Picasso","pablo-picasso","Exotic Flowers","1907","745","1088","0.81","https://uploads4.wikiart.org/images/pablo-picasso/exotic-flowers-1907.jpg","0316_Exotic_Flowers_745x1088.jpg","303929"
"317","Pablo Picasso","pablo-picasso","Female bust","1907","853","1088","0.93","https://uploads5.wikiart.org/images/pablo-picasso/female-bust.jpg","0317_Female_bust_853x1088.jpg","321335"
"318","Pablo Picasso","pablo-picasso","Female nude (study)","1907","456","644","0.29","https://uploads7.wikiart.org/images/pablo-picasso/female-nude-study-1907.jpg","0318_Female_nude_(study)_456x644.jpg","103494"
"319","Pablo Picasso","pablo-picasso","Female nude with her arms raised","1907","337","544","0.18","https://uploads8.wikiart.org/images/pablo-picasso/female-nude-with-her-arms-raised.jpg","0319_Female_nude_with_her_arms_raised_337x544.jpg","97656"
"320","Pablo Picasso","pablo-picasso","Flowers on the table","1907","854","1088","0.93","https://uploads1.wikiart.org/images/pablo-picasso/flowers-on-the-table-1907.jpg","0320_Flowers_on_the_table_854x1088.jpg","357776"
"321","Pablo Picasso","pablo-picasso","Head of a man","1907","803","1000","0.8","https://uploads7.wikiart.org/images/pablo-picasso/head-of-a-man.jpg","0321_Head_of_a_man_803x1000.jpg","306104"
"322","Pablo Picasso","pablo-picasso","Head of woman","1907","356","480","0.17","https://uploads7.wikiart.org/images/pablo-picasso/head-of-woman.jpg","0322_Head_of_woman_356x480.jpg","46612"
"323","Pablo Picasso","pablo-picasso","Marin and student","1907","311","380","0.12","https://uploads7.wikiart.org/images/pablo-picasso/marin-and-student-1907.jpg","0323_Marin_and_student_311x380.jpg","16110"
"324","Pablo Picasso","pablo-picasso","Nude (Bust)","1907","657","815","0.54","https://uploads8.wikiart.org/images/pablo-picasso/nude-bust-1907.jpg","0324_Nude_(Bust)_657x815.jpg","192446"
"325","Pablo Picasso","pablo-picasso","Nude with Drapery (Study for ""The great dancer"")","1907","632","901","0.57","https://uploads7.wikiart.org/images/pablo-picasso/nude-with-drapery-study-for-the-great-dancer-1907.jpg","0325_Nude_with_Drapery_(Study_for_The_great_d_632x901.jpg","654441"
"326","Pablo Picasso","pablo-picasso","Nude with raised arms","1907","734","961","0.71","https://uploads2.wikiart.org/images/pablo-picasso/nude-with-raised-arms-1907.jpg","0326_Nude_with_raised_arms_734x961.jpg","853087"
"327","Pablo Picasso","pablo-picasso","Nude with Raised Arms (The Avignon Dancer)","1907","698","1088","0.76","https://uploads3.wikiart.org/images/pablo-picasso/nude-with-raised-arms-the-avignon-dancer-1907.jpg","0327_Nude_with_Raised_Arms_(The_Avignon_Dance_698x1088.jpg","298877"
"328","Pablo Picasso","pablo-picasso","Nude with towel","1907","585","777","0.45","https://uploads5.wikiart.org/images/pablo-picasso/nude-with-towel-1907.jpg","0328_Nude_with_towel_585x777.jpg","154785"
"329","Pablo Picasso","pablo-picasso","Seated female nude","1907","321","380","0.12","https://uploads8.wikiart.org/images/pablo-picasso/seated-female-nude-1907.jpg","0329_Seated_female_nude_321x380.jpg","17434"
"330","Pablo Picasso","pablo-picasso","Self-Portrait","1907","804","1022","0.82","https://uploads3.wikiart.org/images/pablo-picasso/self-portrait-1907.jpg","0330_Self-Portrait_804x1022.jpg","292974"
"331","Pablo Picasso","pablo-picasso","Still life with lemons","1907","826","1039","0.86","https://uploads3.wikiart.org/images/pablo-picasso/still-life-with-lemons-1907.jpg","0331_Still_life_with_lemons_826x1039.jpg","234459"
"332","Pablo Picasso","pablo-picasso","The girls of Avignon","1907","1925","2000","3.85","https://uploads2.wikiart.org/00492/images/pablo-picasso/les-demoiselles-d-avignon-1907.jpg","0332_The_girls_of_Avignon_1925x2000.jpg","936771"
"333","Pablo Picasso","pablo-picasso","The girls of Avignon (study)","1907","500","403","0.2","https://uploads7.wikiart.org/images/pablo-picasso/the-girls-of-avignon-study-1907.jpg","0333_The_girls_of_Avignon_(study)_500x403.jpg","48713"
"334","Pablo Picasso","pablo-picasso","The girls of Avignon (study)","1907","521","380","0.2","https://uploads0.wikiart.org/images/pablo-picasso/the-girls-of-avignon-study-1907-1.jpg","0334_The_girls_of_Avignon_(study)_521x380.jpg","43173"
"335","Pablo Picasso","pablo-picasso","The Great Odalisque (after Ingres)","1907","785","617","0.48","https://uploads4.wikiart.org/images/pablo-picasso/the-great-odalisque-after-ingres-1907.jpg","0335_The_Great_Odalisque_(after_Ingres)_785x617.jpg","500590"
"336","Pablo Picasso","pablo-picasso","Woman with a Fan","1907","805","1251","1.01","https://uploads6.wikiart.org/images/pablo-picasso/woman-with-a-fan-1907.jpg","0336_Woman_with_a_Fan_805x1251.jpg","109714"
"337","Pablo Picasso","pablo-picasso","Woman with yellow shirt","1907","778","1088","0.85","https://uploads4.wikiart.org/images/pablo-picasso/woman-with-yellow-shirt-1907.jpg","0337_Woman_with_yellow_shirt_778x1088.jpg","428560"
"338","Pablo Picasso","pablo-picasso","Frauenkopf","1908","310","398","0.12","https://uploads6.wikiart.org/00323/images/pablo-picasso/ii1640-picasso.jpg","0338_Frauenkopf_310x398.jpg","195689"
"339","Pablo Picasso","pablo-picasso","Paysage aux deux figures","1908","748","614","0.46","https://uploads7.wikiart.org/00282/images/pablo-picasso/pablo-picasso-1908-paysage-aux-deux-figures-landscape-with-two-figures-oil-on-canvas-60-x-73-cm-mus.jpg","0339_Paysage_aux_deux_figures_748x614.jpg","408489"
"340","Pablo Picasso","pablo-picasso","A driade (Nude in the forest)","1908","612","1088","0.67","https://uploads8.wikiart.org/images/pablo-picasso/a-driade-nude-in-the-forest-1908.jpg","0340_A_driade_(Nude_in_the_forest)_612x1088.jpg","253335"
"341","Pablo Picasso","pablo-picasso","Bather","1908","809","1088","0.88","https://uploads5.wikiart.org/images/pablo-picasso/bather-1908.jpg","0341_Bather_809x1088.jpg","299506"
"342","Pablo Picasso","pablo-picasso","Bathers in the forest","1908","466","380","0.18","https://uploads2.wikiart.org/images/pablo-picasso/bathers-in-the-forest-1908.jpg","0342_Bathers_in_the_forest_466x380.jpg","44692"
"343","Pablo Picasso","pablo-picasso","Bathing","1908","912","550","0.5","https://uploads6.wikiart.org/images/pablo-picasso/bathing-1908.jpg","0343_Bathing_912x550.jpg","300492"
"344","Pablo Picasso","pablo-picasso","Composition with skull","1908","790","1072","0.85","https://uploads3.wikiart.org/images/pablo-picasso/composition-with-skull-1908.jpg","0344_Composition_with_skull_790x1072.jpg","187990"
"345","Pablo Picasso","pablo-picasso","Farm woman","1908","864","1088","0.94","https://uploads0.wikiart.org/images/pablo-picasso/farm-woman-1908.jpg","0345_Farm_woman_864x1088.jpg","388804"
"346","Pablo Picasso","pablo-picasso","Farm woman","1908","459","575","0.26","https://uploads2.wikiart.org/images/pablo-picasso/farm-woman-1908-1.jpg","0346_Farm_woman_459x575.jpg","131192"
"347","Pablo Picasso","pablo-picasso","Female nude","1908","846","1088","0.92","https://uploads5.wikiart.org/images/pablo-picasso/female-nude.jpg","0347_Female_nude_846x1088.jpg","328465"
"348","Pablo Picasso","pablo-picasso","Flowers in a Grey Jar","1908","462","575","0.27","https://uploads2.wikiart.org/images/pablo-picasso/flowers-in-a-grey-jar-1908.jpg","0348_Flowers_in_a_Grey_Jar_462x575.jpg","110073"
"349","Pablo Picasso","pablo-picasso","Friendship","1908","710","1088","0.77","https://uploads0.wikiart.org/images/pablo-picasso/friendship-1908.jpg","0349_Friendship_710x1088.jpg","317013"
"350","Pablo Picasso","pablo-picasso","Glass and fruits","1908","581","748","0.43","https://uploads6.wikiart.org/images/pablo-picasso/glass-and-fruits-1908.jpg","0350_Glass_and_fruits_581x748.jpg","137578"
"351","Pablo Picasso","pablo-picasso","Green Pan and Black Bottle","1908","870","1088","0.95","https://uploads7.wikiart.org/images/pablo-picasso/green-pan-and-black-bottle-1908.jpg","0351_Green_Pan_and_Black_Bottle_870x1088.jpg","296337"
"352","Pablo Picasso","pablo-picasso","Harlequin's family","1908","582","735","0.43","https://uploads8.wikiart.org/images/pablo-picasso/harlequin-s-family-1908.jpg","0352_Harlequin's_family_582x735.jpg","154541"
"353","Pablo Picasso","pablo-picasso","Head","1908","783","1000","0.78","https://uploads7.wikiart.org/images/pablo-picasso/head.jpg","0353_Head_783x1000.jpg","274516"
"354","Pablo Picasso","pablo-picasso","Head of a man","1908","789","1000","0.79","https://uploads3.wikiart.org/images/pablo-picasso/head-of-a-man-1908.jpg","0354_Head_of_a_man_789x1000.jpg","265909"
"355","Pablo Picasso","pablo-picasso","Head of a man","1908","795","1000","0.8","https://uploads5.wikiart.org/images/pablo-picasso/head-of-a-man-1908-1.jpg","0355_Head_of_a_man_795x1000.jpg","289312"
"356","Pablo Picasso","pablo-picasso","Head of a man","1908","1000","883","0.88","https://uploads5.wikiart.org/images/pablo-picasso/head-of-a-man-1908-2.jpg","0356_Head_of_a_man_1000x883.jpg","344273"
"357","Pablo Picasso","pablo-picasso","Head of woman","1908","779","1000","0.78","https://uploads3.wikiart.org/images/pablo-picasso/head-of-woman-1908.jpg","0357_Head_of_woman_779x1000.jpg","319532"
"358","Pablo Picasso","pablo-picasso","House in a Garden","1908","470","575","0.27","https://uploads7.wikiart.org/images/pablo-picasso/house-in-a-garden-1908.jpg","0358_House_in_a_Garden_470x575.jpg","95304"
"359","Pablo Picasso","pablo-picasso","House in the garden","1908","800","1044","0.84","https://uploads0.wikiart.org/images/pablo-picasso/house-in-the-garden-1908.jpg","0359_House_in_the_garden_800x1044.jpg","191092"
"360","Pablo Picasso","pablo-picasso","Jug and fruit dish","1908","307","380","0.12","https://uploads8.wikiart.org/images/pablo-picasso/jug-and-fruit-dish-1908.jpg","0360_Jug_and_fruit_dish_307x380.jpg","19088"
"361","Pablo Picasso","pablo-picasso","Pitcher and Bowls","1908","435","575","0.25","https://uploads7.wikiart.org/images/pablo-picasso/pitcher-and-bowls-1908.jpg","0361_Pitcher_and_Bowls_435x575.jpg","114691"
"362","Pablo Picasso","pablo-picasso","Pot, Glass and Book","1908","891","1088","0.97","https://uploads8.wikiart.org/images/pablo-picasso/pot-glass-and-book-1908.jpg","0362_Pot,_Glass_and_Book_891x1088.jpg","410343"
"363","Pablo Picasso","pablo-picasso","Queen Isabella","1908","854","1088","0.93","https://uploads4.wikiart.org/images/pablo-picasso/queen-isabella-1908.jpg","0363_Queen_Isabella_854x1088.jpg","338765"
"364","Pablo Picasso","pablo-picasso","Reclining Nude","1908","792","1000","0.79","https://uploads4.wikiart.org/images/pablo-picasso/reclining-nude-1908.jpg","0364_Reclining_Nude_792x1000.jpg","243969"
"365","Pablo Picasso","pablo-picasso","Reclining Nude","1908","1000","772","0.77","https://uploads6.wikiart.org/images/pablo-picasso/reclining-nude-1908-1.jpg","0365_Reclining_Nude_1000x772.jpg","290770"
"366","Pablo Picasso","pablo-picasso","Seated nude","1908","859","1088","0.93","https://uploads5.wikiart.org/images/pablo-picasso/seated-nude.jpg","0366_Seated_nude_859x1088.jpg","322101"
"367","Pablo Picasso","pablo-picasso","Seated woman","1908","719","1088","0.78","https://uploads2.wikiart.org/images/pablo-picasso/seated-woman-1908.jpg","0367_Seated_woman_719x1088.jpg","271414"
"368","Pablo Picasso","pablo-picasso","Standing female nude","1908","823","1088","0.9","https://uploads1.wikiart.org/images/pablo-picasso/standing-female-nude-1908.jpg","0368_Standing_female_nude_823x1088.jpg","446235"
"369","Pablo Picasso","pablo-picasso","Standing nude","1908","848","1088","0.92","https://uploads3.wikiart.org/images/pablo-picasso/standing-nude-1908.jpg","0369_Standing_nude_848x1088.jpg","264329"
"370","Pablo Picasso","pablo-picasso","Still life","1908","839","1088","0.91","https://uploads4.wikiart.org/images/pablo-picasso/still-life.jpg","0370_Still_life_839x1088.jpg","301712"
"371","Pablo Picasso","pablo-picasso","Three women","1908","961","1088","1.05","https://uploads1.wikiart.org/images/pablo-picasso/three-women-1908.jpg","0371_Three_women_961x1088.jpg","399112"
"372","Pablo Picasso","pablo-picasso","Three women (Rhythmical version)","1908","374","380","0.14","https://uploads2.wikiart.org/images/pablo-picasso/three-women-rhythmical-version-1908.jpg","0372_Three_women_(Rhythmical_version)_374x380.jpg","42819"
"373","Pablo Picasso","pablo-picasso","Seating nude","1908","684","709","0.48","https://uploads7.wikiart.org/00309/images/pablo-picasso/nu-assis.jpg","0373_Seating_nude_684x709.jpg","50424"
"374","Pablo Picasso","pablo-picasso","Head of a Woman (Fernande)","1909","426","550","0.23","https://uploads5.wikiart.org/00323/images/pablo-picasso/3180.jpg","0374_Head_of_a_Woman_(Fernande)_426x550.jpg","105913"
"375","Pablo Picasso","pablo-picasso","Portrait of Fernande Olivier","1909","1057","1280","1.35","https://uploads8.wikiart.org/00323/images/pablo-picasso/head-of-a-woman-picasso-sculpture-pablo-picasso-s-women-wives-lovers-and-muses-of-head-of-a-woman.jpg","0375_Portrait_of_Fernande_Olivier_1057x1280.jpg","584451"
"376","Pablo Picasso","pablo-picasso","The Reservoir, Horta de Ebro","1909","1667","2000","3.33","https://uploads3.wikiart.org/00261/images/pablo-picasso/cri-000000151502.jpg","0376_The_Reservoir,_Horta_de_Ebro_1667x2000.jpg","1076433"
"377","Pablo Picasso","pablo-picasso","Young Woman","1909","1533","1920","2.94","https://uploads1.wikiart.org/00261/images/pablo-picasso/ecb39c8932c504eba46059934031d633.jpg","0377_Young_Woman_1533x1920.jpg","425635"
"378","Pablo Picasso","pablo-picasso","Bathers Drying Themselves","1909","792","1000","0.79","https://uploads6.wikiart.org/images/pablo-picasso/bathers-drying-themselves-1909.jpg","0378_Bathers_Drying_Themselves_792x1000.jpg","279771"
"379","Pablo Picasso","pablo-picasso","Bread and dish with fruits on the table","1909","805","1038","0.84","https://uploads6.wikiart.org/images/pablo-picasso/bread-and-dish-with-fruits-on-the-table.jpg","0379_Bread_and_dish_with_fruits_on_the_table_805x1038.jpg","143478"
"380","Pablo Picasso","pablo-picasso","Bust of woman with flowers","1909","723","1088","0.79","https://uploads2.wikiart.org/images/pablo-picasso/bust-of-woman-with-flowers.jpg","0380_Bust_of_woman_with_flowers_723x1088.jpg","335031"
"381","Pablo Picasso","pablo-picasso","Carnival at the bistro","1909","425","380","0.16","https://uploads3.wikiart.org/images/pablo-picasso/carnival-at-the-bistro-1909.jpg","0381_Carnival_at_the_bistro_425x380.jpg","32492"
"382","Pablo Picasso","pablo-picasso","Fruit in a Vase","1909","854","1088","0.93","https://uploads5.wikiart.org/images/pablo-picasso/fruit-in-a-vase-1909.jpg","0382_Fruit_in_a_Vase_854x1088.jpg","289676"
"383","Pablo Picasso","pablo-picasso","Harlequin leaning","1909","447","544","0.24","https://uploads7.wikiart.org/images/pablo-picasso/harlequin-leaning-1909.jpg","0383_Harlequin_leaning_447x544.jpg","102934"
"384","Pablo Picasso","pablo-picasso","Houses on the hill","1909","976","777","0.76","https://uploads8.wikiart.org/images/pablo-picasso/houses-on-the-hill-1909.jpg","0384_Houses_on_the_hill_976x777.jpg","77497"
"385","Pablo Picasso","pablo-picasso","Nude","1909","467","575","0.27","https://uploads3.wikiart.org/images/pablo-picasso/nude-1909.jpg","0385_Nude_467x575.jpg","113472"
"386","Pablo Picasso","pablo-picasso","Portrait of Manuel Pallares","1909","780","1088","0.85","https://uploads8.wikiart.org/images/pablo-picasso/portrait-of-manuel-pallares-1909.jpg","0386_Portrait_of_Manuel_Pallares_780x1088.jpg","300320"
"387","Pablo Picasso","pablo-picasso","Seated woman","1909","844","1041","0.88","https://uploads2.wikiart.org/images/pablo-picasso/seated-woman-1909.jpg","0387_Seated_woman_844x1041.jpg","988694"
"388","Pablo Picasso","pablo-picasso","Still life with bottle of  Anis del Mono","1909","859","1088","0.93","https://uploads2.wikiart.org/images/pablo-picasso/still-life-with-bottle-of-anis-del-mono-1909.jpg","0388_Still_life_with_bottle_of_Anis_del_Mono_859x1088.jpg","411642"
"389","Pablo Picasso","pablo-picasso","Woman and pears (Fernande)","1909","859","1088","0.93","https://uploads5.wikiart.org/images/pablo-picasso/woman-and-pears-fernande-1909.jpg","0389_Woman_and_pears_(Fernande)_859x1088.jpg","273511"
"390","Pablo Picasso","pablo-picasso","Woman with a Mandolin","1909","859","1088","0.93","https://uploads2.wikiart.org/images/pablo-picasso/woman-with-a-mandolin-1909.jpg","0390_Woman_with_a_Mandolin_859x1088.jpg","400194"
"391","Pablo Picasso","pablo-picasso","Woman with mandolin","1909","866","1088","0.94","https://uploads0.wikiart.org/images/pablo-picasso/woman-with-mandolin-1909.jpg","0391_Woman_with_mandolin_866x1088.jpg","399142"
"392","Pablo Picasso","pablo-picasso","Two naked figures","1909","927","1088","1.01","https://uploads2.wikiart.org/images/pablo-picasso/two-naked-figures.jpg","0392_Two_naked_figures_927x1088.jpg","477736"
"393","Pablo Picasso","pablo-picasso","Femme Assise","1909","600","754","0.45","https://uploads1.wikiart.org/00234/images/pablo-picasso/pablo-picasso-femme-assise.jpg","0393_Femme_Assise_600x754.jpg","431363"
"394","Pablo Picasso","pablo-picasso","Girl with mandolin (Fanny Tellier)","1910","793","1088","0.86","https://uploads4.wikiart.org/images/pablo-picasso/girl-with-mandolin-fanny-tellier-1910.jpg","0394_Girl_with_mandolin_(Fanny_Tellier)_793x1088.jpg","346440"
"395","Pablo Picasso","pablo-picasso","Guitar player","1910","786","1097","0.86","https://uploads3.wikiart.org/images/pablo-picasso/guitar-player-1910.jpg","0395_Guitar_player_786x1097.jpg","186548"
"396","Pablo Picasso","pablo-picasso","Nude figure","1910","841","1088","0.92","https://uploads5.wikiart.org/images/pablo-picasso/nude-figure.jpg","0396_Nude_figure_841x1088.jpg","289972"
"397","Pablo Picasso","pablo-picasso","Portrait of Ambroise Vollard","1910","746","1088","0.81","https://uploads0.wikiart.org/images/pablo-picasso/portrait-of-ambroise-vollard-1910.jpg","0397_Portrait_of_Ambroise_Vollard_746x1088.jpg","281903"
"398","Pablo Picasso","pablo-picasso","Portrait of Daniel-Henry Kahnweiler","1910","780","1088","0.85","https://uploads7.wikiart.org/images/pablo-picasso/portrait-of-daniel-henry-kahnweiler-1910.jpg","0398_Portrait_of_Daniel-Henry_Kahnweiler_780x1088.jpg","347318"
"399","Pablo Picasso","pablo-picasso","Seated female nude","1910","852","1088","0.93","https://uploads8.wikiart.org/images/pablo-picasso/seated-female-nude-1910.jpg","0399_Seated_female_nude_852x1088.jpg","365195"
"400","Pablo Picasso","pablo-picasso","The good Derain","1910","832","990","0.82","https://uploads5.wikiart.org/images/pablo-picasso/the-good-derain-1910.jpg","0400_The_good_Derain_832x990.jpg","981700"
"401","Pablo Picasso","pablo-picasso","Portrait of Wilhelm Uhde","1910","782","1088","0.85","https://uploads2.wikiart.org/images/pablo-picasso/william-uhde-1910.jpg","0401_Portrait_of_Wilhelm_Uhde_782x1088.jpg","323158"
"402","Pablo Picasso","pablo-picasso","A glass","1911","660","1287","0.85","https://uploads6.wikiart.org/images/pablo-picasso/a-glass-1911.jpg","0402_A_glass_660x1287.jpg","168213"
"403","Pablo Picasso","pablo-picasso","Catalan Woman","1911","696","943","0.66","https://uploads3.wikiart.org/images/pablo-picasso/catalan-woman-1911.jpg","0403_Catalan_Woman_696x943.jpg","533337"
"404","Pablo Picasso","pablo-picasso","Clarinet","1911","880","1088","0.96","https://uploads7.wikiart.org/images/pablo-picasso/clarinet-1911.jpg","0404_Clarinet_880x1088.jpg","328850"
"405","Pablo Picasso","pablo-picasso","Clarinetist","1911","710","1088","0.77","https://uploads5.wikiart.org/images/pablo-picasso/clarinetist.jpg","0405_Clarinetist_710x1088.jpg","319450"
"406","Pablo Picasso","pablo-picasso","Man with a guitar","1911","529","1088","0.58","https://uploads0.wikiart.org/images/pablo-picasso/man-with-a-guitar-1911-1.jpg","0406_Man_with_a_guitar_529x1088.jpg","244059"
"407","Pablo Picasso","pablo-picasso","Pedestal, glasses, cups, mandolin","1911","311","380","0.12","https://uploads2.wikiart.org/images/pablo-picasso/pedestal-glasses-cups-mandolin-1911.jpg","0407_Pedestal,_glasses,_cups,_mandolin_311x380.jpg","35611"
"408","Pablo Picasso","pablo-picasso","Poet","1911","829","1224","1.01","https://uploads3.wikiart.org/images/pablo-picasso/poet-1911.jpg","0408_Poet_829x1224.jpg","154512"
"409","Pablo Picasso","pablo-picasso","Still life on the piano ('CORT')","1911","1074","403","0.43","https://uploads0.wikiart.org/images/pablo-picasso/still-life-on-the-piano-cort-1911.jpg","0409_Still_life_on_the_piano_('CORT')_1074x403.jpg","108079"
"410","Pablo Picasso","pablo-picasso","Still life with bottle of rum","1911","881","1088","0.96","https://uploads1.wikiart.org/images/pablo-picasso/still-life-with-bottle-of-rum-1911.jpg","0410_Still_life_with_bottle_of_rum_881x1088.jpg","410120"
"411","Pablo Picasso","pablo-picasso","The chess","1911","474","380","0.18","https://uploads8.wikiart.org/images/pablo-picasso/the-chess-1911.jpg","0411_The_chess_474x380.jpg","52129"
"412","Pablo Picasso","pablo-picasso","The Mandolinist","1911","744","1088","0.81","https://uploads5.wikiart.org/images/pablo-picasso/the-mandolinist-1911.jpg","0412_The_Mandolinist_744x1088.jpg","345424"
"413","Pablo Picasso","pablo-picasso","The Piano Accordionist","1911","744","1088","0.81","https://uploads3.wikiart.org/images/pablo-picasso/the-piano-accordionist-1911.jpg","0413_The_Piano_Accordionist_744x1088.jpg","263547"
"414","Pablo Picasso","pablo-picasso","Woman with guitar","1911","879","1088","0.96","https://uploads2.wikiart.org/images/pablo-picasso/woman-with-guitar.jpg","0414_Woman_with_guitar_879x1088.jpg","368497"
"415","Pablo Picasso","pablo-picasso","Woman with guitar and piano","1911","780","1088","0.85","https://uploads8.wikiart.org/images/pablo-picasso/woman-with-guitar-and-piano-1911.jpg","0415_Woman_with_guitar_and_piano_780x1088.jpg","313728"
"416","Pablo Picasso","pablo-picasso","My Pretty One (Woman with Guitar)","1911","809","1258","1.02","https://uploads2.wikiart.org/images/pablo-picasso/my-beautiful-woman-with-guitar-1912.jpg","0416_My_Pretty_One_(Woman_with_Guitar)_809x1258.jpg","163747"
"417","Pablo Picasso","pablo-picasso","Bottle, glass, violin","1912","1088","825","0.9","https://uploads0.wikiart.org/images/pablo-picasso/bottle-glass-violin-1912.jpg","0417_Bottle,_glass,_violin_1088x825.jpg","288363"
"418","Pablo Picasso","pablo-picasso","Fruit dish","1912","759","1115","0.85","https://uploads0.wikiart.org/images/pablo-picasso/fruit-dish-1912.jpg","0418_Fruit_dish_759x1115.jpg","227891"
"419","Pablo Picasso","pablo-picasso","Glass and Bottle of Suze","1912","815","1070","0.87","https://uploads5.wikiart.org/images/pablo-picasso/glass-and-bottle-of-suze-1912.jpg","0419_Glass_and_Bottle_of_Suze_815x1070.jpg","179193"
"420","Pablo Picasso","pablo-picasso","Guitar","1912","625","1131","0.71","https://uploads5.wikiart.org/images/pablo-picasso/guitar-1912.jpg","0420_Guitar_625x1131.jpg","57003"
"421","Pablo Picasso","pablo-picasso","Guitar (I love Eva)","1912","830","1088","0.9","https://uploads7.wikiart.org/images/pablo-picasso/guitar-i-love-eva-1912.jpg","0421_Guitar_(I_love_Eva)_830x1088.jpg","372421"
"422","Pablo Picasso","pablo-picasso","Guitar and sheet of music","1912","441","380","0.17","https://uploads6.wikiart.org/images/pablo-picasso/guitar-and-sheet-of-music-1912.jpg","0422_Guitar_and_sheet_of_music_441x380.jpg","25817"
"423","Pablo Picasso","pablo-picasso","Guitar and Violin","1912","476","575","0.27","https://uploads2.wikiart.org/images/pablo-picasso/guitar-and-violin.jpg","0423_Guitar_and_Violin_476x575.jpg","141409"
"424","Pablo Picasso","pablo-picasso","Guitar, Glass and Bottle of Vieux Marc","1912","657","921","0.61","https://uploads0.wikiart.org/images/pablo-picasso/guitar-glass-and-bottle-of-vieux-marc-1912.jpg","0424_Guitar,_Glass_and_Bottle_of_Vieux_Marc_657x921.jpg","109863"
"425","Pablo Picasso","pablo-picasso","Guitar, Sheet music and Wine glass","1912","790","1087","0.86","https://uploads5.wikiart.org/images/pablo-picasso/guitar-sheet-music-and-wine-glass-1912.jpg","0425_Guitar,_Sheet_music_and_Wine_glass_790x1087.jpg","163296"
"426","Pablo Picasso","pablo-picasso","Head of a man with hat","1912","666","894","0.6","https://uploads3.wikiart.org/images/pablo-picasso/head-of-a-man-with-hat-1912.jpg","0426_Head_of_a_man_with_hat_666x894.jpg","62709"
"427","Pablo Picasso","pablo-picasso","Landscape with Posters","1912","517","380","0.2","https://uploads3.wikiart.org/images/pablo-picasso/landscape-with-posters-1912.jpg","0427_Landscape_with_Posters_517x380.jpg","41607"
"428","Pablo Picasso","pablo-picasso","Man with guitar","1912","705","993","0.7","https://uploads5.wikiart.org/images/pablo-picasso/man-with-guitar-1912.jpg","0428_Man_with_guitar_705x993.jpg","166572"
"429","Pablo Picasso","pablo-picasso","Musical instruments","1912","468","575","0.27","https://uploads0.wikiart.org/images/pablo-picasso/musical-instruments-1912.jpg","0429_Musical_instruments_468x575.jpg","102839"
"430","Pablo Picasso","pablo-picasso","Our Futures is in the Air","1912","500","300","0.15","https://uploads6.wikiart.org/images/pablo-picasso/our-futures-is-in-the-air-1912.jpg","0430_Our_Futures_is_in_the_Air_500x300.jpg","34861"
"431","Pablo Picasso","pablo-picasso","Souvenir from Havre","1912","775","1142","0.89","https://uploads0.wikiart.org/images/pablo-picasso/souvenir-from-havre-1912.jpg","0431_Souvenir_from_Havre_775x1142.jpg","128535"
"432","Pablo Picasso","pablo-picasso","Spanish Still life","1912","770","1097","0.84","https://uploads8.wikiart.org/images/pablo-picasso/spanish-still-life-1912.jpg","0432_Spanish_Still_life_770x1097.jpg","149193"
"433","Pablo Picasso","pablo-picasso","Still Life with Caned Chair","1912","1043","796","0.83","https://uploads3.wikiart.org/images/pablo-picasso/still-life-with-the-caned-chair-1912.jpg","0433_Still_Life_with_Caned_Chair_1043x796.jpg","173586"
"434","Pablo Picasso","pablo-picasso","Still life with violin and fruits","1912","814","1087","0.88","https://uploads5.wikiart.org/images/pablo-picasso/still-life-with-violin-and-fruits-1912.jpg","0434_Still_life_with_violin_and_fruits_814x1087.jpg","116470"
"435","Pablo Picasso","pablo-picasso","Table in a Cafe (Bottle of Pernod)","1912","766","1088","0.83","https://uploads4.wikiart.org/images/pablo-picasso/table-in-a-cafe-bottle-of-pernod-1912.jpg","0435_Table_in_a_Cafe_(Bottle_of_Pernod)_766x1088.jpg","344088"
"436","Pablo Picasso","pablo-picasso","The aficionado (The torero)","1912","649","1088","0.71","https://uploads6.wikiart.org/images/pablo-picasso/the-aficionado-the-torero-1912.jpg","0436_The_aficionado_(The_torero)_649x1088.jpg","267855"
"437","Pablo Picasso","pablo-picasso","The pigeon pea","1912","872","1088","0.95","https://uploads4.wikiart.org/images/pablo-picasso/the-pigeon-pea-1912.jpg","0437_The_pigeon_pea_872x1088.jpg","420282"
"438","Pablo Picasso","pablo-picasso","The shell Saint Jacques (Our future is in the air)","1912","1096","776","0.85","https://uploads2.wikiart.org/images/pablo-picasso/the-shell-saint-jacques-our-future-is-in-the-air-1912.jpg","0438_The_shell_Saint_Jacques_(Our_future_is_i_1096x776.jpg","205566"
"439","Pablo Picasso","pablo-picasso","Violin","1912","650","856","0.56","https://uploads0.wikiart.org/images/pablo-picasso/violin.jpg","0439_Violin_650x856.jpg","135276"
"440","Pablo Picasso","pablo-picasso","Violin","1912","791","1061","0.84","https://uploads2.wikiart.org/images/pablo-picasso/violin-1.jpg","0440_Violin_791x1061.jpg","134980"
"441","Pablo Picasso","pablo-picasso","Violin, glass, pipe and inkwell","1912","760","1127","0.86","https://uploads1.wikiart.org/images/pablo-picasso/violin-glass-pipe-and-inkwell-1912.jpg","0441_Violin,_glass,_pipe_and_inkwell_760x1127.jpg","144235"
"442","Pablo Picasso","pablo-picasso","Woman sitting in an armchair","1912","859","1088","0.93","https://uploads4.wikiart.org/images/pablo-picasso/woman-sitting-in-an-armchair.jpg","0442_Woman_sitting_in_an_armchair_859x1088.jpg","276273"
"443","Pablo Picasso","pablo-picasso","Au bon marche","1913","888","586","0.52","https://uploads3.wikiart.org/images/pablo-picasso/au-bon-marche-1913.jpg","0443_Au_bon_marche_888x586.jpg","98478"
"444","Pablo Picasso","pablo-picasso","Bottle of black rum (Vive la France)","1913","380","304","0.12","https://uploads6.wikiart.org/images/pablo-picasso/bottle-of-black-rum-vive-la-france-1913.jpg","0444_Bottle_of_black_rum_(Vive_la_France)_380x304.jpg","23730"
"445","Pablo Picasso","pablo-picasso","Bottle of Vieux Marc, Glass and Newspaper","1913","830","1088","0.9","https://uploads3.wikiart.org/images/pablo-picasso/bottle-of-vieux-marc-glass-and-newspaper-1913.jpg","0445_Bottle_of_Vieux_Marc,_Glass_and_Newspape_830x1088.jpg","315113"
"446","Pablo Picasso","pablo-picasso","Bottle of Vieux Marc, Glass, Guitar and Newspaper","1913","1036","814","0.84","https://uploads1.wikiart.org/images/pablo-picasso/bottle-of-vieux-marc-glass-guitar-and-newspaper-1913.jpg","0446_Bottle_of_Vieux_Marc,_Glass,_Guitar_and_1036x814.jpg","162198"
"447","Pablo Picasso","pablo-picasso","Clarinet and Violin","1913","348","575","0.2","https://uploads0.wikiart.org/images/pablo-picasso/clarinet-and-violin-1913.jpg","0447_Clarinet_and_Violin_348x575.jpg","97284"
"448","Pablo Picasso","pablo-picasso","Clarinet, bottle of bass, newspaper, ace of clubs","1913","995","1088","1.08","https://uploads0.wikiart.org/images/pablo-picasso/clarinet-bottle-of-bass-newspaper-ace-of-clubs-1913.jpg","0448_Clarinet,_bottle_of_bass,_newspaper,_ace_995x1088.jpg","379223"
"449","Pablo Picasso","pablo-picasso","Geometrical Composition: The Guitar","1913","587","1088","0.64","https://uploads6.wikiart.org/images/pablo-picasso/geometrical-composition-the-guitar-1913.jpg","0449_Geometrical_Composition_The_Guitar_587x1088.jpg","150475"
"450","Pablo Picasso","pablo-picasso","Guitar and bottle","1913","950","1088","1.03","https://uploads7.wikiart.org/images/pablo-picasso/guitar-and-bottle-1913.jpg","0450_Guitar_and_bottle_950x1088.jpg","348761"
"451","Pablo Picasso","pablo-picasso","Harlequinesque personage","1913","606","1170","0.71","https://uploads5.wikiart.org/images/pablo-picasso/harlequinesque-personage-1913.jpg","0451_Harlequinesque_personage_606x1170.jpg","217291"
"452","Pablo Picasso","pablo-picasso","Head","1913","581","765","0.44","https://uploads3.wikiart.org/images/pablo-picasso/head-1913.jpg","0452_Head_581x765.jpg","152861"
"453","Pablo Picasso","pablo-picasso","Head of a man","1913","650","878","0.57","https://uploads3.wikiart.org/images/pablo-picasso/head-of-a-man-1913.jpg","0453_Head_of_a_man_650x878.jpg","73915"
"454","Pablo Picasso","pablo-picasso","Head of a man","1913","750","1088","0.82","https://uploads0.wikiart.org/images/pablo-picasso/head-of-a-man-1.jpg","0454_Head_of_a_man_750x1088.jpg","312109"
"455","Pablo Picasso","pablo-picasso","Man with guitar","1913","807","1203","0.97","https://uploads5.wikiart.org/images/pablo-picasso/man-with-guitar-1913.jpg","0455_Man_with_guitar_807x1203.jpg","266404"
"456","Pablo Picasso","pablo-picasso","Student with newspaper","1913","734","920","0.68","https://uploads3.wikiart.org/images/pablo-picasso/student-with-newspaper-1913.jpg","0456_Student_with_newspaper_734x920.jpg","160148"
"457","Pablo Picasso","pablo-picasso","The guitar","1913","797","1088","0.87","https://uploads0.wikiart.org/images/pablo-picasso/the-guitar-1913.jpg","0457_The_guitar_797x1088.jpg","499933"
"458","Pablo Picasso","pablo-picasso","Violin","1913","643","1115","0.72","https://uploads5.wikiart.org/images/pablo-picasso/violin-1913.jpg","0458_Violin_643x1115.jpg","238293"
"459","Pablo Picasso","pablo-picasso","Woman with a shirt sitting in a chair","1913","694","1088","0.76","https://uploads0.wikiart.org/images/pablo-picasso/woman-with-a-shirt-sitting-in-a-chair-1913.jpg","0459_Woman_with_a_shirt_sitting_in_a_chair_694x1088.jpg","284065"
"460","Pablo Picasso","pablo-picasso","Woman with guitar","1913","440","1053","0.46","https://uploads7.wikiart.org/images/pablo-picasso/woman-with-guitar-1913.jpg","0460_Woman_with_guitar_440x1053.jpg","146821"
"461","Pablo Picasso","pablo-picasso","Pipe and Musical Score (Pipe and Sheet Music)","1914","785","626","0.49","https://uploads3.wikiart.org/00307/images/pablo-picasso/6555.jpg","0461_Pipe_and_Musical_Score_(Pipe_and_Sheet_M_785x626.jpg","241145"
"462","Pablo Picasso","pablo-picasso","Still Life with Compote and Glass","1914","1000","792","0.79","https://uploads0.wikiart.org/00246/images/pablo-picasso/still-life-with-compote-and-glass.jpg","0462_Still_Life_with_Compote_and_Glass_1000x792.jpg","234049"
"463","Pablo Picasso","pablo-picasso","A glass of absinthe","1914","750","1142","0.86","https://uploads0.wikiart.org/images/pablo-picasso/a-glass-of-absinthe-1914.jpg","0463_A_glass_of_absinthe_750x1142.jpg","106048"
"464","Pablo Picasso","pablo-picasso","Apple","1914","518","380","0.2","https://uploads4.wikiart.org/images/pablo-picasso/apple-1914.jpg","0464_Apple_518x380.jpg","29551"
"465","Pablo Picasso","pablo-picasso","Bottle of bass, glass and package of tobacco","1914","686","548","0.38","https://uploads6.wikiart.org/images/pablo-picasso/bottle-of-bass-glass-and-package-of-tobacco-1914.jpg","0465_Bottle_of_bass,_glass_and_package_of_tob_686x548.jpg","110280"
"466","Pablo Picasso","pablo-picasso","Fruit vase and bunch of grapes","1914","812","1088","0.88","https://uploads2.wikiart.org/images/pablo-picasso/fruit-vase-and-bunch-of-grapes-1914.jpg","0466_Fruit_vase_and_bunch_of_grapes_812x1088.jpg","368943"
"467","Pablo Picasso","pablo-picasso","Glass","1914","306","380","0.12","https://uploads4.wikiart.org/images/pablo-picasso/glass-1914.jpg","0467_Glass_306x380.jpg","12959"
"468","Pablo Picasso","pablo-picasso","Glass and bottle of  Bass","1914","1152","881","1.01","https://uploads5.wikiart.org/images/pablo-picasso/glass-and-bottle-of-bass-1914.jpg","0468_Glass_and_bottle_of_Bass_1152x881.jpg","136518"
"469","Pablo Picasso","pablo-picasso","Glass and bottle of straw rum","1914","1000","943","0.94","https://uploads1.wikiart.org/images/pablo-picasso/glass-and-bottle-of-straw-rum-1914.jpg","0469_Glass_and_bottle_of_straw_rum_1000x943.jpg","347565"
"470","Pablo Picasso","pablo-picasso","Glass and newspaper","1914","616","703","0.43","https://uploads0.wikiart.org/images/pablo-picasso/glass-and-newspaper-1914.jpg","0470_Glass_and_newspaper_616x703.jpg","99555"
"471","Pablo Picasso","pablo-picasso","Glass on a Table","1914","1000","998","1","https://uploads6.wikiart.org/images/pablo-picasso/glass-on-a-table-1914.jpg","0471_Glass_on_a_Table_1000x998.jpg","1188909"
"472","Pablo Picasso","pablo-picasso","Man with pipe","1914","393","824","0.32","https://uploads3.wikiart.org/images/pablo-picasso/man-with-pipe-1914.jpg","0472_Man_with_pipe_393x824.jpg","110280"
"473","Pablo Picasso","pablo-picasso","Mandolin","1914","807","1195","0.96","https://uploads7.wikiart.org/images/pablo-picasso/mandolin-1914.jpg","0473_Mandolin_807x1195.jpg","265433"
"474","Pablo Picasso","pablo-picasso","Pedestal","1914","807","1203","0.97","https://uploads7.wikiart.org/images/pablo-picasso/pedestal-1914.jpg","0474_Pedestal_807x1203.jpg","286838"
"475","Pablo Picasso","pablo-picasso","Pipe and card","1914","537","380","0.2","https://uploads3.wikiart.org/images/pablo-picasso/pipe-and-card-1914.jpg","0475_Pipe_and_card_537x380.jpg","26299"
"476","Pablo Picasso","pablo-picasso","Playing Card and Glass","1914","956","422","0.4","https://uploads3.wikiart.org/images/pablo-picasso/playing-card-and-glass-1914.jpg","0476_Playing_Card_and_Glass_956x422.jpg","488324"
"477","Pablo Picasso","pablo-picasso","Portrait of young girl","1914","804","1088","0.87","https://uploads3.wikiart.org/images/pablo-picasso/portrait-of-young-girl-1914.jpg","0477_Portrait_of_young_girl_804x1088.jpg","354108"
"478","Pablo Picasso","pablo-picasso","Still life","1914","1199","703","0.84","https://uploads0.wikiart.org/images/pablo-picasso/still-life-1914.jpg","0478_Still_life_1199x703.jpg","73692"
"479","Pablo Picasso","pablo-picasso","Still life with a Glass and an Apple","1914","744","894","0.67","https://uploads6.wikiart.org/images/pablo-picasso/still-life-with-class-and-an-apple-1914.jpg","0479_Still_life_with_a_Glass_and_an_Apple_744x894.jpg","618411"
"480","Pablo Picasso","pablo-picasso","Still life with Gobleet","1914","660","901","0.59","https://uploads4.wikiart.org/images/pablo-picasso/still-life-with-gobleet-1914.jpg","0480_Still_life_with_Gobleet_660x901.jpg","723718"
"481","Pablo Picasso","pablo-picasso","Still life with Guitar","1914","715","911","0.65","https://uploads3.wikiart.org/images/pablo-picasso/still-life-with-guitar-1914.jpg","0481_Still_life_with_Guitar_715x911.jpg","122428"
"482","Pablo Picasso","pablo-picasso","Student with pipe","1914","660","823","0.54","https://uploads2.wikiart.org/images/pablo-picasso/student-with-pipe.jpg","0482_Student_with_pipe_660x823.jpg","177082"
"483","Pablo Picasso","pablo-picasso","The Tavern","1914","741","575","0.43","https://uploads0.wikiart.org/images/pablo-picasso/the-tavern-1914.jpg","0483_The_Tavern_741x575.jpg","199548"
"484","Pablo Picasso","pablo-picasso","Couple of dancers","1915","782","1000","0.78","https://uploads7.wikiart.org/images/pablo-picasso/couple-of-dancers-1915.jpg","0484_Couple_of_dancers_782x1000.jpg","226945"
"485","Pablo Picasso","pablo-picasso","Harlequin","1915","609","1088","0.66","https://uploads8.wikiart.org/images/pablo-picasso/harlequin-1915.jpg","0485_Harlequin_609x1088.jpg","145237"
"486","Pablo Picasso","pablo-picasso","Seated man with his arms crossed","1915","402","728","0.29","https://uploads4.wikiart.org/images/pablo-picasso/seated-man-with-his-arms-crossed-1915.jpg","0486_Seated_man_with_his_arms_crossed_402x728.jpg","59218"
"487","Pablo Picasso","pablo-picasso","Artist's studio","1916","731","1000","0.73","https://uploads5.wikiart.org/images/pablo-picasso/artist-s-studio-1916.jpg","0487_Artist's_studio_731x1000.jpg","170742"
"488","Pablo Picasso","pablo-picasso","Harlequin with guitar","1916","363","500","0.18","https://uploads2.wikiart.org/images/pablo-picasso/harlequin-with-guitar-1916.jpg","0488_Harlequin_with_guitar_363x500.jpg","170646"
"489","Pablo Picasso","pablo-picasso","The guitar","1916","1088","896","0.97","https://uploads0.wikiart.org/images/pablo-picasso/the-guitar-1916.jpg","0489_The_guitar_1088x896.jpg","325456"
"490","Pablo Picasso","pablo-picasso","The Italian woman with a flower","1917","2293","3200","7.34","https://uploads7.wikiart.org/00363/images/pablo-picasso/2019-par-16949-0014-000-pablo-picasso-litalienne-a-la-fleur122020.jpg","0490_The_Italian_woman_with_a_flower_2293x3200.jpg","961707"
"491","Pablo Picasso","pablo-picasso","Barselona harlequin","1917","962","1280","1.23","https://uploads0.wikiart.org/images/pablo-picasso/barselona-harlequin-1917.jpg","0491_Barselona_harlequin_962x1280.jpg","489254"
"492","Pablo Picasso","pablo-picasso","Costume design for ballet ""Tricorne""","1917","987","1280","1.26","https://uploads6.wikiart.org/images/pablo-picasso/costume-design-for-ballet-tricorne-1917.jpg","0492_Costume_design_for_ballet_Tricorne_987x1280.jpg","750834"
"493","Pablo Picasso","pablo-picasso","Costume design for ballet ""Tricorne""","1917","970","1280","1.24","https://uploads8.wikiart.org/images/pablo-picasso/costume-design-for-ballet-tricorne-1917-1.jpg","0493_Costume_design_for_ballet_Tricorne_970x1280.jpg","781206"
"494","Pablo Picasso","pablo-picasso","Costume design for ballet ""Tricorne""","1917","862","1280","1.1","https://uploads8.wikiart.org/images/pablo-picasso/costume-design-for-ballet-tricorne-1917-2.jpg","0494_Costume_design_for_ballet_Tricorne_862x1280.jpg","715231"
"495","Pablo Picasso","pablo-picasso","Costume design for ballet ""Tricorne""","1917","910","1280","1.16","https://uploads8.wikiart.org/images/pablo-picasso/costume-design-for-ballet-tricorne-1917-3.jpg","0495_Costume_design_for_ballet_Tricorne_910x1280.jpg","826745"
"496","Pablo Picasso","pablo-picasso","Costume design for ballet ""Tricorne""","1917","944","1280","1.21","https://uploads8.wikiart.org/images/pablo-picasso/costume-design-for-ballet-tricorne-1917-4.jpg","0496_Costume_design_for_ballet_Tricorne_944x1280.jpg","633706"
"497","Pablo Picasso","pablo-picasso","Costume design for ballet ""Tricorne""","1917","976","1280","1.25","https://uploads8.wikiart.org/images/pablo-picasso/costume-design-for-ballet-tricorne-1917-5.jpg","0497_Costume_design_for_ballet_Tricorne_976x1280.jpg","802416"
"498","Pablo Picasso","pablo-picasso","Cubist Person","1917","767","1088","0.83","https://uploads3.wikiart.org/images/pablo-picasso/cubist-person-1917.jpg","0498_Cubist_Person_767x1088.jpg","240288"
"499","Pablo Picasso","pablo-picasso","Curtain for the ballet ""Parade""","1917","1260","835","1.05","https://uploads1.wikiart.org/images/pablo-picasso/curtain-for-the-ballet-parade-1917.jpg","0499_Curtain_for_the_ballet_Parade_1260x835.jpg","802037"
"500","Pablo Picasso","pablo-picasso","El Paseo de Colon","1917","777","984","0.76","https://uploads7.wikiart.org/images/pablo-picasso/el-paseo-de-colon-1917.jpg","0500_El_Paseo_de_Colon_777x984.jpg","301366"
"501","Pablo Picasso","pablo-picasso","Fruit dish","1917","733","1088","0.8","https://uploads0.wikiart.org/images/pablo-picasso/fruit-dish-1917.jpg","0501_Fruit_dish_733x1088.jpg","323349"
"502","Pablo Picasso","pablo-picasso","Gutted horse","1917","1088","864","0.94","https://uploads2.wikiart.org/images/pablo-picasso/gutted-horse-1917.jpg","0502_Gutted_horse_1088x864.jpg","466128"
"503","Pablo Picasso","pablo-picasso","Harlequin and woman with necklace","1917","1086","1088","1.18","https://uploads5.wikiart.org/images/pablo-picasso/harlequin-and-woman-with-necklace-1917.jpg","0503_Harlequin_and_woman_with_necklace_1086x1088.jpg","381467"
"504","Pablo Picasso","pablo-picasso","Olga in a Mantilla","1917","1069","1280","1.37","https://uploads8.wikiart.org/images/pablo-picasso/olga-in-a-mantilla-1917.jpg","0504_Olga_in_a_Mantilla_1069x1280.jpg","615306"
"505","Pablo Picasso","pablo-picasso","Partition, bottle of port, guitar, playing cards","1917","794","657","0.52","https://uploads8.wikiart.org/images/pablo-picasso/partition-bottle-of-port-guitar-playing-cards-1917.jpg","0505_Partition,_bottle_of_port,_guitar,_playi_794x657.jpg","219357"
"506","Pablo Picasso","pablo-picasso","Portrait of Diaghilev and Seligsberg","1917","606","806","0.49","https://uploads8.wikiart.org/images/pablo-picasso/portrait-of-diaghilev-and-seligsberg-1917.jpg","0506_Portrait_of_Diaghilev_and_Seligsberg_606x806.jpg","65293"
"507","Pablo Picasso","pablo-picasso","Self-Portrait","1917","325","423","0.14","https://uploads3.wikiart.org/images/pablo-picasso/self-portrait-1917.jpg","0507_Self-Portrait_325x423.jpg","11314"
"508","Pablo Picasso","pablo-picasso","The happy family","1917","778","1088","0.85","https://uploads1.wikiart.org/images/pablo-picasso/the-happy-family.jpg","0508_The_happy_family_778x1088.jpg","705864"
"509","Pablo Picasso","pablo-picasso","Woman with spanish dress","1917","1030","1280","1.32","https://uploads5.wikiart.org/images/pablo-picasso/woman-with-spanish-dress-1917.jpg","0509_Woman_with_spanish_dress_1030x1280.jpg","697021"
"510","Pablo Picasso","pablo-picasso","Bathers","1918","1021","1280","1.31","https://uploads6.wikiart.org/images/pablo-picasso/bathers-1918.jpg","0510_Bathers_1021x1280.jpg","590570"
"511","Pablo Picasso","pablo-picasso","Fruit Bowl with Fruit","1918","907","708","0.64","https://uploads2.wikiart.org/images/pablo-picasso/fruit-bowl-with-fruit-1918.jpg","0511_Fruit_Bowl_with_Fruit_907x708.jpg","235958"
"512","Pablo Picasso","pablo-picasso","Guitar and jug on a table","1918","1000","699","0.7","https://uploads6.wikiart.org/images/pablo-picasso/guitar-and-jug-on-a-table-1918.jpg","0512_Guitar_and_jug_on_a_table_1000x699.jpg","250095"
"513","Pablo Picasso","pablo-picasso","Harlequin","1918","848","1088","0.92","https://uploads8.wikiart.org/images/pablo-picasso/harlequin-1918.jpg","0513_Harlequin_848x1088.jpg","414847"
"514","Pablo Picasso","pablo-picasso","Harlequin with guitar","1918","938","1280","1.2","https://uploads2.wikiart.org/images/pablo-picasso/harlequin-with-guitar-1918.jpg","0514_Harlequin_with_guitar_938x1280.jpg","850227"
"515","Pablo Picasso","pablo-picasso","Pierrot with a mask","1918","1000","1280","1.28","https://uploads0.wikiart.org/images/pablo-picasso/pierrot-with-a-mask-1918.jpg","0515_Pierrot_with_a_mask_1000x1280.jpg","615387"
"516","Pablo Picasso","pablo-picasso","Portrait of Madame Patri","1918","763","1039","0.79","https://uploads5.wikiart.org/images/pablo-picasso/portrait-of-madame-patri-1918.jpg","0516_Portrait_of_Madame_Patri_763x1039.jpg","647341"
"517","Pablo Picasso","pablo-picasso","Harlequin with violin","1918","775","1088","0.84","https://uploads6.wikiart.org/images/pablo-picasso/harlequin-with-violin.jpg","0517_Harlequin_with_violin_775x1088.jpg","350418"
"518","Pablo Picasso","pablo-picasso","""Tricorne"" (study)","1919","970","1000","0.97","https://uploads4.wikiart.org/images/pablo-picasso/tricorne-study-1919.jpg","0518_Tricorne_(study)_970x1000.jpg","268181"
"519","Pablo Picasso","pablo-picasso","Dancer","1919","313","450","0.14","https://uploads5.wikiart.org/images/pablo-picasso/dancer-1919.jpg","0519_Dancer_313x450.jpg","18919"
"520","Pablo Picasso","pablo-picasso","Guitar, bottle, fruit dish and glass on the table","1919","876","1088","0.95","https://uploads1.wikiart.org/images/pablo-picasso/guitar-bottle-fruit-dish-and-glass-on-the-table-1919.jpg","0520_Guitar,_bottle,_fruit_dish_and_glass_on_876x1088.jpg","329886"
"521","Pablo Picasso","pablo-picasso","Lovers","1919","825","1088","0.9","https://uploads5.wikiart.org/images/pablo-picasso/lovers-1919.jpg","0521_Lovers_825x1088.jpg","271261"
"522","Pablo Picasso","pablo-picasso","Portrait of Léonide Massine","1919","928","1280","1.19","https://uploads8.wikiart.org/images/pablo-picasso/portrait-of-léonide-massine-1919.jpg","0522_Portrait_of_Léonide_Massine_928x1280.jpg","587130"
"523","Pablo Picasso","pablo-picasso","Portrait of Pierre Auguste Renoir","1919","544","680","0.37","https://uploads5.wikiart.org/images/pablo-picasso/portrait-of-pierre-auguste-renoir-1919.jpg","0523_Portrait_of_Pierre_Auguste_Renoir_544x680.jpg","159916"
"524","Pablo Picasso","pablo-picasso","Seven ballerinas","1919","1280","894","1.14","https://uploads6.wikiart.org/images/pablo-picasso/seven-ballerinas-1919.jpg","0524_Seven_ballerinas_1280x894.jpg","588737"
"525","Pablo Picasso","pablo-picasso","Seven ballerinas","1919","1014","1280","1.3","https://uploads8.wikiart.org/images/pablo-picasso/seven-ballerinas-1919-1.jpg","0525_Seven_ballerinas_1014x1280.jpg","817097"
"526","Pablo Picasso","pablo-picasso","Spouses Sisley after the 'The Betrothed' by Auguste Renoir","1919","553","731","0.4","https://uploads1.wikiart.org/images/pablo-picasso/spouses-sisley-after-the-the-betrothed-by-auguste-renoir-1919.jpg","0526_Spouses_Sisley_after_the_'The_Betrothed'_553x731.jpg","149541"
"527","Pablo Picasso","pablo-picasso","Still life in front of a window at Saint-Raphael","1919","710","1000","0.71","https://uploads2.wikiart.org/images/pablo-picasso/still-life-in-front-of-a-window-at-saint-raphael-1919.jpg","0527_Still_life_in_front_of_a_window_at_Saint_710x1000.jpg","166508"
"528","Pablo Picasso","pablo-picasso","Still life in front of a Window overlooking the Eglise St. Augustin","1919","529","979","0.52","https://uploads2.wikiart.org/images/pablo-picasso/still-life-in-front-of-a-window-overlooking-the-eglise-st-augustin-1919.jpg","0528_Still_life_in_front_of_a_Window_overlook_529x979.jpg","217564"
"529","Pablo Picasso","pablo-picasso","Still life with pitcher and apples","1919","835","1280","1.07","https://uploads6.wikiart.org/images/pablo-picasso/still-life-with-pitcher-and-apples-1919.jpg","0529_Still_life_with_pitcher_and_apples_835x1280.jpg","475410"
"530","Pablo Picasso","pablo-picasso","Table in front of window","1919","757","1088","0.82","https://uploads5.wikiart.org/images/pablo-picasso/table-in-front-of-window-1919.jpg","0530_Table_in_front_of_window_757x1088.jpg","302328"
"531","Pablo Picasso","pablo-picasso","The student","1919","814","1088","0.89","https://uploads1.wikiart.org/images/pablo-picasso/the-student-1919.jpg","0531_The_student_814x1088.jpg","319199"
"532","Pablo Picasso","pablo-picasso","The table","1919","503","807","0.41","https://uploads8.wikiart.org/images/pablo-picasso/the-table-1919.jpg","0532_The_table_503x807.jpg","149941"
"533","Pablo Picasso","pablo-picasso","Three dancers","1919","885","1000","0.88","https://uploads3.wikiart.org/images/pablo-picasso/three-dancers-1919.jpg","0533_Three_dancers_885x1000.jpg","435308"
"534","Pablo Picasso","pablo-picasso","Untitled","1919","699","1000","0.7","https://uploads7.wikiart.org/images/pablo-picasso/untitled-1919.jpg","0534_Untitled_699x1000.jpg","255960"
"535","Pablo Picasso","pablo-picasso","Abduction (Nessus and Deianeira)","1920","1073","766","0.82","https://uploads2.wikiart.org/images/pablo-picasso/abduction-nessus-and-deianeira-1920.jpg","0535_Abduction_(Nessus_and_Deianeira)_1073x766.jpg","386096"
"536","Pablo Picasso","pablo-picasso","Abduction (Nessus and Deianeira)","1920","1093","835","0.91","https://uploads4.wikiart.org/images/pablo-picasso/abduction-nessus-and-deianeira-1920-1.jpg","0536_Abduction_(Nessus_and_Deianeira)_1093x835.jpg","377788"
"537","Pablo Picasso","pablo-picasso","Artist's studio on street La Boetie","1920","637","833","0.53","https://uploads7.wikiart.org/images/pablo-picasso/artist-s-studio-on-street-la-boetie-1920.jpg","0537_Artist's_studio_on_street_La_Boetie_637x833.jpg","270252"
"538","Pablo Picasso","pablo-picasso","Bathers","1920","1286","1000","1.29","https://uploads6.wikiart.org/images/pablo-picasso/bathers-1920.jpg","0538_Bathers_1286x1000.jpg","320059"
"539","Pablo Picasso","pablo-picasso","Birds of a Feather","1920","776","1022","0.79","https://uploads8.wikiart.org/images/pablo-picasso/birds-of-a-feather-1920.jpg","0539_Birds_of_a_Feather_776x1022.jpg","296230"
"540","Pablo Picasso","pablo-picasso","Bowl of Fruit and Guitar","1920","854","1088","0.93","https://uploads5.wikiart.org/images/pablo-picasso/bowl-of-fruit-and-guitar-1920.jpg","0540_Bowl_of_Fruit_and_Guitar_854x1088.jpg","438805"
"541","Pablo Picasso","pablo-picasso","Design of costume for ""Pulcinella""","1920","514","736","0.38","https://uploads4.wikiart.org/images/pablo-picasso/design-of-costume-for-pulcinella-1920.jpg","0541_Design_of_costume_for_Pulcinella_514x736.jpg","224181"
"542","Pablo Picasso","pablo-picasso","Design of costume for ""Pulcinella""","1920","573","822","0.47","https://uploads6.wikiart.org/images/pablo-picasso/design-of-costume-for-pulcinella-1920-1.jpg","0542_Design_of_costume_for_Pulcinella_573x822.jpg","283783"
"543","Pablo Picasso","pablo-picasso","Five bathers","1920","462","353","0.16","https://uploads2.wikiart.org/images/pablo-picasso/five-bathers-1920.jpg","0543_Five_bathers_462x353.jpg","75764"
"544","Pablo Picasso","pablo-picasso","Girl in a hat with her arms crossed","1920","746","1055","0.79","https://uploads2.wikiart.org/images/pablo-picasso/girl-in-a-hat-with-her-arms-crossed.jpg","0544_Girl_in_a_hat_with_her_arms_crossed_746x1055.jpg","260211"
"545","Pablo Picasso","pablo-picasso","Guitar","1920","498","642","0.32","https://uploads5.wikiart.org/images/pablo-picasso/guitar-1920.jpg","0545_Guitar_498x642.jpg","121933"
"546","Pablo Picasso","pablo-picasso","Guitar","1920","1408","1000","1.41","https://uploads7.wikiart.org/images/pablo-picasso/guitar-1920-1.jpg","0546_Guitar_1408x1000.jpg","329012"
"547","Pablo Picasso","pablo-picasso","Guitar on pedestal","1920","561","880","0.49","https://uploads8.wikiart.org/images/pablo-picasso/guitar-on-pedestal-1920.jpg","0547_Guitar_on_pedestal_561x880.jpg","187471"
"548","Pablo Picasso","pablo-picasso","Guitar on pedestal","1920","676","914","0.62","https://uploads1.wikiart.org/images/pablo-picasso/guitar-on-pedestal-1920-1.jpg","0548_Guitar_on_pedestal_676x914.jpg","205706"
"549","Pablo Picasso","pablo-picasso","Guitar on pedestal","1920","633","1029","0.65","https://uploads1.wikiart.org/images/pablo-picasso/guitar-on-pedestal-1920-2.jpg","0549_Guitar_on_pedestal_633x1029.jpg","59391"
"550","Pablo Picasso","pablo-picasso","Landscape of Juan-les-Pins","1920","765","546","0.42","https://uploads7.wikiart.org/images/pablo-picasso/landscape-of-juan-les-pins-1920.jpg","0550_Landscape_of_Juan-les-Pins_765x546.jpg","173849"
"551","Pablo Picasso","pablo-picasso","Man with mandolin","1920","493","641","0.32","https://uploads7.wikiart.org/images/pablo-picasso/man-with-mandolin-1920.jpg","0551_Man_with_mandolin_493x641.jpg","147865"
"552","Pablo Picasso","pablo-picasso","Man with mandolin","1920","774","1000","0.77","https://uploads0.wikiart.org/images/pablo-picasso/man-with-mandolin-1920-1.jpg","0552_Man_with_mandolin_774x1000.jpg","184013"
"553","Pablo Picasso","pablo-picasso","Nudes in Reverie","1920","1162","728","0.85","https://uploads6.wikiart.org/images/pablo-picasso/nudes-in-reverie-1920.jpg","0553_Nudes_in_Reverie_1162x728.jpg","186624"
"554","Pablo Picasso","pablo-picasso","Olga in a hat with feather","1920","632","878","0.55","https://uploads7.wikiart.org/images/pablo-picasso/olga-in-a-hat-with-feather-1920.jpg","0554_Olga_in_a_hat_with_feather_632x878.jpg","251751"
"555","Pablo Picasso","pablo-picasso","Pedestal","1920","848","1088","0.92","https://uploads7.wikiart.org/images/pablo-picasso/pedestal-1920.jpg","0555_Pedestal_848x1088.jpg","452283"
"556","Pablo Picasso","pablo-picasso","Pierrot and Harlequin","1920","763","971","0.74","https://uploads2.wikiart.org/images/pablo-picasso/pierrot-and-harlequin-1920.jpg","0556_Pierrot_and_Harlequin_763x971.jpg","276826"
"557","Pablo Picasso","pablo-picasso","Pierrot and harlequin on the terrace of café","1920","1125","888","1","https://uploads7.wikiart.org/images/pablo-picasso/pierrot-and-harlequin-on-the-terrace-of-café-1920.jpg","0557_Pierrot_and_harlequin_on_the_terrace_of_1125x888.jpg","220295"
"558","Pablo Picasso","pablo-picasso","Portrait of bearded man leaning on cradle","1920","643","846","0.54","https://uploads4.wikiart.org/images/pablo-picasso/portrait-of-bearded-man-leaning-on-cradle-1920.jpg","0558_Portrait_of_bearded_man_leaning_on_cradl_643x846.jpg","333688"
"559","Pablo Picasso","pablo-picasso","Portrait of Erik Satie","1920","758","1080","0.82","https://uploads3.wikiart.org/images/pablo-picasso/portrait-of-erik-satie-1920.jpg","0559_Portrait_of_Erik_Satie_758x1080.jpg","351928"
"560","Pablo Picasso","pablo-picasso","Portrait of Igor Stravinsky","1920","845","1061","0.9","https://uploads8.wikiart.org/images/pablo-picasso/portrait-of-igor-stravinsky-1920.jpg","0560_Portrait_of_Igor_Stravinsky_845x1061.jpg","294752"
"561","Pablo Picasso","pablo-picasso","Portrait of Olga","1920","778","1048","0.82","https://uploads6.wikiart.org/images/pablo-picasso/portrait-of-olga-1920.jpg","0561_Portrait_of_Olga_778x1048.jpg","200926"
"562","Pablo Picasso","pablo-picasso","Punchinello with guitar","1920","717","1088","0.78","https://uploads4.wikiart.org/images/pablo-picasso/punchinello-with-guitar-1920.jpg","0562_Punchinello_with_guitar_717x1088.jpg","296008"
"563","Pablo Picasso","pablo-picasso","Reclining woman at the seashore","1920","1135","744","0.84","https://uploads3.wikiart.org/images/pablo-picasso/reclining-woman-at-the-seashore-1920.jpg","0563_Reclining_woman_at_the_seashore_1135x744.jpg","233074"
"564","Pablo Picasso","pablo-picasso","Scene design for ""Pulcinella""","1920","838","675","0.57","https://uploads8.wikiart.org/images/pablo-picasso/scene-design-for-pulcinella-1920.jpg","0564_Scene_design_for_Pulcinella_838x675.jpg","206135"
"565","Pablo Picasso","pablo-picasso","Seated woman","1920","613","840","0.51","https://uploads2.wikiart.org/images/pablo-picasso/seated-woman-1920.jpg","0565_Seated_woman_613x840.jpg","131045"
"566","Pablo Picasso","pablo-picasso","Seated woman (Olga)","1920","415","533","0.22","https://uploads7.wikiart.org/images/pablo-picasso/seated-woman-olga-1920.jpg","0566_Seated_woman_(Olga)_415x533.jpg","72057"
"567","Pablo Picasso","pablo-picasso","Seated woman (Olga)","1920","704","878","0.62","https://uploads0.wikiart.org/images/pablo-picasso/seated-woman-olga-1920-1.jpg","0567_Seated_woman_(Olga)_704x878.jpg","255833"
"568","Pablo Picasso","pablo-picasso","Standing nude","1920","850","1280","1.09","https://uploads7.wikiart.org/images/pablo-picasso/standing-nude.jpg","0568_Standing_nude_850x1280.jpg","386315"
"569","Pablo Picasso","pablo-picasso","Studio","1920","888","1088","0.97","https://uploads5.wikiart.org/images/pablo-picasso/studio-1920.jpg","0569_Studio_888x1088.jpg","325830"
"570","Pablo Picasso","pablo-picasso","The Abduction","1920","400","292","0.12","https://uploads3.wikiart.org/images/pablo-picasso/the-abduction-1920.jpg","0570_The_Abduction_400x292.jpg","27980"
"571","Pablo Picasso","pablo-picasso","Two bathers","1920","859","1245","1.07","https://uploads1.wikiart.org/images/pablo-picasso/two-bathers-1920.jpg","0571_Two_bathers_859x1245.jpg","326360"
"572","Pablo Picasso","pablo-picasso","Two nude women","1920","499","675","0.34","https://uploads4.wikiart.org/images/pablo-picasso/two-nude-women-1920.jpg","0572_Two_nude_women_499x675.jpg","146425"
"573","Pablo Picasso","pablo-picasso","Two nude women","1920","582","773","0.45","https://uploads6.wikiart.org/images/pablo-picasso/two-nude-women-1920-1.jpg","0573_Two_nude_women_582x773.jpg","157075"
"574","Pablo Picasso","pablo-picasso","Untitled","1920","560","730","0.41","https://uploads7.wikiart.org/images/pablo-picasso/untitled-1920.jpg","0574_Untitled_560x730.jpg","145929"
"575","Pablo Picasso","pablo-picasso","Untitled","1920","905","610","0.55","https://uploads0.wikiart.org/images/pablo-picasso/untitled-1920-1.jpg","0575_Untitled_905x610.jpg","211740"
"576","Pablo Picasso","pablo-picasso","Untitled","1920","693","1004","0.7","https://uploads0.wikiart.org/images/pablo-picasso/untitled-1920-2.jpg","0576_Untitled_693x1004.jpg","385560"
"577","Pablo Picasso","pablo-picasso","Window opened to the street Penthieure","1920","870","1311","1.14","https://uploads1.wikiart.org/images/pablo-picasso/window-opened-to-the-street-penthieure-1920.jpg","0577_Window_opened_to_the_street_Penthieure_870x1311.jpg","431434"
"578","Pablo Picasso","pablo-picasso","Woman reading (Olga)","1920","606","817","0.5","https://uploads8.wikiart.org/images/pablo-picasso/woman-reading-olga-1920.jpg","0578_Woman_reading_(Olga)_606x817.jpg","273445"
"579","Pablo Picasso","pablo-picasso","Woman reading (Olga)","1920","637","1046","0.67","https://uploads1.wikiart.org/images/pablo-picasso/woman-reading-olga-1920-1.jpg","0579_Woman_reading_(Olga)_637x1046.jpg","258816"
"580","Pablo Picasso","pablo-picasso","Woman sitting in an armchair","1920","750","1098","0.82","https://uploads0.wikiart.org/images/pablo-picasso/woman-sitting-in-an-armchair-1920.jpg","0580_Woman_sitting_in_an_armchair_750x1098.jpg","326781"
"581","Pablo Picasso","pablo-picasso","Guitar, Bottle and Fruit Bowl","1921","354","400","0.14","https://uploads0.wikiart.org/images/pablo-picasso/guitar-bottle-and-fruit-bowl-1921.jpg","0581_Guitar,_Bottle_and_Fruit_Bowl_354x400.jpg","16400"
"582","Pablo Picasso","pablo-picasso","Head of woman","1921","769","1000","0.77","https://uploads3.wikiart.org/images/pablo-picasso/head-of-woman-1921.jpg","0582_Head_of_woman_769x1000.jpg","245247"
"583","Pablo Picasso","pablo-picasso","Head of woman","1921","652","834","0.54","https://uploads5.wikiart.org/images/pablo-picasso/head-of-woman-1921-1.jpg","0583_Head_of_woman_652x834.jpg","210716"
"584","Pablo Picasso","pablo-picasso","Head of woman","1921","708","991","0.7","https://uploads5.wikiart.org/images/pablo-picasso/head-of-woman-1921-2.jpg","0584_Head_of_woman_708x991.jpg","169022"
"585","Pablo Picasso","pablo-picasso","Leaning woman with bonnet","1921","733","940","0.69","https://uploads6.wikiart.org/images/pablo-picasso/leaning-woman-with-bonnet-1921.jpg","0585_Leaning_woman_with_bonnet_733x940.jpg","241450"
"586","Pablo Picasso","pablo-picasso","Mother and child","1921","400","499","0.2","https://uploads6.wikiart.org/images/pablo-picasso/mother-and-child-1921.jpg","0586_Mother_and_child_400x499.jpg","277658"
"587","Pablo Picasso","pablo-picasso","Mother and child","1921","364","499","0.18","https://uploads8.wikiart.org/images/pablo-picasso/mother-and-child-1921-1.jpg","0587_Mother_and_child_364x499.jpg","265700"
"588","Pablo Picasso","pablo-picasso","Musicians with masks","1921","1088","995","1.08","https://uploads1.wikiart.org/images/pablo-picasso/musicians-with-masks-1921.jpg","0588_Musicians_with_masks_1088x995.jpg","345941"
"589","Pablo Picasso","pablo-picasso","Musicians with masks","1921","1002","1088","1.09","https://uploads3.wikiart.org/images/pablo-picasso/musicians-with-masks-1921-1.jpg","0589_Musicians_with_masks_1002x1088.jpg","286306"
"590","Pablo Picasso","pablo-picasso","Reading","1921","727","1000","0.73","https://uploads6.wikiart.org/images/pablo-picasso/reading-1921.jpg","0590_Reading_727x1000.jpg","200958"
"591","Pablo Picasso","pablo-picasso","Seated Nude drying her feet","1921","930","1280","1.19","https://uploads8.wikiart.org/images/pablo-picasso/seated-nude-drying-her-feet-1921.jpg","0591_Seated_Nude_drying_her_feet_930x1280.jpg","591979"
"592","Pablo Picasso","pablo-picasso","Seated woman","1921","792","1280","1.01","https://uploads2.wikiart.org/images/pablo-picasso/seated-woman-1921.jpg","0592_Seated_woman_792x1280.jpg","423489"
"593","Pablo Picasso","pablo-picasso","Still life","1921","957","470","0.45","https://uploads0.wikiart.org/images/pablo-picasso/still-life-1921.jpg","0593_Still_life_957x470.jpg","134309"
"594","Pablo Picasso","pablo-picasso","Still life with jug and bread","1921","1280","992","1.27","https://uploads1.wikiart.org/images/pablo-picasso/still-life-with-jug-and-bread-1921.jpg","0594_Still_life_with_jug_and_bread_1280x992.jpg","559176"
"595","Pablo Picasso","pablo-picasso","The fighters","1921","378","309","0.12","https://uploads2.wikiart.org/images/pablo-picasso/the-fighters-1921.jpg","0595_The_fighters_378x309.jpg","29113"
"596","Pablo Picasso","pablo-picasso","Three women at a fountain","1921","861","1000","0.86","https://uploads6.wikiart.org/images/pablo-picasso/three-women-at-a-fountain-1921.jpg","0596_Three_women_at_a_fountain_861x1000.jpg","216347"
"597","Pablo Picasso","pablo-picasso","Three women at a fountain","1921","588","461","0.27","https://uploads8.wikiart.org/images/pablo-picasso/three-women-at-a-fountain-1921-1.jpg","0597_Three_women_at_a_fountain_588x461.jpg","113450"
"598","Pablo Picasso","pablo-picasso","Three women at a fountain","1921","780","1000","0.78","https://uploads8.wikiart.org/images/pablo-picasso/three-women-at-a-fountain-1921-2.jpg","0598_Three_women_at_a_fountain_780x1000.jpg","344164"
"599","Pablo Picasso","pablo-picasso","Three women at a fountain (study)","1921","759","1000","0.76","https://uploads3.wikiart.org/images/pablo-picasso/three-women-at-a-fountain-study-1921.jpg","0599_Three_women_at_a_fountain_(study)_759x1000.jpg","201683"
"600","Pablo Picasso","pablo-picasso","Three women at a fountain (study)","1921","774","1000","0.77","https://uploads5.wikiart.org/images/pablo-picasso/three-women-at-a-fountain-study-1921-1.jpg","0600_Three_women_at_a_fountain_(study)_774x1000.jpg","244377"
"601","Pablo Picasso","pablo-picasso","Three women at a fountain (study)","1921","962","625","0.6","https://uploads5.wikiart.org/images/pablo-picasso/three-women-at-a-fountain-study-1921-2.jpg","0601_Three_women_at_a_fountain_(study)_962x625.jpg","330428"
"602","Pablo Picasso","pablo-picasso","Three women at a fountain (study)","1921","772","731","0.56","https://uploads5.wikiart.org/images/pablo-picasso/three-women-at-a-fountain-study-1921-3.jpg","0602_Three_women_at_a_fountain_(study)_772x731.jpg","217764"
"603","Pablo Picasso","pablo-picasso","Two bathers","1921","1145","912","1.04","https://uploads1.wikiart.org/images/pablo-picasso/two-bathers-1921.jpg","0603_Two_bathers_1145x912.jpg","295439"
"604","Pablo Picasso","pablo-picasso","Woman with child on the seashore","1921","1280","1120","1.43","https://uploads4.wikiart.org/images/pablo-picasso/woman-with-child-on-the-seashore-1921.jpg","0604_Woman_with_child_on_the_seashore_1280x1120.jpg","576192"
"605","Pablo Picasso","pablo-picasso","Woman's head and hand","1921","862","1019","0.88","https://uploads2.wikiart.org/images/pablo-picasso/woman-s-head-and-hand-1921.jpg","0605_Woman's_head_and_hand_862x1019.jpg","754467"
"606","Pablo Picasso","pablo-picasso","Wounded bird","1921","738","1000","0.74","https://uploads6.wikiart.org/images/pablo-picasso/wounded-bird.jpg","0606_Wounded_bird_738x1000.jpg","190545"
"607","Pablo Picasso","pablo-picasso","Reading The Letter","1921","329","486","0.16","https://uploads8.wikiart.org/images/pablo-picasso/reading-the-letter-1921.jpg","0607_Reading_The_Letter_329x486.jpg","40288"
"608","Pablo Picasso","pablo-picasso","Acrobat","1922","909","1280","1.16","https://uploads6.wikiart.org/images/pablo-picasso/acrobat-1922.jpg","0608_Acrobat_909x1280.jpg","808804"
"609","Pablo Picasso","pablo-picasso","Bust of a woman, arms raised","1922","1054","1280","1.35","https://uploads8.wikiart.org/images/pablo-picasso/bust-of-a-woman-arms-raised-1922.jpg","0609_Bust_of_a_woman,_arms_raised_1054x1280.jpg","708014"
"610","Pablo Picasso","pablo-picasso","Family at the seashore","1922","1280","1117","1.43","https://uploads3.wikiart.org/images/pablo-picasso/family-at-the-seashore-1922.jpg","0610_Family_at_the_seashore_1280x1117.jpg","622235"
"611","Pablo Picasso","pablo-picasso","Glass, bottle, packet of tobacco","1922","1234","1000","1.23","https://uploads2.wikiart.org/images/pablo-picasso/glass-bottle-packet-of-tobacco-1922.jpg","0611_Glass,_bottle,_packet_of_tobacco_1234x1000.jpg","343958"
"612","Pablo Picasso","pablo-picasso","Mother and child","1922","881","1088","0.96","https://uploads6.wikiart.org/images/pablo-picasso/mother-and-child-1922.jpg","0612_Mother_and_child_881x1088.jpg","604413"
"613","Pablo Picasso","pablo-picasso","Mother and child","1922","832","1018","0.85","https://uploads8.wikiart.org/images/pablo-picasso/mother-and-child-1922-1.jpg","0613_Mother_and_child_832x1018.jpg","814863"
"614","Pablo Picasso","pablo-picasso","Mother and child","1922","568","801","0.45","https://uploads8.wikiart.org/images/pablo-picasso/mother-and-child-1922-2.jpg","0614_Mother_and_child_568x801.jpg","183816"
"615","Pablo Picasso","pablo-picasso","Still life","1922","400","323","0.13","https://uploads0.wikiart.org/images/pablo-picasso/still-life-1922.jpg","0615_Still_life_400x323.jpg","21501"
"616","Pablo Picasso","pablo-picasso","Two Women Running on the Beach (The Race)","1922","1280","1027","1.31","https://uploads2.wikiart.org/images/pablo-picasso/two-women-running-on-the-beach-the-race-1922.jpg","0616_Two_Women_Running_on_the_Beach_(The_Race_1280x1027.jpg","599541"
"617","Pablo Picasso","pablo-picasso","Harlequin with his hands crossed (Jacinto Salvado)","1923","737","1000","0.74","https://uploads2.wikiart.org/images/pablo-picasso/harlequin-with-his-hands-crossed-jacinto-salvado-1923.jpg","0617_Harlequin_with_his_hands_crossed_(Jacint_737x1000.jpg","193701"
"618","Pablo Picasso","pablo-picasso","Head of a woman","1923","1034","1280","1.32","https://uploads5.wikiart.org/images/pablo-picasso/head-of-a-woman-1923.jpg","0618_Head_of_a_woman_1034x1280.jpg","736749"
"619","Pablo Picasso","pablo-picasso","Head of woman","1923","550","639","0.35","https://uploads3.wikiart.org/images/pablo-picasso/head-of-woman-1923.jpg","0619_Head_of_woman_550x639.jpg","172688"
"620","Pablo Picasso","pablo-picasso","Kallan","1923","548","393","0.22","https://uploads5.wikiart.org/images/pablo-picasso/kallan-1923.jpg","0620_Kallan_548x393.jpg","35383"
"621","Pablo Picasso","pablo-picasso","Lovers","1923","774","1020","0.79","https://uploads7.wikiart.org/images/pablo-picasso/lovers-1923-1.jpg","0621_Lovers_774x1020.jpg","402612"
"622","Pablo Picasso","pablo-picasso","Olga","1923","963","1280","1.23","https://uploads3.wikiart.org/images/pablo-picasso/olga-1923.jpg","0622_Olga_963x1280.jpg","494545"
"623","Pablo Picasso","pablo-picasso","Pan's flute","1923","827","1020","0.84","https://uploads1.wikiart.org/images/pablo-picasso/pan-s-flute-1923.jpg","0623_Pan's_flute_827x1020.jpg","474618"
"624","Pablo Picasso","pablo-picasso","Paul, the artist's son, ten years old","1923","826","1000","0.83","https://uploads7.wikiart.org/images/pablo-picasso/paul-the-artist-s-son-ten-years-old-1923.jpg","0624_Paul,_the_artist's_son,_ten_years_old_826x1000.jpg","219720"
"625","Pablo Picasso","pablo-picasso","Portrait of Paulo, artist's son","1923","736","924","0.68","https://uploads2.wikiart.org/images/pablo-picasso/portrait-of-paulo-artist-s-son-1923.jpg","0625_Portrait_of_Paulo,_artist's_son_736x924.jpg","203573"
"626","Pablo Picasso","pablo-picasso","Seated harlequin (Jacinto Salvado)","1923","590","794","0.47","https://uploads4.wikiart.org/images/pablo-picasso/seated-harlequin-jacinto-salvado-1923.jpg","0626_Seated_harlequin_(Jacinto_Salvado)_590x794.jpg","165066"
"627","Pablo Picasso","pablo-picasso","Seated woman","1923","1019","1280","1.3","https://uploads2.wikiart.org/images/pablo-picasso/seated-woman-1923.jpg","0627_Seated_woman_1019x1280.jpg","686946"
"628","Pablo Picasso","pablo-picasso","Seated woman","1923","995","1280","1.27","https://uploads4.wikiart.org/images/pablo-picasso/seated-woman-1923-1.jpg","0628_Seated_woman_995x1280.jpg","674100"
"629","Pablo Picasso","pablo-picasso","Seated woman with her arms folded (Sarah Murphy)","1923","737","923","0.68","https://uploads0.wikiart.org/images/pablo-picasso/seated-woman-with-her-arms-folded-sarah-murphy-1923.jpg","0629_Seated_woman_with_her_arms_folded_(Sarah_737x923.jpg","195431"
"630","Pablo Picasso","pablo-picasso","Standing female nude","1923","733","1000","0.73","https://uploads1.wikiart.org/images/pablo-picasso/standing-female-nude-1923.jpg","0630_Standing_female_nude_733x1000.jpg","233367"
"631","Pablo Picasso","pablo-picasso","Portrait of woman in d`hermine pass (Olga)","1923","827","1000","0.83","https://uploads0.wikiart.org/images/pablo-picasso/untitled-1937-8.jpg","0631_Portrait_of_woman_in_d`hermine_pass_(Olg_827x1000.jpg","277048"
"632","Pablo Picasso","pablo-picasso","Woman in white","1923","872","1088","0.95","https://uploads4.wikiart.org/images/pablo-picasso/woman-in-white-1923.jpg","0632_Woman_in_white_872x1088.jpg","551397"
"633","Pablo Picasso","pablo-picasso","Greek woman","1924","486","1280","0.62","https://uploads1.wikiart.org/images/pablo-picasso/greek-woman-1924.jpg","0633_Greek_woman_486x1280.jpg","322612"
"634","Pablo Picasso","pablo-picasso","Guitar, Glass and Fruit Dish with Fruit","1924","803","631","0.51","https://uploads1.wikiart.org/images/pablo-picasso/guitar-glass-and-fruit-dish-with-fruit-1924.jpg","0634_Guitar,_Glass_and_Fruit_Dish_with_Fruit_803x631.jpg","141382"
"635","Pablo Picasso","pablo-picasso","Paul as harlequin","1924","787","1088","0.86","https://uploads7.wikiart.org/images/pablo-picasso/paul-as-harlequin-1924.jpg","0635_Paul_as_harlequin_787x1088.jpg","545565"
"636","Pablo Picasso","pablo-picasso","Still life with stone","1924","774","576","0.45","https://uploads2.wikiart.org/images/pablo-picasso/still-life-with-stone-1924.jpg","0636_Still_life_with_stone_774x576.jpg","139005"
"637","Pablo Picasso","pablo-picasso","Still life with the mandolin","1924","802","664","0.53","https://uploads0.wikiart.org/images/pablo-picasso/still-life-with-the-mandolin-1924.jpg","0637_Still_life_with_the_mandolin_802x664.jpg","168347"
"638","Pablo Picasso","pablo-picasso","Figure with fruit dish","1924","719","1088","0.78","https://uploads7.wikiart.org/images/pablo-picasso/figure-with-fruit-dish.jpg","0638_Figure_with_fruit_dish_719x1088.jpg","214893"
"639","Pablo Picasso","pablo-picasso","Artist's son","1925","680","1000","0.68","https://uploads2.wikiart.org/images/pablo-picasso/artist-s-son-1925.jpg","0639_Artist's_son_680x1000.jpg","165146"
"640","Pablo Picasso","pablo-picasso","Plaster head and arm","1925","1088","798","0.87","https://uploads1.wikiart.org/images/pablo-picasso/plaster-head-and-arm-1925.jpg","0640_Plaster_head_and_arm_1088x798.jpg","619010"
"641","Pablo Picasso","pablo-picasso","Portrait of La Scala master of ballet","1925","729","1039","0.76","https://uploads0.wikiart.org/images/pablo-picasso/portrait-of-la-scala-master-of-ballet-1925.jpg","0641_Portrait_of_La_Scala_master_of_ballet_729x1039.jpg","61342"
"642","Pablo Picasso","pablo-picasso","Still life with antique bust","1925","1088","807","0.88","https://uploads0.wikiart.org/images/pablo-picasso/still-life-with-antique-bust-1925.jpg","0642_Still_life_with_antique_bust_1088x807.jpg","328944"
"643","Pablo Picasso","pablo-picasso","Still life with fishing net","1925","795","1140","0.91","https://uploads8.wikiart.org/images/pablo-picasso/still-life-with-fishing-net-1925.jpg","0643_Still_life_with_fishing_net_795x1140.jpg","383410"
"644","Pablo Picasso","pablo-picasso","The dance","1925","714","1088","0.78","https://uploads8.wikiart.org/images/pablo-picasso/the-dance-1925.jpg","0644_The_dance_714x1088.jpg","418870"
"645","Pablo Picasso","pablo-picasso","The Kiss","1925","801","1088","0.87","https://uploads7.wikiart.org/images/pablo-picasso/the-kiss-1925.jpg","0645_The_Kiss_801x1088.jpg","586529"
"646","Pablo Picasso","pablo-picasso","The sculpture","1925","778","1088","0.85","https://uploads3.wikiart.org/images/pablo-picasso/the-sculpture-1925.jpg","0646_The_sculpture_778x1088.jpg","444187"
"647","Pablo Picasso","pablo-picasso","Woman with mandolin","1925","775","1088","0.84","https://uploads0.wikiart.org/images/pablo-picasso/woman-with-mandolin-1925.jpg","0647_Woman_with_mandolin_775x1088.jpg","381213"
"648","Pablo Picasso","pablo-picasso","Still life with bust and palette","1925","1088","812","0.88","https://uploads8.wikiart.org/images/pablo-picasso/still-life-with-bust-and-palette.jpg","0648_Still_life_with_bust_and_palette_1088x812.jpg","396055"
"649","Pablo Picasso","pablo-picasso","Artist and his model","1926","1088","734","0.8","https://uploads1.wikiart.org/images/pablo-picasso/artist-and-his-model-1926.jpg","0649_Artist_and_his_model_1088x734.jpg","460898"
"650","Pablo Picasso","pablo-picasso","Buste of young woman (Marie-Therese Walter)","1926","702","861","0.6","https://uploads4.wikiart.org/images/pablo-picasso/buste-of-young-woman-marie-therese-walter-1926.jpg","0650_Buste_of_young_woman_(Marie-Therese_Walt_702x861.jpg","192553"
"651","Pablo Picasso","pablo-picasso","Guitar","1926","770","1079","0.83","https://uploads5.wikiart.org/images/pablo-picasso/guitar-1926.jpg","0651_Guitar_770x1079.jpg","258286"
"652","Pablo Picasso","pablo-picasso","Interior with easel","1926","758","1000","0.76","https://uploads0.wikiart.org/images/pablo-picasso/interior-with-easel-1926.jpg","0652_Interior_with_easel_758x1000.jpg","251927"
"653","Pablo Picasso","pablo-picasso","Milliners (Workshop of the milliner)","1926","1088","745","0.81","https://uploads6.wikiart.org/images/pablo-picasso/milliners-workshop-of-the-milliner-1926.jpg","0653_Milliners_(Workshop_of_the_milliner)_1088x745.jpg","229813"
"654","Pablo Picasso","pablo-picasso","Guitar","1926","1088","800","0.87","https://uploads0.wikiart.org/images/pablo-picasso/guitar.jpg","0654_Guitar_1088x800.jpg","515592"
"655","Pablo Picasso","pablo-picasso","Figure","1927","762","1000","0.76","https://uploads5.wikiart.org/images/pablo-picasso/figure-1927.jpg","0655_Figure_762x1000.jpg","287625"
"656","Pablo Picasso","pablo-picasso","Man and woman","1927","1280","909","1.16","https://uploads3.wikiart.org/images/pablo-picasso/man-and-woman-1927.jpg","0656_Man_and_woman_1280x909.jpg","753332"
"657","Pablo Picasso","pablo-picasso","Painter and his model","1927","803","953","0.77","https://uploads2.wikiart.org/images/pablo-picasso/painter-and-his-model-1927.jpg","0657_Painter_and_his_model_803x953.jpg","219309"
"658","Pablo Picasso","pablo-picasso","Seated woman","1927","796","1088","0.87","https://uploads2.wikiart.org/images/pablo-picasso/seated-woman-1927.jpg","0658_Seated_woman_796x1088.jpg","419445"
"659","Pablo Picasso","pablo-picasso","Studio","1927","1088","687","0.75","https://uploads0.wikiart.org/images/pablo-picasso/studio.jpg","0659_Studio_1088x687.jpg","212647"
"660","Pablo Picasso","pablo-picasso","Study of Cannes","1927","318","420","0.13","https://uploads5.wikiart.org/images/pablo-picasso/study-of-cannes-1927.jpg","0660_Study_of_Cannes_318x420.jpg","31084"
"661","Pablo Picasso","pablo-picasso","Portrait of a Lady","1928","620","1161","0.72","https://uploads5.wikiart.org/00245/images/pablo-picasso/picasso-620.jpg","0661_Portrait_of_a_Lady_620x1161.jpg","103513"
"662","Pablo Picasso","pablo-picasso","Figure and profile","1928","451","550","0.25","https://uploads8.wikiart.org/00235/images/pablo-picasso/1903-1.jpg","0662_Figure_and_profile_451x550.jpg","93224"
"663","Pablo Picasso","pablo-picasso","Couple at the seaside","1928","292","550","0.16","https://uploads6.wikiart.org/00235/images/pablo-picasso/1828.jpg","0663_Couple_at_the_seaside_292x550.jpg","57183"
"664","Pablo Picasso","pablo-picasso","Ballplayers on the beach","1928","1088","748","0.81","https://uploads5.wikiart.org/images/pablo-picasso/ballplayers-on-the-beach-1928.jpg","0664_Ballplayers_on_the_beach_1088x748.jpg","416293"
"665","Pablo Picasso","pablo-picasso","Bather","1928","1088","751","0.82","https://uploads5.wikiart.org/images/pablo-picasso/bather-1928.jpg","0665_Bather_1088x751.jpg","483357"
"666","Pablo Picasso","pablo-picasso","Bather opening a cabin","1928","726","1088","0.79","https://uploads3.wikiart.org/images/pablo-picasso/bather-opening-a-cabin-1928.jpg","0666_Bather_opening_a_cabin_726x1088.jpg","420867"
"667","Pablo Picasso","pablo-picasso","Bathers on the beach","1928","1088","575","0.63","https://uploads1.wikiart.org/images/pablo-picasso/bathers-on-the-beach-1928.jpg","0667_Bathers_on_the_beach_1088x575.jpg","360053"
"668","Pablo Picasso","pablo-picasso","Landscape","1928","1000","687","0.69","https://uploads8.wikiart.org/images/pablo-picasso/landscape-1928.jpg","0668_Landscape_1000x687.jpg","206995"
"669","Pablo Picasso","pablo-picasso","On the beach, Dinard","1928","774","405","0.31","https://uploads0.wikiart.org/images/pablo-picasso/on-the-beach-dinard-1928.jpg","0669_On_the_beach,_Dinard_774x405.jpg","142272"
"670","Pablo Picasso","pablo-picasso","Painter and his model","1928","1088","868","0.94","https://uploads2.wikiart.org/images/pablo-picasso/painter-and-his-model-1928.jpg","0670_Painter_and_his_model_1088x868.jpg","283467"
"671","Pablo Picasso","pablo-picasso","The Studio","1928","850","1088","0.92","https://uploads0.wikiart.org/images/pablo-picasso/the-studio-1928.jpg","0671_The_Studio_850x1088.jpg","193731"
"672","Pablo Picasso","pablo-picasso","Working painter observed by a nude model","1928","807","640","0.52","https://uploads7.wikiart.org/images/pablo-picasso/working-painter-observed-by-a-nude-model.jpg","0672_Working_painter_observed_by_a_nude_model_807x640.jpg","78542"
"673","Pablo Picasso","pablo-picasso","Head in blue background","1929","454","550","0.25","https://uploads6.wikiart.org/00235/images/pablo-picasso/1894.jpg","0673_Head_in_blue_background_454x550.jpg","85972"
"674","Pablo Picasso","pablo-picasso","Monument (Head of a Woman)","1929","445","550","0.24","https://uploads8.wikiart.org/00235/images/pablo-picasso/2023-1.jpg","0674_Monument_(Head_of_a_Woman)_445x550.jpg","67491"
"675","Pablo Picasso","pablo-picasso","A blue acrobat","1929","870","1088","0.95","https://uploads4.wikiart.org/images/pablo-picasso/a-blue-acrobat-1929.jpg","0675_A_blue_acrobat_870x1088.jpg","397227"
"676","Pablo Picasso","pablo-picasso","Bather","1929","692","1088","0.75","https://uploads5.wikiart.org/images/pablo-picasso/bather-1929.jpg","0676_Bather_692x1088.jpg","421198"
"677","Pablo Picasso","pablo-picasso","Head","1929","880","1088","0.96","https://uploads3.wikiart.org/images/pablo-picasso/head-1929.jpg","0677_Head_880x1088.jpg","428851"
"678","Pablo Picasso","pablo-picasso","Large nude in red armchair","1929","723","1088","0.79","https://uploads7.wikiart.org/images/pablo-picasso/large-nude-in-red-armchair-1929.jpg","0678_Large_nude_in_red_armchair_723x1088.jpg","425066"
"679","Pablo Picasso","pablo-picasso","Portrait of Paulo as Pierrot","1929","746","1000","0.75","https://uploads0.wikiart.org/images/pablo-picasso/portrait-of-paulo-as-pierrot-1929.jpg","0679_Portrait_of_Paulo_as_Pierrot_746x1000.jpg","171013"
"680","Pablo Picasso","pablo-picasso","Reclining Woman","1929","1088","831","0.9","https://uploads5.wikiart.org/images/pablo-picasso/reclining-woman-1929.jpg","0680_Reclining_Woman_1088x831.jpg","520968"
"681","Pablo Picasso","pablo-picasso","Seated bather on the beach","1929","862","1088","0.94","https://uploads7.wikiart.org/images/pablo-picasso/seated-bather-on-the-beach-1929.jpg","0681_Seated_bather_on_the_beach_862x1088.jpg","512554"
"682","Pablo Picasso","pablo-picasso","The Swimmer","1929","1088","879","0.96","https://uploads1.wikiart.org/images/pablo-picasso/the-swimmer-1929.jpg","0682_The_Swimmer_1088x879.jpg","432366"
"683","Pablo Picasso","pablo-picasso","Untitled","1929","1350","1000","1.35","https://uploads7.wikiart.org/images/pablo-picasso/untitled-1929.jpg","0683_Untitled_1350x1000.jpg","402433"
"684","Pablo Picasso","pablo-picasso","Woman in the Garden","1929","302","422","0.13","https://uploads0.wikiart.org/images/pablo-picasso/woman-in-the-garden-1929.jpg","0684_Woman_in_the_Garden_302x422.jpg","20762"
"685","Pablo Picasso","pablo-picasso","Bust of a woman and self-portrait","1929","903","1088","0.98","https://uploads0.wikiart.org/images/pablo-picasso/bust-of-a-woman-and-self-portrait.jpg","0685_Bust_of_a_woman_and_self-portrait_903x1088.jpg","526952"
"686","Pablo Picasso","pablo-picasso","Abstraction (Head)","1930","693","1023","0.71","https://uploads3.wikiart.org/00370/images/pablo-picasso/48075508242-e0e10527b2-b.jpg","0686_Abstraction_(Head)_693x1023.jpg","134558"
"687","Pablo Picasso","pablo-picasso","Female acrobat","1930","416","550","0.23","https://uploads6.wikiart.org/00235/images/pablo-picasso/1839.jpg","0687_Female_acrobat_416x550.jpg","71125"
"688","Pablo Picasso","pablo-picasso","Head of a woman","1930","396","550","0.22","https://uploads6.wikiart.org/00235/images/pablo-picasso/1971.jpg","0688_Head_of_a_woman_396x550.jpg","55036"
"689","Pablo Picasso","pablo-picasso","Head in red background","1930","378","550","0.21","https://uploads6.wikiart.org/00235/images/pablo-picasso/2126.jpg","0689_Head_in_red_background_378x550.jpg","72335"
"690","Pablo Picasso","pablo-picasso","Acrobat","1930","865","1088","0.94","https://uploads6.wikiart.org/images/pablo-picasso/acrobat-1930.jpg","0690_Acrobat_865x1088.jpg","328319"
"691","Pablo Picasso","pablo-picasso","Crucifixion","1930","1088","843","0.92","https://uploads1.wikiart.org/images/pablo-picasso/crucifixion-1930.jpg","0691_Crucifixion_1088x843.jpg","675258"
"692","Pablo Picasso","pablo-picasso","Crucifixion (study)","1930","561","350","0.2","https://uploads7.wikiart.org/images/pablo-picasso/crucifixion-study-1930.jpg","0692_Crucifixion_(study)_561x350.jpg","41680"
"693","Pablo Picasso","pablo-picasso","Seated bather","1930","694","1088","0.76","https://uploads3.wikiart.org/images/pablo-picasso/seated-bather-1930.jpg","0693_Seated_bather_694x1088.jpg","393415"
"694","Pablo Picasso","pablo-picasso","Seated Woman","1930","801","1088","0.87","https://uploads2.wikiart.org/images/pablo-picasso/seated-woman-1930.jpg","0694_Seated_Woman_801x1088.jpg","523067"
"695","Pablo Picasso","pablo-picasso","Bild","1930","796","1088","0.87","https://uploads0.wikiart.org/images/pablo-picasso/figure.jpg","0695_Bild_796x1088.jpg","413265"
"696","Pablo Picasso","pablo-picasso","A lamp","1931","756","940","0.71","https://uploads5.wikiart.org/images/pablo-picasso/a-lamp-1931.jpg","0696_A_lamp_756x940.jpg","214962"
"697","Pablo Picasso","pablo-picasso","Bather","1931","344","440","0.15","https://uploads5.wikiart.org/images/pablo-picasso/bather-1931.jpg","0697_Bather_344x440.jpg","16275"
"698","Pablo Picasso","pablo-picasso","Bust of woman","1931","300","400","0.12","https://uploads3.wikiart.org/images/pablo-picasso/bust-of-woman-1931.jpg","0698_Bust_of_woman_300x400.jpg","14010"
"699","Pablo Picasso","pablo-picasso","Figures at the Seaside","1931","1088","723","0.79","https://uploads3.wikiart.org/images/pablo-picasso/figures-at-the-seaside-1931.jpg","0699_Figures_at_the_Seaside_1088x723.jpg","427799"
"700","Pablo Picasso","pablo-picasso","Great Still life on pedestal","1931","717","1088","0.78","https://uploads0.wikiart.org/images/pablo-picasso/great-still-life-on-pedestal-1931.jpg","0700_Great_Still_life_on_pedestal_717x1088.jpg","434586"
"701","Pablo Picasso","pablo-picasso","Seated Woman in a Red Armchair","1931","804","1088","0.87","https://uploads2.wikiart.org/images/pablo-picasso/seated-woman-in-a-red-armchair-1931.jpg","0701_Seated_Woman_in_a_Red_Armchair_804x1088.jpg","416179"
"702","Pablo Picasso","pablo-picasso","Still life","1931","802","597","0.48","https://uploads0.wikiart.org/images/pablo-picasso/still-life-1931.jpg","0702_Still_life_802x597.jpg","154821"
"703","Pablo Picasso","pablo-picasso","The sculptor","1931","830","1088","0.9","https://uploads2.wikiart.org/images/pablo-picasso/the-sculptor-1931.jpg","0703_The_sculptor_830x1088.jpg","561788"
"704","Pablo Picasso","pablo-picasso","Woman with yellow hair","1931","870","1088","0.95","https://uploads3.wikiart.org/images/pablo-picasso/woman-with-yellow-hair-1931.jpg","0704_Woman_with_yellow_hair_870x1088.jpg","466597"
"705","Pablo Picasso","pablo-picasso","Young girl throwing a rock","1931","1088","723","0.79","https://uploads7.wikiart.org/images/pablo-picasso/young-girl-throwing-a-rock-1931.jpg","0705_Young_girl_throwing_a_rock_1088x723.jpg","402220"
"706","Pablo Picasso","pablo-picasso","Nude, Green Leaves and Bust","1932","2216","2767","6.13","https://uploads3.wikiart.org/00234/images/pablo-picasso/2010-nyr-02410-0006-000-pablo-picasso-nude-green-leaves-and-bust.jpg","0706_Nude,_Green_Leaves_and_Bust_2216x2767.jpg","1528426"
"707","Pablo Picasso","pablo-picasso","A dream","1932","807","1088","0.88","https://uploads6.wikiart.org/images/pablo-picasso/a-dream-1932.jpg","0707_A_dream_807x1088.jpg","423971"
"708","Pablo Picasso","pablo-picasso","Bather with beach ball","1932","836","1088","0.91","https://uploads3.wikiart.org/images/pablo-picasso/bather-with-beach-ball-1932.jpg","0708_Bather_with_beach_ball_836x1088.jpg","488805"
"709","Pablo Picasso","pablo-picasso","Beach game and rescue","1932","1088","801","0.87","https://uploads2.wikiart.org/images/pablo-picasso/beach-game-and-rescue-1932.jpg","0709_Beach_game_and_rescue_1088x801.jpg","488544"
"710","Pablo Picasso","pablo-picasso","Female nude sitting in red armchair","1932","787","1088","0.86","https://uploads7.wikiart.org/images/pablo-picasso/female-nude-sitting-in-red-armchair-1932.jpg","0710_Female_nude_sitting_in_red_armchair_787x1088.jpg","325884"
"711","Pablo Picasso","pablo-picasso","Girl in Front of Mirror","1932","866","1088","0.94","https://uploads4.wikiart.org/images/pablo-picasso/girl-in-front-of-mirror-1932.jpg","0711_Girl_in_Front_of_Mirror_866x1088.jpg","646192"
"712","Pablo Picasso","pablo-picasso","Girl in front of mirror","1932","300","400","0.12","https://uploads6.wikiart.org/images/pablo-picasso/girl-in-front-of-mirror-1932-1.jpg","0712_Girl_in_front_of_mirror_300x400.jpg","51672"
"713","Pablo Picasso","pablo-picasso","Lying female nude","1932","1000","793","0.79","https://uploads7.wikiart.org/images/pablo-picasso/lying-female-nude-1932.jpg","0713_Lying_female_nude_1000x793.jpg","188906"
"714","Pablo Picasso","pablo-picasso","Lying female nude","1932","1088","873","0.95","https://uploads0.wikiart.org/images/pablo-picasso/lying-female-nude-1932-1.jpg","0714_Lying_female_nude_1088x873.jpg","585654"
"715","Pablo Picasso","pablo-picasso","Lying female nude","1932","1000","760","0.76","https://uploads0.wikiart.org/images/pablo-picasso/lying-female-nude-1932-2.jpg","0715_Lying_female_nude_1000x760.jpg","259419"
"716","Pablo Picasso","pablo-picasso","Naked woman","1932","400","318","0.13","https://uploads1.wikiart.org/images/pablo-picasso/naked-woman-1932.jpg","0716_Naked_woman_400x318.jpg","38780"
"717","Pablo Picasso","pablo-picasso","Reading","1932","828","1088","0.9","https://uploads6.wikiart.org/images/pablo-picasso/reading-1932.jpg","0717_Reading_828x1088.jpg","402159"
"718","Pablo Picasso","pablo-picasso","Reclining nude","1932","1088","750","0.82","https://uploads4.wikiart.org/images/pablo-picasso/reclining-nude-1932.jpg","0718_Reclining_nude_1088x750.jpg","429464"
"719","Pablo Picasso","pablo-picasso","Reclining woman","1932","1088","884","0.96","https://uploads5.wikiart.org/images/pablo-picasso/reclining-woman-1932.jpg","0719_Reclining_woman_1088x884.jpg","472349"
"720","Pablo Picasso","pablo-picasso","Reclining woman","1932","1001","1088","1.09","https://uploads7.wikiart.org/images/pablo-picasso/reclining-woman-1932-1.jpg","0720_Reclining_woman_1001x1088.jpg","730216"
"721","Pablo Picasso","pablo-picasso","Seated female nude","1932","368","480","0.18","https://uploads8.wikiart.org/images/pablo-picasso/seated-female-nude-1932.jpg","0721_Seated_female_nude_368x480.jpg","17141"
"722","Pablo Picasso","pablo-picasso","Sleep","1932","796","1088","0.87","https://uploads4.wikiart.org/images/pablo-picasso/sleep-1932.jpg","0722_Sleep_796x1088.jpg","373513"
"723","Pablo Picasso","pablo-picasso","The mirror","1932","794","1088","0.86","https://uploads0.wikiart.org/images/pablo-picasso/the-mirror-1932.jpg","0723_The_mirror_794x1088.jpg","459940"
"724","Pablo Picasso","pablo-picasso","The rescue","1932","813","1088","0.88","https://uploads0.wikiart.org/images/pablo-picasso/the-rescue-1932.jpg","0724_The_rescue_813x1088.jpg","644444"
"725","Pablo Picasso","pablo-picasso","Woman in red armchair","1932","802","1088","0.87","https://uploads2.wikiart.org/images/pablo-picasso/woman-in-red-armchair-1932.jpg","0725_Woman_in_red_armchair_802x1088.jpg","444919"
"726","Pablo Picasso","pablo-picasso","Woman on the beach","1932","1088","838","0.91","https://uploads8.wikiart.org/images/pablo-picasso/woman-on-the-beach-1932.jpg","0726_Woman_on_the_beach_1088x838.jpg","538798"
"727","Pablo Picasso","pablo-picasso","Woman with book","1932","812","1088","0.88","https://uploads5.wikiart.org/images/pablo-picasso/woman-with-book-1932.jpg","0727_Woman_with_book_812x1088.jpg","479521"
"728","Pablo Picasso","pablo-picasso","Woman with flower","1932","797","1020","0.81","https://uploads7.wikiart.org/images/pablo-picasso/woman-with-flower-1932.jpg","0728_Woman_with_flower_797x1020.jpg","398204"
"729","Pablo Picasso","pablo-picasso","The yellow belt","1932","397","544","0.22","https://uploads0.wikiart.org/images/pablo-picasso/the-yellow-belt.jpg","0729_The_yellow_belt_397x544.jpg","118548"
"730","Pablo Picasso","pablo-picasso","Bacchic scene with minotaur","1933","436","367","0.16","https://uploads8.wikiart.org/images/pablo-picasso/bacchic-scene-with-minotaur-1933.jpg","0730_Bacchic_scene_with_minotaur_436x367.jpg","61238"
"731","Pablo Picasso","pablo-picasso","Farmer's wife on a stepladder","1933","943","1088","1.03","https://uploads1.wikiart.org/images/pablo-picasso/farmer-s-wife-on-a-stepladder-1933.jpg","0731_Farmer's_wife_on_a_stepladder_943x1088.jpg","631196"
"732","Pablo Picasso","pablo-picasso","Marie-Therese as vestal, ensuring the Minotaur asleep","1933","410","296","0.12","https://uploads6.wikiart.org/images/pablo-picasso/marie-therese-as-vestal-ensuring-the-minotaur-asleep-1933.jpg","0732_Marie-Therese_as_vestal,_ensuring_the_Mi_410x296.jpg","26155"
"733","Pablo Picasso","pablo-picasso","Minotaur is dying","1933","400","307","0.12","https://uploads7.wikiart.org/images/pablo-picasso/minotaur-is-dying-1933.jpg","0733_Minotaur_is_dying_400x307.jpg","28816"
"734","Pablo Picasso","pablo-picasso","Minotaur is wounded","1933","400","303","0.12","https://uploads0.wikiart.org/images/pablo-picasso/minotaur-is-wounded-1933.jpg","0734_Minotaur_is_wounded_400x303.jpg","30093"
"735","Pablo Picasso","pablo-picasso","Minotaur is wounded","1933","400","296","0.12","https://uploads2.wikiart.org/images/pablo-picasso/minotaur-is-wounded-1933-1.jpg","0735_Minotaur_is_wounded_400x296.jpg","28821"
"736","Pablo Picasso","pablo-picasso","Nudes and bust","1933","634","480","0.3","https://uploads4.wikiart.org/images/pablo-picasso/nudes-and-bust-1933.jpg","0736_Nudes_and_bust_634x480.jpg","34068"
"737","Pablo Picasso","pablo-picasso","Silenus dancing in company","1933","1088","827","0.9","https://uploads7.wikiart.org/images/pablo-picasso/silenus-dancing-in-company-1933.jpg","0737_Silenus_dancing_in_company_1088x827.jpg","515005"
"738","Pablo Picasso","pablo-picasso","The Sculptor and His Statue","1933","1088","839","0.91","https://uploads8.wikiart.org/images/pablo-picasso/the-sculptor-and-his-statue-1933.jpg","0738_The_Sculptor_and_His_Statue_1088x839.jpg","439938"
"739","Pablo Picasso","pablo-picasso","Two dressed models","1933","791","1088","0.86","https://uploads8.wikiart.org/images/pablo-picasso/two-dressed-models-1933.jpg","0739_Two_dressed_models_791x1088.jpg","423023"
"740","Pablo Picasso","pablo-picasso","Model for the cover of ""Minotaur""","1933","861","1088","0.94","https://uploads3.wikiart.org/images/pablo-picasso/model-for-the-cover-of-minotaur-1933.jpg","0740_Model_for_the_cover_of_Minotaur_861x1088.jpg","543237"
"741","Pablo Picasso","pablo-picasso","Bullfight, the death of the torero","1933","1088","843","0.92","https://uploads0.wikiart.org/images/pablo-picasso/bullfight-the-death-of-the-torero.jpg","0741_Bullfight,_the_death_of_the_torero_1088x843.jpg","526574"
"742","Pablo Picasso","pablo-picasso","Minotaur and woman behind a curtain","1933","400","308","0.12","https://uploads2.wikiart.org/images/pablo-picasso/minotaur-and-woman-behind-a-curtain.jpg","0742_Minotaur_and_woman_behind_a_curtain_400x308.jpg","40905"
"743","Pablo Picasso","pablo-picasso","Minotaur attacking an amazone","1933","400","305","0.12","https://uploads5.wikiart.org/images/pablo-picasso/minotaur-attacking-an-amazone.jpg","0743_Minotaur_attacking_an_amazone_400x305.jpg","42108"
"744","Pablo Picasso","pablo-picasso","Minotaur caressing a  woman","1933","430","359","0.15","https://uploads2.wikiart.org/images/pablo-picasso/minotaur-caressing-a-woman.jpg","0744_Minotaur_caressing_a_woman_430x359.jpg","48699"
"745","Pablo Picasso","pablo-picasso","Minotaur caressing a sleeping woman","1933","400","332","0.13","https://uploads2.wikiart.org/images/pablo-picasso/minotaur-caressing-a-sleeping-woman.jpg","0745_Minotaur_caressing_a_sleeping_woman_400x332.jpg","31402"
"746","Pablo Picasso","pablo-picasso","Minotaur,drinker and women","1933","400","327","0.13","https://uploads2.wikiart.org/images/pablo-picasso/minotaur-drinker-and-women.jpg","0746_Minotaur,drinker_and_women_400x327.jpg","54672"
"747","Pablo Picasso","pablo-picasso","A bullfight","1934","769","576","0.44","https://uploads1.wikiart.org/images/pablo-picasso/a-bullfight-1934.jpg","0747_A_bullfight_769x576.jpg","170433"
"748","Pablo Picasso","pablo-picasso","A bullfight","1934","1000","854","0.85","https://uploads3.wikiart.org/images/pablo-picasso/a-bullfight-1934-1.jpg","0748_A_bullfight_1000x854.jpg","428504"
"749","Pablo Picasso","pablo-picasso","Blind Minotaur is guided by girl","1934","400","307","0.12","https://uploads4.wikiart.org/images/pablo-picasso/blind-minotaur-is-guided-by-girl-1934.jpg","0749_Blind_Minotaur_is_guided_by_girl_400x307.jpg","37376"
"750","Pablo Picasso","pablo-picasso","Blind Minotaur is guided by girl","1934","400","317","0.13","https://uploads6.wikiart.org/images/pablo-picasso/blind-minotaur-is-guided-by-girl-1934-1.jpg","0750_Blind_Minotaur_is_guided_by_girl_400x317.jpg","44884"
"751","Pablo Picasso","pablo-picasso","Blind Minotaur is guided by girl","1934","400","336","0.13","https://uploads6.wikiart.org/images/pablo-picasso/blind-minotaur-is-guided-by-girl-1934-2.jpg","0751_Blind_Minotaur_is_guided_by_girl_400x336.jpg","36414"
"752","Pablo Picasso","pablo-picasso","Blind Minotaur is guided by girl through the night","1934","400","291","0.12","https://uploads4.wikiart.org/images/pablo-picasso/blind-minotaur-is-guided-by-girl-through-the-night-1934.jpg","0752_Blind_Minotaur_is_guided_by_girl_through_400x291.jpg","25542"
"753","Pablo Picasso","pablo-picasso","Bullfight","1934","1088","807","0.88","https://uploads8.wikiart.org/images/pablo-picasso/bullfight-1934.jpg","0753_Bullfight_1088x807.jpg","577446"
"754","Pablo Picasso","pablo-picasso","Dying bull","1934","1088","660","0.72","https://uploads0.wikiart.org/images/pablo-picasso/dying-bull-1934.jpg","0754_Dying_bull_1088x660.jpg","434259"
"755","Pablo Picasso","pablo-picasso","Female nude in the garden","1934","857","1088","0.93","https://uploads6.wikiart.org/images/pablo-picasso/female-nude-in-the-garden-1934.jpg","0755_Female_nude_in_the_garden_857x1088.jpg","496057"
"756","Pablo Picasso","pablo-picasso","Nudes","1934","400","318","0.13","https://uploads4.wikiart.org/images/pablo-picasso/nudes-1934.jpg","0756_Nudes_400x318.jpg","23079"
"757","Pablo Picasso","pablo-picasso","Two figures","1934","888","1114","0.99","https://uploads1.wikiart.org/images/pablo-picasso/two-figures-1934.jpg","0757_Two_figures_888x1114.jpg","316201"
"758","Pablo Picasso","pablo-picasso","Woman turned right","1934","643","1088","0.7","https://uploads8.wikiart.org/images/pablo-picasso/woman-turned-right-1934.jpg","0758_Woman_turned_right_643x1088.jpg","447643"
"759","Pablo Picasso","pablo-picasso","Woman with cap","1934","729","1088","0.79","https://uploads4.wikiart.org/images/pablo-picasso/woman-with-cap-1934.jpg","0759_Woman_with_cap_729x1088.jpg","452054"
"760","Pablo Picasso","pablo-picasso","Woman with red hat","1934","594","769","0.46","https://uploads8.wikiart.org/images/pablo-picasso/woman-with-red-hat-1934.jpg","0760_Woman_with_red_hat_594x769.jpg","171056"
"761","Pablo Picasso","pablo-picasso","Woman writing","1934","868","1088","0.94","https://uploads3.wikiart.org/images/pablo-picasso/woman-writing-1934.jpg","0761_Woman_writing_868x1088.jpg","467922"
"762","Pablo Picasso","pablo-picasso","Woman’s Head","1934","600","769","0.46","https://uploads2.wikiart.org/images/pablo-picasso/woman-s-head-1934.jpg","0762_Woman’s_Head_600x769.jpg","95347"
"763","Pablo Picasso","pablo-picasso","Bullfight","1934","1088","802","0.87","https://uploads3.wikiart.org/images/pablo-picasso/bullfight.jpg","0763_Bullfight_1088x802.jpg","479987"
"764","Pablo Picasso","pablo-picasso","Bullfight","1934","1088","880","0.96","https://uploads5.wikiart.org/images/pablo-picasso/bullfight-1.jpg","0764_Bullfight_1088x880.jpg","639248"
"765","Pablo Picasso","pablo-picasso","A muse","1935","1088","873","0.95","https://uploads5.wikiart.org/images/pablo-picasso/a-muse-1935.jpg","0765_A_muse_1088x873.jpg","703587"
"766","Pablo Picasso","pablo-picasso","Bust of a woman","1935","899","1088","0.98","https://uploads5.wikiart.org/images/pablo-picasso/bust-of-a-woman-1935.jpg","0766_Bust_of_a_woman_899x1088.jpg","442558"
"767","Pablo Picasso","pablo-picasso","Head of a woman (Olga Picasso)","1935","900","1088","0.98","https://uploads0.wikiart.org/images/pablo-picasso/head-of-a-woman-olga-picasso-1935.jpg","0767_Head_of_a_woman_(Olga_Picasso)_900x1088.jpg","528983"
"768","Pablo Picasso","pablo-picasso","Minotauromachy","1935","584","416","0.24","https://uploads0.wikiart.org/images/pablo-picasso/the-minotauromachie-1935.jpg","0768_Minotauromachy_584x416.jpg","95383"
"769","Pablo Picasso","pablo-picasso","Woman reading","1935","848","1088","0.92","https://uploads3.wikiart.org/images/pablo-picasso/woman-reading-1935.jpg","0769_Woman_reading_848x1088.jpg","460753"
"770","Pablo Picasso","pablo-picasso","Woman with hat (Olga)","1935","795","990","0.79","https://uploads0.wikiart.org/images/pablo-picasso/woman-with-hat-olga-1935.jpg","0770_Woman_with_hat_(Olga)_795x990.jpg","190210"
"771","Pablo Picasso","pablo-picasso","A reclining female nude","1936","1088","870","0.95","https://uploads4.wikiart.org/images/pablo-picasso/a-reclining-female-nude-1936.jpg","0771_A_reclining_female_nude_1088x870.jpg","577416"
"772","Pablo Picasso","pablo-picasso","Bust of woman","1936","887","1088","0.97","https://uploads3.wikiart.org/images/pablo-picasso/bust-of-woman-1936.jpg","0772_Bust_of_woman_887x1088.jpg","560925"
"773","Pablo Picasso","pablo-picasso","Faun unveiling a sleeping girl (Jupiter and Antiope, after Rembrandt)","1936","1088","828","0.9","https://uploads2.wikiart.org/images/pablo-picasso/faun-unveiling-a-sleeping-girl-jupiter-and-antiope-after-rembrandt-1936.jpg","0773_Faun_unveiling_a_sleeping_girl_(Jupiter_1088x828.jpg","427472"
"774","Pablo Picasso","pablo-picasso","Faun, horse and bird","1936","1088","877","0.95","https://uploads0.wikiart.org/images/pablo-picasso/faun-horse-and-bird-1936.jpg","0774_Faun,_horse_and_bird_1088x877.jpg","546540"
"775","Pablo Picasso","pablo-picasso","Head","1936","824","1000","0.82","https://uploads3.wikiart.org/images/pablo-picasso/head-1936.jpg","0775_Head_824x1000.jpg","234114"
"776","Pablo Picasso","pablo-picasso","Minotaur is wounded, horse and personages","1936","1088","831","0.9","https://uploads3.wikiart.org/images/pablo-picasso/minotaur-is-wounded-horse-and-personages-1936.jpg","0776_Minotaur_is_wounded,_horse_and_personage_1088x831.jpg","591474"
"777","Pablo Picasso","pablo-picasso","Minotaur with dead horse in front of a cave facing a girl in veil","1936","1088","827","0.9","https://uploads1.wikiart.org/images/pablo-picasso/minotaur-with-dead-horse-in-front-of-a-cave-facing-a-girl-in-veil-1936.jpg","0777_Minotaur_with_dead_horse_in_front_of_a_c_1088x827.jpg","459027"
"778","Pablo Picasso","pablo-picasso","Portrait of woman","1936","888","1088","0.97","https://uploads7.wikiart.org/images/pablo-picasso/portrait-of-woman-1936.jpg","0778_Portrait_of_woman_888x1088.jpg","574838"
"779","Pablo Picasso","pablo-picasso","Portrait of woman","1936","898","1088","0.98","https://uploads0.wikiart.org/images/pablo-picasso/portrait-of-woman-1936-1.jpg","0779_Portrait_of_woman_898x1088.jpg","742803"
"780","Pablo Picasso","pablo-picasso","Portrait of woman","1936","893","1088","0.97","https://uploads0.wikiart.org/images/pablo-picasso/portrait-of-woman-1936-2.jpg","0780_Portrait_of_woman_893x1088.jpg","525373"
"781","Pablo Picasso","pablo-picasso","Portrait of young girl","1936","839","1000","0.84","https://uploads3.wikiart.org/images/pablo-picasso/portrait-of-young-girl-1936.jpg","0781_Portrait_of_young_girl_839x1000.jpg","274148"
"782","Pablo Picasso","pablo-picasso","Sleeper near the shutters","1936","1000","840","0.84","https://uploads6.wikiart.org/images/pablo-picasso/sleeper-near-the-shutters-1936.jpg","0782_Sleeper_near_the_shutters_1000x840.jpg","277669"
"783","Pablo Picasso","pablo-picasso","Still life with lemon and jug","1936","884","593","0.52","https://uploads1.wikiart.org/images/pablo-picasso/still-life-with-lemon-and-jug-1936.jpg","0783_Still_life_with_lemon_and_jug_884x593.jpg","56998"
"784","Pablo Picasso","pablo-picasso","Still life with lemon and oranges","1936","807","672","0.54","https://uploads5.wikiart.org/images/pablo-picasso/still-life-with-lemon-and-oranges-1936.jpg","0784_Still_life_with_lemon_and_oranges_807x672.jpg","140082"
"785","Pablo Picasso","pablo-picasso","Still life, school of Paris","1936","342","262","0.09","https://uploads7.wikiart.org/images/pablo-picasso/still-life-school-of-paris-1936.jpg","0785_Still_life,_school_of_Paris_342x262.jpg","15936"
"786","Pablo Picasso","pablo-picasso","The Remains of Minotaur in a harlequin costume","1936","1088","728","0.79","https://uploads0.wikiart.org/images/pablo-picasso/the-remains-of-minotaur-in-a-harlequin-costume-1936.jpg","0786_The_Remains_of_Minotaur_in_a_harlequin_c_1088x728.jpg","466035"
"787","Pablo Picasso","pablo-picasso","Untitled","1936","834","1000","0.83","https://uploads7.wikiart.org/images/pablo-picasso/untitled-1936.jpg","0787_Untitled_834x1000.jpg","275837"
"788","Pablo Picasso","pablo-picasso","Untitled","1936","828","1000","0.83","https://uploads0.wikiart.org/images/pablo-picasso/untitled-1936-1.jpg","0788_Untitled_828x1000.jpg","277314"
"789","Pablo Picasso","pablo-picasso","Untitled","1936","832","1000","0.83","https://uploads0.wikiart.org/images/pablo-picasso/untitled-1936-2.jpg","0789_Untitled_832x1000.jpg","270719"
"790","Pablo Picasso","pablo-picasso","Untitled","1936","831","1000","0.83","https://uploads0.wikiart.org/images/pablo-picasso/untitled-1936-3.jpg","0790_Untitled_831x1000.jpg","272189"
"791","Pablo Picasso","pablo-picasso","Untitled","1936","843","1000","0.84","https://uploads0.wikiart.org/images/pablo-picasso/untitled-1936-4.jpg","0791_Untitled_843x1000.jpg","143277"
"792","Pablo Picasso","pablo-picasso","Untitled","1936","825","1000","0.82","https://uploads0.wikiart.org/images/pablo-picasso/untitled-1936-5.jpg","0792_Untitled_825x1000.jpg","208123"
"793","Pablo Picasso","pablo-picasso","Untitled","1936","826","1000","0.83","https://uploads0.wikiart.org/images/pablo-picasso/untitled-1936-6.jpg","0793_Untitled_826x1000.jpg","245130"
"794","Pablo Picasso","pablo-picasso","Untitled","1936","1000","652","0.65","https://uploads0.wikiart.org/images/pablo-picasso/untitled-1936-7.jpg","0794_Untitled_1000x652.jpg","233131"
"795","Pablo Picasso","pablo-picasso","Untitled","1936","837","1000","0.84","https://uploads0.wikiart.org/images/pablo-picasso/untitled-1936-8.jpg","0795_Untitled_837x1000.jpg","259737"
"796","Pablo Picasso","pablo-picasso","Untitled","1936","834","1000","0.83","https://uploads0.wikiart.org/images/pablo-picasso/untitled-1936-9.jpg","0796_Untitled_834x1000.jpg","317220"
"797","Pablo Picasso","pablo-picasso","Woman by the dresser","1936","898","1088","0.98","https://uploads1.wikiart.org/images/pablo-picasso/woman-by-the-dresser-1936.jpg","0797_Woman_by_the_dresser_898x1088.jpg","535498"
"798","Pablo Picasso","pablo-picasso","Woman by the dresser","1936","832","1000","0.83","https://uploads3.wikiart.org/images/pablo-picasso/woman-by-the-dresser-1936-1.jpg","0798_Woman_by_the_dresser_832x1000.jpg","282459"
"799","Pablo Picasso","pablo-picasso","Woman by the window","1936","841","1000","0.84","https://uploads0.wikiart.org/images/pablo-picasso/woman-by-the-window-1936.jpg","0799_Woman_by_the_window_841x1000.jpg","280628"
"800","Pablo Picasso","pablo-picasso","The straw hat with blue leaves","1936","826","1000","0.83","https://uploads1.wikiart.org/images/pablo-picasso/woman-in-a-straw-hat-1936.jpg","0800_The_straw_hat_with_blue_leaves_826x1000.jpg","247032"
"801","Pablo Picasso","pablo-picasso","Woman in the interior","1936","818","1000","0.82","https://uploads2.wikiart.org/images/pablo-picasso/woman-in-the-interior-1936.jpg","0801_Woman_in_the_interior_818x1000.jpg","323651"
"802","Pablo Picasso","pablo-picasso","Woman with bouquet","1936","881","1088","0.96","https://uploads8.wikiart.org/images/pablo-picasso/woman-with-bouquet-1936.jpg","0802_Woman_with_bouquet_881x1088.jpg","496473"
"803","Pablo Picasso","pablo-picasso","Minotaur transports a mare and foal","1936","1000","840","0.84","https://uploads2.wikiart.org/images/pablo-picasso/minotaur-transports-a-mare-and-foal.jpg","0803_Minotaur_transports_a_mare_and_foal_1000x840.jpg","325625"
"804","Pablo Picasso","pablo-picasso","Portrait of Marie-Thérèse in a Red Beret","1937","700","818","0.57","https://uploads7.wikiart.org/00245/images/pablo-picasso/1728.jpg","0804_Portrait_of_Marie-Thérèse_in_a_Red_Beret_700x818.jpg","95318"
"805","Pablo Picasso","pablo-picasso","Head of a woman (Marie-Therese Walter)","1937","447","550","0.25","https://uploads6.wikiart.org/00235/images/pablo-picasso/1474.jpg","0805_Head_of_a_woman_(Marie-Therese_Walter)_447x550.jpg","121832"
"806","Pablo Picasso","pablo-picasso","Two naked women on the beach","1937","663","531","0.35","https://uploads6.wikiart.org/00235/images/pablo-picasso/2204.jpg","0806_Two_naked_women_on_the_beach_663x531.jpg","192262"
"807","Pablo Picasso","pablo-picasso","Weeping Woman with Handkerchief","1937","749","960","0.72","https://uploads0.wikiart.org/00234/images/pablo-picasso/pablo-picasso-head-of-a-woman-crying-with-handkerchief-1937.jpeg","0807_Weeping_Woman_with_Handkerchief_749x960.jpeg","175871"
"808","Pablo Picasso","pablo-picasso","Horse Head. Sketch for ""Guernica""","1937","1970","1399","2.76","https://uploads7.wikiart.org/00181/images/pablo-picasso/de00119-0.jpg","0808_Horse_Head._Sketch_for_Guernica_1970x1399.jpg","239496"
"809","Pablo Picasso","pablo-picasso","Guernica","1937","3369","1523","5.13","https://uploads0.wikiart.org/00139/images/pablo-picasso/guernica-by-pablo-picasso.jpg","0809_Guernica_3369x1523.jpg","2214969"
"810","Pablo Picasso","pablo-picasso","Crying woman","1937","914","1088","0.99","https://uploads2.wikiart.org/images/pablo-picasso/crying-woman-1937.jpg","0810_Crying_woman_914x1088.jpg","644893"
"811","Pablo Picasso","pablo-picasso","Weeping Woman","1937","862","1088","0.94","https://uploads4.wikiart.org/images/pablo-picasso/crying-woman-1937-1.jpg","0811_Weeping_Woman_862x1088.jpg","652002"
"812","Pablo Picasso","pablo-picasso","Crying woman","1937","444","350","0.16","https://uploads4.wikiart.org/images/pablo-picasso/crying-woman-1937-2.jpg","0812_Crying_woman_444x350.jpg","30457"
"813","Pablo Picasso","pablo-picasso","Crying woman","1937","315","400","0.13","https://uploads4.wikiart.org/images/pablo-picasso/crying-woman-1937-3.jpg","0813_Crying_woman_315x400.jpg","33008"
"814","Pablo Picasso","pablo-picasso","Dream and Lie of Franco","1937","927","758","0.7","https://uploads4.wikiart.org/images/pablo-picasso/dream-and-lie-of-franco-1937.jpg","0814_Dream_and_Lie_of_Franco_927x758.jpg","257385"
"815","Pablo Picasso","pablo-picasso","Dream and Lie of Franco","1937","1088","807","0.88","https://uploads6.wikiart.org/images/pablo-picasso/dream-and-lie-of-franco-1937-1.jpg","0815_Dream_and_Lie_of_Franco_1088x807.jpg","486462"
"816","Pablo Picasso","pablo-picasso","Great bather reading","1937","828","1088","0.9","https://uploads1.wikiart.org/images/pablo-picasso/great-bather-reading-1937.jpg","0816_Great_bather_reading_828x1088.jpg","517948"
"817","Pablo Picasso","pablo-picasso","Leaning woman","1937","807","1107","0.89","https://uploads3.wikiart.org/images/pablo-picasso/leaning-woman-1937.jpg","0817_Leaning_woman_807x1107.jpg","248312"
"818","Pablo Picasso","pablo-picasso","Minotaur is wounded","1937","1000","832","0.83","https://uploads0.wikiart.org/images/pablo-picasso/minotaur-is-wounded-1937.jpg","0818_Minotaur_is_wounded_1000x832.jpg","302473"
"819","Pablo Picasso","pablo-picasso","Portrait of Dora Maar","1937","900","1088","0.98","https://uploads2.wikiart.org/images/pablo-picasso/portrait-of-dora-maar-1937.jpg","0819_Portrait_of_Dora_Maar_900x1088.jpg","519617"
"820","Pablo Picasso","pablo-picasso","Portrait of Dora Maar","1937","755","1088","0.82","https://uploads4.wikiart.org/images/pablo-picasso/portrait-of-dora-maar-1937-1.jpg","0820_Portrait_of_Dora_Maar_755x1088.jpg","469086"
"821","Pablo Picasso","pablo-picasso","Portrait of Dora Maar","1937","899","1088","0.98","https://uploads4.wikiart.org/images/pablo-picasso/portrait-of-dora-maar-1937-2.jpg","0821_Portrait_of_Dora_Maar_899x1088.jpg","566460"
"822","Pablo Picasso","pablo-picasso","Portrait of Lee Miller as Arlesienne","1937","771","1000","0.77","https://uploads8.wikiart.org/images/pablo-picasso/portrait-of-lee-miller-as-arlesienne-1937.jpg","0822_Portrait_of_Lee_Miller_as_Arlesienne_771x1000.jpg","303535"
"823","Pablo Picasso","pablo-picasso","Portrait of Marie-Therese","1937","731","1000","0.73","https://uploads6.wikiart.org/images/pablo-picasso/portrait-of-marie-therese-1937.jpg","0823_Portrait_of_Marie-Therese_731x1000.jpg","219799"
"824","Pablo Picasso","pablo-picasso","Portrait of Marie-Thérèse Walter","1937","888","1088","0.97","https://uploads4.wikiart.org/images/pablo-picasso/portrait-of-marie-thérèse-walter-1937.jpg","0824_Portrait_of_Marie-Thérèse_Walter_888x1088.jpg","546918"
"825","Pablo Picasso","pablo-picasso","Portrait of Marie-Thérèse Walter","1937","870","1088","0.95","https://uploads6.wikiart.org/images/pablo-picasso/portrait-of-marie-thérèse-walter-1937-1.jpg","0825_Portrait_of_Marie-Thérèse_Walter_870x1088.jpg","534152"
"826","Pablo Picasso","pablo-picasso","Portrait of Marie-Thérèse Walter with garland","1937","818","1088","0.89","https://uploads8.wikiart.org/images/pablo-picasso/portrait-of-marie-thérèse-walter-with-garland-1937.jpg","0826_Portrait_of_Marie-Thérèse_Walter_with_ga_818x1088.jpg","474026"
"827","Pablo Picasso","pablo-picasso","Portrait of Nusch Éluard","1937","735","1000","0.74","https://uploads5.wikiart.org/images/pablo-picasso/portrait-of-nusch-éluard-1937.jpg","0827_Portrait_of_Nusch_Éluard_735x1000.jpg","178233"
"828","Pablo Picasso","pablo-picasso","Portrait of Paul Éluard","1937","552","699","0.39","https://uploads4.wikiart.org/images/pablo-picasso/portrait-of-paul-éluard-1937.jpg","0828_Portrait_of_Paul_Éluard_552x699.jpg","147935"
"829","Pablo Picasso","pablo-picasso","Seated Portrait of Marie-Therese Walter","1937","751","1000","0.75","https://uploads2.wikiart.org/images/pablo-picasso/seated-portrait-of-marie-therese-walter-1937.jpg","0829_Seated_Portrait_of_Marie-Therese_Walter_751x1000.jpg","295667"
"830","Pablo Picasso","pablo-picasso","Still life with candle","1937","429","352","0.15","https://uploads3.wikiart.org/images/pablo-picasso/still-life-with-candle-1937.jpg","0830_Still_life_with_candle_429x352.jpg","39371"
"831","Pablo Picasso","pablo-picasso","Still life with candlestick","1937","903","1088","0.98","https://uploads8.wikiart.org/images/pablo-picasso/still-life-with-candlestick-1937.jpg","0831_Still_life_with_candlestick_903x1088.jpg","357835"
"832","Pablo Picasso","pablo-picasso","The Imploring","1937","825","1088","0.9","https://uploads3.wikiart.org/images/pablo-picasso/the-imploring-1937.jpg","0832_The_Imploring_825x1088.jpg","463704"
"833","Pablo Picasso","pablo-picasso","Untitled","1937","1000","779","0.78","https://uploads7.wikiart.org/images/pablo-picasso/untitled-1937.jpg","0833_Untitled_1000x779.jpg","325411"
"834","Pablo Picasso","pablo-picasso","Untitled","1937","1000","748","0.75","https://uploads0.wikiart.org/images/pablo-picasso/untitled-1937-1.jpg","0834_Untitled_1000x748.jpg","231516"
"835","Pablo Picasso","pablo-picasso","Untitled","1937","1000","731","0.73","https://uploads0.wikiart.org/images/pablo-picasso/untitled-1937-2.jpg","0835_Untitled_1000x731.jpg","323240"
"836","Pablo Picasso","pablo-picasso","Untitled","1937","823","1000","0.82","https://uploads0.wikiart.org/images/pablo-picasso/untitled-1937-3.jpg","0836_Untitled_823x1000.jpg","377977"
"837","Pablo Picasso","pablo-picasso","Untitled","1937","1000","752","0.75","https://uploads0.wikiart.org/images/pablo-picasso/untitled-1937-4.jpg","0837_Untitled_1000x752.jpg","308779"
"838","Pablo Picasso","pablo-picasso","Untitled","1937","759","1000","0.76","https://uploads0.wikiart.org/images/pablo-picasso/untitled-1937-5.jpg","0838_Untitled_759x1000.jpg","300895"
"839","Pablo Picasso","pablo-picasso","Untitled","1937","831","1000","0.83","https://uploads0.wikiart.org/images/pablo-picasso/untitled-1937-6.jpg","0839_Untitled_831x1000.jpg","285020"
"840","Pablo Picasso","pablo-picasso","Untitled","1937","828","1000","0.83","https://uploads0.wikiart.org/images/pablo-picasso/untitled-1937-7.jpg","0840_Untitled_828x1000.jpg","275130"
"841","Pablo Picasso","pablo-picasso","Untitled","1937","843","1000","0.84","https://uploads0.wikiart.org/images/pablo-picasso/untitled-1937-9.jpg","0841_Untitled_843x1000.jpg","276952"
"842","Pablo Picasso","pablo-picasso","Untitled","1937","712","1000","0.71","https://uploads1.wikiart.org/images/pablo-picasso/untitled-1937-10.jpg","0842_Untitled_712x1000.jpg","225679"
"843","Pablo Picasso","pablo-picasso","Untitled","1937","822","1000","0.82","https://uploads1.wikiart.org/images/pablo-picasso/untitled-1937-11.jpg","0843_Untitled_822x1000.jpg","281835"
"844","Pablo Picasso","pablo-picasso","Woman in beret and checked dress","1937","888","1088","0.97","https://uploads4.wikiart.org/images/pablo-picasso/woman-in-beret-and-checked-dress-1937.jpg","0844_Woman_in_beret_and_checked_dress_888x1088.jpg","503937"
"845","Pablo Picasso","pablo-picasso","Head of crying woman","1937","869","1088","0.95","https://uploads5.wikiart.org/images/pablo-picasso/head-of-crying-woman.jpg","0845_Head_of_crying_woman_869x1088.jpg","491132"
"846","Pablo Picasso","pablo-picasso","Man With Lollipop","1938","582","876","0.51","https://uploads7.wikiart.org/00243/images/pablo-picasso/man-with-loli.jpg","0846_Man_With_Lollipop_582x876.jpg","162730"
"847","Pablo Picasso","pablo-picasso","A rooster","1938","822","1000","0.82","https://uploads8.wikiart.org/images/pablo-picasso/a-rooster-1938.jpg","0847_A_rooster_822x1000.jpg","256151"
"848","Pablo Picasso","pablo-picasso","A rooster","1938","775","1088","0.84","https://uploads1.wikiart.org/images/pablo-picasso/a-rooster-1938-1.jpg","0848_A_rooster_775x1088.jpg","668057"
"849","Pablo Picasso","pablo-picasso","Candle, palette, head of red bull","1938","1088","812","0.88","https://uploads3.wikiart.org/images/pablo-picasso/candle-palette-head-of-red-bull-1938.jpg","0849_Candle,_palette,_head_of_red_bull_1088x812.jpg","467215"
"850","Pablo Picasso","pablo-picasso","Candle, palette, head of red bull","1938","1088","854","0.93","https://uploads5.wikiart.org/images/pablo-picasso/candle-palette-head-of-red-bull-1938-1.jpg","0850_Candle,_palette,_head_of_red_bull_1088x854.jpg","443216"
"851","Pablo Picasso","pablo-picasso","Faun's head","1938","891","1088","0.97","https://uploads1.wikiart.org/images/pablo-picasso/faun-s-head-1938.jpg","0851_Faun's_head_891x1088.jpg","690082"
"852","Pablo Picasso","pablo-picasso","Head","1938","809","1088","0.88","https://uploads0.wikiart.org/images/pablo-picasso/head-1.jpg","0852_Head_809x1088.jpg","679759"
"853","Pablo Picasso","pablo-picasso","Man with a straw hat and an ice-cream","1938","813","1088","0.88","https://uploads0.wikiart.org/images/pablo-picasso/man-with-a-straw-hat-and-an-ice-cream-1938.jpg","0853_Man_with_a_straw_hat_and_an_ice-cream_813x1088.jpg","469090"
"854","Pablo Picasso","pablo-picasso","Man with ice-cream cone","1938","814","1088","0.89","https://uploads4.wikiart.org/images/pablo-picasso/man-with-ice-cream-cone-1938.jpg","0854_Man_with_ice-cream_cone_814x1088.jpg","585905"
"855","Pablo Picasso","pablo-picasso","Man with straw hat","1938","893","1088","0.97","https://uploads8.wikiart.org/images/pablo-picasso/man-with-straw-hat-1938.jpg","0855_Man_with_straw_hat_893x1088.jpg","518303"
"856","Pablo Picasso","pablo-picasso","Maya with boat","1938","797","1088","0.87","https://uploads4.wikiart.org/images/pablo-picasso/maya-with-boat-1938.jpg","0856_Maya_with_boat_797x1088.jpg","549882"
"857","Pablo Picasso","pablo-picasso","Mother and child (Marie-Therese and Maya)","1938","844","1000","0.84","https://uploads2.wikiart.org/images/pablo-picasso/mother-and-child-marie-therese-and-maya-1938.jpg","0857_Mother_and_child_(Marie-Therese_and_Maya_844x1000.jpg","257131"
"858","Pablo Picasso","pablo-picasso","Portrait of Maya","1938","796","1000","0.8","https://uploads6.wikiart.org/images/pablo-picasso/portrait-of-maya-1938.jpg","0858_Portrait_of_Maya_796x1000.jpg","392608"
"859","Pablo Picasso","pablo-picasso","Portrait of Maya with her doll","1938","884","1088","0.96","https://uploads2.wikiart.org/images/pablo-picasso/portrait-of-maya-with-her-doll-1938.jpg","0859_Portrait_of_Maya_with_her_doll_884x1088.jpg","382592"
"860","Pablo Picasso","pablo-picasso","Seated woman in garden","1938","805","1088","0.88","https://uploads3.wikiart.org/images/pablo-picasso/seated-woman-in-garden-1938.jpg","0860_Seated_woman_in_garden_805x1088.jpg","575990"
"861","Pablo Picasso","pablo-picasso","Still life with a bull's head, book and candle range","1938","1088","811","0.88","https://uploads5.wikiart.org/images/pablo-picasso/still-life-with-a-bull-s-head-book-and-candle-range-1938.jpg","0861_Still_life_with_a_bull's_head,_book_and_1088x811.jpg","513066"
"862","Pablo Picasso","pablo-picasso","The sailor","1938","889","1088","0.97","https://uploads0.wikiart.org/images/pablo-picasso/the-sailor-1938.jpg","0862_The_sailor_889x1088.jpg","480600"
"863","Pablo Picasso","pablo-picasso","Untitled","1938","1000","835","0.84","https://uploads7.wikiart.org/images/pablo-picasso/untitled-1938.jpg","0863_Untitled_1000x835.jpg","222501"
"864","Pablo Picasso","pablo-picasso","Untitled","1938","1000","835","0.84","https://uploads0.wikiart.org/images/pablo-picasso/untitled-1938-1.jpg","0864_Untitled_1000x835.jpg","262500"
"865","Pablo Picasso","pablo-picasso","Untitled","1938","1000","810","0.81","https://uploads0.wikiart.org/images/pablo-picasso/untitled-1938-2.jpg","0865_Untitled_1000x810.jpg","247737"
"866","Pablo Picasso","pablo-picasso","Untitled","1938","856","1000","0.86","https://uploads0.wikiart.org/images/pablo-picasso/untitled-1938-3.jpg","0866_Untitled_856x1000.jpg","294799"
"867","Pablo Picasso","pablo-picasso","Untitled","1938","831","1000","0.83","https://uploads0.wikiart.org/images/pablo-picasso/untitled-1938-4.jpg","0867_Untitled_831x1000.jpg","328639"
"868","Pablo Picasso","pablo-picasso","Woman sitting in an armchair","1938","703","1000","0.7","https://uploads0.wikiart.org/images/pablo-picasso/woman-sitting-in-an-armchair-1938.jpg","0868_Woman_sitting_in_an_armchair_703x1000.jpg","223942"
"869","Pablo Picasso","pablo-picasso","Woman with cockerel","1938","888","1088","0.97","https://uploads0.wikiart.org/images/pablo-picasso/woman-with-cockerel-1938.jpg","0869_Woman_with_cockerel_888x1088.jpg","527094"
"870","Pablo Picasso","pablo-picasso","Woman with straw hat on flowery background","1938","895","1088","0.97","https://uploads5.wikiart.org/images/pablo-picasso/woman-with-straw-hat-on-flowery-background-1938.jpg","0870_Woman_with_straw_hat_on_flowery_backgrou_895x1088.jpg","636617"
"871","Pablo Picasso","pablo-picasso","Women at their toilette","1938","1088","737","0.8","https://uploads4.wikiart.org/images/pablo-picasso/women-at-their-toilette-1938.jpg","0871_Women_at_their_toilette_1088x737.jpg","280157"
"872","Pablo Picasso","pablo-picasso","Young Tormented Girl","1939","558","692","0.39","https://uploads5.wikiart.org/00235/images/pablo-picasso/191.jpg","0872_Young_Tormented_Girl_558x692.jpg","26195"
"873","Pablo Picasso","pablo-picasso","Femme Assise, Robe Bleue","1939","2620","3200","8.38","https://uploads1.wikiart.org/00234/images/pablo-picasso/2017-nyr-14183-0012a-000-pablo-picasso-femme-assise-robe-bleue.jpg","0873_Femme_Assise,_Robe_Bleue_2620x3200.jpg","917902"
"874","Pablo Picasso","pablo-picasso","Bust of woman","1939","714","1088","0.78","https://uploads3.wikiart.org/images/pablo-picasso/bust-of-woman-1939.jpg","0874_Bust_of_woman_714x1088.jpg","457821"
"875","Pablo Picasso","pablo-picasso","Cat catching a bird","1939","723","573","0.41","https://uploads0.wikiart.org/images/pablo-picasso/cat-catching-a-bird-1939.jpg","0875_Cat_catching_a_bird_723x573.jpg","153245"
"876","Pablo Picasso","pablo-picasso","Cat eating a bird","1939","1088","808","0.88","https://uploads7.wikiart.org/images/pablo-picasso/cat-eating-a-bird-1939.jpg","0876_Cat_eating_a_bird_1088x808.jpg","456329"
"877","Pablo Picasso","pablo-picasso","Contemplating people","1939","365","480","0.18","https://uploads1.wikiart.org/images/pablo-picasso/contemplating-people-1939.jpg","0877_Contemplating_people_365x480.jpg","17564"
"878","Pablo Picasso","pablo-picasso","Dora Maar","1939","893","1088","0.97","https://uploads8.wikiart.org/images/pablo-picasso/dora-maar-1939.jpg","0878_Dora_Maar_893x1088.jpg","575404"
"879","Pablo Picasso","pablo-picasso","Head of a woman","1939","736","1088","0.8","https://uploads5.wikiart.org/images/pablo-picasso/head-of-a-woman-1939.jpg","0879_Head_of_a_woman_736x1088.jpg","515755"
"880","Pablo Picasso","pablo-picasso","Marie-Therese leaning","1939","751","1088","0.82","https://uploads2.wikiart.org/images/pablo-picasso/marie-therese-leaning-1939.jpg","0880_Marie-Therese_leaning_751x1088.jpg","445895"
"881","Pablo Picasso","pablo-picasso","Night fishing at Antibes","1939","1088","648","0.71","https://uploads5.wikiart.org/images/pablo-picasso/night-fishing-at-antibes-1939.jpg","0881_Night_fishing_at_Antibes_1088x648.jpg","396517"
"882","Pablo Picasso","pablo-picasso","Portrait of Jaime Sabartes as Grandee","1939","879","1088","0.96","https://uploads0.wikiart.org/images/pablo-picasso/portrait-of-jaime-sabartes-as-grandee-1939.jpg","0882_Portrait_of_Jaime_Sabartes_as_Grandee_879x1088.jpg","541640"
"883","Pablo Picasso","pablo-picasso","Seated female nude","1939","496","658","0.33","https://uploads8.wikiart.org/images/pablo-picasso/seated-female-nude-1939.jpg","0883_Seated_female_nude_496x658.jpg","30963"
"884","Pablo Picasso","pablo-picasso","Seated woman","1939","857","1088","0.93","https://uploads2.wikiart.org/images/pablo-picasso/seated-woman-1939.jpg","0884_Seated_woman_857x1088.jpg","687885"
"885","Pablo Picasso","pablo-picasso","Seated woman with blue and red hat","1939","783","1000","0.78","https://uploads6.wikiart.org/images/pablo-picasso/seated-woman-with-blue-and-red-hat-1939.jpg","0885_Seated_woman_with_blue_and_red_hat_783x1000.jpg","312598"
"886","Pablo Picasso","pablo-picasso","Still life with bull's skull","1939","1088","703","0.76","https://uploads0.wikiart.org/images/pablo-picasso/still-life-with-bull-s-skull-1939.jpg","0886_Still_life_with_bull's_skull_1088x703.jpg","434552"
"887","Pablo Picasso","pablo-picasso","The yellow shirt (Dora Maar)","1939","864","1088","0.94","https://uploads7.wikiart.org/images/pablo-picasso/the-yellow-shirt-dora-maar-1939.jpg","0887_The_yellow_shirt_(Dora_Maar)_864x1088.jpg","512966"
"888","Pablo Picasso","pablo-picasso","Untitled","1939","683","1000","0.68","https://uploads7.wikiart.org/images/pablo-picasso/untitled-1939.jpg","0888_Untitled_683x1000.jpg","277629"
"889","Pablo Picasso","pablo-picasso","Untitled","1939","1000","788","0.79","https://uploads0.wikiart.org/images/pablo-picasso/untitled-1939-1.jpg","0889_Untitled_1000x788.jpg","273179"
"890","Pablo Picasso","pablo-picasso","Untitled","1939","809","1000","0.81","https://uploads0.wikiart.org/images/pablo-picasso/untitled-1939-2.jpg","0890_Untitled_809x1000.jpg","280226"
"891","Pablo Picasso","pablo-picasso","Untitled","1939","771","1000","0.77","https://uploads0.wikiart.org/images/pablo-picasso/untitled-1939-3.jpg","0891_Untitled_771x1000.jpg","290239"
"892","Pablo Picasso","pablo-picasso","Untitled","1939","823","1000","0.82","https://uploads0.wikiart.org/images/pablo-picasso/untitled-1939-4.jpg","0892_Untitled_823x1000.jpg","329492"
"893","Pablo Picasso","pablo-picasso","Untitled","1939","1000","653","0.65","https://uploads0.wikiart.org/images/pablo-picasso/untitled-1939-5.jpg","0893_Untitled_1000x653.jpg","287340"
"894","Pablo Picasso","pablo-picasso","Untitled","1939","623","1000","0.62","https://uploads0.wikiart.org/images/pablo-picasso/untitled-1939-6.jpg","0894_Untitled_623x1000.jpg","251324"
"895","Pablo Picasso","pablo-picasso","Untitled","1939","750","1000","0.75","https://uploads0.wikiart.org/images/pablo-picasso/untitled-1939-7.jpg","0895_Untitled_750x1000.jpg","179257"
"896","Pablo Picasso","pablo-picasso","Untitled","1939","625","1000","0.62","https://uploads0.wikiart.org/images/pablo-picasso/untitled-1939-8.jpg","0896_Untitled_625x1000.jpg","219160"
"897","Pablo Picasso","pablo-picasso","Woman sitting in an armchair","1939","861","1088","0.94","https://uploads0.wikiart.org/images/pablo-picasso/woman-sitting-in-an-armchair-1939.jpg","0897_Woman_sitting_in_an_armchair_861x1088.jpg","675139"
"898","Pablo Picasso","pablo-picasso","Woman sitting in red armchair","1939","820","1000","0.82","https://uploads1.wikiart.org/images/pablo-picasso/woman-sitting-in-red-armchair-1939.jpg","0898_Woman_sitting_in_red_armchair_820x1000.jpg","265742"
"899","Pablo Picasso","pablo-picasso","Woman's head","1939","906","1088","0.99","https://uploads2.wikiart.org/images/pablo-picasso/woman-s-head-1939.jpg","0899_Woman's_head_906x1088.jpg","481974"
"900","Pablo Picasso","pablo-picasso","A hat with flowers","1940","657","815","0.54","https://uploads8.wikiart.org/images/pablo-picasso/a-hat-with-flowers-1940.jpg","0900_A_hat_with_flowers_657x815.jpg","145036"
"901","Pablo Picasso","pablo-picasso","Café in Royan","1940","1088","872","0.95","https://uploads3.wikiart.org/images/pablo-picasso/café-in-royan-1940.jpg","0901_Café_in_Royan_1088x872.jpg","470232"
"902","Pablo Picasso","pablo-picasso","Café 'Royan'","1940","816","672","0.55","https://uploads0.wikiart.org/images/pablo-picasso/café-royan-1940.jpg","0902_Café_'Royan'_816x672.jpg","176335"
"903","Pablo Picasso","pablo-picasso","Woman styling her hair","1940","791","1088","0.86","https://uploads3.wikiart.org/images/pablo-picasso/woman-styling-her-hair-1940.jpg","0903_Woman_styling_her_hair_791x1088.jpg","352216"
"904","Pablo Picasso","pablo-picasso","Dora Maar with Cat","1941","2600","3553","9.24","https://uploads1.wikiart.org/00304/images/pablo-picasso/dora-maar-with-cat.jpeg","0904_Dora_Maar_with_Cat_2600x3553.jpeg","626999"
"905","Pablo Picasso","pablo-picasso","Boy with a langosta","1941","802","1088","0.87","https://uploads0.wikiart.org/images/pablo-picasso/boy-with-a-langosta-1941.jpg","0905_Boy_with_a_langosta_802x1088.jpg","496054"
"906","Pablo Picasso","pablo-picasso","Female bust (Portrait de Dora Maar)","1941","332","420","0.14","https://uploads5.wikiart.org/images/pablo-picasso/female-bust-portrait-de-dora-maar-1941.jpg","0906_Female_bust_(Portrait_de_Dora_Maar)_332x420.jpg","36372"
"907","Pablo Picasso","pablo-picasso","Female nude","1941","768","1088","0.84","https://uploads1.wikiart.org/images/pablo-picasso/female-nude-1941.jpg","0907_Female_nude_768x1088.jpg","409018"
"908","Pablo Picasso","pablo-picasso","Portrait of Nusch Éluard","1941","700","852","0.6","https://uploads5.wikiart.org/images/pablo-picasso/portrait-of-nusch-éluard-1941.jpg","0908_Portrait_of_Nusch_Éluard_700x852.jpg","231215"
"909","Pablo Picasso","pablo-picasso","Seated Dora Maar","1941","877","1088","0.95","https://uploads6.wikiart.org/images/pablo-picasso/seated-dora-maar-1941.jpg","0909_Seated_Dora_Maar_877x1088.jpg","571568"
"910","Pablo Picasso","pablo-picasso","Seated woman","1941","314","400","0.13","https://uploads2.wikiart.org/images/pablo-picasso/seated-woman-1941.jpg","0910_Seated_woman_314x400.jpg","23859"
"911","Pablo Picasso","pablo-picasso","Seated woman on wooden chair","1941","789","1088","0.86","https://uploads0.wikiart.org/images/pablo-picasso/seated-woman-on-wooden-chair-1941.jpg","0911_Seated_woman_on_wooden_chair_789x1088.jpg","645503"
"912","Pablo Picasso","pablo-picasso","Seated woman with spelling book","1941","774","1000","0.77","https://uploads3.wikiart.org/images/pablo-picasso/seated-woman-with-spelling-book-1941.jpg","0912_Seated_woman_with_spelling_book_774x1000.jpg","223465"
"913","Pablo Picasso","pablo-picasso","Woman in an armchair","1941","736","1088","0.8","https://uploads1.wikiart.org/images/pablo-picasso/woman-in-an-armchair-1941.jpg","0913_Woman_in_an_armchair_736x1088.jpg","392472"
"914","Pablo Picasso","pablo-picasso","Woman in striped armchair","1941","802","1088","0.87","https://uploads6.wikiart.org/images/pablo-picasso/woman-in-striped-armchair-1941.jpg","0914_Woman_in_striped_armchair_802x1088.jpg","552493"
"915","Pablo Picasso","pablo-picasso","Woman sitting in an armchair","1941","875","1088","0.95","https://uploads0.wikiart.org/images/pablo-picasso/woman-sitting-in-an-armchair-1941.jpg","0915_Woman_sitting_in_an_armchair_875x1088.jpg","710687"
"916","Pablo Picasso","pablo-picasso","Woman sitting in an armchair","1941","804","1088","0.87","https://uploads2.wikiart.org/images/pablo-picasso/woman-sitting-in-an-armchair-1941-1.jpg","0916_Woman_sitting_in_an_armchair_804x1088.jpg","469660"
"917","Pablo Picasso","pablo-picasso","Woman sitting in an armchair","1941","312","400","0.12","https://uploads2.wikiart.org/images/pablo-picasso/woman-sitting-in-an-armchair-1941-2.jpg","0917_Woman_sitting_in_an_armchair_312x400.jpg","29522"
"918","Pablo Picasso","pablo-picasso","Woman in an Armchair","1941","1136","1440","1.64","https://uploads3.wikiart.org/images/pablo-picasso/woman-in-an-armchair-1941-1.jpg","0918_Woman_in_an_Armchair_1136x1440.jpg","521453"
"919","Pablo Picasso","pablo-picasso","Bust of a woman","1941","881","1088","0.96","https://uploads5.wikiart.org/images/pablo-picasso/bust-of-a-woman-1942.jpg","0919_Bust_of_a_woman_881x1088.jpg","526006"
"920","Pablo Picasso","pablo-picasso","Bull's Head","1942","1200","975","1.17","https://uploads0.wikiart.org/00292/images/pablo-picasso/1.jpg","0920_Bull's_Head_1200x975.jpg","92430"
"921","Pablo Picasso","pablo-picasso","Bull's head on the table","1942","590","773","0.46","https://uploads5.wikiart.org/images/pablo-picasso/bull-s-head-on-the-table-1942.jpg","0921_Bull's_head_on_the_table_590x773.jpg","140180"
"922","Pablo Picasso","pablo-picasso","Portrait of woman (Dora Maar)","1942","882","1088","0.96","https://uploads8.wikiart.org/images/pablo-picasso/portrait-of-woman-dora-maar-1942.jpg","0922_Portrait_of_woman_(Dora_Maar)_882x1088.jpg","545167"
"923","Pablo Picasso","pablo-picasso","Seated Woman with Fish","1942","875","1088","0.95","https://uploads3.wikiart.org/images/pablo-picasso/seated-woman-with-fish-1942.jpg","0923_Seated_Woman_with_Fish_875x1088.jpg","535831"
"924","Pablo Picasso","pablo-picasso","Still life with Guitar","1942","882","1088","0.96","https://uploads3.wikiart.org/images/pablo-picasso/still-life-with-guitar-1942.jpg","0924_Still_life_with_Guitar_882x1088.jpg","569723"
"925","Pablo Picasso","pablo-picasso","Still life with skull of ox","1942","808","1088","0.88","https://uploads8.wikiart.org/images/pablo-picasso/still-life-with-skull-of-ox-1942.jpg","0925_Still_life_with_skull_of_ox_808x1088.jpg","323505"
"926","Pablo Picasso","pablo-picasso","The serenade","1942","1088","789","0.86","https://uploads2.wikiart.org/images/pablo-picasso/the-serenade-1942.jpg","0926_The_serenade_1088x789.jpg","396609"
"927","Pablo Picasso","pablo-picasso","Portrait of woman","1942","879","1088","0.96","https://uploads2.wikiart.org/images/pablo-picasso/portrait-of-woman.jpg","0927_Portrait_of_woman_879x1088.jpg","549570"
"928","Pablo Picasso","pablo-picasso","Sleeping man and sitting woman","1942","1088","857","0.93","https://uploads6.wikiart.org/images/pablo-picasso/sleeping-man-and-sitting-woman.jpg","0928_Sleeping_man_and_sitting_woman_1088x857.jpg","431075"
"929","Pablo Picasso","pablo-picasso","Sleeping man and sitting woman","1942","1088","864","0.94","https://uploads8.wikiart.org/images/pablo-picasso/sleeping-man-and-sitting-woman-1.jpg","0929_Sleeping_man_and_sitting_woman_1088x864.jpg","467720"
"930","Pablo Picasso","pablo-picasso","Le Marin","1943","1417","2302","3.26","https://uploads7.wikiart.org/00234/images/pablo-picasso/picasso-sailor.jpg","0930_Le_Marin_1417x2302.jpg","1192519"
"931","Pablo Picasso","pablo-picasso","A child with pigeons","1943","866","1088","0.94","https://uploads1.wikiart.org/images/pablo-picasso/a-child-with-pigeons-1943.jpg","0931_A_child_with_pigeons_866x1088.jpg","521800"
"932","Pablo Picasso","pablo-picasso","Bust of woman","1943","317","400","0.13","https://uploads3.wikiart.org/images/pablo-picasso/bust-of-woman-1943.jpg","0932_Bust_of_woman_317x400.jpg","20072"
"933","Pablo Picasso","pablo-picasso","Firsts steps","1943","408","544","0.22","https://uploads2.wikiart.org/images/pablo-picasso/firsts-steps-1943.jpg","0933_Firsts_steps_408x544.jpg","134671"
"934","Pablo Picasso","pablo-picasso","Head of woman","1943","689","983","0.68","https://uploads3.wikiart.org/images/pablo-picasso/head-of-woman-1943.jpg","0934_Head_of_woman_689x983.jpg","249293"
"935","Pablo Picasso","pablo-picasso","Portrait of D. M.","1943","585","782","0.46","https://uploads5.wikiart.org/images/pablo-picasso/portrait-of-d-m-1943.jpg","0935_Portrait_of_D._M_585x782.jpg","125575"
"936","Pablo Picasso","pablo-picasso","Skull, urchins and lamp on a table","1943","1088","877","0.95","https://uploads5.wikiart.org/images/pablo-picasso/skull-urchins-and-lamp-on-a-table-1943.jpg","0936_Skull,_urchins_and_lamp_on_a_table_1088x877.jpg","490002"
"937","Pablo Picasso","pablo-picasso","Square du Vert-Galant","1943","791","576","0.46","https://uploads2.wikiart.org/images/pablo-picasso/square-du-vert-galant-1943.jpg","0937_Square_du_Vert-Galant_791x576.jpg","178920"
"938","Pablo Picasso","pablo-picasso","The Buffet 'Catalan'","1943","400","326","0.13","https://uploads8.wikiart.org/images/pablo-picasso/the-buffet-catalan-1943.jpg","0938_The_Buffet_'Catalan'_400x326.jpg","20992"
"939","Pablo Picasso","pablo-picasso","The buffet of 'Catalan'","1943","1088","880","0.96","https://uploads2.wikiart.org/images/pablo-picasso/the-buffet-of-catalan-1943.jpg","0939_The_buffet_of_'Catalan'_1088x880.jpg","483424"
"940","Pablo Picasso","pablo-picasso","Vase with flowers","1943","763","1000","0.76","https://uploads7.wikiart.org/images/pablo-picasso/vase-with-flowers-1943.jpg","0940_Vase_with_flowers_763x1000.jpg","241477"
"941","Pablo Picasso","pablo-picasso","Vase with flowers","1943","400","326","0.13","https://uploads0.wikiart.org/images/pablo-picasso/vase-with-flowers-1943-1.jpg","0941_Vase_with_flowers_400x326.jpg","20339"
"942","Pablo Picasso","pablo-picasso","Woman with hat","1943","848","1088","0.92","https://uploads4.wikiart.org/images/pablo-picasso/woman-with-hat-1943.jpg","0942_Woman_with_hat_848x1088.jpg","524288"
"943","Pablo Picasso","pablo-picasso","Glass and pitcher","1944","1088","861","0.94","https://uploads7.wikiart.org/images/pablo-picasso/glass-and-pitcher-1944.jpg","0943_Glass_and_pitcher_1088x861.jpg","476793"
"944","Pablo Picasso","pablo-picasso","Still life with lamp","1944","1088","848","0.92","https://uploads1.wikiart.org/images/pablo-picasso/still-life-with-lamp-1944.jpg","0944_Still_life_with_lamp_1088x848.jpg","626001"
"945","Pablo Picasso","pablo-picasso","Tomato plant","1944","870","1088","0.95","https://uploads2.wikiart.org/images/pablo-picasso/tomato-plant-1944.jpg","0945_Tomato_plant_870x1088.jpg","589715"
"946","Pablo Picasso","pablo-picasso","Woman washing her feet","1944","850","1088","0.92","https://uploads3.wikiart.org/images/pablo-picasso/woman-washing-her-feet-1944.jpg","0946_Woman_washing_her_feet_850x1088.jpg","605148"
"947","Pablo Picasso","pablo-picasso","Woman with brooch","1944","585","794","0.46","https://uploads7.wikiart.org/images/pablo-picasso/woman-with-brooch-1944.jpg","0947_Woman_with_brooch_585x794.jpg","139406"
"948","Pablo Picasso","pablo-picasso","The bird cage","1944","745","1088","0.81","https://uploads7.wikiart.org/images/pablo-picasso/the-bird-cage.jpg","0948_The_bird_cage_745x1088.jpg","264149"
"949","Pablo Picasso","pablo-picasso","Woman in green","1944","471","640","0.3","https://uploads1.wikiart.org/00163/images/pablo-picasso/large.jpg","0949_Woman_in_green_471x640.jpg","151357"
"950","Pablo Picasso","pablo-picasso","The Charnel House","1945","2000","1594","3.19","https://uploads2.wikiart.org/00251/images/pablo-picasso/cri-000000456393.jpg","0950_The_Charnel_House_2000x1594.jpg","2434924"
"951","Pablo Picasso","pablo-picasso","Bull (plate I)","1945","1088","757","0.82","https://uploads2.wikiart.org/images/pablo-picasso/bull-plate-i-1945.jpg","0951_Bull_(plate_I)_1088x757.jpg","515884"
"952","Pablo Picasso","pablo-picasso","Bull (plate II)","1945","520","380","0.2","https://uploads3.wikiart.org/images/pablo-picasso/bull-plate-ii-1945.jpg","0952_Bull_(plate_II)_520x380.jpg","28895"
"953","Pablo Picasso","pablo-picasso","Bull (plate III)","1945","500","385","0.19","https://uploads4.wikiart.org/images/pablo-picasso/bull-plate-iii-1945.jpg","0953_Bull_(plate_III)_500x385.jpg","100170"
"954","Pablo Picasso","pablo-picasso","Bull (plate IV)","1945","1088","757","0.82","https://uploads3.wikiart.org/images/pablo-picasso/bull-plate-iv-1945.jpg","0954_Bull_(plate_IV)_1088x757.jpg","364840"
"955","Pablo Picasso","pablo-picasso","Bull (plate V)","1945","1088","729","0.79","https://uploads2.wikiart.org/images/pablo-picasso/bull-plate-v-1945.jpg","0955_Bull_(plate_V)_1088x729.jpg","493359"
"956","Pablo Picasso","pablo-picasso","Bull (plate VI)","1945","1088","809","0.88","https://uploads3.wikiart.org/images/pablo-picasso/bull-plate-vi-1945.jpg","0956_Bull_(plate_VI)_1088x809.jpg","433903"
"957","Pablo Picasso","pablo-picasso","Bull (plate VII)","1945","1088","757","0.82","https://uploads4.wikiart.org/images/pablo-picasso/bull-plate-vii-1945.jpg","0957_Bull_(plate_VII)_1088x757.jpg","519694"
"958","Pablo Picasso","pablo-picasso","Child with flower","1945","672","1088","0.73","https://uploads7.wikiart.org/images/pablo-picasso/child-with-flower-1945.jpg","0958_Child_with_flower_672x1088.jpg","320696"
"959","Pablo Picasso","pablo-picasso","Crane and pitcher","1945","892","707","0.63","https://uploads7.wikiart.org/images/pablo-picasso/crane-and-pitcher-1945.jpg","0959_Crane_and_pitcher_892x707.jpg","150620"
"960","Pablo Picasso","pablo-picasso","Figure","1945","754","1000","0.75","https://uploads5.wikiart.org/images/pablo-picasso/figure-1945.jpg","0960_Figure_754x1000.jpg","195786"
"961","Pablo Picasso","pablo-picasso","Jug, candle and enamel pan","1945","1088","830","0.9","https://uploads6.wikiart.org/images/pablo-picasso/jug-candle-and-enamel-pan-1945.jpg","0961_Jug,_candle_and_enamel_pan_1088x830.jpg","486511"
"962","Pablo Picasso","pablo-picasso","Leeks, fish head, skull and pitcher","1945","1088","764","0.83","https://uploads5.wikiart.org/images/pablo-picasso/leeks-fish-head-skull-and-pitcher-1945.jpg","0962_Leeks,_fish_head,_skull_and_pitcher_1088x764.jpg","486280"
"963","Pablo Picasso","pablo-picasso","Scenes of bullfighting","1945","1088","872","0.95","https://uploads3.wikiart.org/images/pablo-picasso/scenes-of-bullfighting-1945.jpg","0963_Scenes_of_bullfighting_1088x872.jpg","272334"
"964","Pablo Picasso","pablo-picasso","Seated woman with flat hat","1945","687","1000","0.69","https://uploads7.wikiart.org/images/pablo-picasso/seated-woman-with-flat-hat-1945.jpg","0964_Seated_woman_with_flat_hat_687x1000.jpg","214017"
"965","Pablo Picasso","pablo-picasso","Skull and leeks","1945","807","611","0.49","https://uploads5.wikiart.org/images/pablo-picasso/skull-and-leeks-1945.jpg","0965_Skull_and_leeks_807x611.jpg","172063"
"966","Pablo Picasso","pablo-picasso","The mass grave","1945","1088","859","0.93","https://uploads8.wikiart.org/images/pablo-picasso/the-mass-grave.jpg","0966_The_mass_grave_1088x859.jpg","492448"
"967","Pablo Picasso","pablo-picasso","Bull (plate IX)","1946","475","346","0.16","https://uploads3.wikiart.org/images/pablo-picasso/bull-plate-ix-1946.jpg","0967_Bull_(plate_IX)_475x346.jpg","52847"
"968","Pablo Picasso","pablo-picasso","Bull (plate VIII)","1946","500","310","0.16","https://uploads5.wikiart.org/images/pablo-picasso/bull-plate-viii-1946.jpg","0968_Bull_(plate_VIII)_500x310.jpg","56951"
"969","Pablo Picasso","pablo-picasso","Bull (plate X)","1946","1088","757","0.82","https://uploads2.wikiart.org/images/pablo-picasso/bull-plate-x-1946.jpg","0969_Bull_(plate_X)_1088x757.jpg","492663"
"970","Pablo Picasso","pablo-picasso","Bull (plate XI)","1946","500","367","0.18","https://uploads3.wikiart.org/images/pablo-picasso/bull-plate-xi-1946.jpg","0970_Bull_(plate_XI)_500x367.jpg","44553"
"971","Pablo Picasso","pablo-picasso","Bull (study)","1946","1088","664","0.72","https://uploads0.wikiart.org/images/pablo-picasso/bull-study-1946.jpg","0971_Bull_(study)_1088x664.jpg","355539"
"972","Pablo Picasso","pablo-picasso","Composition","1946","699","1000","0.7","https://uploads1.wikiart.org/images/pablo-picasso/composition-1946.jpg","0972_Composition_699x1000.jpg","190040"
"973","Pablo Picasso","pablo-picasso","Crane, book and oil lamp","1946","1088","907","0.99","https://uploads4.wikiart.org/images/pablo-picasso/crane-book-and-oil-lamp-1946.jpg","0973_Crane,_book_and_oil_lamp_1088x907.jpg","672057"
"974","Pablo Picasso","pablo-picasso","Head of a woman with green curls","1946","832","1088","0.91","https://uploads4.wikiart.org/images/pablo-picasso/head-of-a-woman-with-green-curls-1946.jpg","0974_Head_of_a_woman_with_green_curls_832x1088.jpg","624249"
"975","Pablo Picasso","pablo-picasso","Lust for life (Pastorale)","1946","1088","503","0.55","https://uploads4.wikiart.org/images/pablo-picasso/lust-for-life-pastorale-1946.jpg","0975_Lust_for_life_(Pastorale)_1088x503.jpg","333814"
"976","Pablo Picasso","pablo-picasso","Owl on a chair and sea urchins","1946","585","611","0.36","https://uploads2.wikiart.org/images/pablo-picasso/owl-on-a-chair-and-sea-urchins-1946.jpg","0976_Owl_on_a_chair_and_sea_urchins_585x611.jpg","109847"
"977","Pablo Picasso","pablo-picasso","Standing woman","1946","624","1000","0.62","https://uploads4.wikiart.org/images/pablo-picasso/standing-woman-1946.jpg","0977_Standing_woman_624x1000.jpg","208830"
"978","Pablo Picasso","pablo-picasso","Still life with skull on an armchair","1946","762","1000","0.76","https://uploads8.wikiart.org/images/pablo-picasso/still-life-with-skull-on-an-armchair-1946.jpg","0978_Still_life_with_skull_on_an_armchair_762x1000.jpg","218410"
"979","Pablo Picasso","pablo-picasso","Two nude women","1946","867","640","0.55","https://uploads4.wikiart.org/images/pablo-picasso/two-nude-women-1946.jpg","0979_Two_nude_women_867x640.jpg","119163"
"980","Pablo Picasso","pablo-picasso","Ulysses and sirens","1946","774","1170","0.91","https://uploads8.wikiart.org/images/pablo-picasso/ulysses-and-sirens-1946.jpg","0980_Ulysses_and_sirens_774x1170.jpg","266491"
"981","Pablo Picasso","pablo-picasso","Cock and knife","1947","795","693","0.55","https://uploads4.wikiart.org/images/pablo-picasso/cock-and-knife-1947.jpg","0981_Cock_and_knife_795x693.jpg","157418"
"982","Pablo Picasso","pablo-picasso","Head of a Girl","1947","459","640","0.29","https://uploads4.wikiart.org/images/pablo-picasso/head-of-a-girl-1947.jpg","0982_Head_of_a_Girl_459x640.jpg","54897"
"983","Pablo Picasso","pablo-picasso","Pigeon","1947","695","573","0.4","https://uploads5.wikiart.org/images/pablo-picasso/pigeon-1947.jpg","0983_Pigeon_695x573.jpg","128581"
"984","Pablo Picasso","pablo-picasso","Still life","1947","1088","886","0.96","https://uploads2.wikiart.org/images/pablo-picasso/still-life-1947-1.jpg","0984_Still_life_1088x886.jpg","505826"
"985","Pablo Picasso","pablo-picasso","Still life on a table","1947","870","1088","0.95","https://uploads2.wikiart.org/images/pablo-picasso/still-life-on-a-table-1947.jpg","0985_Still_life_on_a_table_870x1088.jpg","578190"
"986","Pablo Picasso","pablo-picasso","Pigeon","1948","768","768","0.59","https://uploads7.wikiart.org/00223/images/pablo-picasso/5c61e8b3edc2c90c3cc19537.jpg","0986_Pigeon_768x768.jpg","92956"
"987","Pablo Picasso","pablo-picasso","Claude in the arms of his mother","1948","886","1088","0.96","https://uploads4.wikiart.org/images/pablo-picasso/claude-in-the-arms-of-his-mother-1948.jpg","0987_Claude_in_the_arms_of_his_mother_886x1088.jpg","786891"
"988","Pablo Picasso","pablo-picasso","Claude with a ball","1948","866","1088","0.94","https://uploads8.wikiart.org/images/pablo-picasso/claude-with-a-ball-1948.jpg","0988_Claude_with_a_ball_866x1088.jpg","692405"
"989","Pablo Picasso","pablo-picasso","The kitchen","1948","765","517","0.4","https://uploads1.wikiart.org/images/pablo-picasso/the-kitchen-1948.jpg","0989_The_kitchen_765x517.jpg","160282"
"990","Pablo Picasso","pablo-picasso","The kitchen","1948","1088","741","0.81","https://uploads3.wikiart.org/images/pablo-picasso/the-kitchen-1948-1.jpg","0990_The_kitchen_1088x741.jpg","345688"
"991","Pablo Picasso","pablo-picasso","Woman sitting in an armchair","1948","864","1088","0.94","https://uploads0.wikiart.org/images/pablo-picasso/woman-sitting-in-an-armchair-1948.jpg","0991_Woman_sitting_in_an_armchair_864x1088.jpg","374665"
"992","Pablo Picasso","pablo-picasso","Claude, two years old, and his hobby horse","1949","585","789","0.46","https://uploads3.wikiart.org/images/pablo-picasso/claude-two-years-old-and-his-hobby-horse-1949.jpg","0992_Claude,_two_years_old,_and_his_hobby_hor_585x789.jpg","161791"
"993","Pablo Picasso","pablo-picasso","Head of Faun","1949","375","554","0.21","https://uploads2.wikiart.org/images/pablo-picasso/head-of-faun-1949.jpg","0993_Head_of_Faun_375x554.jpg","24615"
"994","Pablo Picasso","pablo-picasso","Seated Francoise with blue dress","1949","766","1000","0.77","https://uploads4.wikiart.org/images/pablo-picasso/seated-francoise-with-blue-dress-1949.jpg","0994_Seated_Francoise_with_blue_dress_766x1000.jpg","257604"
"995","Pablo Picasso","pablo-picasso","Woman sitting in an armchair","1949","788","1000","0.79","https://uploads0.wikiart.org/images/pablo-picasso/woman-sitting-in-an-armchair-1949.jpg","0995_Woman_sitting_in_an_armchair_788x1000.jpg","259331"
"996","Pablo Picasso","pablo-picasso","Claude and Paloma playing","1950","438","355","0.16","https://uploads6.wikiart.org/images/pablo-picasso/claude-and-paloma-playing-1950.jpg","0996_Claude_and_Paloma_playing_438x355.jpg","48158"
"997","Pablo Picasso","pablo-picasso","Drawing woman surrounded by her children","1950","650","1000","0.65","https://uploads3.wikiart.org/images/pablo-picasso/drawing-woman-surrounded-by-her-children-1950.jpg","0997_Drawing_woman_surrounded_by_her_children_650x1000.jpg","251274"
"998","Pablo Picasso","pablo-picasso","Head of a Girl","1950","310","379","0.12","https://uploads4.wikiart.org/images/pablo-picasso/head-of-a-girl-1950.jpg","0998_Head_of_a_Girl_310x379.jpg","21584"
"999","Pablo Picasso","pablo-picasso","Massacre in Korea","1951","1200","628","0.75","https://uploads1.wikiart.org/00234/images/pablo-picasso/massacre-in-korea.jpg","0999_Massacre_in_Korea_1200x628.jpg","174594"
"1000","Pablo Picasso","pablo-picasso","Francoise Gilot with Paloma and Claude","1951","439","344","0.15","https://uploads1.wikiart.org/images/pablo-picasso/francoise-gilot-with-paloma-and-claude-1951.jpg","1000_Francoise_Gilot_with_Paloma_and_Claude_439x344.jpg","35467"
"1001","Pablo Picasso","pablo-picasso","Picador on the horseback on arena","1951","729","591","0.43","https://uploads5.wikiart.org/images/pablo-picasso/picador-on-the-horseback-on-arena-1951.jpg","1001_Picador_on_the_horseback_on_arena_729x591.jpg","61882"
"1002","Pablo Picasso","pablo-picasso","Portrait of child","1951","729","1039","0.76","https://uploads7.wikiart.org/images/pablo-picasso/portrait-of-child-1951.jpg","1002_Portrait_of_child_729x1039.jpg","88038"
"1003","Pablo Picasso","pablo-picasso","Smoke over Vallauris","1951","723","573","0.41","https://uploads1.wikiart.org/images/pablo-picasso/smoke-over-vallauris-1951.jpg","1003_Smoke_over_Vallauris_723x573.jpg","172548"
"1004","Pablo Picasso","pablo-picasso","Girl in chair","1952","791","1088","0.86","https://uploads3.wikiart.org/images/pablo-picasso/girl-in-chair-1952.jpg","1004_Girl_in_chair_791x1088.jpg","509367"
"1005","Pablo Picasso","pablo-picasso","Mediterranean Landscape","1952","774","485","0.38","https://uploads4.wikiart.org/images/pablo-picasso/mediterranean-landscape-1952.jpg","1005_Mediterranean_Landscape_774x485.jpg","175525"
"1006","Pablo Picasso","pablo-picasso","Breakfast","1953","807","601","0.49","https://uploads8.wikiart.org/images/pablo-picasso/breakfast-1953.jpg","1006_Breakfast_807x601.jpg","173398"
"1007","Pablo Picasso","pablo-picasso","Child playing in camomilles","1953","757","1000","0.76","https://uploads8.wikiart.org/images/pablo-picasso/child-playing-in-camomilles-1953.jpg","1007_Child_playing_in_camomilles_757x1000.jpg","315096"
"1008","Pablo Picasso","pablo-picasso","Mother and child","1953","795","1166","0.93","https://uploads6.wikiart.org/images/pablo-picasso/mother-and-child-1953.jpg","1008_Mother_and_child_795x1166.jpg","185528"
"1009","Pablo Picasso","pablo-picasso","Plat ovale","1953","763","930","0.71","https://uploads0.wikiart.org/images/pablo-picasso/plat-ovale-1953.jpg","1009_Plat_ovale_763x930.jpg","237164"
"1010","Pablo Picasso","pablo-picasso","Seated woman","1953","590","798","0.47","https://uploads2.wikiart.org/images/pablo-picasso/seated-woman-1953.jpg","1010_Seated_woman_590x798.jpg","159067"
"1011","Pablo Picasso","pablo-picasso","The shadow","1953","751","1000","0.75","https://uploads0.wikiart.org/images/pablo-picasso/the-shadow-1953.jpg","1011_The_shadow_751x1000.jpg","270278"
"1012","Pablo Picasso","pablo-picasso","Woman reading","1953","1196","795","0.95","https://uploads3.wikiart.org/images/pablo-picasso/woman-reading-1953.jpg","1012_Woman_reading_1196x795.jpg","154405"
"1013","Pablo Picasso","pablo-picasso","Woman sitting in an armchair","1953","795","1058","0.84","https://uploads0.wikiart.org/images/pablo-picasso/woman-sitting-in-an-armchair-1953.jpg","1013_Woman_sitting_in_an_armchair_795x1058.jpg","243613"
"1014","Pablo Picasso","pablo-picasso","The Italian woman","1953","2564","3200","8.2","https://uploads7.wikiart.org/00363/images/pablo-picasso/2014-nyr-02886-0068-000-pablo-picasso-litalienne124224-1.jpg","1014_The_Italian_woman_2564x3200.jpg","663410"
"1015","Pablo Picasso","pablo-picasso","Dancer","1954","839","1173","0.98","https://uploads5.wikiart.org/images/pablo-picasso/dancer-1954.jpg","1015_Dancer_839x1173.jpg","53033"
"1016","Pablo Picasso","pablo-picasso","Jacqueline with flowers","1954","884","1088","0.96","https://uploads4.wikiart.org/images/pablo-picasso/jacqueline-with-flowers-1954.jpg","1016_Jacqueline_with_flowers_884x1088.jpg","345159"
"1017","Pablo Picasso","pablo-picasso","Jug with handle","1954","647","1000","0.65","https://uploads5.wikiart.org/images/pablo-picasso/jug-with-handle-1954.jpg","1017_Jug_with_handle_647x1000.jpg","188861"
"1018","Pablo Picasso","pablo-picasso","Portrait of Jacqueline Roque with her hands crossed","1954","825","1088","0.9","https://uploads5.wikiart.org/images/pablo-picasso/portrait-of-jacqueline-roque-with-her-hands-crossed-1954.jpg","1018_Portrait_of_Jacqueline_Roque_with_her_ha_825x1088.jpg","382048"
"1019","Pablo Picasso","pablo-picasso","Portrait of Sylvette David","1954","789","1088","0.86","https://uploads7.wikiart.org/images/pablo-picasso/portrait-of-sylvette-david-1954.jpg","1019_Portrait_of_Sylvette_David_789x1088.jpg","286809"
"1020","Pablo Picasso","pablo-picasso","Portrait of Sylvette David","1954","859","1088","0.93","https://uploads0.wikiart.org/images/pablo-picasso/portrait-of-sylvette-david-1954-1.jpg","1020_Portrait_of_Sylvette_David_859x1088.jpg","662659"
"1021","Pablo Picasso","pablo-picasso","Portrait of Sylvette David","1954","843","1088","0.92","https://uploads0.wikiart.org/images/pablo-picasso/portrait-of-sylvette-david-1954-2.jpg","1021_Portrait_of_Sylvette_David_843x1088.jpg","606629"
"1022","Pablo Picasso","pablo-picasso","Portrait of Sylvette David","1954","859","1088","0.93","https://uploads2.wikiart.org/images/pablo-picasso/portrait-of-sylvette-david.jpg","1022_Portrait_of_Sylvette_David_859x1088.jpg","253226"
"1023","Pablo Picasso","pablo-picasso","Portrait of Sylvette David in green chair","1954","873","1088","0.95","https://uploads4.wikiart.org/images/pablo-picasso/portrait-of-sylvette-david-in-green-chair-1954.jpg","1023_Portrait_of_Sylvette_David_in_green_chai_873x1088.jpg","338060"
"1024","Pablo Picasso","pablo-picasso","Reclining woman","1954","1000","799","0.8","https://uploads5.wikiart.org/images/pablo-picasso/reclining-woman-1954.jpg","1024_Reclining_woman_1000x799.jpg","261129"
"1025","Pablo Picasso","pablo-picasso","Untitled","1954","828","1000","0.83","https://uploads7.wikiart.org/images/pablo-picasso/untitled-1954.jpg","1025_Untitled_828x1000.jpg","215999"
"1026","Pablo Picasso","pablo-picasso","Algerian women","1955","362","544","0.2","https://uploads4.wikiart.org/images/pablo-picasso/algerian-women-1955.jpg","1026_Algerian_women_362x544.jpg","104546"
"1027","Pablo Picasso","pablo-picasso","Algerian women (Delacroix)","1955","1088","847","0.92","https://uploads5.wikiart.org/images/pablo-picasso/algerian-women-delacroix-1955.jpg","1027_Algerian_women_(Delacroix)_1088x847.jpg","439712"
"1028","Pablo Picasso","pablo-picasso","Bullfighting Scene (The picador raised)","1955","1113","451","0.5","https://uploads0.wikiart.org/images/pablo-picasso/bullfighting-scene-the-picador-raised-1955.jpg","1028_Bullfighting_Scene_(The_picador_raised)_1113x451.jpg","137684"
"1029","Pablo Picasso","pablo-picasso","Bullfighting Scene (The torero is raised)","1955","1113","443","0.49","https://uploads2.wikiart.org/images/pablo-picasso/bullfighting-scene-the-torero-is-raised-1955.jpg","1029_Bullfighting_Scene_(The_torero_is_raised_1113x443.jpg","155937"
"1030","Pablo Picasso","pablo-picasso","Jacqueline in turkish costume","1955","792","1000","0.79","https://uploads1.wikiart.org/images/pablo-picasso/jacqueline-in-turkish-costume-1955.jpg","1030_Jacqueline_in_turkish_costume_792x1000.jpg","318011"
"1031","Pablo Picasso","pablo-picasso","Lying naked woman","1955","1113","453","0.5","https://uploads7.wikiart.org/images/pablo-picasso/lying-naked-woman-1955.jpg","1031_Lying_naked_woman_1113x453.jpg","152004"
"1032","Pablo Picasso","pablo-picasso","Lying naked woman","1955","1113","456","0.51","https://uploads0.wikiart.org/images/pablo-picasso/lying-naked-woman-1955-1.jpg","1032_Lying_naked_woman_1113x456.jpg","166133"
"1033","Pablo Picasso","pablo-picasso","Lying naked woman (The Voyeurs)","1955","1114","453","0.5","https://uploads1.wikiart.org/images/pablo-picasso/lying-naked-woman-the-voyeurs-1955.jpg","1033_Lying_naked_woman_(The_Voyeurs)_1114x453.jpg","154609"
"1034","Pablo Picasso","pablo-picasso","Nude woman with turkish bonnet","1955","752","1000","0.75","https://uploads2.wikiart.org/images/pablo-picasso/nude-woman-with-turkish-bonnet-1955.jpg","1034_Nude_woman_with_turkish_bonnet_752x1000.jpg","273533"
"1035","Pablo Picasso","pablo-picasso","Still life on the dresser","1955","1111","452","0.5","https://uploads6.wikiart.org/images/pablo-picasso/still-life-on-the-dresser-1955.jpg","1035_Still_life_on_the_dresser_1111x452.jpg","156956"
"1036","Pablo Picasso","pablo-picasso","The beach in Garoupe","1955","1111","451","0.5","https://uploads1.wikiart.org/images/pablo-picasso/the-beach-in-garoupe-1955.jpg","1036_The_beach_in_Garoupe_1111x451.jpg","177894"
"1037","Pablo Picasso","pablo-picasso","The beach in Garoupe","1955","1113","461","0.51","https://uploads3.wikiart.org/images/pablo-picasso/the-beach-in-garoupe-1955-1.jpg","1037_The_beach_in_Garoupe_1113x461.jpg","161446"
"1038","Pablo Picasso","pablo-picasso","Untitled","1955","807","1000","0.81","https://uploads7.wikiart.org/images/pablo-picasso/untitled-1955.jpg","1038_Untitled_807x1000.jpg","260682"
"1039","Pablo Picasso","pablo-picasso","Women of Algiers","1955","544","431","0.23","https://uploads6.wikiart.org/images/pablo-picasso/women-of-algiers-1955.jpg","1039_Women_of_Algiers_544x431.jpg","146924"
"1040","Pablo Picasso","pablo-picasso","Don Quixote","1955","507","601","0.3","https://uploads1.wikiart.org/images/pablo-picasso/don-quixote-1955.jpg","1040_Don_Quixote_507x601.jpg","107374"
"1041","Pablo Picasso","pablo-picasso","Armchair 'California'","1956","992","752","0.75","https://uploads0.wikiart.org/images/pablo-picasso/armchair-california-1956.jpg","1041_Armchair_'California'_992x752.jpg","219549"
"1042","Pablo Picasso","pablo-picasso","Crouching female nude","1956","747","1000","0.75","https://uploads2.wikiart.org/images/pablo-picasso/crouching-female-nude-1956.jpg","1042_Crouching_female_nude_747x1000.jpg","244095"
"1043","Pablo Picasso","pablo-picasso","Female nude near the garden","1956","718","576","0.41","https://uploads8.wikiart.org/images/pablo-picasso/female-nude-near-the-garden-1956.jpg","1043_Female_nude_near_the_garden_718x576.jpg","155474"
"1044","Pablo Picasso","pablo-picasso","Interior with girl drawing","1956","1088","732","0.8","https://uploads7.wikiart.org/images/pablo-picasso/interior-with-girl-drawing-1956.jpg","1044_Interior_with_girl_drawing_1088x732.jpg","584606"
"1045","Pablo Picasso","pablo-picasso","Jacqueline at the studio","1956","1020","786","0.8","https://uploads5.wikiart.org/images/pablo-picasso/jacqueline-at-the-studio-1956.jpg","1045_Jacqueline_at_the_studio_1020x786.jpg","455960"
"1046","Pablo Picasso","pablo-picasso","Man and woman on the beach","1956","786","573","0.45","https://uploads7.wikiart.org/images/pablo-picasso/man-and-woman-on-the-beach-1956.jpg","1046_Man_and_woman_on_the_beach_786x573.jpg","121179"
"1047","Pablo Picasso","pablo-picasso","Naked woman in rocking chair","1956","660","1015","0.67","https://uploads0.wikiart.org/images/pablo-picasso/naked-woman-in-rocking-chair-1956.jpg","1047_Naked_woman_in_rocking_chair_660x1015.jpg","219403"
"1048","Pablo Picasso","pablo-picasso","Spring","1956","921","634","0.58","https://uploads5.wikiart.org/images/pablo-picasso/spring-1956.jpg","1048_Spring_921x634.jpg","182179"
"1049","Pablo Picasso","pablo-picasso","Studio of 'California"" in Cannes","1956","1000","770","0.77","https://uploads2.wikiart.org/images/pablo-picasso/studio-of-california-in-cannes-1956.jpg","1049_Studio_of_'California_in_Cannes_1000x770.jpg","230517"
"1050","Pablo Picasso","pablo-picasso","Two women on the beach","1956","782","575","0.45","https://uploads3.wikiart.org/images/pablo-picasso/two-women-on-the-beach-1956.jpg","1050_Two_women_on_the_beach_782x575.jpg","123743"
"1051","Pablo Picasso","pablo-picasso","Woman in the studio","1956","722","569","0.41","https://uploads0.wikiart.org/images/pablo-picasso/woman-in-the-studio-1956.jpg","1051_Woman_in_the_studio_722x569.jpg","135657"
"1052","Pablo Picasso","pablo-picasso","Seated Woman with Red Hat","1956","450","569","0.26","https://uploads6.wikiart.org/images/pablo-picasso/seated-woman-with-red-hat-1956.jpg","1052_Seated_Woman_with_Red_Hat_450x569.jpg","79860"
"1053","Pablo Picasso","pablo-picasso","Dance of Fauns","1957","615","448","0.28","https://uploads4.wikiart.org/images/pablo-picasso/dance-of-fauns-1957.jpg","1053_Dance_of_Fauns_615x448.jpg","62235"
"1054","Pablo Picasso","pablo-picasso","Las Meninas (Velazquez)","1957","842","1088","0.92","https://uploads2.wikiart.org/images/pablo-picasso/las-meninas-velazquez-1957.jpg","1054_Las_Meninas_(Velazquez)_842x1088.jpg","623266"
"1055","Pablo Picasso","pablo-picasso","Las Meninas (Velazquez)","1957","1000","805","0.8","https://uploads4.wikiart.org/images/pablo-picasso/las-meninas-velazquez-1957-1.jpg","1055_Las_Meninas_(Velazquez)_1000x805.jpg","230851"
"1056","Pablo Picasso","pablo-picasso","Las Meninas (Velazquez)","1957","832","1088","0.91","https://uploads4.wikiart.org/images/pablo-picasso/las-meninas-velazquez-1957-2.jpg","1056_Las_Meninas_(Velazquez)_832x1088.jpg","474244"
"1057","Pablo Picasso","pablo-picasso","Las Meninas (Velazquez)","1957","813","1088","0.88","https://uploads4.wikiart.org/images/pablo-picasso/las-meninas-velazquez-1957-3.jpg","1057_Las_Meninas_(Velazquez)_813x1088.jpg","534074"
"1058","Pablo Picasso","pablo-picasso","Las Meninas (Velazquez)","1957","1067","789","0.84","https://uploads4.wikiart.org/images/pablo-picasso/las-meninas-velazquez-1957-4.jpg","1058_Las_Meninas_(Velazquez)_1067x789.jpg","194069"
"1059","Pablo Picasso","pablo-picasso","Las Meninas (Velazquez)","1957","1000","797","0.8","https://uploads4.wikiart.org/images/pablo-picasso/las-meninas-velazquez-1957-5.jpg","1059_Las_Meninas_(Velazquez)_1000x797.jpg","241680"
"1060","Pablo Picasso","pablo-picasso","Las Meninas (Velazquez)","1957","882","1088","0.96","https://uploads4.wikiart.org/images/pablo-picasso/las-meninas-velazquez-1957-6.jpg","1060_Las_Meninas_(Velazquez)_882x1088.jpg","590913"
"1061","Pablo Picasso","pablo-picasso","Maria Agustina Sarmiento (Velazquez)","1957","829","1000","0.83","https://uploads6.wikiart.org/images/pablo-picasso/maria-agustina-sarmiento-velazquez-1957.jpg","1061_Maria_Agustina_Sarmiento_(Velazquez)_829x1000.jpg","339716"
"1062","Pablo Picasso","pablo-picasso","Portrait of Jacqueline","1957","756","990","0.75","https://uploads3.wikiart.org/images/pablo-picasso/portrait-of-jacqueline-1957.jpg","1062_Portrait_of_Jacqueline_756x990.jpg","213499"
"1063","Pablo Picasso","pablo-picasso","Studio (Pigeons) (Velazquez)","1957","779","1000","0.78","https://uploads5.wikiart.org/images/pablo-picasso/studio-pigeons-velazquez-1957.jpg","1063_Studio_(Pigeons)_(Velazquez)_779x1000.jpg","333436"
"1064","Pablo Picasso","pablo-picasso","Studio (Pigeons) (Velazquez)","1957","780","1000","0.78","https://uploads7.wikiart.org/images/pablo-picasso/studio-pigeons-velazquez-1957-1.jpg","1064_Studio_(Pigeons)_(Velazquez)_780x1000.jpg","350197"
"1065","Pablo Picasso","pablo-picasso","Studio (Pigeons) (Velazquez)","1957","828","1019","0.84","https://uploads7.wikiart.org/images/pablo-picasso/studio-pigeons-velazquez-1957-2.jpg","1065_Studio_(Pigeons)_(Velazquez)_828x1019.jpg","225580"
"1066","Pablo Picasso","pablo-picasso","Studio (Pigeons) (Velazquez)","1957","802","1000","0.8","https://uploads7.wikiart.org/images/pablo-picasso/studio-pigeons-velazquez-1957-3.jpg","1066_Studio_(Pigeons)_(Velazquez)_802x1000.jpg","336442"
"1067","Pablo Picasso","pablo-picasso","The piano  (Velazquez)","1957","732","1000","0.73","https://uploads0.wikiart.org/images/pablo-picasso/the-piano-velazquez-1957.jpg","1067_The_piano_(Velazquez)_732x1000.jpg","236050"
"1068","Pablo Picasso","pablo-picasso","Las Meninas (Velazquez)","1957","785","1088","0.85","https://uploads6.wikiart.org/images/pablo-picasso/las-meninas-velazquez.jpg","1068_Las_Meninas_(Velazquez)_785x1088.jpg","453269"
"1069","Pablo Picasso","pablo-picasso","Man and Woman","1958","962","1000","0.96","https://uploads3.wikiart.org/images/pablo-picasso/man-and-woman-1958.jpg","1069_Man_and_Woman_962x1000.jpg","252390"
"1070","Pablo Picasso","pablo-picasso","Nude gathering flowers","1958","985","1000","0.98","https://uploads3.wikiart.org/images/pablo-picasso/nude-gathering-flowers-1958.jpg","1070_Nude_gathering_flowers_985x1000.jpg","277652"
"1071","Pablo Picasso","pablo-picasso","Two seated women","1958","400","300","0.12","https://uploads6.wikiart.org/images/pablo-picasso/two-seated-women-1958.jpg","1071_Two_seated_women_400x300.jpg","23380"
"1072","Pablo Picasso","pablo-picasso","Untitled","1958","1000","850","0.85","https://uploads7.wikiart.org/images/pablo-picasso/untitled-1958.jpg","1072_Untitled_1000x850.jpg","344046"
"1073","Pablo Picasso","pablo-picasso","Untitled","1958","1000","849","0.85","https://uploads0.wikiart.org/images/pablo-picasso/untitled-1958-1.jpg","1073_Untitled_1000x849.jpg","357306"
"1074","Pablo Picasso","pablo-picasso","The Fall of Icarus","1958","749","587","0.44","https://uploads3.wikiart.org/images/pablo-picasso/the-fall-of-icarus.jpg","1074_The_Fall_of_Icarus_749x587.jpg","99253"
"1075","Pablo Picasso","pablo-picasso","Bacchanale au Taureau Noir","1959","1000","750","0.75","https://uploads3.wikiart.org/00156/images/pablo-picasso/bacchanale-au-taureau-noir.jpg","1075_Bacchanale_au_Taureau_Noir_1000x750.jpg","434265"
"1076","Pablo Picasso","pablo-picasso","Bobo (Velazquez-Murillo)","1959","381","484","0.18","https://uploads3.wikiart.org/images/pablo-picasso/bobo-velazquez-murillo-1959.jpg","1076_Bobo_(Velazquez-Murillo)_381x484.jpg","85323"
"1077","Pablo Picasso","pablo-picasso","Buffet Henry II and armchair with dog","1959","802","1000","0.8","https://uploads0.wikiart.org/images/pablo-picasso/buffet-henry-ii-and-armchair-with-dog-1959.jpg","1077_Buffet_Henry_II_and_armchair_with_dog_802x1000.jpg","336266"
"1078","Pablo Picasso","pablo-picasso","Crouching female nude","1959","799","1000","0.8","https://uploads2.wikiart.org/images/pablo-picasso/crouching-female-nude-1959.jpg","1078_Crouching_female_nude_799x1000.jpg","235587"
"1079","Pablo Picasso","pablo-picasso","Lying female nude under the pine tree","1959","603","415","0.25","https://uploads0.wikiart.org/images/pablo-picasso/lying-female-nude-under-the-pine-tree-1959.jpg","1079_Lying_female_nude_under_the_pine_tree_603x415.jpg","83557"
"1080","Pablo Picasso","pablo-picasso","Seated female nude","1959","778","1000","0.78","https://uploads8.wikiart.org/images/pablo-picasso/seated-female-nude-1959.jpg","1080_Seated_female_nude_778x1000.jpg","221351"
"1081","Pablo Picasso","pablo-picasso","The dining room of Vauvenargues","1959","1088","757","0.82","https://uploads3.wikiart.org/images/pablo-picasso/the-dining-room-of-vauvenargues-1959.jpg","1081_The_dining_room_of_Vauvenargues_1088x757.jpg","546153"
"1082","Pablo Picasso","pablo-picasso","The Luncheon on the Grass (after Manet)","1960","924","609","0.56","https://uploads3.wikiart.org/00283/images/pablo-picasso/picasso-dejeuner-050360.jpg","1082_The_Luncheon_on_the_Grass_(after_Manet)_924x609.jpg","937324"
"1083","Pablo Picasso","pablo-picasso","Fish chowder","1960","992","462","0.46","https://uploads2.wikiart.org/images/pablo-picasso/fish-chowder-1960.jpg","1083_Fish_chowder_992x462.jpg","171598"
"1084","Pablo Picasso","pablo-picasso","Naked woman on the beach and shovel","1960","1000","789","0.79","https://uploads7.wikiart.org/images/pablo-picasso/naked-woman-on-the-beach-and-shovel-1960.jpg","1084_Naked_woman_on_the_beach_and_shovel_1000x789.jpg","239764"
"1085","Pablo Picasso","pablo-picasso","Reclining woman reading","1960","1088","796","0.87","https://uploads4.wikiart.org/images/pablo-picasso/reclining-woman-reading-1960.jpg","1085_Reclining_woman_reading_1088x796.jpg","443927"
"1086","Pablo Picasso","pablo-picasso","Seated woman","1960","761","1000","0.76","https://uploads2.wikiart.org/images/pablo-picasso/seated-woman-1960.jpg","1086_Seated_woman_761x1000.jpg","229311"
"1087","Pablo Picasso","pablo-picasso","Seated woman (Jacqueline)","1960","573","698","0.4","https://uploads4.wikiart.org/images/pablo-picasso/seated-woman-jacqueline-1960.jpg","1087_Seated_woman_(Jacqueline)_573x698.jpg","151707"
"1088","Pablo Picasso","pablo-picasso","Studio (Pigeons perch)","1960","1000","844","0.84","https://uploads1.wikiart.org/images/pablo-picasso/studio-pigeons-perch-1960.jpg","1088_Studio_(Pigeons_perch)_1000x844.jpg","284709"
"1089","Pablo Picasso","pablo-picasso","Woman in Armchair","1960","366","476","0.17","https://uploads7.wikiart.org/images/pablo-picasso/woman-in-armchair-1960.jpg","1089_Woman_in_Armchair_366x476.jpg","33215"
"1090","Pablo Picasso","pablo-picasso","Luncheon on the grass","1961","1088","725","0.79","https://uploads2.wikiart.org/images/pablo-picasso/luncheon-on-the-grass-1961.jpg","1090_Luncheon_on_the_grass_1088x725.jpg","545895"
"1091","Pablo Picasso","pablo-picasso","The Luncheon on the Grass","1961","1000","842","0.84","https://uploads6.wikiart.org/images/pablo-picasso/the-luncheon-on-the-grass-1961.jpg","1091_The_Luncheon_on_the_Grass_1000x842.jpg","390539"
"1092","Pablo Picasso","pablo-picasso","Women's toilette","1961","675","557","0.38","https://uploads6.wikiart.org/images/pablo-picasso/women-s-toilette-1961.jpg","1092_Women's_toilette_675x557.jpg","75479"
"1093","Pablo Picasso","pablo-picasso","Woman with yellow hat (Jacqueline)","1961","316","394","0.12","https://uploads8.wikiart.org/images/pablo-picasso/woman-with-yellow-hat-jacqueline.jpg","1093_Woman_with_yellow_hat_(Jacqueline)_316x394.jpg","84224"
"1094","Pablo Picasso","pablo-picasso","Femme au Chien","1962","500","646","0.32","https://uploads7.wikiart.org/00234/images/pablo-picasso/tumblr-ncvvi72tmw1rfj3p6o1-500.jpeg","1094_Femme_au_Chien_500x646.jpeg","148489"
"1095","Pablo Picasso","pablo-picasso","Bearded man","1962","794","1000","0.79","https://uploads1.wikiart.org/images/pablo-picasso/bearded-man-1962.jpg","1095_Bearded_man_794x1000.jpg","298072"
"1096","Pablo Picasso","pablo-picasso","Bust of Woman with Yellow Ribbon (Jacqueline)","1962","340","420","0.14","https://uploads6.wikiart.org/images/pablo-picasso/bust-of-woman-with-yellow-ribbon-jacqueline-1962.jpg","1096_Bust_of_Woman_with_Yellow_Ribbon_(Jacque_340x420.jpg","91985"
"1097","Pablo Picasso","pablo-picasso","Danae","1962","544","417","0.23","https://uploads4.wikiart.org/images/pablo-picasso/danae-1962.jpg","1097_Danae_544x417.jpg","185192"
"1098","Pablo Picasso","pablo-picasso","Still life with cat and lobster","1962","1000","798","0.8","https://uploads3.wikiart.org/images/pablo-picasso/still-life-with-cat-and-lobster-1962.jpg","1098_Still_life_with_cat_and_lobster_1000x798.jpg","297497"
"1099","Pablo Picasso","pablo-picasso","The Abduction of Sabines","1962","600","492","0.3","https://uploads5.wikiart.org/images/pablo-picasso/the-abduction-of-sabines-1962.jpg","1099_The_Abduction_of_Sabines_600x492.jpg","131259"
"1100","Pablo Picasso","pablo-picasso","The Abduction of Sabines","1962","922","664","0.61","https://uploads7.wikiart.org/images/pablo-picasso/the-abduction-of-sabines-1962-1.jpg","1100_The_Abduction_of_Sabines_922x664.jpg","236674"
"1101","Pablo Picasso","pablo-picasso","The Luncheon on the Grass","1962","440","366","0.16","https://uploads6.wikiart.org/images/pablo-picasso/the-luncheon-on-the-grass-1962.jpg","1101_The_Luncheon_on_the_Grass_440x366.jpg","42008"
"1102","Pablo Picasso","pablo-picasso","Woman sitting in an armchair","1962","768","1000","0.77","https://uploads0.wikiart.org/images/pablo-picasso/woman-sitting-in-an-armchair-1962.jpg","1102_Woman_sitting_in_an_armchair_768x1000.jpg","224136"
"1103","Pablo Picasso","pablo-picasso","Woman sitting in blue armchair","1962","737","1000","0.74","https://uploads2.wikiart.org/images/pablo-picasso/woman-sitting-in-blue-armchair-1962.jpg","1103_Woman_sitting_in_blue_armchair_737x1000.jpg","243129"
"1104","Pablo Picasso","pablo-picasso","Woman with hat","1962","775","938","0.73","https://uploads4.wikiart.org/images/pablo-picasso/woman-with-hat-1962.jpg","1104_Woman_with_hat_775x938.jpg","490990"
"1105","Pablo Picasso","pablo-picasso","Woman with hat","1962","340","420","0.14","https://uploads6.wikiart.org/images/pablo-picasso/woman-with-hat-1962-1.jpg","1105_Woman_with_hat_340x420.jpg","120649"
"1106","Pablo Picasso","pablo-picasso","Woman with child","1962","834","1088","0.91","https://uploads1.wikiart.org/images/pablo-picasso/woman-with-child.jpg","1106_Woman_with_child_834x1088.jpg","567615"
"1107","Pablo Picasso","pablo-picasso","An artist","1963","594","810","0.48","https://uploads8.wikiart.org/images/pablo-picasso/an-artist-1963.jpg","1107_An_artist_594x810.jpg","206687"
"1108","Pablo Picasso","pablo-picasso","Painter and his model","1963","788","602","0.47","https://uploads2.wikiart.org/images/pablo-picasso/painter-and-his-model-1963.jpg","1108_Painter_and_his_model_788x602.jpg","150124"
"1109","Pablo Picasso","pablo-picasso","Painter and his model","1963","772","516","0.4","https://uploads4.wikiart.org/images/pablo-picasso/painter-and-his-model-1963-1.jpg","1109_Painter_and_his_model_772x516.jpg","131437"
"1110","Pablo Picasso","pablo-picasso","Painter and his model","1963","792","1182","0.94","https://uploads4.wikiart.org/images/pablo-picasso/painter-and-his-model-1963-2.jpg","1110_Painter_and_his_model_792x1182.jpg","315291"
"1111","Pablo Picasso","pablo-picasso","The Abduction of Sabines","1963","742","1166","0.87","https://uploads5.wikiart.org/images/pablo-picasso/the-abduction-of-sabines-1963.jpg","1111_The_Abduction_of_Sabines_742x1166.jpg","198063"
"1112","Pablo Picasso","pablo-picasso","Painter and his model","1963","544","331","0.18","https://uploads6.wikiart.org/images/pablo-picasso/painter-and-his-model.jpg","1112_Painter_and_his_model_544x331.jpg","122803"
"1113","Pablo Picasso","pablo-picasso","Female nude sitting in the armchair","1964","727","1000","0.73","https://uploads7.wikiart.org/images/pablo-picasso/female-nude-sitting-in-the-armchair-1964.jpg","1113_Female_nude_sitting_in_the_armchair_727x1000.jpg","273432"
"1114","Pablo Picasso","pablo-picasso","Jacqueline sitting with her cat","1964","679","1000","0.68","https://uploads3.wikiart.org/images/pablo-picasso/jacqueline-sitting-with-her-cat-1964.jpg","1114_Jacqueline_sitting_with_her_cat_679x1000.jpg","229154"
"1115","Pablo Picasso","pablo-picasso","Lying female nude","1964","601","382","0.23","https://uploads7.wikiart.org/images/pablo-picasso/lying-female-nude-1964.jpg","1115_Lying_female_nude_601x382.jpg","80782"
"1116","Pablo Picasso","pablo-picasso","Lying female nude","1964","604","346","0.21","https://uploads0.wikiart.org/images/pablo-picasso/lying-female-nude-1964-1.jpg","1116_Lying_female_nude_604x346.jpg","79903"
"1117","Pablo Picasso","pablo-picasso","Lying female nude","1964","601","372","0.22","https://uploads0.wikiart.org/images/pablo-picasso/lying-female-nude-1964-2.jpg","1117_Lying_female_nude_601x372.jpg","80417"
"1118","Pablo Picasso","pablo-picasso","Lying female nude playing  with cat","1964","601","390","0.23","https://uploads6.wikiart.org/images/pablo-picasso/lying-female-nude-playing-with-cat-1964.jpg","1118_Lying_female_nude_playing_with_cat_601x390.jpg","74497"
"1119","Pablo Picasso","pablo-picasso","Lying female nude playing  with cat","1964","603","381","0.23","https://uploads8.wikiart.org/images/pablo-picasso/lying-female-nude-playing-with-cat-1964-1.jpg","1119_Lying_female_nude_playing_with_cat_603x381.jpg","74588"
"1120","Pablo Picasso","pablo-picasso","Lying female nude with cat","1964","604","389","0.23","https://uploads7.wikiart.org/images/pablo-picasso/lying-female-nude-with-cat-1964.jpg","1120_Lying_female_nude_with_cat_604x389.jpg","84064"
"1121","Pablo Picasso","pablo-picasso","Seated Nude supported by Cushions (Jacqueline)","1964","582","479","0.28","https://uploads2.wikiart.org/images/tsuguharu-foujita/portrait-de-femme-en-buste-1924.jpg","1121_Seated_Nude_supported_by_Cushions_(Jacqu_582x479.jpg","120196"
"1122","Pablo Picasso","pablo-picasso","Bust of woman","1965","756","988","0.75","https://uploads3.wikiart.org/images/pablo-picasso/bust-of-woman-1965.jpg","1122_Bust_of_woman_756x988.jpg","262589"
"1123","Pablo Picasso","pablo-picasso","Drawing nude seated in armchair","1965","787","1000","0.79","https://uploads3.wikiart.org/images/pablo-picasso/drawing-nude-seated-in-armchair-1965.jpg","1123_Drawing_nude_seated_in_armchair_787x1000.jpg","232955"
"1124","Pablo Picasso","pablo-picasso","Family","1965","744","988","0.74","https://uploads5.wikiart.org/images/pablo-picasso/family-1965.jpg","1124_Family_744x988.jpg","270414"
"1125","Pablo Picasso","pablo-picasso","Seated man (Self-portrait)","1965","841","1041","0.88","https://uploads5.wikiart.org/images/pablo-picasso/seated-man-self-portrait-1965.jpg","1125_Seated_man_(Self-portrait)_841x1041.jpg","164539"
"1126","Pablo Picasso","pablo-picasso","The Aubade","1965","1090","729","0.79","https://uploads0.wikiart.org/images/pablo-picasso/the-aubade-1965.jpg","1126_The_Aubade_1090x729.jpg","229763"
"1127","Pablo Picasso","pablo-picasso","The sleepers","1965","1096","627","0.69","https://uploads2.wikiart.org/images/pablo-picasso/the-sleepers-1965.jpg","1127_The_sleepers_1096x627.jpg","169341"
"1128","Pablo Picasso","pablo-picasso","Untitled","1966","473","361","0.17","https://uploads7.wikiart.org/images/pablo-picasso/untitled-1966.jpg","1128_Untitled_473x361.jpg","102622"
"1129","Pablo Picasso","pablo-picasso","Woman with bird","1966","615","414","0.25","https://uploads5.wikiart.org/images/pablo-picasso/woman-with-bird-1966.jpg","1129_Woman_with_bird_615x414.jpg","45313"
"1130","Pablo Picasso","pablo-picasso","An artist","1967","778","1000","0.78","https://uploads8.wikiart.org/images/pablo-picasso/an-artist-1967.jpg","1130_An_artist_778x1000.jpg","216471"
"1131","Pablo Picasso","pablo-picasso","Female nude with man's head","1967","764","1000","0.76","https://uploads8.wikiart.org/images/pablo-picasso/female-nude-with-man-s-head-1967.jpg","1131_Female_nude_with_man's_head_764x1000.jpg","237593"
"1132","Pablo Picasso","pablo-picasso","Man with lamb, man eating watermelon and flutist","1967","1088","839","0.91","https://uploads1.wikiart.org/images/pablo-picasso/man-with-lamb-man-eating-watermelon-and-flutist-1967.jpg","1132_Man_with_lamb,_man_eating_watermelon_and_1088x839.jpg","455068"
"1133","Pablo Picasso","pablo-picasso","Naked man and woman","1967","987","825","0.81","https://uploads0.wikiart.org/images/pablo-picasso/naked-man-and-woman-1967.jpg","1133_Naked_man_and_woman_987x825.jpg","289916"
"1134","Pablo Picasso","pablo-picasso","Naked woman and musketeer","1967","756","992","0.75","https://uploads6.wikiart.org/images/pablo-picasso/naked-woman-and-musketeer-1967.jpg","1134_Naked_woman_and_musketeer_756x992.jpg","301178"
"1135","Pablo Picasso","pablo-picasso","Painter and his palette","1967","735","1041","0.77","https://uploads4.wikiart.org/images/pablo-picasso/painter-and-his-palette-1967.jpg","1135_Painter_and_his_palette_735x1041.jpg","64716"
"1136","Pablo Picasso","pablo-picasso","Seated man playing flute","1967","1000","834","0.83","https://uploads5.wikiart.org/images/pablo-picasso/seated-man-playing-flute-1967.jpg","1136_Seated_man_playing_flute_1000x834.jpg","262388"
"1137","Pablo Picasso","pablo-picasso","Two women on the beach","1967","987","687","0.68","https://uploads3.wikiart.org/images/pablo-picasso/two-women-on-the-beach-1967.jpg","1137_Two_women_on_the_beach_987x687.jpg","217038"
"1138","Pablo Picasso","pablo-picasso","Untitled","1967","800","1047","0.84","https://uploads7.wikiart.org/images/pablo-picasso/untitled-1967.jpg","1138_Untitled_800x1047.jpg","157103"
"1139","Pablo Picasso","pablo-picasso","Man with pipe","1968","708","1187","0.84","https://uploads3.wikiart.org/images/pablo-picasso/man-with-pipe-1968.jpg","1139_Man_with_pipe_708x1187.jpg","194168"
"1140","Pablo Picasso","pablo-picasso","Musketeer with pipe","1968","758","1138","0.86","https://uploads0.wikiart.org/images/pablo-picasso/musketeer-with-pipe-1968.jpg","1140_Musketeer_with_pipe_758x1138.jpg","207259"
"1141","Pablo Picasso","pablo-picasso","Standing female nude and man with pipe","1968","836","1043","0.87","https://uploads1.wikiart.org/images/pablo-picasso/standing-female-nude-and-man-with-pipe-1968.jpg","1141_Standing_female_nude_and_man_with_pipe_836x1043.jpg","204678"
"1142","Pablo Picasso","pablo-picasso","The Man with a Pipe","1968","832","1039","0.86","https://uploads0.wikiart.org/images/pablo-picasso/the-man-with-a-pipe-1968.jpg","1142_The_Man_with_a_Pipe_832x1039.jpg","192479"
"1143","Pablo Picasso","pablo-picasso","Untitled","1968","1088","766","0.83","https://uploads7.wikiart.org/images/pablo-picasso/untitled-1968.jpg","1143_Untitled_1088x766.jpg","345846"
"1144","Pablo Picasso","pablo-picasso","Big heads","1969","760","1129","0.86","https://uploads8.wikiart.org/images/pablo-picasso/big-heads-1969.jpg","1144_Big_heads_760x1129.jpg","259048"
"1145","Pablo Picasso","pablo-picasso","Matador","1970","695","1000","0.7","https://uploads6.wikiart.org/images/pablo-picasso/matador-1970.jpg","1145_Matador_695x1000.jpg","285659"
"1146","Pablo Picasso","pablo-picasso","Matador and female nude","1970","313","400","0.13","https://uploads4.wikiart.org/images/pablo-picasso/matador-and-female-nude-1970.jpg","1146_Matador_and_female_nude_313x400.jpg","29652"
"1147","Pablo Picasso","pablo-picasso","Musketeer","1970","760","1000","0.76","https://uploads8.wikiart.org/images/pablo-picasso/musketeer-1970.jpg","1147_Musketeer_760x1000.jpg","279462"
"1148","Pablo Picasso","pablo-picasso","Reclining Nude with wreath","1970","1000","672","0.67","https://uploads7.wikiart.org/images/pablo-picasso/reclining-nude-with-wreath-1970.jpg","1148_Reclining_Nude_with_wreath_1000x672.jpg","225219"
"1149","Pablo Picasso","pablo-picasso","Seated old man","1970","823","1068","0.88","https://uploads4.wikiart.org/images/pablo-picasso/seated-old-man-1970.jpg","1149_Seated_old_man_823x1068.jpg","202742"
"1150","Pablo Picasso","pablo-picasso","The eight names of Picasso","1970","1000","776","0.78","https://uploads7.wikiart.org/images/pablo-picasso/the-eight-names-of-picasso-1970.jpg","1150_The_eight_names_of_Picasso_1000x776.jpg","88736"
"1151","Pablo Picasso","pablo-picasso","Untitled","1970","489","372","0.18","https://uploads7.wikiart.org/images/pablo-picasso/untitled-1970.jpg","1151_Untitled_489x372.jpg","116237"
"1152","Pablo Picasso","pablo-picasso","Untitled","1970","490","400","0.2","https://uploads0.wikiart.org/images/pablo-picasso/untitled-1970-1.jpg","1152_Untitled_490x400.jpg","79355"
"1153","Pablo Picasso","pablo-picasso","Untitled","1970","474","358","0.17","https://uploads0.wikiart.org/images/pablo-picasso/untitled-1970-2.jpg","1153_Untitled_474x358.jpg","102136"
"1154","Pablo Picasso","pablo-picasso","Woman with bird","1970","778","1000","0.78","https://uploads5.wikiart.org/images/pablo-picasso/woman-with-bird-1970.jpg","1154_Woman_with_bird_778x1000.jpg","253890"
"1155","Pablo Picasso","pablo-picasso","Bust of woman","1971","780","1000","0.78","https://uploads3.wikiart.org/images/pablo-picasso/bust-of-woman-1971.jpg","1155_Bust_of_woman_780x1000.jpg","274635"
"1156","Pablo Picasso","pablo-picasso","Crouching man","1971","774","1000","0.77","https://uploads3.wikiart.org/images/pablo-picasso/crouching-man-1971.jpg","1156_Crouching_man_774x1000.jpg","216796"
"1157","Pablo Picasso","pablo-picasso","Embrace","1971","692","1000","0.69","https://uploads6.wikiart.org/images/pablo-picasso/embrace-1971.jpg","1157_Embrace_692x1000.jpg","256806"
"1158","Pablo Picasso","pablo-picasso","Head of a man with straw hat","1971","775","1000","0.78","https://uploads0.wikiart.org/images/pablo-picasso/head-of-a-man-with-straw-hat-1971.jpg","1158_Head_of_a_man_with_straw_hat_775x1000.jpg","300932"
"1159","Pablo Picasso","pablo-picasso","Man and Woman","1971","786","984","0.77","https://uploads3.wikiart.org/images/pablo-picasso/man-and-woman-1971.jpg","1159_Man_and_Woman_786x984.jpg","276903"
"1160","Pablo Picasso","pablo-picasso","Paternity","1971","783","990","0.78","https://uploads8.wikiart.org/images/pablo-picasso/paternity-1971.jpg","1160_Paternity_783x990.jpg","303726"
"1161","Pablo Picasso","pablo-picasso","Seated woman","1971","746","1000","0.75","https://uploads2.wikiart.org/images/pablo-picasso/seated-woman-1971.jpg","1161_Seated_woman_746x1000.jpg","217094"
"1162","Pablo Picasso","pablo-picasso","Untitled","1971","462","359","0.17","https://uploads7.wikiart.org/images/pablo-picasso/untitled-1971.jpg","1162_Untitled_462x359.jpg","57706"
"1163","Pablo Picasso","pablo-picasso","Untitled","1971","477","367","0.18","https://uploads0.wikiart.org/images/pablo-picasso/untitled-1971-1.jpg","1163_Untitled_477x367.jpg","101652"
"1164","Pablo Picasso","pablo-picasso","Untitled","1971","504","385","0.19","https://uploads0.wikiart.org/images/pablo-picasso/untitled-1971-2.jpg","1164_Untitled_504x385.jpg","100438"
"1165","Pablo Picasso","pablo-picasso","Untitled","1971","483","381","0.18","https://uploads0.wikiart.org/images/pablo-picasso/untitled-1971-3.jpg","1165_Untitled_483x381.jpg","44664"
"1166","Pablo Picasso","pablo-picasso","Woman with braid","1971","776","1000","0.78","https://uploads6.wikiart.org/images/pablo-picasso/woman-with-braid-1971.jpg","1166_Woman_with_braid_776x1000.jpg","257074"
"1167","Pablo Picasso","pablo-picasso","Niko Pirosmani","1972","403","641","0.26","https://uploads7.wikiart.org/images/pablo-picasso/niko-pirosmani-1972(1).jpg","1167_Niko_Pirosmani_403x641.jpg","55859"
"1168","Pablo Picasso","pablo-picasso","Head of the man","1972","864","1088","0.94","https://uploads0.wikiart.org/images/pablo-picasso/head-of-the-man.jpg","1168_Head_of_the_man_864x1088.jpg","467549"
"1169","Pablo Picasso","pablo-picasso","Chateau Mouton Rothschild","1973","463","706","0.33","https://uploads2.wikiart.org/00313/images/pablo-pikasso/74.png","1169_Chateau_Mouton_Rothschild_463x706.png","605980"
