"Index","Artist","ArtistSlug","Title","Year","Width","Height","Megapixels","HighResUrl","LocalFileName","FileSizeBytes"
"1","Rembrandt","rembrandt","Old man with turban","1625","300","400","0.12","https://uploads0.wikiart.org/images/rembrandt/old-man-with-turban.jpg","0001_Old_man_with_turban_300x400.jpg","96683"
"2","Rembrandt","rembrandt","The Stoning Of St. Stephen","1625","1000","741","0.74","https://uploads2.wikiart.org/images/rembrandt/the-stoning-of-st-stephen-1625.jpg","0002_The_Stoning_Of_St._Stephen_1000x741.jpg","903826"
"3","Rembrandt","rembrandt","The Sense Of Sight","1625","866","1000","0.87","https://uploads8.wikiart.org/images/rembrandt/the-sense-of-sight.jpg","0003_The_Sense_Of_Sight_866x1000.jpg","549273"
"4","Rembrandt","rembrandt","Artist in his Studio","1626","899","700","0.63","https://uploads6.wikiart.org/images/rembrandt/artist-in-his-studio-1626.jpg","0004_Artist_in_his_Studio_899x700.jpg","136556"
"5","Rembrandt","rembrandt","Balaam's Ass","1626","727","1000","0.73","https://uploads7.wikiart.org/images/rembrandt/balaam-s-ass-1626.jpg","0005_Balaam's_Ass_727x1000.jpg","208259"
"6","Rembrandt","rembrandt","Christ Driving the Moneychangers from the Temple","1626","753","1000","0.75","https://uploads7.wikiart.org/images/rembrandt/christ-driving-the-moneychangers-from-the-temple-1626.jpg","0006_Christ_Driving_the_Moneychangers_from_th_753x1000.jpg","841999"
"7","Rembrandt","rembrandt","History Painting","1626","1000","740","0.74","https://uploads2.wikiart.org/images/rembrandt/history-painting-1626.jpg","0007_History_Painting_1000x740.jpg","964865"
"8","Rembrandt","rembrandt","Musical Allegory","1626","1201","1600","1.92","https://uploads2.wikiart.org/images/rembrandt/musical-allegory-1626.jpg","0008_Musical_Allegory_1201x1600.jpg","301549"
"9","Rembrandt","rembrandt","The Baptism Of The Eunuch","1626","754","1000","0.75","https://uploads2.wikiart.org/images/rembrandt/the-baptism-of-the-eunuch-1626.jpg","0009_The_Baptism_Of_The_Eunuch_754x1000.jpg","767359"
"10","Rembrandt","rembrandt","Two Studies of the Head of an Old Man","1626","640","382","0.24","https://uploads0.wikiart.org/images/rembrandt/two-studies-of-the-head-of-an-old-man.jpg","0010_Two_Studies_of_the_Head_of_an_Old_Man_640x382.jpg","107704"
"11","Rembrandt","rembrandt","A Warrior","1627","589","800","0.47","https://uploads4.wikiart.org/images/rembrandt/a-warrior-1627.jpg","0011_A_Warrior_589x800.jpg","57375"
"12","Rembrandt","rembrandt","David Offering the Head of Goliath to King Saul","1627","1040","720","0.75","https://uploads6.wikiart.org/images/rembrandt/david-offering-the-head-of-goliath-to-king-saul-1627.jpg","0012_David_Offering_the_Head_of_Goliath_to_Ki_1040x720.jpg","477668"
"13","Rembrandt","rembrandt","St. Paul in Prison","1627","639","777","0.5","https://uploads3.wikiart.org/images/rembrandt/st-paul-in-prison-1627.jpg","0013_St._Paul_in_Prison_639x777.jpg","318901"
"14","Rembrandt","rembrandt","The flight into Egypt a sketch","1627","807","960","0.77","https://uploads7.wikiart.org/images/rembrandt/the-flight-into-egypt-a-sketch-1627.jpg","0014_The_flight_into_Egypt_a_sketch_807x960.jpg","875974"
"15","Rembrandt","rembrandt","The rich fool","1627","1292","978","1.26","https://uploads8.wikiart.org/images/rembrandt/the-rich-fool-1627.jpg","0015_The_rich_fool_1292x978.jpg","311635"
"16","Rembrandt","rembrandt","Beggar man and woman","1628","1000","1280","1.28","https://uploads6.wikiart.org/images/rembrandt/beggar-man-and-woman-1628.jpg","0016_Beggar_man_and_woman_1000x1280.jpg","542422"
"17","Rembrandt","rembrandt","Bust of an Old Woman, Rembrandt`s Mother","1628","753","802","0.6","https://uploads7.wikiart.org/images/rembrandt/bust-of-an-old-woman-rembrandt-s-mother-1628.jpg","0017_Bust_of_an_Old_Woman,_Rembrandt`s_Mother_753x802.jpg","351458"
"18","Rembrandt","rembrandt","Man Pulling a Rope","1628","528","821","0.43","https://uploads4.wikiart.org/images/rembrandt/man-pulling-a-rope-1628.jpg","0018_Man_Pulling_a_Rope_528x821.jpg","262951"
"19","Rembrandt","rembrandt","Portrait of Rembrandt van Rijn","1628","1238","1600","1.98","https://uploads2.wikiart.org/images/rembrandt/portrait-of-rembrandt-van-rijn.jpg","0019_Portrait_of_Rembrandt_van_Rijn_1238x1600.jpg","139008"
"20","Rembrandt","rembrandt","Presentation in the Temple","1628","630","806","0.51","https://uploads3.wikiart.org/images/rembrandt/presentation-in-the-temple-1628.jpg","0020_Presentation_in_the_Temple_630x806.jpg","360338"
"21","Rembrandt","rembrandt","Samson And Delilah","1628","773","1000","0.77","https://uploads4.wikiart.org/images/rembrandt/samson-and-delilah-1628.jpg","0021_Samson_And_Delilah_773x1000.jpg","975325"
"22","Rembrandt","rembrandt","Self-portrait as a Young Man","1628","831","1024","0.85","https://uploads3.wikiart.org/00364/images/rembrandt/831px-self-portrait-as-a-young-man-by-rembrandt.jpg","0022_Self-portrait_as_a_Young_Man_831x1024.jpg","186430"
"23","Rembrandt","rembrandt","Self-Portrait Leaning Forward (bust)","1628","1202","1280","1.54","https://uploads2.wikiart.org/images/rembrandt/self-portrait-leaning-forward-bust-1628.jpg","0023_Self-Portrait_Leaning_Forward_(bust)_1202x1280.jpg","938528"
"24","Rembrandt","rembrandt","Self-Portrait, Leaning Forward (Listening)","1628","1061","1280","1.36","https://uploads7.wikiart.org/images/rembrandt/self-portrait-leaning-forward-listening-1628.jpg","0024_Self-Portrait,_Leaning_Forward_(Listenin_1061x1280.jpg","921806"
"25","Rembrandt","rembrandt","Two Old Men Disputing","1628","792","1000","0.79","https://uploads2.wikiart.org/images/rembrandt/two-old-men-disputing.jpg","0025_Two_Old_Men_Disputing_792x1000.jpg","838164"
"26","Rembrandt","rembrandt","The Artist In His Studio","1628","1000","785","0.78","https://uploads5.wikiart.org/images/rembrandt/the-artist-in-his-studio.jpg","0026_The_Artist_In_His_Studio_1000x785.jpg","936921"
"27","Rembrandt","rembrandt","Beggar in a High Cap Standing","1629","996","1280","1.27","https://uploads6.wikiart.org/images/rembrandt/beggar-in-a-high-cap-standing-1629.jpg","0027_Beggar_in_a_High_Cap_Standing_996x1280.jpg","361710"
"28","Rembrandt","rembrandt","Beggar with a crippled hand leaning on a stick","1629","662","1280","0.85","https://uploads5.wikiart.org/images/rembrandt/beggar-with-a-crippled-hand-leaning-on-a-stick-1629.jpg","0028_Beggar_with_a_crippled_hand_leaning_on_a_662x1280.jpg","329858"
"29","Rembrandt","rembrandt","David Playing The Harp To Saul","1629","818","1000","0.82","https://uploads2.wikiart.org/images/rembrandt/david-playing-the-harp-to-saul.jpg","0029_David_Playing_The_Harp_To_Saul_818x1000.jpg","929042"
"30","Rembrandt","rembrandt","Man with a Magnifying Glass","1629","809","1031","0.83","https://uploads4.wikiart.org/images/rembrandt/man-with-a-magnifying-glass-1629.jpg","0030_Man_with_a_Magnifying_Glass_809x1031.jpg","159064"
"31","Rembrandt","rembrandt","Old beggar woman with a gourd","1629","655","1280","0.84","https://uploads6.wikiart.org/images/rembrandt/old-beggar-woman-with-a-gourd-1629.jpg","0031_Old_beggar_woman_with_a_gourd_655x1280.jpg","278606"
"32","Rembrandt","rembrandt","Old man Sleeping","1629","630","809","0.51","https://uploads2.wikiart.org/images/rembrandt/old-man-sleeping-1629.jpg","0032_Old_man_Sleeping_630x809.jpg","114401"
"33","Rembrandt","rembrandt","Peter and John at the gate of the Temple","1629","732","960","0.7","https://uploads8.wikiart.org/images/rembrandt/peter-and-john-at-the-gate-of-the-temple-1629.jpg","0033_Peter_and_John_at_the_gate_of_the_Temple_732x960.jpg","896565"
"34","Rembrandt","rembrandt","Repentant Judas Returning The Pieces Of Silver","1629","1000","767","0.77","https://uploads5.wikiart.org/images/rembrandt/repentant-judas-returning-the-pieces-of-silver-1629.jpg","0034_Repentant_Judas_Returning_The_Pieces_Of_1000x767.jpg","811681"
"35","Rembrandt","rembrandt","Seated beggar and his dog","1629","972","1280","1.24","https://uploads2.wikiart.org/images/rembrandt/seated-beggar-and-his-dog-1629.jpg","0035_Seated_beggar_and_his_dog_972x1280.jpg","522253"
"36","Rembrandt","rembrandt","Self-portrait","1629","458","600","0.27","https://uploads8.wikiart.org/images/rembrandt/self-portrait-1629.jpg","0036_Self-portrait_458x600.jpg","31340"
"37","Rembrandt","rembrandt","Self-portrait at an early age","1629","1268","1511","1.92","https://uploads6.wikiart.org/images/rembrandt/self-portrait-at-an-early-age-1629.jpg","0037_Self-portrait_at_an_early_age_1268x1511.jpg","1690106"
"38","Rembrandt","rembrandt","Self-Portrait in a Gorget","1629","813","1000","0.81","https://uploads6.wikiart.org/images/rembrandt/self-portrait-in-a-gorget.jpg","0038_Self-Portrait_in_a_Gorget_813x1000.jpg","826742"
"39","Rembrandt","rembrandt","Self-Portrait in a Plumed Hat","1629","818","1000","0.82","https://uploads6.wikiart.org/images/rembrandt/self-portrait-in-a-plumed-hat-1629.jpg","0039_Self-Portrait_in_a_Plumed_Hat_818x1000.jpg","745566"
"40","Rembrandt","rembrandt","St. Paul in meditation","1629","336","394","0.13","https://uploads7.wikiart.org/images/rembrandt/st-paul-in-meditation-1629.jpg","0040_St._Paul_in_meditation_336x394.jpg","22846"
"41","Rembrandt","rembrandt","Standing Beggar Turned to the Right","1629","510","863","0.44","https://uploads3.wikiart.org/images/rembrandt/standing-beggar-turned-to-the-right-1629.jpg","0041_Standing_Beggar_Turned_to_the_Right_510x863.jpg","282108"
"42","Rembrandt","rembrandt","The blindness of Tobit","1629","923","1280","1.18","https://uploads8.wikiart.org/images/rembrandt/the-blindness-of-tobit-1629.jpg","0042_The_blindness_of_Tobit_923x1280.jpg","496797"
"43","Rembrandt","rembrandt","The raising of the cross","1629","1286","1663","2.14","https://uploads1.wikiart.org/images/rembrandt/the-raising-of-the-cross-1629.jpg","0043_The_raising_of_the_cross_1286x1663.jpg","377483"
"44","Rembrandt","rembrandt","The small lion hunt with two lions","1629","1023","1280","1.31","https://uploads2.wikiart.org/images/rembrandt/the-small-lion-hunt-with-two-lions-1629.jpg","0044_The_small_lion_hunt_with_two_lions_1023x1280.jpg","561280"
"45","Rembrandt","rembrandt","The Young Rembrandt as Democritus the Laughing Philosopher","1629","488","640","0.31","https://uploads8.wikiart.org/images/rembrandt/the-young-rembrandt-as-democritus-the-laughing-philosopher-1629.jpg","0045_The_Young_Rembrandt_as_Democritus_the_La_488x640.jpg","54925"
"46","Rembrandt","rembrandt","Self-portrait, Open Mouthed","1629","612","800","0.49","https://uploads7.wikiart.org/images/rembrandt/self-portrait-open-mouthed.jpg","0046_Self-portrait,_Open_Mouthed_612x800.jpg","337709"
"47","Rembrandt","rembrandt","The Supper at Emmaus","1629","874","774","0.68","https://uploads1.wikiart.org/images/rembrandt/the-supper-at-emmaus.jpg","0047_The_Supper_at_Emmaus_874x774.jpg","392281"
"48","Rembrandt","rembrandt","Self-portrait","1629","1037","1280","1.33","https://uploads5.wikiart.org/images/rembrandt/self-portrait-9.jpg","0048_Self-portrait_1037x1280.jpg","847073"
"49","Rembrandt","rembrandt","Self-portrait","1629","2892","3844","11.12","https://uploads6.wikiart.org/images/rembrandt/self-portrait-10.jpg","0049_Self-portrait_2892x3844.jpg","3515181"
"50","Rembrandt","rembrandt","Self-portrait with Gorget and Beret","1629","600","777","0.47","https://uploads7.wikiart.org/images/rembrandt/self-portrait-with-gorget-and-beret.jpg","0050_Self-portrait_with_Gorget_and_Beret_600x777.jpg","192837"
"51","Rembrandt","rembrandt","A Beggar Sitting in an Elbow Chair","1630","544","792","0.43","https://uploads2.wikiart.org/images/rembrandt/a-beggar-sitting-in-an-elbow-chair-1630.jpg","0051_A_Beggar_Sitting_in_an_Elbow_Chair_544x792.jpg","356193"
"52","Rembrandt","rembrandt","A Beggar Warming his Hands over a Chafing Dish","1630","520","837","0.44","https://uploads5.wikiart.org/images/rembrandt/a-beggar-warming-his-hands-over-a-chafing-dish-1630.jpg","0052_A_Beggar_Warming_his_Hands_over_a_Chafin_520x837.jpg","372067"
"53","Rembrandt","rembrandt","A Beggar with a Wooden Leg","1630","504","828","0.42","https://uploads3.wikiart.org/images/rembrandt/a-beggar-with-a-wooden-leg-1630.jpg","0053_A_Beggar_with_a_Wooden_Leg_504x828.jpg","374897"
"54","Rembrandt","rembrandt","A Man in a Room","1630","489","579","0.28","https://uploads1.wikiart.org/images/rembrandt/a-man-in-a-room-1630.jpg","0054_A_Man_in_a_Room_489x579.jpg","18730"
"55","Rembrandt","rembrandt","A Study of a Woman Asleep","1630","603","780","0.47","https://uploads2.wikiart.org/images/rembrandt/a-study-of-a-woman-asleep-1630.jpg","0055_A_Study_of_a_Woman_Asleep_603x780.jpg","202462"
"56","Rembrandt","rembrandt","An Old Man in Military Costume (formerly called Portrait of Rembrandt's Father)","1630","1002","1280","1.28","https://uploads0.wikiart.org/images/rembrandt/an-old-man-in-military-costume-formerly-called-portrait-of-rembrandt-s-father-1630.jpg","0056_An_Old_Man_in_Military_Costume_(formerly_1002x1280.jpg","454858"
"57","Rembrandt","rembrandt","An Old Man with a Beard","1630","720","859","0.62","https://uploads0.wikiart.org/images/rembrandt/an-old-man-with-a-beard-1630.jpg","0057_An_Old_Man_with_a_Beard_720x859.jpg","484462"
"58","Rembrandt","rembrandt","An Old Man with a Bushy Beard","1630","600","820","0.49","https://uploads6.wikiart.org/images/rembrandt/an-old-man-with-a-bushy-beard-1630.jpg","0058_An_Old_Man_with_a_Bushy_Beard_600x820.jpg","369744"
"59","Rembrandt","rembrandt","An Old Man with a Large Beard","1630","680","808","0.55","https://uploads6.wikiart.org/images/rembrandt/an-old-man-with-a-large-beard-1630.jpg","0059_An_Old_Man_with_a_Large_Beard_680x808.jpg","457686"
"60","Rembrandt","rembrandt","Beggar leaning on a stick, facing left","1630","724","1280","0.93","https://uploads5.wikiart.org/images/rembrandt/beggar-leaning-on-a-stick-facing-left-1630.jpg","0060_Beggar_leaning_on_a_stick,_facing_left_724x1280.jpg","299252"
"61","Rembrandt","rembrandt","Beggar man and beggar woman conversing","1630","1070","1280","1.37","https://uploads6.wikiart.org/images/rembrandt/beggar-man-and-beggar-woman-conversing-1630.jpg","0061_Beggar_man_and_beggar_woman_conversing_1070x1280.jpg","441918"
"62","Rembrandt","rembrandt","Beggar seated warming his hands at a chafing dish","1630","844","1280","1.08","https://uploads8.wikiart.org/images/rembrandt/beggar-seated-warming-his-hands-at-a-chafing-dish-1630.jpg","0062_Beggar_seated_warming_his_hands_at_a_cha_844x1280.jpg","405813"
"63","Rembrandt","rembrandt","Beggar Woman Leaning on a Stick","1630","349","390","0.14","https://uploads8.wikiart.org/images/rembrandt/beggar-woman-leaning-on-a-stick-1630.jpg","0063_Beggar_Woman_Leaning_on_a_Stick_349x390.jpg","26904"
"64","Rembrandt","rembrandt","Bust of an old man with a flowing beard, the head bowed forward, the left shoulder unshaded","1630","1130","1280","1.45","https://uploads3.wikiart.org/images/rembrandt/bust-of-an-old-man-with-a-flowing-beard-the-head-bowed-forward-the-left-shoulder-unshaded-1630.jpg","0064_Bust_of_an_old_man_with_a_flowing_beard,_1130x1280.jpg","890916"
"65","Rembrandt","rembrandt","Christ disputing with the doctors","1630","972","1280","1.24","https://uploads1.wikiart.org/images/rembrandt/christ-disputing-with-the-doctors-1630.jpg","0065_Christ_disputing_with_the_doctors_972x1280.jpg","819850"
"66","Rembrandt","rembrandt","Head and Bust, Full Face","1630","648","833","0.54","https://uploads0.wikiart.org/images/rembrandt/head-and-bust-full-face-1630.jpg","0066_Head_and_Bust,_Full_Face_648x833.jpg","365110"
"67","Rembrandt","rembrandt","Jeremiah mourning over the Destruction of Jerusalem","1630","3857","4902","18.91","https://uploads3.wikiart.org/00142/images/57726d84edc2cb3880b48b73/rembrandt-harmensz-van-rijn-jeremia-treurend-over-de-verwoesting-van-jeruzalem-google-art-project.jpg","0067_Jeremiah_mourning_over_the_Destruction_o_3857x4902.jpg","6798272"
"68","Rembrandt","rembrandt","Jesus Disputing with the Doctors","1630","600","770","0.46","https://uploads0.wikiart.org/images/rembrandt/jesus-disputing-with-the-doctors-1630.jpg","0068_Jesus_Disputing_with_the_Doctors_600x770.jpg","123369"
"69","Rembrandt","rembrandt","Man in a coat and fur cap leaning against a bank","1630","932","1280","1.19","https://uploads7.wikiart.org/images/rembrandt/man-in-a-coat-and-fur-cap-leaning-against-a-bank-1630.jpg","0069_Man_in_a_coat_and_fur_cap_leaning_agains_932x1280.jpg","449965"
"70","Rembrandt","rembrandt","Old man in a long cloak sitting in an armchair","1630","885","1280","1.13","https://uploads5.wikiart.org/images/rembrandt/old-man-in-a-long-cloak-sitting-in-an-armchair-1630.jpg","0070_Old_man_in_a_long_cloak_sitting_in_an_ar_885x1280.jpg","406298"
"71","Rembrandt","rembrandt","Old Woman in Prayer","1630","624","790","0.49","https://uploads5.wikiart.org/images/rembrandt/old-woman-in-prayer-1630.jpg","0071_Old_Woman_in_Prayer_624x790.jpg","86326"
"72","Rembrandt","rembrandt","Ragged peasant with his hands behind him, holding a stick","1630","1049","1280","1.34","https://uploads6.wikiart.org/images/rembrandt/ragged-peasant-with-his-hands-behind-him-holding-a-stick-1630.jpg","0072_Ragged_peasant_with_his_hands_behind_him_1049x1280.jpg","431520"
"73","Rembrandt","rembrandt","Seated Old Man","1630","369","390","0.14","https://uploads0.wikiart.org/images/rembrandt/seated-old-man-1630.jpg","0073_Seated_Old_Man_369x390.jpg","39690"
"74","Rembrandt","rembrandt","Self-portrait","1630","1409","1600","2.25","https://uploads8.wikiart.org/images/rembrandt/self-portrait-1630.jpg","0074_Self-portrait_1409x1600.jpg","355261"
"75","Rembrandt","rembrandt","Self-portrait","1630","600","751","0.45","https://uploads1.wikiart.org/images/rembrandt/self-portrait-1630-1.jpg","0075_Self-portrait_600x751.jpg","257060"
"76","Rembrandt","rembrandt","Self-portrait in a fur cap bust","1630","1130","1280","1.45","https://uploads8.wikiart.org/images/rembrandt/self-portrait-in-a-fur-cap-bust-1630.jpg","0076_Self-portrait_in_a_fur_cap_bust_1130x1280.jpg","817914"
"77","Rembrandt","rembrandt","Self-portrait open mouthed","1630","1172","1280","1.5","https://uploads3.wikiart.org/images/rembrandt/self-portrait-open-mouthed-1630.jpg","0077_Self-portrait_open_mouthed_1172x1280.jpg","941303"
"78","Rembrandt","rembrandt","Self-portrait, Frowning","1630","1584","1600","2.53","https://uploads8.wikiart.org/images/rembrandt/self-portrait-frowning-1630.jpg","0078_Self-portrait,_Frowning_1584x1600.jpg","487786"
"79","Rembrandt","rembrandt","Simeon`s hymn of praise","1630","877","1280","1.12","https://uploads0.wikiart.org/images/rembrandt/simeon-s-hymn-of-praise-1630.jpg","0079_Simeon`s_hymn_of_praise_877x1280.jpg","812099"
"80","Rembrandt","rembrandt","St. Jerome kneeling","1630","1095","1280","1.4","https://uploads4.wikiart.org/images/rembrandt/st-jerome-kneeling-1630.jpg","0080_St._Jerome_kneeling_1095x1280.jpg","681296"
"81","Rembrandt","rembrandt","St. Paul at his Writing Desk","1630","854","1019","0.87","https://uploads4.wikiart.org/images/rembrandt/st-paul-at-his-writing-desk-1630.jpg","0081_St._Paul_at_his_Writing_Desk_854x1019.jpg","145112"
"82","Rembrandt","rembrandt","The Flight into Egypt","1630","600","820","0.49","https://uploads7.wikiart.org/images/rembrandt/the-flight-into-egypt-1630.jpg","0082_The_Flight_into_Egypt_600x820.jpg","132336"
"83","Rembrandt","rembrandt","The Raising of Lazarus","1630","837","989","0.83","https://uploads8.wikiart.org/images/rembrandt/the-raising-of-lazarus-1630.jpg","0083_The_Raising_of_Lazarus_837x989.jpg","154598"
"84","Rembrandt","rembrandt","The raising of Lazarus","1630","919","1280","1.18","https://uploads1.wikiart.org/images/rembrandt/the-raising-of-lazarus-1630-1.jpg","0084_The_raising_of_Lazarus_919x1280.jpg","565259"
"85","Rembrandt","rembrandt","The Small Lion Hunt","1630","443","601","0.27","https://uploads0.wikiart.org/images/rembrandt/the-small-lion-hunt.jpg","0085_The_Small_Lion_Hunt_443x601.jpg","142285"
"86","Rembrandt","rembrandt","Two Studies Of A Bird Of Paradise","1630","879","1000","0.88","https://uploads1.wikiart.org/images/rembrandt/two-studies-of-a-bird-of-paradise-1630.jpg","0086_Two_Studies_Of_A_Bird_Of_Paradise_879x1000.jpg","658190"
"87","Rembrandt","rembrandt","Woman with a Pink","1630","564","810","0.46","https://uploads3.wikiart.org/images/rembrandt/woman-with-a-pink-1630.jpg","0087_Woman_with_a_Pink_564x810.jpg","228312"
"88","Rembrandt","rembrandt","Anna and the Blind Tobit","1630","624","840","0.52","https://uploads5.wikiart.org/images/rembrandt/anna-and-the-blind-tobit.jpg","0088_Anna_and_the_Blind_Tobit_624x840.jpg","84796"
"89","Rembrandt","rembrandt","Beggar man and woman behind a bank","1630","955","1280","1.22","https://uploads6.wikiart.org/images/rembrandt/beggar-man-and-woman-behind-a-bank.jpg","0089_Beggar_man_and_woman_behind_a_bank_955x1280.jpg","548887"
"90","Rembrandt","rembrandt","Bust of a Bearded Old Man","1630","300","450","0.14","https://uploads6.wikiart.org/images/rembrandt/bust-of-a-bearded-old-man.jpg","0090_Bust_of_a_Bearded_Old_Man_300x450.jpg","40598"
"91","Rembrandt","rembrandt","Bust of a laughing young man","1630","788","960","0.76","https://uploads0.wikiart.org/images/rembrandt/bust-of-a-laughing-young-man.jpg","0091_Bust_of_a_laughing_young_man_788x960.jpg","955678"
"92","Rembrandt","rembrandt","Bust of an Old Man in a Fur Cap","1630","474","600","0.28","https://uploads3.wikiart.org/images/rembrandt/bust-of-an-old-man-in-a-fur-cap.jpg","0092_Bust_of_an_Old_Man_in_a_Fur_Cap_474x600.jpg","81774"
"93","Rembrandt","rembrandt","The Artist`s Father","1630","1000","796","0.8","https://uploads0.wikiart.org/images/rembrandt/the-artist-s-father.jpg","0093_The_Artist`s_Father_1000x796.jpg","1056441"
"94","Rembrandt","rembrandt","Old Soldier","1630","630","841","0.53","https://uploads1.wikiart.org/images/rembrandt/old-soldier.jpg","0094_Old_Soldier_630x841.jpg","58595"
"95","Rembrandt","rembrandt","Portrait of Mother of Rembrandt","1630","640","808","0.52","https://uploads3.wikiart.org/images/rembrandt/portrait-of-mother-of-rembrandt.jpg","0095_Portrait_of_Mother_of_Rembrandt_640x808.jpg","74868"
"96","Rembrandt","rembrandt","Portrait of Rembrandt's Father","1630","590","701","0.41","https://uploads2.wikiart.org/images/rembrandt/portrait-of-rembrandt-s-father.jpg","0096_Portrait_of_Rembrandt's_Father_590x701.jpg","12564"
"97","Rembrandt","rembrandt","Self-portrait frowning Bust","1630","676","760","0.51","https://uploads8.wikiart.org/images/rembrandt/self-portrait-frowning-bust.jpg","0097_Self-portrait_frowning_Bust_676x760.jpg","113775"
"98","Rembrandt","rembrandt","Self-portrait with a broad nose","1630","621","760","0.47","https://uploads3.wikiart.org/images/rembrandt/self-portrait-with-a-broad-nose.jpg","0098_Self-portrait_with_a_broad_nose_621x760.jpg","109397"
"99","Rembrandt","rembrandt","The circumcision small plate","1630","750","1064","0.8","https://uploads0.wikiart.org/images/rembrandt/the-circumcision-small-plate.jpg","0099_The_circumcision_small_plate_750x1064.jpg","338370"
"100","Rembrandt","rembrandt","A man making water","1631","787","1280","1.01","https://uploads4.wikiart.org/images/rembrandt/a-man-making-water-1631.jpg","0100_A_man_making_water_787x1280.jpg","362173"
"101","Rembrandt","rembrandt","A Man with a Large Beard and a Low Fur Cap","1631","600","688","0.41","https://uploads1.wikiart.org/images/rembrandt/a-man-with-a-large-beard-and-a-low-fur-cap-1631.jpg","0101_A_Man_with_a_Large_Beard_and_a_Low_Fur_C_600x688.jpg","361513"
"102","Rembrandt","rembrandt","A Man with a Short Beard and Embroidered Cloak","1631","768","852","0.65","https://uploads5.wikiart.org/images/rembrandt/a-man-with-a-short-beard-and-embroidered-cloak-1631.jpg","0102_A_Man_with_a_Short_Beard_and_Embroidered_768x852.jpg","387802"
"103","Rembrandt","rembrandt","A scholar","1631","858","988","0.85","https://uploads4.wikiart.org/images/rembrandt/a-scholar-1631.jpg","0103_A_scholar_858x988.jpg","133318"
"104","Rembrandt","rembrandt","A woman making water","1631","1038","1280","1.33","https://uploads6.wikiart.org/images/rembrandt/a-woman-making-water-1631.jpg","0104_A_woman_making_water_1038x1280.jpg","554477"
"105","Rembrandt","rembrandt","An Old Man Seen from Behind","1631","480","797","0.38","https://uploads4.wikiart.org/images/rembrandt/an-old-man-seen-from-behind-1631.jpg","0105_An_Old_Man_Seen_from_Behind_480x797.jpg","363827"
"106","Rembrandt","rembrandt","Beggar Man and Woman","1631","1429","1600","2.29","https://uploads6.wikiart.org/00286/images/rembrandt/1630-1631-beggar-man-and-woman.jpg","0106_Beggar_Man_and_Woman_1429x1600.jpg","852054"
"107","Rembrandt","rembrandt","Beggar with his left hand extended","1631","861","1280","1.1","https://uploads2.wikiart.org/images/rembrandt/beggar-with-his-left-hand-extended-1631.jpg","0107_Beggar_with_his_left_hand_extended_861x1280.jpg","439939"
"108","Rembrandt","rembrandt","Bust of an Old Man","1631","628","800","0.5","https://uploads4.wikiart.org/images/rembrandt/bust-of-an-old-man-1631.jpg","0108_Bust_of_an_Old_Man_628x800.jpg","52999"
"109","Rembrandt","rembrandt","Bust of an Old Man with a Beret","1631","665","803","0.53","https://uploads8.wikiart.org/images/rembrandt/bust-of-an-old-man-with-a-beret-1631.jpg","0109_Bust_of_an_Old_Man_with_a_Beret_665x803.jpg","86901"
"110","Rembrandt","rembrandt","Bust of an Old Man with a Large Beard","1631","784","794","0.62","https://uploads5.wikiart.org/images/rembrandt/bust-of-an-old-man-with-a-large-beard-1631.jpg","0110_Bust_of_an_Old_Man_with_a_Large_Beard_784x794.jpg","412880"
"111","Rembrandt","rembrandt","Christ on the Cross","1631","1218","1710","2.08","https://uploads5.wikiart.org/images/rembrandt/christ-on-the-cross-1631.jpg","0111_Christ_on_the_Cross_1218x1710.jpg","310992"
"112","Rembrandt","rembrandt","Diana at the bath","1631","1155","1280","1.48","https://uploads3.wikiart.org/images/rembrandt/diana-at-the-bath-1631.jpg","0112_Diana_at_the_bath_1155x1280.jpg","1320879"
"113","Rembrandt","rembrandt","Diana at the Bath","1631","750","832","0.62","https://uploads5.wikiart.org/images/rembrandt/diana-at-the-bath-1631-1.jpg","0113_Diana_at_the_Bath_750x832.jpg","237724"
"114","Rembrandt","rembrandt","Head of an Old Man","1631","397","390","0.15","https://uploads8.wikiart.org/images/rembrandt/head-of-an-old-man.jpg","0114_Head_of_an_Old_Man_397x390.jpg","78744"
"115","Rembrandt","rembrandt","Old woman seated in a cottage with a string of onions on the wall","1631","877","1280","1.12","https://uploads6.wikiart.org/images/rembrandt/old-woman-seated-in-a-cottage-with-a-string-of-onions-on-the-wall-1631.jpg","0115_Old_woman_seated_in_a_cottage_with_a_str_877x1280.jpg","948306"
"116","Rembrandt","rembrandt","Peasant with his hands behind his back","1631","1126","1280","1.44","https://uploads6.wikiart.org/images/rembrandt/peasant-with-his-hands-behind-his-back-1631.jpg","0116_Peasant_with_his_hands_behind_his_back_1126x1280.jpg","429208"
"117","Rembrandt","rembrandt","Philosopher Reading","1631","1223","1600","1.96","https://uploads6.wikiart.org/00363/images/rembrandt/a8d7bbee3ecdb52ae0262644033dc029.jpg","0117_Philosopher_Reading_1223x1600.jpg","264773"
"118","Rembrandt","rembrandt","Portrait of Nicolaes Ruts","1631","626","850","0.53","https://uploads2.wikiart.org/images/rembrandt/portrait-of-nicolaes-ruts-1631.jpg","0118_Portrait_of_Nicolaes_Ruts_626x850.jpg","76510"
"119","Rembrandt","rembrandt","Rembrandt`s Mother in a Black Dress, as Small Upright Print","1631","616","841","0.52","https://uploads8.wikiart.org/images/rembrandt/rembrandt-s-mother-in-a-black-dress-as-small-upright-print-1631.jpg","0119_Rembrandt`s_Mother_in_a_Black_Dress,_as_616x841.jpg","329479"
"120","Rembrandt","rembrandt","Rembrandt`s Mother, Seated, Looking to the Right","1631","800","890","0.71","https://uploads5.wikiart.org/images/rembrandt/rembrandt-s-mother-seated-looking-to-the-right-1631.jpg","0120_Rembrandt`s_Mother,_Seated,_Looking_to_t_800x890.jpg","149245"
"121","Rembrandt","rembrandt","Seated Female Nude","1631","776","890","0.69","https://uploads8.wikiart.org/images/rembrandt/seated-female-nude.jpg","0121_Seated_Female_Nude_776x890.jpg","185489"
"122","Rembrandt","rembrandt","Self-portrait in a heavy fur cap bust","1631","1143","1280","1.46","https://uploads5.wikiart.org/images/rembrandt/self-portrait-in-a-heavy-fur-cap-bust-1631.jpg","0122_Self-portrait_in_a_heavy_fur_cap_bust_1143x1280.jpg","964582"
"123","Rembrandt","rembrandt","Self-portrait in a soft hat and embroidered cloak","1631","1100","1280","1.41","https://uploads8.wikiart.org/images/rembrandt/self-portrait-in-a-soft-hat-and-embroidered-cloak-1631.jpg","0123_Self-portrait_in_a_soft_hat_and_embroide_1100x1280.jpg","1045550"
"124","Rembrandt","rembrandt","Self-portrait in oriental attire with poodle","1631","600","788","0.47","https://uploads3.wikiart.org/images/rembrandt/self-portrait-in-oriental-attire-with-poodle-1631.jpg","0124_Self-portrait_in_oriental_attire_with_po_600x788.jpg","266813"
"125","Rembrandt","rembrandt","Self-portrait with Beret and Gold Chain","1631","612","795","0.49","https://uploads7.wikiart.org/images/rembrandt/self-portrait-with-beret-and-gold-chain-1631.jpg","0125_Self-portrait_with_Beret_and_Gold_Chain_612x795.jpg","310012"
"126","Rembrandt","rembrandt","Self-portrait with long bushy hair","1631","1202","1280","1.54","https://uploads2.wikiart.org/images/rembrandt/self-portrait-with-long-bushy-hair-1631.jpg","0126_Self-portrait_with_long_bushy_hair_1202x1280.jpg","1003016"
"127","Rembrandt","rembrandt","The barrel organ player (Polander standing with arms folded)","1631","613","660","0.4","https://uploads8.wikiart.org/images/rembrandt/the-barrel-organ-player-polander-standing-with-arms-folded-1631.jpg","0127_The_barrel_organ_player_(Polander_standi_613x660.jpg","241400"
"128","Rembrandt","rembrandt","The blind fiddler","1631","905","1280","1.16","https://uploads3.wikiart.org/images/rembrandt/the-blind-fiddler-1631.jpg","0128_The_blind_fiddler_905x1280.jpg","423746"
"129","Rembrandt","rembrandt","The leper (Lazarus clep)","1631","903","1280","1.16","https://uploads8.wikiart.org/images/rembrandt/the-leper-lazarus-clep-1631.jpg","0129_The_leper_(Lazarus_clep)_903x1280.jpg","409968"
"130","Rembrandt","rembrandt","The Little Polander","1631","372","824","0.31","https://uploads5.wikiart.org/images/rembrandt/the-little-polander-1631.jpg","0130_The_Little_Polander_372x824.jpg","243544"
"131","Rembrandt","rembrandt","The Prophetess Anna (Rembrandt`s Mother)","1631","1289","1600","2.06","https://uploads6.wikiart.org/images/rembrandt/the-prophetess-anna-rembrandt-s-mother-1631.jpg","0131_The_Prophetess_Anna_(Rembrandt`s_Mother)_1289x1600.jpg","275319"
"132","Rembrandt","rembrandt","Andromeda","1631","575","810","0.47","https://uploads8.wikiart.org/images/rembrandt/andromeda.jpg","0132_Andromeda_575x810.jpg","247107"
"133","Rembrandt","rembrandt","Minerva","1631","800","1009","0.81","https://uploads6.wikiart.org/images/rembrandt/minerva.jpg","0133_Minerva_800x1009.jpg","59194"
"134","Rembrandt","rembrandt","Old Man Seated in an Armchair, Full length","1631","576","829","0.48","https://uploads4.wikiart.org/images/rembrandt/old-man-seated-in-an-armchair-full-length.jpg","0134_Old_Man_Seated_in_an_Armchair,_Full_leng_576x829.jpg","341377"
"135","Rembrandt","rembrandt","Portrait of the Artist's Mother","1631","570","726","0.41","https://uploads3.wikiart.org/images/rembrandt/portrait-of-the-artist-s-mother.jpg","0135_Portrait_of_the_Artist's_Mother_570x726.jpg","21288"
"136","Rembrandt","rembrandt","Old Man with a Black Hat and Gorget","1631","734","813","0.6","https://uploads7.wikiart.org/images/rembrandt/old-man-with-a-black-hat-and-gorget.jpg","0136_Old_Man_with_a_Black_Hat_and_Gorget_734x813.jpg","317460"
"137","Rembrandt","rembrandt","Old Man with Flowing Beard, Looking down Left","1631","800","844","0.68","https://uploads7.wikiart.org/images/rembrandt/old-man-with-flowing-beard-looking-down-left.jpg","0137_Old_Man_with_Flowing_Beard,_Looking_down_800x844.jpg","75048"
"138","Rembrandt","rembrandt","Simeon's Song of Praise","1631","2366","3000","7.1","https://uploads0.wikiart.org/00268/images/rembrandt/rembrandt-harmensz-van-rijn-145-1-2.jpg","0138_Simeon's_Song_of_Praise_2366x3000.jpg","1738859"
"139","Rembrandt","rembrandt","The Abduction of Proserpina","1631","767","810","0.62","https://uploads8.wikiart.org/images/rembrandt/the-abduction-of-proserpina.jpg","0139_The_Abduction_of_Proserpina_767x810.jpg","402000"
"140","Rembrandt","rembrandt","Simeon's song of praise","1631","2366","3000","7.1","https://uploads7.wikiart.org/00164/images/rembrandt/rembrandt-harmensz-van-rijn-145-1.jpg","0140_Simeon's_song_of_praise_2366x3000.jpg","1738859"
"141","Rembrandt","rembrandt","Portrait of a Man","1632","900","1200","1.08","https://uploads2.wikiart.org/00286/images/rembrandt/portrait-of-a-man.jpg","0141_Portrait_of_a_Man_900x1200.jpg","62985"
"142","Rembrandt","rembrandt","A Beggar Standing and Leaning on a Stick","1632","640","810","0.52","https://uploads8.wikiart.org/images/rembrandt/a-beggar-standing-and-leaning-on-a-stick-1632.jpg","0142_A_Beggar_Standing_and_Leaning_on_a_Stick_640x810.jpg","348937"
"143","Rembrandt","rembrandt","A cavalry fight","1632","1008","1280","1.29","https://uploads1.wikiart.org/images/rembrandt/a-cavalry-fight-1632.jpg","0143_A_cavalry_fight_1008x1280.jpg","543421"
"144","Rembrandt","rembrandt","A Polander Turned to the Left","1632","446","797","0.36","https://uploads6.wikiart.org/images/rembrandt/a-polander-turned-to-the-left-1632.jpg","0144_A_Polander_Turned_to_the_Left_446x797.jpg","247910"
"145","Rembrandt","rembrandt","A Portrait of a Young Woman","1632","595","780","0.46","https://uploads4.wikiart.org/images/rembrandt/a-portrait-of-a-young-woman-1632.jpg","0145_A_Portrait_of_a_Young_Woman_595x780.jpg","301522"
"146","Rembrandt","rembrandt","A Sketch for a Flight into Egypt","1632","600","869","0.52","https://uploads0.wikiart.org/images/rembrandt/a-sketch-for-a-flight-into-egypt-1632.jpg","0146_A_Sketch_for_a_Flight_into_Egypt_600x869.jpg","379797"
"147","Rembrandt","rembrandt","A Young Woman in Profile with a Fan","1632","617","840","0.52","https://uploads3.wikiart.org/images/rembrandt/a-young-woman-in-profile-with-a-fan-1632.jpg","0147_A_Young_Woman_in_Profile_with_a_Fan_617x840.jpg","306764"
"148","Rembrandt","rembrandt","Adoration of the magi","1632","500","575","0.29","https://uploads7.wikiart.org/images/rembrandt/adoration-of-the-magi-1632.jpg","0148_Adoration_of_the_magi_500x575.jpg","122273"
"149","Rembrandt","rembrandt","An Old Man with a Beard, Fur Cap and a Velvet Cloak","1632","680","773","0.53","https://uploads0.wikiart.org/images/rembrandt/an-old-man-with-a-beard-fur-cap-and-a-velvet-cloak-1632.jpg","0149_An_Old_Man_with_a_Beard,_Fur_Cap_and_a_V_680x773.jpg","394628"
"150","Rembrandt","rembrandt","Bust of a Young Woman","1632","616","808","0.5","https://uploads7.wikiart.org/images/rembrandt/bust-of-a-young-woman-1632.jpg","0150_Bust_of_a_Young_Woman_616x808.jpg","83605"
"151","Rembrandt","rembrandt","Bust of a Young Woman in a Cap","1632","776","994","0.77","https://uploads7.wikiart.org/images/rembrandt/bust-of-a-young-woman-in-a-cap-1632.jpg","0151_Bust_of_a_Young_Woman_in_a_Cap_776x994.jpg","42512"
"152","Rembrandt","rembrandt","Jacob III de Gheyn","1632","676","824","0.56","https://uploads4.wikiart.org/images/rembrandt/jacob-iii-de-gheyn-1632.jpg","0152_Jacob_III_de_Gheyn_676x824.jpg","69161"
"153","Rembrandt","rembrandt","Joris de Caullery","1632","632","814","0.51","https://uploads3.wikiart.org/images/rembrandt/joris-de-caullery-1632.jpg","0153_Joris_de_Caullery_632x814.jpg","143733"
"154","Rembrandt","rembrandt","Man in Oriental Costume (""The Noble Slav"" or ""Man in a Turban"")","1632","802","996","0.8","https://uploads7.wikiart.org/images/rembrandt/knee-length-figure-of-a-man-in-an-oriental-dress-1632.jpg","0154_Man_in_Oriental_Costume_(_The_Noble_Slav_802x996.jpg","117385"
"155","Rembrandt","rembrandt","Man Sharpening a Quill","1632","700","898","0.63","https://uploads8.wikiart.org/images/rembrandt/man-sharpening-a-quill-1632.jpg","0155_Man_Sharpening_a_Quill_700x898.jpg","245635"
"156","Rembrandt","rembrandt","Man Standing Up","1632","644","823","0.53","https://uploads1.wikiart.org/images/rembrandt/man-standing-up-1632.jpg","0156_Man_Standing_Up_644x823.jpg","141093"
"157","Rembrandt","rembrandt","Minerva","1632","660","826","0.55","https://uploads2.wikiart.org/images/rembrandt/minerva-1632.jpg","0157_Minerva_660x826.jpg","140964"
"158","Rembrandt","rembrandt","Old man Dressed as Saint Paul","1632","700","832","0.58","https://uploads6.wikiart.org/images/rembrandt/old-man-dressed-as-saint-paul-1632.jpg","0158_Old_man_Dressed_as_Saint_Paul_700x832.jpg","172436"
"159","Rembrandt","rembrandt","Philosopher in Meditation","1632","1600","1067","1.71","https://uploads2.wikiart.org/images/rembrandt/philosopher-in-meditation-1632.jpg","0159_Philosopher_in_Meditation_1600x1067.jpg","226242"
"160","Rembrandt","rembrandt","Polander leaning on a stick","1632","737","1280","0.94","https://uploads4.wikiart.org/images/rembrandt/polander-leaning-on-a-stick-1632.jpg","0160_Polander_leaning_on_a_stick_737x1280.jpg","302046"
"161","Rembrandt","rembrandt","Portrait Of A Man","1632","770","1000","0.77","https://uploads3.wikiart.org/images/rembrandt/portrait-of-a-man-1632.jpg","0161_Portrait_Of_A_Man_770x1000.jpg","653045"
"162","Rembrandt","rembrandt","Portrait Of A Woman","1632","777","1000","0.78","https://uploads5.wikiart.org/images/rembrandt/portrait-of-a-woman-1632.jpg","0162_Portrait_Of_A_Woman_777x1000.jpg","699343"
"163","Rembrandt","rembrandt","Portrait Of Joris de Caullery","1632","825","1000","0.82","https://uploads6.wikiart.org/images/rembrandt/portrait-of-joris-de-caullery-1632.jpg","0163_Portrait_Of_Joris_de_Caullery_825x1000.jpg","873270"
"164","Rembrandt","rembrandt","Portrait of Princess Amalia van Solms","1632","624","805","0.5","https://uploads5.wikiart.org/images/rembrandt/portrait-of-princess-amalia-van-solms-1632.jpg","0164_Portrait_of_Princess_Amalia_van_Solms_624x805.jpg","326288"
"165","Rembrandt","rembrandt","Rembrandt`s Mother in a Widow`s Dress","1632","646","827","0.53","https://uploads5.wikiart.org/images/rembrandt/rembrandt-s-mother-in-a-widow-s-dress-1632.jpg","0165_Rembrandt`s_Mother_in_a_Widow`s_Dress_646x827.jpg","364196"
"166","Rembrandt","rembrandt","Self-portrait","1632","2256","3085","6.96","https://uploads8.wikiart.org/images/rembrandt/self-portrait-1632.jpg","0166_Self-portrait_2256x3085.jpg","1556114"
"167","Rembrandt","rembrandt","Self-portrait with hat","1632","310","413","0.13","https://uploads3.wikiart.org/images/rembrandt/self-portrait-with-hat.jpg","0167_Self-portrait_with_hat_310x413.jpg","24188"
"168","Rembrandt","rembrandt","St. Jerome praying","1632","951","1280","1.22","https://uploads3.wikiart.org/images/rembrandt/st-jerome-praying-1632.jpg","0168_St._Jerome_praying_951x1280.jpg","558144"
"169","Rembrandt","rembrandt","The Anatomy Lesson of Dr. Nicolaes Tulp","1632","2351","1774","4.17","https://uploads6.wikiart.org/images/rembrandt/the-anatomy-lesson-of-dr-nicolaes-tulp-1632.jpg","0169_The_Anatomy_Lesson_of_Dr._Nicolaes_Tulp_2351x1774.jpg","941985"
"170","Rembrandt","rembrandt","The Anatomy Lesson of Dr. Nicolaes Tulp(fragment)","1632","1045","770","0.8","https://uploads6.wikiart.org/images/rembrandt/the-anatomy-lesson-of-dr-nicolaes-tulp-fragment-1632.jpg","0170_The_Anatomy_Lesson_of_Dr._Nicolaes_Tulp(_1045x770.jpg","72570"
"171","Rembrandt","rembrandt","The Anatomy Lesson of Dr. Nicolaes Tulp(fragment)","1632","638","768","0.49","https://uploads8.wikiart.org/images/rembrandt/the-anatomy-lesson-of-dr-nicolaes-tulp-fragment-1632-1.jpg","0171_The_Anatomy_Lesson_of_Dr._Nicolaes_Tulp(_638x768.jpg","152298"
"172","Rembrandt","rembrandt","The holy family","1632","1002","1280","1.28","https://uploads1.wikiart.org/images/rembrandt/the-holy-family-1632.jpg","0172_The_holy_family_1002x1280.jpg","1070970"
"173","Rembrandt","rembrandt","The Persian","1632","970","1280","1.24","https://uploads6.wikiart.org/images/rembrandt/the-persian-1632.jpg","0173_The_Persian_970x1280.jpg","455647"
"174","Rembrandt","rembrandt","The rat poison peddler (The rat catcher)","1632","1172","1280","1.5","https://uploads6.wikiart.org/images/rembrandt/the-rat-poison-peddler-the-rat-catcher-1632.jpg","0174_The_rat_poison_peddler_(The_rat_catcher)_1172x1280.jpg","745604"
"175","Rembrandt","rembrandt","Turbaned soldier on horseback","1632","733","1020","0.75","https://uploads6.wikiart.org/images/rembrandt/turbaned-soldier-on-horseback-1632.jpg","0175_Turbaned_soldier_on_horseback_733x1020.jpg","236376"
"176","Rembrandt","rembrandt","Rape of Proserpina","1632","1003","1054","1.06","https://uploads8.wikiart.org/images/rembrandt/rape-of-proserpina.jpg","0176_Rape_of_Proserpina_1003x1054.jpg","104391"
"177","Rembrandt","rembrandt","Portrait of Jacob III de Gheyn","1632","704","845","0.59","https://uploads2.wikiart.org/images/rembrandt/portrait-of-jacob-iii-de-gheyn.jpg","0177_Portrait_of_Jacob_III_de_Gheyn_704x845.jpg","130074"
"178","Rembrandt","rembrandt","Albert Cuyper","1632","488","649","0.32","https://uploads3.wikiart.org/images/rembrandt/albert-cuyper.jpg","0178_Albert_Cuyper_488x649.jpg","13012"
"179","Rembrandt","rembrandt","Landscape with a Castle","1632","1044","771","0.8","https://uploads4.wikiart.org/images/rembrandt/landscape-with-a-castle.jpg","0179_Landscape_with_a_Castle_1044x771.jpg","455016"
"180","Rembrandt","rembrandt","Marten Looten","1632","653","796","0.52","https://uploads3.wikiart.org/images/rembrandt/marten-looten.jpg","0180_Marten_Looten_653x796.jpg","144381"
"181","Rembrandt","rembrandt","Portrait of a Seated Man","1632","608","806","0.49","https://uploads5.wikiart.org/images/rembrandt/portrait-of-a-seated-man.jpg","0181_Portrait_of_a_Seated_Man_608x806.jpg","136714"
"182","Rembrandt","rembrandt","Portrait of a Seated Woman","1632","608","810","0.49","https://uploads7.wikiart.org/images/rembrandt/portrait-of-a-seated-woman.jpg","0182_Portrait_of_a_Seated_Woman_608x810.jpg","142657"
"183","Rembrandt","rembrandt","Portrait of a Young Woman","1632","800","962","0.77","https://uploads6.wikiart.org/images/rembrandt/portrait-of-a-young-woman.jpg","0183_Portrait_of_a_Young_Woman_800x962.jpg","55307"
"184","Rembrandt","rembrandt","The Rape of Europe","1632","1020","797","0.81","https://uploads8.wikiart.org/images/rembrandt/the-rape-of-europe.jpg","0184_The_Rape_of_Europe_1020x797.jpg","427234"
"185","Rembrandt","rembrandt","A Bust of an Old Man","1633","400","571","0.23","https://uploads6.wikiart.org/images/rembrandt/a-bust-of-an-old-man-1633.jpg","0185_A_Bust_of_an_Old_Man_400x571.jpg","86459"
"186","Rembrandt","rembrandt","A young woman at her toilet","1633","550","640","0.35","https://uploads4.wikiart.org/images/rembrandt/a-young-woman-at-her-toilet-1633.jpg","0186_A_young_woman_at_her_toilet_550x640.jpg","64144"
"187","Rembrandt","rembrandt","Artist in His Studio","1633","397","480","0.19","https://uploads6.wikiart.org/images/rembrandt/artist-in-his-studio-1633.jpg","0187_Artist_in_His_Studio_397x480.jpg","42789"
"188","Rembrandt","rembrandt","Bellona","1633","500","651","0.33","https://uploads2.wikiart.org/images/rembrandt/bellona-1633.jpg","0188_Bellona_500x651.jpg","373803"
"189","Rembrandt","rembrandt","Bust of Young Woman (probably Saskia van Uylenburgh)","1633","1199","1600","1.92","https://uploads0.wikiart.org/images/rembrandt/bust-of-young-woman-probably-saskia-van-uylenburgh-1633.jpg","0189_Bust_of_Young_Woman_(probably_Saskia_van_1199x1600.jpg","111782"
"190","Rembrandt","rembrandt","The Storm on the Sea of Galilee","1633","1930","2400","4.63","https://uploads0.wikiart.org/00142/images/rembrandt/christ-in-the-storm.jpg","0190_The_Storm_on_the_Sea_of_Galilee_1930x2400.jpg","2220536"
"191","Rembrandt","rembrandt","Daniel and King Cyrus in front of the Idol of Bel","1633","1015","780","0.79","https://uploads8.wikiart.org/images/rembrandt/daniel-and-king-cyrus-in-front-of-the-idol-of-bel-1633.jpg","0191_Daniel_and_King_Cyrus_in_front_of_the_Id_1015x780.jpg","614951"
"192","Rembrandt","rembrandt","Joseph`s coat brought to Jacob","1633","750","1006","0.75","https://uploads7.wikiart.org/images/rembrandt/joseph-s-coat-brought-to-jacob-1633.jpg","0192_Joseph`s_coat_brought_to_Jacob_750x1006.jpg","310388"
"193","Rembrandt","rembrandt","Portrait of a Bearded Man in a Wide Brimmed Hat","1633","508","640","0.33","https://uploads6.wikiart.org/images/rembrandt/portrait-of-a-bearded-man-in-a-wide-brimmed-hat-1633.jpg","0193_Portrait_of_a_Bearded_Man_in_a_Wide_Brim_508x640.jpg","71884"
"194","Rembrandt","rembrandt","Portrait of a bearded man, bust length, in a red doublet","1633","1578","2000","3.16","https://uploads4.wikiart.org/images/rembrandt/portrait-of-a-bearded-man-bust-length-in-a-red-doublet-1633.jpg","0194_Portrait_of_a_bearded_man,_bust_length,_1578x2000.jpg","303764"
"195","Rembrandt","rembrandt","Portrait of a Man (possibly the poet Jan Harmensz Krul)","1633","776","1000","0.78","https://uploads3.wikiart.org/images/rembrandt/portrait-of-a-man-possibly-the-poet-jan-harmensz-krul-1633.jpg","0195_Portrait_of_a_Man_(possibly_the_poet_Jan_776x1000.jpg","36138"
"196","Rembrandt","rembrandt","Portrait of a Man in Oriental Costume","1633","749","1000","0.75","https://uploads5.wikiart.org/images/rembrandt/portrait-of-a-man-in-oriental-costume-1633.jpg","0196_Portrait_of_a_Man_in_Oriental_Costume_749x1000.jpg","105892"
"197","Rembrandt","rembrandt","Portrait of a seated man rising from his chair","1633","633","800","0.51","https://uploads5.wikiart.org/images/rembrandt/portrait-of-a-seated-man-rising-from-his-chair-1633.jpg","0197_Portrait_of_a_seated_man_rising_from_his_633x800.jpg","30613"
"198","Rembrandt","rembrandt","Portrait of a Young Woman","1633","525","700","0.37","https://uploads2.wikiart.org/images/rembrandt/portrait-of-a-young-woman-1633.jpg","0198_Portrait_of_a_Young_Woman_525x700.jpg","57227"
"199","Rembrandt","rembrandt","Portrait Of A Young Woman With A Fan","1633","781","1000","0.78","https://uploads4.wikiart.org/images/rembrandt/portrait-of-a-young-woman-with-a-fan-1633.jpg","0199_Portrait_Of_A_Young_Woman_With_A_Fan_781x1000.jpg","678257"
"200","Rembrandt","rembrandt","Portrait of Cornelia Pronck, Wife of Albert Cuyper, at the age of 33","1633","498","646","0.32","https://uploads7.wikiart.org/images/rembrandt/portrait-of-cornelia-pronck-wife-of-albert-cuyper-at-the-age-of-33-1633.jpg","0200_Portrait_of_Cornelia_Pronck,_Wife_of_Alb_498x646.jpg","15995"
"201","Rembrandt","rembrandt","Portrait of Johannes Wtenbogaert","1633","1276","1600","2.04","https://uploads0.wikiart.org/images/rembrandt/portrait-of-johannes-wtenbogaert-1633.jpg","0201_Portrait_of_Johannes_Wtenbogaert_1276x1600.jpg","122323"
"202","Rembrandt","rembrandt","Portrait of Maertgen van Bilderbeecq","1633","398","487","0.19","https://uploads4.wikiart.org/images/rembrandt/portrait-of-maertgen-van-bilderbeecq-1633.jpg","0202_Portrait_of_Maertgen_van_Bilderbeecq_398x487.jpg","62076"
"203","Rembrandt","rembrandt","Portrait of the Young Saskia","1633","796","1010","0.8","https://uploads5.wikiart.org/images/rembrandt/portrait-of-the-young-saskia-1633.jpg","0203_Portrait_of_the_Young_Saskia_796x1010.jpg","119685"
"204","Rembrandt","rembrandt","Saskia In A Straw Hat","1633","581","1000","0.58","https://uploads7.wikiart.org/images/rembrandt/saskia-in-a-straw-hat-1633.jpg","0204_Saskia_In_A_Straw_Hat_581x1000.jpg","561999"
"205","Rembrandt","rembrandt","Self-portrait","1633","633","810","0.51","https://uploads8.wikiart.org/images/rembrandt/self-portrait-1633.jpg","0205_Self-portrait_633x810.jpg","295921"
"206","Rembrandt","rembrandt","Self-portrait in a cap and scarf with the face dark bust","1633","1035","1280","1.32","https://uploads6.wikiart.org/images/rembrandt/self-portrait-in-a-cap-and-scarf-with-the-face-dark-bust-1633.jpg","0206_Self-portrait_in_a_cap_and_scarf_with_th_1035x1280.jpg","837707"
"207","Rembrandt","rembrandt","Self-portrait with Hat and Gold Chain","1633","533","689","0.37","https://uploads5.wikiart.org/images/rembrandt/self-portrait-with-hat-and-gold-chain-1633.jpg","0207_Self-portrait_with_Hat_and_Gold_Chain_533x689.jpg","384807"
"208","Rembrandt","rembrandt","The descent from the cross","1633","985","1280","1.26","https://uploads3.wikiart.org/images/rembrandt/the-descent-from-the-cross-1633.jpg","0208_The_descent_from_the_cross_985x1280.jpg","572120"
"209","Rembrandt","rembrandt","The Elevation Of The Cross","1633","756","1000","0.76","https://uploads7.wikiart.org/images/rembrandt/the-elevation-of-the-cross.jpg","0209_The_Elevation_Of_The_Cross_756x1000.jpg","803486"
"210","Rembrandt","rembrandt","The ship of fortune","1633","1280","893","1.14","https://uploads5.wikiart.org/images/rembrandt/the-ship-of-fortune-1633.jpg","0210_The_ship_of_fortune_1280x893.jpg","539073"
"211","Rembrandt","rembrandt","The Shipbuilder and his Wife","1633","1000","705","0.7","https://uploads5.wikiart.org/images/rembrandt/the-shipbuilder-and-his-wife-1633.jpg","0211_The_Shipbuilder_and_his_Wife_1000x705.jpg","139263"
"212","Rembrandt","rembrandt","Joseph tells his dreams to his parents and brothers","1633","735","960","0.71","https://uploads5.wikiart.org/images/rembrandt/joseph-tells-his-dreams-to-his-parents-and-brothers.jpg","0212_Joseph_tells_his_dreams_to_his_parents_a_735x960.jpg","1149737"
"213","Rembrandt","rembrandt","Self-portrait Bareheaded","1633","504","652","0.33","https://uploads5.wikiart.org/images/rembrandt/self-portrait-bareheaded.jpg","0213_Self-portrait_Bareheaded_504x652.jpg","14461"
"214","Rembrandt","rembrandt","Portrait of a Couple in an Interior","1633","700","851","0.6","https://uploads7.wikiart.org/images/rembrandt/portrait-of-a-couple-in-an-interior.jpg","0214_Portrait_of_a_Couple_in_an_Interior_700x851.jpg","198056"
"215","Rembrandt","rembrandt","Woman Standing with Raised Hands","1633","1812","2832","5.13","https://uploads4.wikiart.org/images/rembrandt/woman-standing-with-raised-hands.jpg","0215_Woman_Standing_with_Raised_Hands_1812x2832.jpg","4772234"
"216","Rembrandt","rembrandt","A Beggar and a Companion Piece, Turned to the Left","1634","400","855","0.34","https://uploads8.wikiart.org/images/rembrandt/a-beggar-and-a-companion-piece-turned-to-the-left-1634.jpg","0216_A_Beggar_and_a_Companion_Piece,_Turned_t_400x855.jpg","292911"
"217","Rembrandt","rembrandt","A Beggar and a Companion Piece, Turned to the Right","1634","356","833","0.3","https://uploads0.wikiart.org/images/rembrandt/a-beggar-and-a-companion-piece-turned-to-the-right-1634.jpg","0217_A_Beggar_and_a_Companion_Piece,_Turned_t_356x833.jpg","242045"
"218","Rembrandt","rembrandt","A Scholar Seated at a Table with Books","1634","563","600","0.34","https://uploads6.wikiart.org/images/rembrandt/a-scholar-seated-at-a-table-with-books-1634.jpg","0218_A_Scholar_Seated_at_a_Table_with_Books_563x600.jpg","114353"
"219","Rembrandt","rembrandt","A Study of a Female Nude Seen from the Back","1634","600","814","0.49","https://uploads2.wikiart.org/images/rembrandt/a-study-of-a-female-nude-seen-from-the-back-1634.jpg","0219_A_Study_of_a_Female_Nude_Seen_from_the_B_600x814.jpg","291133"
"220","Rembrandt","rembrandt","A Young Woman Reading","1634","800","949","0.76","https://uploads7.wikiart.org/images/rembrandt/a-young-woman-reading-1634.jpg","0220_A_Young_Woman_Reading_800x949.jpg","128620"
"221","Rembrandt","rembrandt","Artemisia","1634","1297","1200","1.56","https://uploads4.wikiart.org/images/rembrandt/artemisia-1634.jpg","0221_Artemisia_1297x1200.jpg","135609"
"222","Rembrandt","rembrandt","Christ and the woman of Samaria among ruins","1634","1130","1280","1.45","https://uploads2.wikiart.org/images/rembrandt/christ-and-the-woman-of-samaria-among-ruins-1634.jpg","0222_Christ_and_the_woman_of_Samaria_among_ru_1130x1280.jpg","1029896"
"223","Rembrandt","rembrandt","Christ at Emmaus","1634","943","1280","1.21","https://uploads2.wikiart.org/images/rembrandt/christ-at-emmaus-1634.jpg","0223_Christ_at_Emmaus_943x1280.jpg","987868"
"224","Rembrandt","rembrandt","Christ Resurected","1634","840","805","0.68","https://uploads3.wikiart.org/images/rembrandt/christ-resurected-1634.jpg","0224_Christ_Resurected_840x805.jpg","463603"
"225","Rembrandt","rembrandt","Cupid Blowing Soap Bubbles","1634","869","702","0.61","https://uploads3.wikiart.org/images/rembrandt/cupid-blowing-soap-bubbles-1634.jpg","0225_Cupid_Blowing_Soap_Bubbles_869x702.jpg","307320"
"226","Rembrandt","rembrandt","Deposition from the Cross","1634","677","895","0.61","https://uploads2.wikiart.org/images/rembrandt/deposition-from-the-cross-1634.jpg","0226_Deposition_from_the_Cross_677x895.jpg","90507"
"227","Rembrandt","rembrandt","Diana Bathing, with the Stories of Actaeon and Callisto","1634","1000","777","0.78","https://uploads4.wikiart.org/images/rembrandt/diana-bathing-with-the-stories-of-actaeon-and-callisto-1634.jpg","0227_Diana_Bathing,_with_the_Stories_of_Actae_1000x777.jpg","991084"
"228","Rembrandt","rembrandt","Ecce Homo","1634","676","841","0.57","https://uploads4.wikiart.org/images/rembrandt/ecce-homo-1634.jpg","0228_Ecce_Homo_676x841.jpg","134709"
"229","Rembrandt","rembrandt","Female nude seated, Suzanne","1634","917","1146","1.05","https://uploads3.wikiart.org/images/rembrandt/female-nude-seated-suzanne-1634.jpg","0229_Female_nude_seated,_Suzanne_917x1146.jpg","2411489"
"230","Rembrandt","rembrandt","Flora","1634","791","1000","0.79","https://uploads4.wikiart.org/images/rembrandt/flora.jpg","0230_Flora_791x1000.jpg","1032104"
"231","Rembrandt","rembrandt","Holy Family","1634","600","903","0.54","https://uploads6.wikiart.org/images/rembrandt/holy-family-1634.jpg","0231_Holy_Family_600x903.jpg","77324"
"232","Rembrandt","rembrandt","Jan Cornelis Sylvius","1634","722","842","0.61","https://uploads6.wikiart.org/images/rembrandt/jan-cornelis-sylvius-1634.jpg","0232_Jan_Cornelis_Sylvius_722x842.jpg","511502"
"233","Rembrandt","rembrandt","Joseph and Potiphar`s wife","1634","1280","1031","1.32","https://uploads3.wikiart.org/images/rembrandt/joseph-and-potiphar-s-wife-1634.jpg","0233_Joseph_and_Potiphar`s_wife_1280x1031.jpg","1094326"
"234","Rembrandt","rembrandt","Maria Bockennolle, Wife of Johannes Elison","1634","700","984","0.69","https://uploads0.wikiart.org/images/rembrandt/maria-bockennolle-wife-of-johannes-elison-1634.jpg","0234_Maria_Bockennolle,_Wife_of_Johannes_Elis_700x984.jpg","131370"
"235","Rembrandt","rembrandt","One of the two old","1634","884","1134","1","https://uploads4.wikiart.org/images/rembrandt/one-of-the-two-old-1634.jpg","0235_One_of_the_two_old_884x1134.jpg","1746822"
"236","Rembrandt","rembrandt","Portrait of Aechje Claesdar","1634","675","866","0.58","https://uploads4.wikiart.org/images/rembrandt/portrait-of-aechje-claesdar-1634.jpg","0236_Portrait_of_Aechje_Claesdar_675x866.jpg","76191"
"237","Rembrandt","rembrandt","Portrait of Haesje van Cleyburgh","1634","1196","1600","1.91","https://uploads0.wikiart.org/images/rembrandt/portrait-of-haesje-van-cleyburgh-1634.jpg","0237_Portrait_of_Haesje_van_Cleyburgh_1196x1600.jpg","124849"
"238","Rembrandt","rembrandt","Portrait Of Maerten Soolmans","1634","566","1000","0.57","https://uploads5.wikiart.org/images/rembrandt/portrait-of-maerten-soolmans-1634.jpg","0238_Portrait_Of_Maerten_Soolmans_566x1000.jpg","606590"
"239","Rembrandt","rembrandt","Portrait of Oopjen Coppit","1634","519","830","0.43","https://uploads2.wikiart.org/images/rembrandt/portrait-of-oopjen-coppit-1634.jpg","0239_Portrait_of_Oopjen_Coppit_519x830.jpg","88450"
"240","Rembrandt","rembrandt","Portrait of Saskia van Uylenburgh","1634","2389","3051","7.29","https://uploads5.wikiart.org/images/rembrandt/portrait-of-saskia-van-uylenburgh.jpg","0240_Portrait_of_Saskia_van_Uylenburgh_2389x3051.jpg","2464476"
"241","Rembrandt","rembrandt","Portrait-Of-Johannes-Elison","1634","565","800","0.45","https://uploads4.wikiart.org/images/rembrandt/portrait-of-johannes-elison-1634.jpg","0241_Portrait-Of-Johannes-Elison_565x800.jpg","47323"
"242","Rembrandt","rembrandt","Rembrandt`s Wife with Pearls in her Hair","1634","627","817","0.51","https://uploads8.wikiart.org/images/rembrandt/rembrandt-s-wife-with-pearls-in-her-hair-1634.jpg","0242_Rembrandt`s_Wife_with_Pearls_in_her_Hair_627x817.jpg","378543"
"243","Rembrandt","rembrandt","Saskia Wearing A Veil","1634","746","1000","0.75","https://uploads7.wikiart.org/images/rembrandt/saskia-wearing-a-veil-1634.jpg","0243_Saskia_Wearing_A_Veil_746x1000.jpg","561920"
"244","Rembrandt","rembrandt","Self-portrait as a Young Man","1634","822","1008","0.83","https://uploads5.wikiart.org/images/rembrandt/self-portrait-as-a-young-man-1634.jpg","0244_Self-portrait_as_a_Young_Man_822x1008.jpg","129209"
"245","Rembrandt","rembrandt","Self-portrait wearing a soft cap full face, head only","1634","1136","1280","1.45","https://uploads2.wikiart.org/images/rembrandt/self-portrait-wearing-a-soft-cap-full-face-head-only-1634.jpg","0245_Self-portrait_wearing_a_soft_cap_full_fa_1136x1280.jpg","822528"
"246","Rembrandt","rembrandt","Self-portrait with beret","1634","600","736","0.44","https://uploads1.wikiart.org/images/rembrandt/self-portrait-with-beret-1634.jpg","0246_Self-portrait_with_beret_600x736.jpg","531328"
"247","Rembrandt","rembrandt","Self-portrait with Helmet","1634","648","805","0.52","https://uploads2.wikiart.org/images/rembrandt/self-portrait-with-helmet-1634.jpg","0247_Self-portrait_with_Helmet_648x805.jpg","250504"
"248","Rembrandt","rembrandt","Self-portrait with plumed cap and lowered sabre","1634","1058","1280","1.35","https://uploads6.wikiart.org/images/rembrandt/self-portrait-with-plumed-cap-and-lowered-sabre-1634.jpg","0248_Self-portrait_with_plumed_cap_and_lowere_1058x1280.jpg","833199"
"249","Rembrandt","rembrandt","Self-portrait with raised sabre","1634","1077","1280","1.38","https://uploads8.wikiart.org/images/rembrandt/self-portrait-with-raised-sabre-1634.jpg","0249_Self-portrait_with_raised_sabre_1077x1280.jpg","918230"
"250","Rembrandt","rembrandt","Self-portrait with Shaded Eyes","1634","371","480","0.18","https://uploads7.wikiart.org/images/rembrandt/self-portrait-with-shaded-eyes-1634.jpg","0250_Self-portrait_with_Shaded_Eyes_371x480.jpg","31915"
"251","Rembrandt","rembrandt","St. Jerome reading","1634","1090","1280","1.4","https://uploads3.wikiart.org/images/rembrandt/st-jerome-reading-1634.jpg","0251_St._Jerome_reading_1090x1280.jpg","756728"
"252","Rembrandt","rembrandt","Susanna at the Bath","1634","792","1000","0.79","https://uploads3.wikiart.org/images/rembrandt/susanna-and-the-elders.jpg","0252_Susanna_at_the_Bath_792x1000.jpg","1070751"
"253","Rembrandt","rembrandt","Susanna and the Elders","1634","964","615","0.59","https://uploads5.wikiart.org/images/rembrandt/susanna-und-die-beiden-alten-1634.jpg","0253_Susanna_and_the_Elders_964x615.jpg","885154"
"254","Rembrandt","rembrandt","The angel appearing to the shepherds","1634","1066","1280","1.36","https://uploads4.wikiart.org/images/rembrandt/the-angel-appearing-to-the-shepherds-1634.jpg","0254_The_angel_appearing_to_the_shepherds_1066x1280.jpg","619015"
"255","Rembrandt","rembrandt","The Crucifixion a Square Small Plate","1634","640","866","0.55","https://uploads4.wikiart.org/images/rembrandt/the-crucifixion-a-square-small-plate-1634.jpg","0255_The_Crucifixion_a_Square_Small_Plate_640x866.jpg","379954"
"256","Rembrandt","rembrandt","The Descent from the Cross","1634","766","1099","0.84","https://uploads3.wikiart.org/images/rembrandt/the-descent-from-the-cross-1634.jpg","0256_The_Descent_from_the_Cross_766x1099.jpg","137692"
"257","Rembrandt","rembrandt","Woman Wearing a Gold Chain","1634","602","800","0.48","https://uploads3.wikiart.org/images/rembrandt/woman-wearing-a-gold-chain-1634.jpg","0257_Woman_Wearing_a_Gold_Chain_602x800.jpg","113337"
"258","Rembrandt","rembrandt","Flora","1634","520","640","0.33","https://uploads0.wikiart.org/images/rembrandt/flora-1634.jpg","0258_Flora_520x640.jpg","271867"
"259","Rembrandt","rembrandt","Portrait of a Man Wearing a Black Hat","1634","624","800","0.5","https://uploads0.wikiart.org/images/rembrandt/portrait-of-a-man-wearing-a-black-hat.jpg","0259_Portrait_of_a_Man_Wearing_a_Black_Hat_624x800.jpg","40885"
"260","Rembrandt","rembrandt","Portrait of a Woman Wearing a Gold Chain","1634","619","800","0.5","https://uploads3.wikiart.org/images/rembrandt/portrait-of-a-woman-wearing-a-gold-chain.jpg","0260_Portrait_of_a_Woman_Wearing_a_Gold_Chain_619x800.jpg","61886"
"261","Rembrandt","rembrandt","Self-portrait","1634","660","799","0.53","https://uploads5.wikiart.org/images/rembrandt/self-portrait-3.jpg","0261_Self-portrait_660x799.jpg","430362"
"262","Rembrandt","rembrandt","A Man with Curly Hair","1635","784","814","0.64","https://uploads7.wikiart.org/images/rembrandt/a-man-with-curly-hair-1635.jpg","0262_A_Man_with_Curly_Hair_784x814.jpg","390130"
"263","Rembrandt","rembrandt","A Polander Walking Towards the Right","1635","736","782","0.58","https://uploads4.wikiart.org/images/rembrandt/a-polander-walking-towards-the-right-1635.jpg","0263_A_Polander_Walking_Towards_the_Right_736x782.jpg","373749"
"264","Rembrandt","rembrandt","A Ragged Peasant with his Hands Behind Him","1635","680","808","0.55","https://uploads1.wikiart.org/images/rembrandt/a-ragged-peasant-with-his-hands-behind-him-1635.jpg","0264_A_Ragged_Peasant_with_his_Hands_Behind_H_680x808.jpg","375024"
"265","Rembrandt","rembrandt","An Old Woman, Sleeping","1635","656","852","0.56","https://uploads7.wikiart.org/images/rembrandt/an-old-woman-sleeping-1635.jpg","0265_An_Old_Woman,_Sleeping_656x852.jpg","521305"
"266","Rembrandt","rembrandt","Apostle Paul","1635","685","819","0.56","https://uploads7.wikiart.org/images/rembrandt/apostle-paul-1635.jpg","0266_Apostle_Paul_685x819.jpg","76249"
"267","Rembrandt","rembrandt","Belshazzar's Feast","1635","5000","3981","19.9","https://uploads8.wikiart.org/00142/images/rembrandt/belshazzar-s-feast.jpg","0267_Belshazzar's_Feast_5000x3981.jpg","5282519"
"268","Rembrandt","rembrandt","Child In A Tantrum","1635","713","1000","0.71","https://uploads8.wikiart.org/images/rembrandt/child-in-a-tantrum.jpg","0268_Child_In_A_Tantrum_713x1000.jpg","775961"
"269","Rembrandt","rembrandt","Christ driving the moneychangers from the Temple","1635","1280","1037","1.33","https://uploads7.wikiart.org/images/rembrandt/christ-driving-the-moneychangers-from-the-temple-1635.jpg","0269_Christ_driving_the_moneychangers_from_th_1280x1037.jpg","1093703"
"270","Rembrandt","rembrandt","Drawing of the Last Supper","1635","1072","337","0.36","https://uploads3.wikiart.org/images/rembrandt/drawing-of-the-last-supper-1635.jpg","0270_Drawing_of_the_Last_Supper_1072x337.jpg","96771"
"271","Rembrandt","rembrandt","Johannes Uijtenbodaerd","1635","640","802","0.51","https://uploads8.wikiart.org/images/rembrandt/johannes-uijtenbodaerd-1635.jpg","0271_Johannes_Uijtenbodaerd_640x802.jpg","423921"
"272","Rembrandt","rembrandt","John the Baptist Preaching","1635","1064","811","0.86","https://uploads3.wikiart.org/images/rembrandt/john-the-baptist-preaching-1635.jpg","0272_John_the_Baptist_Preaching_1064x811.jpg","451580"
"273","Rembrandt","rembrandt","Minerva","1635","520","617","0.32","https://uploads2.wikiart.org/images/rembrandt/minerva-1635.jpg","0273_Minerva_520x617.jpg","55244"
"274","Rembrandt","rembrandt","Petronella Buys, Wife of Philips Lucasz","1635","595","811","0.48","https://uploads6.wikiart.org/images/rembrandt/petronella-buys-wife-of-philips-lucasz-1635.jpg","0274_Petronella_Buys,_Wife_of_Philips_Lucasz_595x811.jpg","121341"
"275","Rembrandt","rembrandt","Portrait of a Man in Oriental Garment","1635","1222","1600","1.96","https://uploads5.wikiart.org/images/rembrandt/portrait-of-a-man-in-oriental-garment-1635.jpg","0275_Portrait_of_a_Man_in_Oriental_Garment_1222x1600.jpg","175892"
"276","Rembrandt","rembrandt","Portrait of Philips Lucasz","1635","700","934","0.65","https://uploads3.wikiart.org/images/rembrandt/portrait-of-philips-lucasz-1635.jpg","0276_Portrait_of_Philips_Lucasz_700x934.jpg","195820"
"277","Rembrandt","rembrandt","Samson Accusing His Father in Law","1635","1072","1300","1.39","https://uploads5.wikiart.org/images/rembrandt/samson-accusing-his-father-in-law.jpg","0277_Samson_Accusing_His_Father_in_Law_1072x1300.jpg","145478"
"278","Rembrandt","rembrandt","Saskia looking out of a window","1635","1276","1696","2.16","https://uploads7.wikiart.org/images/rembrandt/saskia-looking-out-of-a-window-1635.jpg","0278_Saskia_looking_out_of_a_window_1276x1696.jpg","310923"
"279","Rembrandt","rembrandt","Saskia van Uylenburgh in Arcadian Costume","1635","676","872","0.59","https://uploads0.wikiart.org/images/rembrandt/saskia-van-uylenburgh-in-arcadian-costume-1635.jpg","0279_Saskia_van_Uylenburgh_in_Arcadian_Costum_676x872.jpg","123499"
"280","Rembrandt","rembrandt","Seated Saskia with a letter in her left hand","1635","576","793","0.46","https://uploads3.wikiart.org/images/rembrandt/seated-saskia-with-a-letter-in-her-left-hand-1635.jpg","0280_Seated_Saskia_with_a_letter_in_her_left_576x793.jpg","346637"
"281","Rembrandt","rembrandt","Self-Portrait with Saskia in the Parable of the Prodigal Son","1635","799","1000","0.8","https://uploads5.wikiart.org/images/rembrandt/self-portrait-with-saskia-in-the-parable-of-the-prodigal-son.jpg","0281_Self-Portrait_with_Saskia_in_the_Parable_799x1000.jpg","1001858"
"282","Rembrandt","rembrandt","Sheet Of Sketches With A Portrait Of Saskia","1635","804","1000","0.8","https://uploads6.wikiart.org/images/rembrandt/sheet-of-sketches-with-a-portrait-of-saskia.jpg","0282_Sheet_Of_Sketches_With_A_Portrait_Of_Sas_804x1000.jpg","753575"
"283","Rembrandt","rembrandt","St. Jerome kneeling in prayer, looking down","1635","940","1280","1.2","https://uploads0.wikiart.org/images/rembrandt/st-jerome-kneeling-in-prayer-looking-down-1635.jpg","0283_St._Jerome_kneeling_in_prayer,_looking_d_940x1280.jpg","498356"
"284","Rembrandt","rembrandt","Study of Saskia called the Great Jewish Bride","1635","640","809","0.52","https://uploads4.wikiart.org/images/rembrandt/study-of-saskia-called-the-great-jewish-bride-1635.jpg","0284_Study_of_Saskia_called_the_Great_Jewish_640x809.jpg","460973"
"285","Rembrandt","rembrandt","The Abduction of Ganymede","1635","707","1000","0.71","https://uploads2.wikiart.org/images/rembrandt/the-abduction-of-ganymede-1635.jpg","0285_The_Abduction_of_Ganymede_707x1000.jpg","652360"
"286","Rembrandt","rembrandt","The Entombment","1635","1035","821","0.85","https://uploads0.wikiart.org/images/rembrandt/the-entombment-1635.jpg","0286_The_Entombment_1035x821.jpg","488701"
"287","Rembrandt","rembrandt","The Mountebank","1635","400","800","0.32","https://uploads0.wikiart.org/images/rembrandt/the-mountebank-1635.jpg","0287_The_Mountebank_400x800.jpg","295705"
"288","Rembrandt","rembrandt","The pancake woman","1635","964","1280","1.23","https://uploads3.wikiart.org/images/rembrandt/the-pancake-woman-1635.jpg","0288_The_pancake_woman_964x1280.jpg","512576"
"289","Rembrandt","rembrandt","The Sacrifice of Abraham","1635","582","844","0.49","https://uploads1.wikiart.org/images/rembrandt/the-sacrifice-of-abraham-1635.jpg","0289_The_Sacrifice_of_Abraham_582x844.jpg","338277"
"290","Rembrandt","rembrandt","The Stoning Of St. Stephen","1635","893","1000","0.89","https://uploads2.wikiart.org/images/rembrandt/the-stoning-of-st-stephen-1635.jpg","0290_The_Stoning_Of_St._Stephen_893x1000.jpg","1020812"
"291","Rembrandt","rembrandt","The strolling musicians","1635","1112","1280","1.42","https://uploads0.wikiart.org/images/rembrandt/the-strolling-musicians-1635.jpg","0291_The_strolling_musicians_1112x1280.jpg","822629"
"292","Rembrandt","rembrandt","The tribute money","1635","750","541","0.41","https://uploads3.wikiart.org/images/rembrandt/the-tribute-money-1635.jpg","0292_The_tribute_money_750x541.jpg","183015"
"293","Rembrandt","rembrandt","The tribute money","1635","750","1030","0.77","https://uploads5.wikiart.org/images/rembrandt/the-tribute-money-1635-1.jpg","0293_The_tribute_money_750x1030.jpg","252804"
"294","Rembrandt","rembrandt","A Nurse and an Eating Child","1635","612","770","0.47","https://uploads8.wikiart.org/images/rembrandt/a-nurse-and-an-eating-child.jpg","0294_A_Nurse_and_an_Eating_Child_612x770.jpg","356870"
"295","Rembrandt","rembrandt","A Study for The Great Jewish Bride","1635","624","795","0.5","https://uploads6.wikiart.org/images/rembrandt/a-study-for-the-great-jewish-bride.jpg","0295_A_Study_for_The_Great_Jewish_Bride_624x795.jpg","363250"
"296","Rembrandt","rembrandt","A Turk","1635","491","647","0.32","https://uploads5.wikiart.org/images/rembrandt/a-turk.jpg","0296_A_Turk_491x647.jpg","11058"
"297","Rembrandt","rembrandt","The Lamentation over the Dead Christ","1635","663","810","0.54","https://uploads8.wikiart.org/images/rembrandt/the-lamentation-over-the-dead-christ.jpg","0297_The_Lamentation_over_the_Dead_Christ_663x810.jpg","446536"
"298","Rembrandt","rembrandt","A Man Seated at a Table Covered with Books","1636","900","1094","0.98","https://uploads1.wikiart.org/images/rembrandt/a-man-seated-at-a-table-covered-with-books-1636.jpg","0298_A_Man_Seated_at_a_Table_Covered_with_Boo_900x1094.jpg","118859"
"299","Rembrandt","rembrandt","A Woman with a Child Frightened by a Dog","1636","606","793","0.48","https://uploads8.wikiart.org/images/rembrandt/a-woman-with-a-child-frightened-by-a-dog-1636.jpg","0299_A_Woman_with_a_Child_Frightened_by_a_Dog_606x793.jpg","331735"
"300","Rembrandt","rembrandt","Abraham caressing Isaac","1636","640","811","0.52","https://uploads0.wikiart.org/images/rembrandt/abraham-caressing-isaac-1636.jpg","0300_Abraham_caressing_Isaac_640x811.jpg","417396"
"301","Rembrandt","rembrandt","Christ before Pilate","1636","1048","1280","1.34","https://uploads6.wikiart.org/images/rembrandt/christ-before-pilate-1636.jpg","0301_Christ_before_Pilate_1048x1280.jpg","644329"
"302","Rembrandt","rembrandt","Rembrandt as Shepherd","1636","925","1100","1.02","https://uploads7.wikiart.org/images/rembrandt/rembrandt-as-shepherd-1636.jpg","0302_Rembrandt_as_Shepherd_925x1100.jpg","119568"
"303","Rembrandt","rembrandt","Samuel Menasseh Ben Israel","1636","640","832","0.53","https://uploads3.wikiart.org/images/rembrandt/samuel-menasseh-ben-israel-1636.jpg","0303_Samuel_Menasseh_Ben_Israel_640x832.jpg","395989"
"304","Rembrandt","rembrandt","Self-portrait with Saskia","1636","1143","1280","1.46","https://uploads2.wikiart.org/images/rembrandt/self-portrait-with-saskia-1636.jpg","0304_Self-portrait_with_Saskia_1143x1280.jpg","1018592"
"305","Rembrandt","rembrandt","The Ascension Of Christ","1636","749","1000","0.75","https://uploads0.wikiart.org/images/rembrandt/the-ascension-of-christ-1636.jpg","0305_The_Ascension_Of_Christ_749x1000.jpg","748750"
"306","Rembrandt","rembrandt","The Blinding of Samson","1636","1276","957","1.22","https://uploads8.wikiart.org/images/rembrandt/the-blinding-of-samson-1636.jpg","0306_The_Blinding_of_Samson_1276x957.jpg","186579"
"307","Rembrandt","rembrandt","The return of the prodigal son","1636","1280","1254","1.61","https://uploads7.wikiart.org/images/rembrandt/the-return-of-the-prodigal-son-1636.jpg","0307_The_return_of_the_prodigal_son_1280x1254.jpg","810790"
"308","Rembrandt","rembrandt","The Standard Bearer","1636","654","823","0.54","https://uploads5.wikiart.org/images/rembrandt/the-standard-bearer-1636.jpg","0308_The_Standard_Bearer_654x823.jpg","365078"
"309","Rembrandt","rembrandt","Tobias Cured With His Son","1636","727","904","0.66","https://uploads2.wikiart.org/images/rembrandt/tobias-cured-with-his-son-1636.jpg","0309_Tobias_Cured_With_His_Son_727x904.jpg","116529"
"310","Rembrandt","rembrandt","Woman Carrying a Child Downstairs","1636","900","1259","1.13","https://uploads1.wikiart.org/images/rembrandt/woman-carrying-a-child-downstairs-1636.jpg","0310_Woman_Carrying_a_Child_Downstairs_900x1259.jpg","127806"
"311","Rembrandt","rembrandt","Dead peacocks","1636","1504","1600","2.41","https://uploads3.wikiart.org/images/rembrandt/dead-peacocks.jpg","0311_Dead_peacocks_1504x1600.jpg","321079"
"312","Rembrandt","rembrandt","Five studies of Saskia and one of an older woman","1636","347","396","0.14","https://uploads2.wikiart.org/images/rembrandt/five-studies-of-saskia-and-one-of-an-older-woman.jpg","0312_Five_studies_of_Saskia_and_one_of_an_old_347x396.jpg","34128"
"313","Rembrandt","rembrandt","Saskia with a Child","1636","608","780","0.47","https://uploads0.wikiart.org/images/rembrandt/saskia-with-a-child.jpg","0313_Saskia_with_a_Child_608x780.jpg","159089"
"314","Rembrandt","rembrandt","Woman Wearing a Costume of Northern Holland","1636","575","831","0.48","https://uploads6.wikiart.org/images/rembrandt/woman-wearing-a-costume-of-northern-holland.jpg","0314_Woman_Wearing_a_Costume_of_Northern_Holl_575x831.jpg","332356"
"315","Rembrandt","rembrandt","Parable of the Laborers in the Vineyard","1637","1980","1459","2.89","https://uploads2.wikiart.org/00288/images/rembrandt/parable-of-the-laborers-in-the-vineyard-1637.jpg","0315_Parable_of_the_Laborers_in_the_Vineyard_1980x1459.jpg","482220"
"316","Rembrandt","rembrandt","A Young Man Seated, Turned to the Left","1637","680","774","0.53","https://uploads5.wikiart.org/images/rembrandt/a-young-man-seated-turned-to-the-left-1637.jpg","0316_A_Young_Man_Seated,_Turned_to_the_Left_680x774.jpg","436798"
"317","Rembrandt","rembrandt","Abraham Dismissing Hagar","1637","992","1280","1.27","https://uploads1.wikiart.org/images/rembrandt/abraham-dismissing-hagar-1637.jpg","0317_Abraham_Dismissing_Hagar_992x1280.jpg","916810"
"318","Rembrandt","rembrandt","An Elephant","1637","882","617","0.54","https://uploads6.wikiart.org/images/rembrandt/an-elephant-1637.jpg","0318_An_Elephant_882x617.jpg","339016"
"319","Rembrandt","rembrandt","An Old Man, Wearing a Rich Velvet Cap","1637","760","858","0.65","https://uploads4.wikiart.org/images/rembrandt/an-old-man-wearing-a-rich-velvet-cap-1637.jpg","0319_An_Old_Man,_Wearing_a_Rich_Velvet_Cap_760x858.jpg","467708"
"320","Rembrandt","rembrandt","Female Nude with Snake (Cleopatra)","1637","600","1095","0.66","https://uploads0.wikiart.org/images/rembrandt/female-nude-with-snake-cleopatra-1637.jpg","0320_Female_Nude_with_Snake_(Cleopatra)_600x1095.jpg","58871"
"321","Rembrandt","rembrandt","Hansken the Elephant","1637","499","343","0.17","https://uploads2.wikiart.org/images/rembrandt/hansken-1637.jpg","0321_Hansken_the_Elephant_499x343.jpg","35764"
"322","Rembrandt","rembrandt","Jacob caressing Benjamin","1637","1025","1280","1.31","https://uploads1.wikiart.org/images/rembrandt/jacob-caressing-benjamin-1637.jpg","0322_Jacob_caressing_Benjamin_1025x1280.jpg","887088"
"323","Rembrandt","rembrandt","Polish Nobleman","1637","624","929","0.58","https://uploads1.wikiart.org/images/rembrandt/polish-nobleman-1637.jpg","0323_Polish_Nobleman_624x929.jpg","76502"
"324","Rembrandt","rembrandt","Self-portrait","1637","847","788","0.67","https://uploads8.wikiart.org/images/rembrandt/self-portrait-1637.jpg","0324_Self-portrait_847x788.jpg","407606"
"325","Rembrandt","rembrandt","Self-portrait","1637","364","390","0.14","https://uploads3.wikiart.org/images/rembrandt/self-portrait.jpg","0325_Self-portrait_364x390.jpg","42666"
"326","Rembrandt","rembrandt","The Archangel Raphael Taking Leave of the Tobit Family","1637","795","1045","0.83","https://uploads4.wikiart.org/images/rembrandt/the-archangel-raphael-taking-leave-of-the-tobit-family-1637.jpg","0326_The_Archangel_Raphael_Taking_Leave_of_th_795x1045.jpg","148814"
"327","Rembrandt","rembrandt","Three female heads with one sleeping","1637","560","802","0.45","https://uploads4.wikiart.org/images/rembrandt/three-female-heads-with-one-sleeping-1637.jpg","0327_Three_female_heads_with_one_sleeping_560x802.jpg","289009"
"328","Rembrandt","rembrandt","Portrait of Eleazer Swalmius","1637","800","972","0.78","https://uploads0.wikiart.org/images/rembrandt/portrait-of-eleazer-swalmius.jpg","0328_Portrait_of_Eleazer_Swalmius_800x972.jpg","53069"
"329","Rembrandt","rembrandt","The Stone Bridge","1637","1600","1124","1.8","https://uploads6.wikiart.org/images/rembrandt/the-stone-bridge.jpg","0329_The_Stone_Bridge_1600x1124.jpg","215277"
"330","Rembrandt","rembrandt","A Seated Woman, Naked to the Waist","1637","617","807","0.5","https://uploads5.wikiart.org/images/rembrandt/a-seated-woman-naked-to-the-waste.jpg","0330_A_Seated_Woman,_Naked_to_the_Waist_617x807.jpg","304477"
"331","Rembrandt","rembrandt","Two Women Teaching a Child to Walk","1637","840","664","0.56","https://uploads6.wikiart.org/images/rembrandt/two-women-teaching-a-child-to-walk.jpg","0331_Two_Women_Teaching_a_Child_to_Walk_840x664.jpg","271381"
"332","Rembrandt","rembrandt","A Portrait of a Man with a Broad Brimmed Hat and a Ruff","1638","600","740","0.44","https://uploads5.wikiart.org/images/rembrandt/a-portrait-of-a-man-with-a-broad-brimmed-hat-and-a-ruff-1638.jpg","0332_A_Portrait_of_a_Man_with_a_Broad_Brimmed_600x740.jpg","378392"
"333","Rembrandt","rembrandt","Adam and Eva","1638","933","1280","1.19","https://uploads7.wikiart.org/images/rembrandt/adam-and-eva-1638.jpg","0333_Adam_and_Eva_933x1280.jpg","1057144"
"334","Rembrandt","rembrandt","Charitable Samaritan (also known as The Good Samaritan)","1638","676","867","0.59","https://uploads3.wikiart.org/images/rembrandt/charitable-samaritan-also-known-as-the-good-samaritan-1638.jpg","0334_Charitable_Samaritan_(also_known_as_The_676x867.jpg","114457"
"335","Rembrandt","rembrandt","Christ and St. Mary Magdalene at the Tomb","1638","3560","4291","15.28","https://uploads8.wikiart.org/00168/images/rembrandt/rembrandt-van-rijn-christ-and-st-mary-magdalen-at-the-tomb-google-art-project-1.jpg","0335_Christ_and_St._Mary_Magdalene_at_the_Tom_3560x4291.jpg","4291842"
"336","Rembrandt","rembrandt","Jacob Telling his Dreams","1638","800","1028","0.82","https://uploads1.wikiart.org/images/rembrandt/jacob-telling-his-dreams-1638.jpg","0336_Jacob_Telling_his_Dreams_800x1028.jpg","227857"
"337","Rembrandt","rembrandt","Samson at the Wedding","1638","1032","730","0.75","https://uploads7.wikiart.org/images/rembrandt/samson-at-the-wedding-1638.jpg","0337_Samson_at_the_Wedding_1032x730.jpg","526180"
"338","Rembrandt","rembrandt","Self-portrait in velvet cap and plume","1638","1009","1280","1.29","https://uploads5.wikiart.org/images/rembrandt/self-portrait-in-velvet-cap-and-plume-1638.jpg","0338_Self-portrait_in_velvet_cap_and_plume_1009x1280.jpg","787593"
"339","Rembrandt","rembrandt","Sketch of a Tree","1638","720","806","0.58","https://uploads2.wikiart.org/images/rembrandt/sketch-of-a-tree-1638.jpg","0339_Sketch_of_a_Tree_720x806.jpg","446004"
"340","Rembrandt","rembrandt","Landscape with the Good Smaritan","1638","1025","731","0.75","https://uploads4.wikiart.org/images/rembrandt/landscape-with-the-good-smaritan.jpg","0340_Landscape_with_the_Good_Smaritan_1025x731.jpg","453595"
"341","Rembrandt","rembrandt","Stormy Landscape","1638","1075","773","0.83","https://uploads6.wikiart.org/images/rembrandt/stormy-landscape.jpg","0341_Stormy_Landscape_1075x773.jpg","133442"
"342","Rembrandt","rembrandt","Adam and Eve","1638","352","484","0.17","https://uploads2.wikiart.org/images/rembrandt/adam-and-eve.jpg","0342_Adam_and_Eve_352x484.jpg","68699"
"343","Rembrandt","rembrandt","Portrait of Willem Bartholsz. Ruyter","1638","1600","1305","2.09","https://uploads7.wikiart.org/images/rembrandt/portrait-of-willem-bartholsz-ruyter.jpg","0343_Portrait_of_Willem_Bartholsz._Ruyter_1600x1305.jpg","264192"
"344","Rembrandt","rembrandt","Saskia as St. Catherine","1638","556","760","0.42","https://uploads3.wikiart.org/images/rembrandt/saskia-as-st-catherine.jpg","0344_Saskia_as_St._Catherine_556x760.jpg","76769"
"345","Rembrandt","rembrandt","Saskia Asleep In Bed","1638","1000","707","0.71","https://uploads1.wikiart.org/images/rembrandt/saskia-asleep-in-bed.jpg","0345_Saskia_Asleep_In_Bed_1000x707.jpg","1112002"
"346","Rembrandt","rembrandt","A Jew with the High Cap","1639","480","850","0.41","https://uploads0.wikiart.org/images/rembrandt/a-jew-with-the-high-cap-1639.jpg","0346_A_Jew_with_the_High_Cap_480x850.jpg","314680"
"347","Rembrandt","rembrandt","Death appearing to a wedded couple from an open grave","1639","750","1018","0.76","https://uploads3.wikiart.org/images/rembrandt/death-appearing-to-a-wedded-couple-from-an-open-grave-1639.jpg","0347_Death_appearing_to_a_wedded_couple_from_750x1018.jpg","274184"
"348","Rembrandt","rembrandt","Death of the Virgin","1639","989","1280","1.27","https://uploads5.wikiart.org/images/rembrandt/death-of-the-virgin-1639.jpg","0348_Death_of_the_Virgin_989x1280.jpg","585752"
"349","Rembrandt","rembrandt","Full Length Portrait of a Standing Man","1639","520","843","0.44","https://uploads6.wikiart.org/images/rembrandt/full-length-portrait-of-a-standing-man-1639.jpg","0349_Full_Length_Portrait_of_a_Standing_Man_520x843.jpg","94006"
"350","Rembrandt","rembrandt","Maria Trip","1639","2000","2909","5.82","https://uploads5.wikiart.org/images/rembrandt/maria-trip-1639.jpg","0350_Maria_Trip_2000x2909.jpg","1597318"
"351","Rembrandt","rembrandt","Maria Trip","1639","750","934","0.7","https://uploads7.wikiart.org/images/rembrandt/maria-trip-1639-1.jpg","0351_Maria_Trip_750x934.jpg","217487"
"352","Rembrandt","rembrandt","Portrait of artist's mother","1639","579","750","0.43","https://uploads0.wikiart.org/images/rembrandt/not_detected_220255.jpg","0352_Portrait_of_artist's_mother_579x750.jpg","103070"
"353","Rembrandt","rembrandt","Portrait Of Alijdt Adriaensdr","1639","838","1000","0.84","https://uploads6.wikiart.org/images/rembrandt/portrait-of-alijdt-adriaensdr-1639.jpg","0353_Portrait_Of_Alijdt_Adriaensdr_838x1000.jpg","690065"
"354","Rembrandt","rembrandt","Self-portrait leaning on a stone sill","1639","778","960","0.75","https://uploads5.wikiart.org/images/rembrandt/self-portrait-leaning-on-a-stone-sill-1639.jpg","0354_Self-portrait_leaning_on_a_stone_sill_778x960.jpg","350958"
"355","Rembrandt","rembrandt","Self-portrait with Bittern","1639","573","803","0.46","https://uploads3.wikiart.org/images/rembrandt/self-portrait-with-bittern-1639.jpg","0355_Self-portrait_with_Bittern_573x803.jpg","399115"
"356","Rembrandt","rembrandt","The artist drawing from the model","1639","1022","1280","1.31","https://uploads1.wikiart.org/images/rembrandt/the-artist-drawing-from-the-model-1639.jpg","0356_The_artist_drawing_from_the_model_1022x1280.jpg","389400"
"357","Rembrandt","rembrandt","The Entombment","1639","577","782","0.45","https://uploads0.wikiart.org/images/rembrandt/the-entombment-1639.jpg","0357_The_Entombment_577x782.jpg","29492"
"358","Rembrandt","rembrandt","The Resurrection of Christ","1639","3677","5000","18.39","https://uploads8.wikiart.org/00179/images/rembrandt/rembrandt-van-rijn-178-1.jpg","0358_The_Resurrection_of_Christ_3677x5000.jpg","9163315"
"359","Rembrandt","rembrandt","The skater","1639","1231","1280","1.58","https://uploads5.wikiart.org/images/rembrandt/the-skater-1639.jpg","0359_The_skater_1231x1280.jpg","366767"
"360","Rembrandt","rembrandt","Wittenboogaert, The Gold Weigher","1639","680","829","0.56","https://uploads8.wikiart.org/images/rembrandt/wittenboogaert-the-gold-weigher-1639.jpg","0360_Wittenboogaert,_The_Gold_Weigher_680x829.jpg","461235"
"361","Rembrandt","rembrandt","Man in Oriental Costume","1639","618","791","0.49","https://uploads4.wikiart.org/images/rembrandt/man-in-oriental-costume.jpg","0361_Man_in_Oriental_Costume_618x791.jpg","285309"
"362","Rembrandt","rembrandt","Death of the Virgin","1639","363","450","0.16","https://uploads0.wikiart.org/images/rembrandt/death-of-the-virgin.jpg","0362_Death_of_the_Virgin_363x450.jpg","62276"
"363","Rembrandt","rembrandt","Landscape with a Long Arched Bridge","1639","1255","900","1.13","https://uploads7.wikiart.org/images/rembrandt/landscape-with-a-long-arched-bridge.jpg","0363_Landscape_with_a_Long_Arched_Bridge_1255x900.jpg","111807"
"364","Rembrandt","rembrandt","Old Man Shading His Eyes with His Hand","1639","327","451","0.15","https://uploads6.wikiart.org/images/rembrandt/old-man.jpg","0364_Old_Man_Shading_His_Eyes_with_His_Hand_327x451.jpg","19006"
"365","Rembrandt","rembrandt","Self-portrait","1639","643","809","0.52","https://uploads5.wikiart.org/images/rembrandt/self-portrait-4.jpg","0365_Self-portrait_643x809.jpg","248936"
"366","Rembrandt","rembrandt","Portrait of Andries de Graeff","1639","800","1296","1.04","https://uploads1.wikiart.org/images/rembrandt/portrait-of-andries-de-graeff.jpg","0366_Portrait_of_Andries_de_Graeff_800x1296.jpg","125473"
"367","Rembrandt","rembrandt","Widebrim","1639","560","916","0.51","https://uploads7.wikiart.org/images/rembrandt/widebrim.jpg","0367_Widebrim_560x916.jpg","61730"
"368","Rembrandt","rembrandt","Boas und Ruth","1640","1004","1064","1.07","https://uploads8.wikiart.org/images/rembrandt/boas-und-ruth-1640.jpg","0368_Boas_und_Ruth_1004x1064.jpg","284742"
"369","Rembrandt","rembrandt","Eliezer and Rebecca at the Well","1640","610","389","0.24","https://uploads8.wikiart.org/images/rembrandt/eliezer-and-rebecca-at-the-well-1640.jpg","0369_Eliezer_and_Rebecca_at_the_Well_610x389.jpg","88243"
"370","Rembrandt","rembrandt","Holy Family","1640","823","1051","0.86","https://uploads6.wikiart.org/images/rembrandt/holy-family-1640.jpg","0370_Holy_Family_823x1051.jpg","137163"
"371","Rembrandt","rembrandt","Joseph Recounting His Dreams","1640","502","390","0.2","https://uploads0.wikiart.org/images/rembrandt/joseph-recounting-his-dreams.jpg","0371_Joseph_Recounting_His_Dreams_502x390.jpg","65938"
"372","Rembrandt","rembrandt","Overhanging bushes in a ditch","1640","600","804","0.48","https://uploads1.wikiart.org/images/rembrandt/overhanging-bushes-in-a-ditch.jpg","0372_Overhanging_bushes_in_a_ditch_600x804.jpg","756499"
"373","Rembrandt","rembrandt","Portrait Of Cornelis Claesz","1640","925","1000","0.92","https://uploads4.wikiart.org/images/rembrandt/portrait-of-cornelis-claesz-1640.jpg","0373_Portrait_Of_Cornelis_Claesz_925x1000.jpg","1050615"
"374","Rembrandt","rembrandt","Portrait Of Cornelis Claesz","1640","818","1000","0.82","https://uploads6.wikiart.org/images/rembrandt/portrait-of-cornelis-claesz-1640-1.jpg","0374_Portrait_Of_Cornelis_Claesz_818x1000.jpg","1262644"
"375","Rembrandt","rembrandt","Portrait of Herman Doomer","1640","676","913","0.62","https://uploads2.wikiart.org/images/rembrandt/portrait-of-herman-doomer-1640.jpg","0375_Portrait_of_Herman_Doomer_676x913.jpg","101291"
"376","Rembrandt","rembrandt","River Landscape with a Windmill","1640","700","535","0.37","https://uploads8.wikiart.org/images/rembrandt/river-landscape-with-a-windmill-1640.jpg","0376_River_Landscape_with_a_Windmill_700x535.jpg","535109"
"377","Rembrandt","rembrandt","Satan Tempting Christ to Change Stones into Bread","1640","504","390","0.2","https://uploads8.wikiart.org/images/rembrandt/satan-tempting-christ-to-change-stones-into-bread-1640.jpg","0377_Satan_Tempting_Christ_to_Change_Stones_i_504x390.jpg","116850"
"378","Rembrandt","rembrandt","Self-portrait at the Age of 34","1640","3268","4045","13.22","https://uploads7.wikiart.org/images/rembrandt/self-portrait-at-the-age-of-34-1640.jpg","0378_Self-portrait_at_the_Age_of_34_3268x4045.jpg","4222317"
"379","Rembrandt","rembrandt","Sleeping puppy","1640","1280","660","0.84","https://uploads0.wikiart.org/images/rembrandt/sleeping-puppy-1640.jpg","0379_Sleeping_puppy_1280x660.jpg","399577"
"380","Rembrandt","rembrandt","Small gray landscape, a house and trees beside a pool","1640","750","375","0.28","https://uploads2.wikiart.org/images/rembrandt/small-gray-landscape-a-house-and-trees-beside-a-pool-1640.jpg","0380_Small_gray_landscape,_a_house_and_trees_750x375.jpg","149728"
"381","Rembrandt","rembrandt","The beheading of John the Baptist","1640","1046","1280","1.34","https://uploads1.wikiart.org/images/rembrandt/the-beheading-of-john-the-baptist-1640.jpg","0381_The_beheading_of_John_the_Baptist_1046x1280.jpg","791427"
"382","Rembrandt","rembrandt","The Crucifixion an Oval Plate","1640","800","1074","0.86","https://uploads6.wikiart.org/images/rembrandt/the-crucifixion-an-oval-plate-1640.jpg","0382_The_Crucifixion_an_Oval_Plate_800x1074.jpg","509053"
"383","Rembrandt","rembrandt","The Visitation","1640","673","808","0.54","https://uploads0.wikiart.org/images/rembrandt/the-visitation-1640.jpg","0383_The_Visitation_673x808.jpg","348663"
"384","Rembrandt","rembrandt","View of Amsterdam","1640","1030","770","0.79","https://uploads3.wikiart.org/images/rembrandt/view-of-amsterdam-1640.jpg","0384_View_of_Amsterdam_1030x770.jpg","431674"
"385","Rembrandt","rembrandt","Baerte Martens, Wife of Herman Doomer","1640","712","957","0.68","https://uploads8.wikiart.org/images/rembrandt/baerte-martens-wife-of-herman-doomer.jpg","0385_Baerte_Martens,_Wife_of_Herman_Doomer_712x957.jpg","291074"
"386","Rembrandt","rembrandt","Landscape","1640","1035","745","0.77","https://uploads8.wikiart.org/images/rembrandt/landscape.jpg","0386_Landscape_1035x745.jpg","458825"
"387","Rembrandt","rembrandt","Lighting Study of an Elderly Woman in a White Cap","1640","570","808","0.46","https://uploads3.wikiart.org/images/rembrandt/lighting-study-of-an-elderly-woman-in-a-white-cap.jpg","0387_Lighting_Study_of_an_Elderly_Woman_in_a_570x808.jpg","164179"
"388","Rembrandt","rembrandt","Two Thatched Cottages with Figures at the Window","1640","640","418","0.27","https://uploads2.wikiart.org/images/rembrandt/two-thatched-cottages-with-figures-at-the-window.jpg","0388_Two_Thatched_Cottages_with_Figures_at_th_640x418.jpg","127847"
"389","Rembrandt","rembrandt","Self-portrait","1640","600","771","0.46","https://uploads5.wikiart.org/images/rembrandt/self-portrait-5.jpg","0389_Self-portrait_600x771.jpg","247896"
"390","Rembrandt","rembrandt","A Large Landscape with a Mill Sail","1641","1032","433","0.45","https://uploads2.wikiart.org/images/rembrandt/a-large-landscape-with-a-mill-sail-1641.jpg","0390_A_Large_Landscape_with_a_Mill_Sail_1032x433.jpg","360533"
"391","Rembrandt","rembrandt","A Man Playing Cards","1641","744","795","0.59","https://uploads5.wikiart.org/images/rembrandt/a-man-playing-cards-1641.jpg","0391_A_Man_Playing_Cards_744x795.jpg","517422"
"392","Rembrandt","rembrandt","A Man with a Crucifix and Chain","1641","600","842","0.51","https://uploads8.wikiart.org/images/rembrandt/a-man-with-a-crucifix-and-chain-1641.jpg","0392_A_Man_with_a_Crucifix_and_Chain_600x842.jpg","443958"
"393","Rembrandt","rembrandt","A Small Lion Hunt with a Lioness","1641","680","816","0.55","https://uploads0.wikiart.org/images/rembrandt/a-small-lion-hunt-with-a-lioness-1641.jpg","0393_A_Small_Lion_Hunt_with_a_Lioness_680x816.jpg","413506"
"394","Rembrandt","rembrandt","Agatha Bas","1641","686","1000","0.69","https://uploads5.wikiart.org/images/rembrandt/agatha-bas-1641.jpg","0394_Agatha_Bas_686x1000.jpg","158885"
"395","Rembrandt","rembrandt","Angel Departing from the Family of Tobias","1641","1040","706","0.73","https://uploads0.wikiart.org/images/rembrandt/angel-departing-from-the-family-of-tobias-1641.jpg","0395_Angel_Departing_from_the_Family_of_Tobia_1040x706.jpg","568840"
"396","Rembrandt","rembrandt","Christ crucified between the two thieves an oval plate","1641","963","1280","1.23","https://uploads4.wikiart.org/images/rembrandt/christ-crucified-between-the-two-thieves-an-oval-plate-1641.jpg","0396_Christ_crucified_between_the_two_thieves_963x1280.jpg","867042"
"397","Rembrandt","rembrandt","Madonna and Child in the Clouds","1641","556","840","0.47","https://uploads8.wikiart.org/images/rembrandt/madonna-and-child-in-the-clouds-1641.jpg","0397_Madonna_and_Child_in_the_Clouds_556x840.jpg","323284"
"398","Rembrandt","rembrandt","Man drawing from a cast","1641","894","1280","1.14","https://uploads0.wikiart.org/images/rembrandt/man-drawing-from-a-cast-1641.jpg","0398_Man_drawing_from_a_cast_894x1280.jpg","677197"
"399","Rembrandt","rembrandt","Portrait of a Boy","1641","640","865","0.55","https://uploads3.wikiart.org/images/rembrandt/portrait-of-a-boy-1641.jpg","0399_Portrait_of_a_Boy_640x865.jpg","413947"
"400","Rembrandt","rembrandt","Portrait of Nicolas van Bambeeck","1641","750","962","0.72","https://uploads0.wikiart.org/images/rembrandt/portrait-of-nicolas-van-bambeeck-1641.jpg","0400_Portrait_of_Nicolas_van_Bambeeck_750x962.jpg","106540"
"401","Rembrandt","rembrandt","Saskia with a Red Flower","1641","798","970","0.77","https://uploads1.wikiart.org/images/rembrandt/saskia-with-a-red-flower-1641.jpg","0401_Saskia_with_a_Red_Flower_798x970.jpg","93484"
"402","Rembrandt","rembrandt","The Angel Departing from the Family of Tobias","1641","1280","897","1.15","https://uploads4.wikiart.org/images/rembrandt/the-angel-departing-from-the-family-of-tobias-1641.jpg","0402_The_Angel_Departing_from_the_Family_of_T_1280x897.jpg","932566"
"403","Rembrandt","rembrandt","The baptism of the eunuch","1641","1280","1068","1.37","https://uploads2.wikiart.org/images/rembrandt/the-baptism-of-the-eunuch-1641.jpg","0403_The_baptism_of_the_eunuch_1280x1068.jpg","503077"
"404","Rembrandt","rembrandt","The card player","1641","1192","1280","1.53","https://uploads1.wikiart.org/images/rembrandt/the-card-player-1641.jpg","0404_The_card_player_1192x1280.jpg","797998"
"405","Rembrandt","rembrandt","The large lion hunt","1641","1258","960","1.21","https://uploads5.wikiart.org/images/rembrandt/the-large-lion-hunt-1641.jpg","0405_The_large_lion_hunt_1258x960.jpg","1418348"
"406","Rembrandt","rembrandt","The Mennonite Preacher Anslo and his Wife","1641","1002","835","0.84","https://uploads6.wikiart.org/images/rembrandt/the-mennonite-minister-cornelis-claesz-1641.jpg","0406_The_Mennonite_Preacher_Anslo_and_his_Wif_1002x835.jpg","87289"
"407","Rembrandt","rembrandt","The Mill","1641","1032","734","0.76","https://uploads3.wikiart.org/images/rembrandt/the-mill-1641.jpg","0407_The_Mill_1032x734.jpg","536520"
"408","Rembrandt","rembrandt","The Schoolmaster","1641","560","813","0.46","https://uploads2.wikiart.org/images/rembrandt/the-schoolmaster-1641.jpg","0408_The_Schoolmaster_560x813.jpg","476079"
"409","Rembrandt","rembrandt","The triumph of Mordechai","1641","1165","960","1.12","https://uploads1.wikiart.org/images/rembrandt/the-triumph-of-mordechai-1641.jpg","0409_The_triumph_of_Mordechai_1165x960.jpg","825690"
"410","Rembrandt","rembrandt","Three oriental figures (Jacob and Laban)","1641","1013","1280","1.3","https://uploads6.wikiart.org/images/rembrandt/three-oriental-figures-jacob-and-laban-1641.jpg","0410_Three_oriental_figures_(Jacob_and_Laban)_1013x1280.jpg","569086"
"411","Rembrandt","rembrandt","View of Amstel river in Amsterdam","1641","570","351","0.2","https://uploads1.wikiart.org/images/rembrandt/view-of-amstel-river-in-amsterdam-1641.jpg","0411_View_of_Amstel_river_in_Amsterdam_570x351.jpg","70665"
"412","Rembrandt","rembrandt","Virgin and child in the clouds","1641","611","960","0.59","https://uploads7.wikiart.org/images/rembrandt/virgin-and-child-in-the-clouds-1641.jpg","0412_Virgin_and_child_in_the_clouds_611x960.jpg","623718"
"413","Rembrandt","rembrandt","The Unity (Agreement) in the Country","1641","735","544","0.4","https://uploads6.wikiart.org/images/rembrandt/the-unity-agreement-in-the-country.jpg","0413_The_Unity_(Agreement)_in_the_Country_735x544.jpg","37288"
"414","Rembrandt","rembrandt","A Cottage with White Pales","1642","980","796","0.78","https://uploads3.wikiart.org/images/rembrandt/a-cottage-with-white-pales-1642.jpg","0414_A_Cottage_with_White_Pales_980x796.jpg","534303"
"415","Rembrandt","rembrandt","A Man in an Arboug","1642","720","879","0.63","https://uploads4.wikiart.org/images/rembrandt/a-man-in-an-arboug-1642.jpg","0415_A_Man_in_an_Arboug_720x879.jpg","435575"
"416","Rembrandt","rembrandt","A Young Woman with a Basket","1642","600","792","0.48","https://uploads4.wikiart.org/images/rembrandt/a-young-woman-with-a-basket-1642.jpg","0416_A_Young_Woman_with_a_Basket_600x792.jpg","324004"
"417","Rembrandt","rembrandt","David and Jonathan","1642","831","997","0.83","https://uploads4.wikiart.org/images/rembrandt/david-and-jonathan-1642.jpg","0417_David_and_Jonathan_831x997.jpg","141883"
"418","Rembrandt","rembrandt","Self-portrait","1642","655","779","0.51","https://uploads8.wikiart.org/images/rembrandt/self-portrait-1642.jpg","0418_Self-portrait_655x779.jpg","241436"
"419","Rembrandt","rembrandt","Self-portrait in a flat cap and embroidered dress","1642","887","1280","1.14","https://uploads8.wikiart.org/images/rembrandt/self-portrait-in-a-flat-cap-and-embroidered-dress-1642.jpg","0419_Self-portrait_in_a_flat_cap_and_embroide_887x1280.jpg","789400"
"420","Rembrandt","rembrandt","Student at a table by candlelight","1642","1169","1280","1.5","https://uploads1.wikiart.org/images/rembrandt/student-at-a-table-by-candlelight-1642.jpg","0420_Student_at_a_table_by_candlelight_1169x1280.jpg","445731"
"421","Rembrandt","rembrandt","The descent from the cross","1642","1031","1280","1.32","https://uploads3.wikiart.org/images/rembrandt/the-descent-from-the-cross-1642.jpg","0421_The_descent_from_the_cross_1031x1280.jpg","838166"
"422","Rembrandt","rembrandt","The flute player","1642","1280","1049","1.34","https://uploads2.wikiart.org/images/rembrandt/the-flute-player-1642.jpg","0422_The_flute_player_1280x1049.jpg","748610"
"423","Rembrandt","rembrandt","The Nightwatch","1642","1259","1024","1.29","https://uploads7.wikiart.org/00121/images/rembrandt/2.jpg","0423_The_Nightwatch_1259x1024.jpg","230778"
"424","Rembrandt","rembrandt","The Resurrection of Lazurus a Small Plate","1642","640","817","0.52","https://uploads0.wikiart.org/images/rembrandt/the-resurrection-of-lazurus-a-small-plate-1642.jpg","0424_The_Resurrection_of_Lazurus_a_Small_Plat_640x817.jpg","431098"
"425","Rembrandt","rembrandt","The Concert of the State","1642","1042","773","0.81","https://uploads5.wikiart.org/images/rembrandt/the-concert-of-the-state.jpg","0425_The_Concert_of_the_State_1042x773.jpg","407196"
"426","Rembrandt","rembrandt","A Woman Sitting up in Bed","1642","992","773","0.77","https://uploads6.wikiart.org/images/rembrandt/a-woman-sitting-up-in-bed.jpg","0426_A_Woman_Sitting_up_in_Bed_992x773.jpg","407636"
"427","Rembrandt","rembrandt","Old Rabbi","1642","640","849","0.54","https://uploads8.wikiart.org/images/rembrandt/old-rabbi.jpg","0427_Old_Rabbi_640x849.jpg","70564"
"428","Rembrandt","rembrandt","Sick woman with a large white headdress (Saskia)","1642","630","759","0.48","https://uploads0.wikiart.org/images/rembrandt/sick-woman-with-a-large-white-headdress-saskia.jpg","0428_Sick_woman_with_a_large_white_headdress_630x759.jpg","89983"
"429","Rembrandt","rembrandt","St. Jerome in a dark chamber","1642","1280","1099","1.41","https://uploads8.wikiart.org/images/rembrandt/st-jerome-in-a-dark-chamber.jpg","0429_St._Jerome_in_a_dark_chamber_1280x1099.jpg","384667"
"430","Rembrandt","rembrandt","Self Portrait in a Flat Cap and Embroidered Dress","1642","554","759","0.42","https://uploads3.wikiart.org/images/rembrandt/the-great-jewish-bride.jpg","0430_Self_Portrait_in_a_Flat_Cap_and_Embroide_554x759.jpg","81297"
"431","Rembrandt","rembrandt","Danae","1643","1000","908","0.91","https://uploads0.wikiart.org/images/rembrandt/danae-1643.jpg","0431_Danae_1000x908.jpg","1017169"
"432","Rembrandt","rembrandt","Self-portrait","1643","600","785","0.47","https://uploads8.wikiart.org/images/rembrandt/self-portrait-1643.jpg","0432_Self-portrait_600x785.jpg","211190"
"433","Rembrandt","rembrandt","The hog","1643","1280","1006","1.29","https://uploads2.wikiart.org/images/rembrandt/the-hog-1643.jpg","0433_The_hog_1280x1006.jpg","488034"
"434","Rembrandt","rembrandt","The Three Trees","1643","1280","952","1.22","https://uploads1.wikiart.org/images/rembrandt/the-three-trees-1643.jpg","0434_The_Three_Trees_1280x952.jpg","882208"
"435","Rembrandt","rembrandt","The Toilet of Bathsheba","1643","1027","774","0.79","https://uploads0.wikiart.org/images/rembrandt/the-toilet-of-bathsheba-1643.jpg","0435_The_Toilet_of_Bathsheba_1027x774.jpg","482162"
"436","Rembrandt","rembrandt","Boys Cup","1643","692","960","0.66","https://uploads7.wikiart.org/images/rembrandt/boys-cup.jpg","0436_Boys_Cup_692x960.jpg","245023"
"437","Rembrandt","rembrandt","Saskia, the Artist's Wife","1643","850","1059","0.9","https://uploads5.wikiart.org/images/rembrandt/saskia-the-artist-s-wife.jpg","0437_Saskia,_the_Artist's_Wife_850x1059.jpg","90326"
"438","Rembrandt","rembrandt","Jacob with Laban","1644","656","813","0.53","https://uploads2.wikiart.org/images/rembrandt/jacob-with-laban-1644.jpg","0438_Jacob_with_Laban_656x813.jpg","436001"
"439","Rembrandt","rembrandt","The rest on the flight","1644","867","1280","1.11","https://uploads8.wikiart.org/images/rembrandt/the-rest-on-the-flight-1644.jpg","0439_The_rest_on_the_flight_867x1280.jpg","887097"
"440","Rembrandt","rembrandt","The Shepards and the Family","1644","608","822","0.5","https://uploads4.wikiart.org/images/rembrandt/the-shepards-and-the-family-1644.jpg","0440_The_Shepards_and_the_Family_608x822.jpg","494950"
"441","Rembrandt","rembrandt","The Shepards in the Woods","1644","576","800","0.46","https://uploads2.wikiart.org/images/rembrandt/the-shepards-in-the-woods-1644.jpg","0441_The_Shepards_in_the_Woods_576x800.jpg","443557"
"442","Rembrandt","rembrandt","The sleeping herdsman","1644","956","1280","1.22","https://uploads7.wikiart.org/images/rembrandt/the-sleeping-herdsman-1644.jpg","0442_The_sleeping_herdsman_956x1280.jpg","639967"
"443","Rembrandt","rembrandt","The Spanish Gypsy","1644","720","829","0.6","https://uploads3.wikiart.org/images/rembrandt/the-spanish-gypsy-1644.jpg","0443_The_Spanish_Gypsy_720x829.jpg","457410"
"444","Rembrandt","rembrandt","The Woman taken in Adultery","1644","644","840","0.54","https://uploads4.wikiart.org/images/rembrandt/the-woman-taken-in-adultery-1644.jpg","0444_The_Woman_taken_in_Adultery_644x840.jpg","340669"
"445","Rembrandt","rembrandt","A Woman Weeping","1644","352","450","0.16","https://uploads5.wikiart.org/images/rembrandt/a-woman-weeping.jpg","0445_A_Woman_Weeping_352x450.jpg","78865"
"446","Rembrandt","rembrandt","A Repose In Outline","1645","760","844","0.64","https://uploads5.wikiart.org/images/rembrandt/a-repose-in-outline-1645.jpg","0446_A_Repose_In_Outline_760x844.jpg","438195"
"447","Rembrandt","rembrandt","A Village with a River","1645","1032","723","0.75","https://uploads8.wikiart.org/images/rembrandt/a-village-with-a-river-1645.jpg","0447_A_Village_with_a_River_1032x723.jpg","474203"
"448","Rembrandt","rembrandt","Abraham and Isaac","1645","1054","1280","1.35","https://uploads3.wikiart.org/images/rembrandt/abraham-and-isaac-1645.jpg","0448_Abraham_and_Isaac_1054x1280.jpg","1038924"
"449","Rembrandt","rembrandt","An Old man Resting his Hands Upon a Book","1645","656","800","0.52","https://uploads8.wikiart.org/images/rembrandt/an-old-man-resting-his-hands-upon-a-book-1645.jpg","0449_An_Old_man_Resting_his_Hands_Upon_a_Book_656x800.jpg","301115"
"450","Rembrandt","rembrandt","Bridge","1645","1600","921","1.47","https://uploads1.wikiart.org/images/rembrandt/bridge-1645.jpg","0450_Bridge_1600x921.jpg","231762"
"451","Rembrandt","rembrandt","Girl in the Window","1645","599","750","0.45","https://uploads4.wikiart.org/images/rembrandt/girl-in-the-window-1645.jpg","0451_Girl_in_the_Window_599x750.jpg","153897"
"452","Rembrandt","rembrandt","Jan Cornelisz Sylvius, the Preacher","1645","357","390","0.14","https://uploads2.wikiart.org/images/rembrandt/jan-cornelisz-sylvius-the-preacher-1645.jpg","0452_Jan_Cornelisz_Sylvius,_the_Preacher_357x390.jpg","57291"
"453","Rembrandt","rembrandt","Jesus Christ s Body Carried to the Tomb","1645","800","952","0.76","https://uploads7.wikiart.org/images/rembrandt/jesus-christ-s-body-carried-to-the-tomb-1645.jpg","0453_Jesus_Christ_s_Body_Carried_to_the_Tomb_800x952.jpg","166638"
"454","Rembrandt","rembrandt","Joseph's Dream in the Stable in Bethlehem","1645","1024","754","0.77","https://uploads0.wikiart.org/images/rembrandt/joseph-s-dream-in-the-stable-in-bethlehem-1645.jpg","0454_Joseph's_Dream_in_the_Stable_in_Bethlehe_1024x754.jpg","516273"
"455","Rembrandt","rembrandt","Landscape with a Man Sketching a Scene","1645","1032","667","0.69","https://uploads6.wikiart.org/images/rembrandt/landscape-with-a-man-sketching-a-scene-1645.jpg","0455_Landscape_with_a_Man_Sketching_a_Scene_1032x667.jpg","495021"
"456","Rembrandt","rembrandt","Men in oriental dress and two studies of a beggar in the half figure","1645","490","375","0.18","https://uploads0.wikiart.org/images/rembrandt/men-in-oriental-dress-and-two-studies-of-a-beggar-in-the-half-figure-1645.jpg","0456_Men_in_oriental_dress_and_two_studies_of_490x375.jpg","33687"
"457","Rembrandt","rembrandt","Old man in meditation, leaning on a book","1645","662","806","0.53","https://uploads7.wikiart.org/images/rembrandt/old-man-in-meditation-leaning-on-a-book-1645.jpg","0457_Old_man_in_meditation,_leaning_on_a_book_662x806.jpg","369160"
"458","Rembrandt","rembrandt","Self-portrait","1645","600","716","0.43","https://uploads5.wikiart.org/images/rembrandt/self-portrait-1.jpg","0458_Self-portrait_600x716.jpg","414680"
"459","Rembrandt","rembrandt","St. Peter in penitence","1645","1125","1280","1.44","https://uploads7.wikiart.org/images/rembrandt/st-peter-in-penitence-1645.jpg","0459_St._Peter_in_penitence_1125x1280.jpg","439984"
"460","Rembrandt","rembrandt","The Boathouse called a Grotto with a Brook","1645","816","778","0.63","https://uploads1.wikiart.org/images/rembrandt/the-boathouse-called-a-grotto-with-a-brook-1645.jpg","0460_The_Boathouse_called_a_Grotto_with_a_Bro_816x778.jpg","437268"
"461","Rembrandt","rembrandt","The Holy Family","1645","640","840","0.54","https://uploads1.wikiart.org/images/rembrandt/the-holy-family-1645.jpg","0461_The_Holy_Family_640x840.jpg","356869"
"462","Rembrandt","rembrandt","The Holy Family(fragment)","1645","451","610","0.28","https://uploads1.wikiart.org/images/rembrandt/the-holy-family-fragment-1645.jpg","0462_The_Holy_Family(fragment)_451x610.jpg","51530"
"463","Rembrandt","rembrandt","The Omval","1645","1280","1054","1.35","https://uploads4.wikiart.org/images/rembrandt/the-omval-1645.jpg","0463_The_Omval_1280x1054.jpg","594331"
"464","Rembrandt","rembrandt","Tobit and Anna with the Kid","1645","1040","744","0.77","https://uploads4.wikiart.org/images/rembrandt/tobit-and-anna-with-the-kid-1645.jpg","0464_Tobit_and_Anna_with_the_Kid_1040x744.jpg","479535"
"465","Rembrandt","rembrandt","View of Omval, near Amsterdam","1645","953","794","0.76","https://uploads5.wikiart.org/images/rembrandt/view-of-omval-near-amsterdam-1645.jpg","0465_View_of_Omval,_near_Amsterdam_953x794.jpg","495261"
"466","Rembrandt","rembrandt","Woman in bed","1645","2178","2947","6.42","https://uploads7.wikiart.org/images/rembrandt/woman-in-bed-1645.jpg","0466_Woman_in_bed_2178x2947.jpg","1633900"
"467","Rembrandt","rembrandt","The Mill","1645","1029","864","0.89","https://uploads7.wikiart.org/images/rembrandt/the-mill.jpg","0467_The_Mill_1029x864.jpg","195084"
"468","Rembrandt","rembrandt","Boazcast","1645","617","550","0.34","https://uploads7.wikiart.org/images/rembrandt/boazcast.jpg","0468_Boazcast_617x550.jpg","62501"
"469","Rembrandt","rembrandt","Jacob's Dream","1645","512","768","0.39","https://uploads3.wikiart.org/images/rembrandt/jacob-s-dream.jpg","0469_Jacob's_Dream_512x768.jpg","92914"
"470","Rembrandt","rembrandt","Portrait of a Young Girl","1645","582","690","0.4","https://uploads5.wikiart.org/images/rembrandt/portrait-of-a-young-girl.jpg","0470_Portrait_of_a_Young_Girl_582x690.jpg","22573"
"471","Rembrandt","rembrandt","Three Women and a Child at the Door","1645","1225","1600","1.96","https://uploads7.wikiart.org/images/rembrandt/three-women-and-a-child-at-the-door.jpg","0471_Three_Women_and_a_Child_at_the_Door_1225x1600.jpg","257727"
"472","Rembrandt","rembrandt","A young man seated and standing (The walking trainer)","1646","855","1280","1.09","https://uploads1.wikiart.org/images/rembrandt/a-young-man-seated-and-standing-the-walking-trainer-1646.jpg","0472_A_young_man_seated_and_standing_(The_wal_855x1280.jpg","410139"
"473","Rembrandt","rembrandt","Abraham serving the angels","1646","2000","1530","3.06","https://uploads2.wikiart.org/00199/images/rembrandt/a3bbbbdf766f95b1de7911718a9741d3-1.jpg","0473_Abraham_serving_the_angels_2000x1530.jpg","483236"
"474","Rembrandt","rembrandt","Adoration of the Shepherds","1646","691","849","0.59","https://uploads3.wikiart.org/images/rembrandt/adoration-of-the-shepherds-1646.jpg","0474_Adoration_of_the_Shepherds_691x849.jpg","402395"
"475","Rembrandt","rembrandt","Beggar woman leaning on a stick","1646","1044","1280","1.34","https://uploads8.wikiart.org/images/rembrandt/beggar-woman-leaning-on-a-stick-1646.jpg","0475_Beggar_woman_leaning_on_a_stick_1044x1280.jpg","1072129"
"476","Rembrandt","rembrandt","Holy Family with a Curtain","1646","1091","750","0.82","https://uploads3.wikiart.org/images/rembrandt/holy-family-with-a-curtain-1646.jpg","0476_Holy_Family_with_a_Curtain_1091x750.jpg","130246"
"477","Rembrandt","rembrandt","Jan Cornelis Sylvius","1646","560","800","0.45","https://uploads6.wikiart.org/images/rembrandt/jan-cornelis-sylvius-1646.jpg","0477_Jan_Cornelis_Sylvius_560x800.jpg","367304"
"478","Rembrandt","rembrandt","In Bed","1646","1280","762","0.98","https://uploads3.wikiart.org/images/rembrandt/ledikant-1646.jpg","0478_In_Bed_1280x762.jpg","510259"
"479","Rembrandt","rembrandt","Nude man seated before a curtain","1646","784","1280","1","https://uploads0.wikiart.org/images/rembrandt/nude-man-seated-before-a-curtain-1646.jpg","0479_Nude_man_seated_before_a_curtain_784x1280.jpg","535652"
"480","Rembrandt","rembrandt","Nude man seated on the ground with one leg extended","1646","1280","793","1.02","https://uploads1.wikiart.org/images/rembrandt/nude-man-seated-on-the-ground-with-one-leg-extended-1646.jpg","0480_Nude_man_seated_on_the_ground_with_one_l_1280x793.jpg","335672"
"481","Rembrandt","rembrandt","The Adoration of the Shepherds(fragment)","1646","607","840","0.51","https://uploads7.wikiart.org/images/rembrandt/the-adoration-of-the-shepherds-fragment-1646.jpg","0481_The_Adoration_of_the_Shepherds(fragment)_607x840.jpg","66473"
"482","Rembrandt","rembrandt","The man of Gibeah","1646","750","543","0.41","https://uploads3.wikiart.org/images/rembrandt/the-man-of-gibeah-1646.jpg","0482_The_man_of_Gibeah_750x543.jpg","129835"
"483","Rembrandt","rembrandt","The monk in the cornfield","1646","1280","957","1.22","https://uploads2.wikiart.org/images/rembrandt/the-monk-in-the-cornfield-1646.jpg","0483_The_monk_in_the_cornfield_1280x957.jpg","512294"
"484","Rembrandt","rembrandt","Winter Landscape","1646","1024","761","0.78","https://uploads2.wikiart.org/images/rembrandt/winter-landscape-1646.jpg","0484_Winter_Landscape_1024x761.jpg","441339"
"485","Rembrandt","rembrandt","Dr Ephraim Bueno, Jewish Physician and Writer","1647","1231","1600","1.97","https://uploads3.wikiart.org/images/rembrandt/dr-ephraim-bueno-jewish-physician-and-writer-1647.jpg","0485_Dr_Ephraim_Bueno,_Jewish_Physician_and_W_1231x1600.jpg","216372"
"486","Rembrandt","rembrandt","Ephraim Bonus (The Jew with the Banister)","1647","679","802","0.54","https://uploads7.wikiart.org/images/rembrandt/ephraim-bonus-the-jew-with-the-banister-1647.jpg","0486_Ephraim_Bonus_(The_Jew_with_the_Banister_679x802.jpg","154981"
"487","Rembrandt","rembrandt","Portrait of a Man","1647","687","780","0.54","https://uploads3.wikiart.org/images/rembrandt/portrait-of-a-man-1647.jpg","0487_Portrait_of_a_Man_687x780.jpg","105091"
"488","Rembrandt","rembrandt","Portrait of Jan Asselyn","1647","784","861","0.68","https://uploads0.wikiart.org/images/rembrandt/portrait-of-jan-asselyn-1647.jpg","0488_Portrait_of_Jan_Asselyn_784x861.jpg","520486"
"489","Rembrandt","rembrandt","Rest on the Flight to Egypt","1647","1038","740","0.77","https://uploads4.wikiart.org/images/rembrandt/rest-on-the-flight-to-egypt-1647.jpg","0489_Rest_on_the_Flight_to_Egypt_1038x740.jpg","115669"
"490","Rembrandt","rembrandt","Susanna and the Elders","1647","610","900","0.55","https://uploads8.wikiart.org/images/rembrandt/susanna-and-the-elders-1647.jpg","0490_Susanna_and_the_Elders_610x900.jpg","110247"
"491","Rembrandt","rembrandt","The Portrait of Jan Six","1647","632","797","0.5","https://uploads0.wikiart.org/images/rembrandt/the-portrait-of-jan-six-1647.jpg","0491_The_Portrait_of_Jan_Six_632x797.jpg","361888"
"492","Rembrandt","rembrandt","An Artist Drawing from a Model","1648","664","817","0.54","https://uploads7.wikiart.org/images/rembrandt/an-artist-drawing-from-a-model-1648.jpg","0492_An_Artist_Drawing_from_a_Model_664x817.jpg","415578"
"493","Rembrandt","rembrandt","An Artist Drawing from the Model","1648","584","783","0.46","https://uploads0.wikiart.org/images/rembrandt/an-artist-drawing-from-the-model-1648.jpg","0493_An_Artist_Drawing_from_the_Model_584x783.jpg","412908"
"494","Rembrandt","rembrandt","Beggars on the Doorstep of a House","1648","1259","1600","2.01","https://uploads2.wikiart.org/images/rembrandt/beggars-on-the-doorstep-of-a-house-1648.jpg","0494_Beggars_on_the_Doorstep_of_a_House_1259x1600.jpg","499698"
"495","Rembrandt","rembrandt","Medea or the marriage of Jason and Creusa","1648","975","1280","1.25","https://uploads0.wikiart.org/images/rembrandt/medea-or-the-marriage-of-jason-and-creusa-1648.jpg","0495_Medea_or_the_marriage_of_Jason_and_Creus_975x1280.jpg","628181"
"496","Rembrandt","rembrandt","Pharisees in the Temple (Jews in the synagogue)","1648","1280","779","1","https://uploads4.wikiart.org/images/rembrandt/pharisees-in-the-temple-jews-in-the-synagogue-1648.jpg","0496_Pharisees_in_the_Temple_(Jews_in_the_syn_1280x779.jpg","479035"
"497","Rembrandt","rembrandt","Portrait of a Jewish Young Man","1648","543","650","0.35","https://uploads7.wikiart.org/images/rembrandt/portrait-of-a-jewish-young-man-1648.jpg","0497_Portrait_of_a_Jewish_Young_Man_543x650.jpg","44485"
"498","Rembrandt","rembrandt","Portrait of a Man with a Golden Helmet","1648","357","480","0.17","https://uploads6.wikiart.org/images/rembrandt/portrait-of-a-man-with-a-golden-helmet-1648.jpg","0498_Portrait_of_a_Man_with_a_Golden_Helmet_357x480.jpg","28741"
"499","Rembrandt","rembrandt","Self-portrait drawing at a window","1648","1050","1280","1.34","https://uploads1.wikiart.org/images/rembrandt/self-portrait-drawing-at-a-window-1648.jpg","0499_Self-portrait_drawing_at_a_window_1050x1280.jpg","1081874"
"500","Rembrandt","rembrandt","St. Jerome beside a pollard willow","1648","961","1280","1.23","https://uploads1.wikiart.org/images/rembrandt/st-jerome-beside-a-pollard-willow-1648.jpg","0500_St._Jerome_beside_a_pollard_willow_961x1280.jpg","485038"
"501","Rembrandt","rembrandt","The Supper at Emmaus","1648","1024","959","0.98","https://uploads6.wikiart.org/images/rembrandt/the-supper-at-emmaus-1648.jpg","0501_The_Supper_at_Emmaus_1024x959.jpg","156748"
"502","Rembrandt","rembrandt","The Synagogue","1648","1058","608","0.64","https://uploads8.wikiart.org/images/rembrandt/the-synagogue-1648.jpg","0502_The_Synagogue_1058x608.jpg","497717"
"503","Rembrandt","rembrandt","Cottage with wooden fence amid trees","1648","800","535","0.43","https://uploads8.wikiart.org/images/rembrandt/cottage-with-wooden-fence-amid-trees.jpg","0503_Cottage_with_wooden_fence_amid_trees_800x535.jpg","107880"
"504","Rembrandt","rembrandt","Self-Portrait, Drawing at a Window","1648","619","759","0.47","https://uploads5.wikiart.org/images/rembrandt/self-portrait-drawing-at-a-window.jpg","0504_Self-Portrait,_Drawing_at_a_Window_619x759.jpg","79916"
"505","Rembrandt","rembrandt","Landscape with a Cow Drinking","1649","1032","847","0.87","https://uploads6.wikiart.org/images/rembrandt/landscape-with-a-cow-drinking-1649.jpg","0505_Landscape_with_a_Cow_Drinking_1032x847.jpg","628460"
"506","Rembrandt","rembrandt","St. Peter and St. John at the Entrance to the Temple","1649","960","798","0.77","https://uploads0.wikiart.org/images/rembrandt/st-peter-and-st-john-at-the-entrance-to-the-temple-1649.jpg","0506_St._Peter_and_St._John_at_the_Entrance_t_960x798.jpg","563563"
"507","Rembrandt","rembrandt","Supper at Emmaus","1649","696","758","0.53","https://uploads2.wikiart.org/images/rembrandt/supper-at-emmaus-1649.jpg","0507_Supper_at_Emmaus_696x758.jpg","87861"
"508","Rembrandt","rembrandt","A Peasant Carrying Milk Pales","1650","1050","417","0.44","https://uploads6.wikiart.org/images/rembrandt/a-peasant-carrying-milk-pales-1650.jpg","0508_A_Peasant_Carrying_Milk_Pales_1050x417.jpg","331387"
"509","Rembrandt","rembrandt","A Village with a Square Tower","1650","1032","612","0.63","https://uploads6.wikiart.org/images/rembrandt/a-village-with-a-square-tower-1650.jpg","0509_A_Village_with_a_Square_Tower_1032x612.jpg","452892"
"510","Rembrandt","rembrandt","An Arched Landscape with a Flock of Sheep","1650","1050","521","0.55","https://uploads0.wikiart.org/images/rembrandt/an-arched-landscape-with-a-flock-of-sheep-1650.jpg","0510_An_Arched_Landscape_with_a_Flock_of_Shee_1050x521.jpg","414664"
"511","Rembrandt","rembrandt","Arnold Tholinx","1650","1207","1600","1.93","https://uploads4.wikiart.org/images/rembrandt/arnold-tholinx.jpg","0511_Arnold_Tholinx_1207x1600.jpg","439382"
"512","Rembrandt","rembrandt","Christ and the Canaanite Woman","1650","640","462","0.3","https://uploads7.wikiart.org/images/rembrandt/christ-and-the-canaanite-woman-1650.jpg","0512_Christ_and_the_Canaanite_Woman_640x462.jpg","147820"
"513","Rembrandt","rembrandt","Figures on the Anthoniesdijk Entering Houtewael","1650","587","390","0.23","https://uploads1.wikiart.org/images/rembrandt/figures-on-the-anthoniesdijk-entering-houtewael.jpg","0513_Figures_on_the_Anthoniesdijk_Entering_Ho_587x390.jpg","24954"
"514","Rembrandt","rembrandt","Head of Christ","1650","700","1116","0.78","https://uploads0.wikiart.org/images/rembrandt/head-of-christ-1650.jpg","0514_Head_of_Christ_700x1116.jpg","37921"
"515","Rembrandt","rembrandt","Landscape with a Canal and Large Boat","1650","1029","815","0.84","https://uploads5.wikiart.org/images/rembrandt/landscape-with-a-canal-and-large-boat-1650.jpg","0515_Landscape_with_a_Canal_and_Large_Boat_1029x815.jpg","477578"
"516","Rembrandt","rembrandt","Landscape with a Canal and Swan","1650","1032","439","0.45","https://uploads8.wikiart.org/images/rembrandt/landscape-with-a-canal-and-swan-1650.jpg","0516_Landscape_with_a_Canal_and_Swan_1032x439.jpg","315917"
"517","Rembrandt","rembrandt","Landscape with a Ruined Tower and a Clear Foreground","1650","1050","425","0.45","https://uploads2.wikiart.org/images/rembrandt/landscape-with-a-ruined-tower-and-a-clear-foreground-1650.jpg","0517_Landscape_with_a_Ruined_Tower_and_a_Clea_1050x425.jpg","365910"
"518","Rembrandt","rembrandt","Landscape with an Obelisk","1650","1032","562","0.58","https://uploads2.wikiart.org/images/rembrandt/landscape-with-an-obelisk-1650.jpg","0518_Landscape_with_an_Obelisk_1032x562.jpg","430770"
"519","Rembrandt","rembrandt","Landscape with Three Huts","1650","1280","988","1.26","https://uploads2.wikiart.org/images/rembrandt/landscape-with-three-huts-1650.jpg","0519_Landscape_with_Three_Huts_1280x988.jpg","939658"
"520","Rembrandt","rembrandt","Portrait of a man in military costume","1650","712","912","0.65","https://uploads5.wikiart.org/images/rembrandt/portrait-of-a-man-in-military-costume-1650.jpg","0520_Portrait_of_a_man_in_military_costume_712x912.jpg","119196"
"521","Rembrandt","rembrandt","Studio Scene With Sitters","1650","1000","822","0.82","https://uploads3.wikiart.org/images/rembrandt/studio-scenne-with-sitters-1650.jpg","0521_Studio_Scene_With_Sitters_1000x822.jpg","975895"
"522","Rembrandt","rembrandt","The bastion in Amsterdam","1650","1927","1164","2.24","https://uploads5.wikiart.org/images/rembrandt/the-bastion-in-amsterdam.jpg","0522_The_bastion_in_Amsterdam_1927x1164.jpg","339190"
"523","Rembrandt","rembrandt","The Bull","1650","941","696","0.65","https://uploads3.wikiart.org/images/rembrandt/the-bull-1650.jpg","0523_The_Bull_941x696.jpg","487380"
"524","Rembrandt","rembrandt","The Mill on the Het Blauwhoofd","1650","700","411","0.29","https://uploads2.wikiart.org/images/rembrandt/the-mill-on-the-het-blauwhoofd.jpg","0524_The_Mill_on_the_Het_Blauwhoofd_700x411.jpg","255601"
"525","Rembrandt","rembrandt","The Shell (Conus marmoreus)","1650","1600","1199","1.92","https://uploads2.wikiart.org/images/rembrandt/the-shell-conus-marmoreus-1650.jpg","0525_The_Shell_(Conus_marmoreus)_1600x1199.jpg","249313"
"526","Rembrandt","rembrandt","The shell 'Conus Marmoreus'","1650","1239","960","1.19","https://uploads4.wikiart.org/images/rembrandt/the-shell-conus-marmoreus-1650-1.jpg","0526_The_shell_'Conus_Marmoreus'_1239x960.jpg","886279"
"527","Rembrandt","rembrandt","The Three Cottages","1650","984","797","0.78","https://uploads4.wikiart.org/images/rembrandt/the-three-cottages-1650.jpg","0527_The_Three_Cottages_984x797.jpg","549736"
"528","Rembrandt","rembrandt","View of Houtewael near the Sint Anthoniespoort","1650","567","390","0.22","https://uploads5.wikiart.org/images/rembrandt/view-of-houtewael-near-the-sint-anthoniespoort-1650.jpg","0528_View_of_Houtewael_near_the_Sint_Anthonie_567x390.jpg","30688"
"529","Rembrandt","rembrandt","View over the Amstel from the Rampart","1650","610","295","0.18","https://uploads5.wikiart.org/images/rembrandt/view-over-the-amstel-from-the-rampart-1650.jpg","0529_View_over_the_Amstel_from_the_Rampart_610x295.jpg","47158"
"530","Rembrandt","rembrandt","A River with a Sailing Boat on Nieuwe Meer","1650","640","314","0.2","https://uploads5.wikiart.org/images/rembrandt/a-river-with-a-sailing-boat-on-nieuwe-meer.jpg","0530_A_River_with_a_Sailing_Boat_on_Nieuwe_Me_640x314.jpg","41202"
"531","Rembrandt","rembrandt","A Wooded Road","1650","623","480","0.3","https://uploads3.wikiart.org/images/rembrandt/a-wooded-road.jpg","0531_A_Wooded_Road_623x480.jpg","97061"
"532","Rembrandt","rembrandt","A Young Man and a Girl playing Cards","1650","487","581","0.28","https://uploads8.wikiart.org/images/rembrandt/a-young-man-and-a-girl-playing-cards.jpg","0532_A_Young_Man_and_a_Girl_playing_Cards_487x581.jpg","179899"
"533","Rembrandt","rembrandt","The Hundred Guilder Print","1650","1600","1145","1.83","https://uploads6.wikiart.org/images/rembrandt/the-hundred-guilder-print.jpg","0533_The_Hundred_Guilder_Print_1600x1145.jpg","459309"
"534","Rembrandt","rembrandt","Man in a Golden Helmet","1650","807","1070","0.86","https://uploads8.wikiart.org/images/rembrandt/man-in-a-golden-helmet-1669.jpg","0534_Man_in_a_Golden_Helmet_807x1070.jpg","120504"
"535","Rembrandt","rembrandt","Portrait of Clement de Jonge","1651","720","899","0.65","https://uploads5.wikiart.org/images/rembrandt/portrait-of-clement-de-jonge-1651.jpg","0535_Portrait_of_Clement_de_Jonge_720x899.jpg","517435"
"536","Rembrandt","rembrandt","The bathers","1651","1280","1021","1.31","https://uploads6.wikiart.org/images/rembrandt/the-bathers-1651.jpg","0536_The_bathers_1280x1021.jpg","484498"
"537","Rembrandt","rembrandt","The blind Tobit","1651","817","1000","0.82","https://uploads1.wikiart.org/images/rembrandt/the-blind-tobit-1651.jpg","0537_The_blind_Tobit_817x1000.jpg","995188"
"538","Rembrandt","rembrandt","The flight into Egypt a night piece","1651","1126","1280","1.44","https://uploads3.wikiart.org/images/rembrandt/the-flight-into-egypt-a-night-piece-1651.jpg","0538_The_flight_into_Egypt_a_night_piece_1126x1280.jpg","1229653"
"539","Rembrandt","rembrandt","The Goldweigher`s Field","1651","1050","425","0.45","https://uploads0.wikiart.org/images/rembrandt/the-goldweigher-s-field-1651.jpg","0539_The_Goldweigher`s_Field_1050x425.jpg","345847"
"540","Rembrandt","rembrandt","The star of the kings","1651","1280","868","1.11","https://uploads7.wikiart.org/images/rembrandt/the-star-of-the-kings-1651.jpg","0540_The_star_of_the_kings_1280x868.jpg","365289"
"541","Rembrandt","rembrandt","A Girl with a Broom","1651","769","900","0.69","https://uploads3.wikiart.org/00380/images/rembrandt/a-girl-with-a-broom-rembrandt-workshop-possibly-carel-fabritius.jpg","0541_A_Girl_with_a_Broom_769x900.jpg","97902"
"542","Rembrandt","rembrandt","Young Girl at the Window","1651","575","715","0.41","https://uploads5.wikiart.org/images/rembrandt/young-girl-at-the-window.jpg","0542_Young_Girl_at_the_Window_575x715.jpg","19443"
"543","Rembrandt","rembrandt","A Landscape of Irregular Form","1652","1050","419","0.44","https://uploads6.wikiart.org/images/rembrandt/a-landscape-of-irregular-form-1652.jpg","0543_A_Landscape_of_Irregular_Form_1050x419.jpg","324193"
"544","Rembrandt","rembrandt","Christ disputing with the doctors","1652","1280","789","1.01","https://uploads1.wikiart.org/images/rembrandt/christ-disputing-with-the-doctors-1652.jpg","0544_Christ_disputing_with_the_doctors_1280x789.jpg","677644"
"545","Rembrandt","rembrandt","Christ preaching","1652","1280","956","1.22","https://uploads2.wikiart.org/images/rembrandt/christ-preaching-1652.jpg","0545_Christ_preaching_1280x956.jpg","888412"
"546","Rembrandt","rembrandt","Head of Christ","1652","634","750","0.48","https://uploads0.wikiart.org/images/rembrandt/head-of-christ-1652.jpg","0546_Head_of_Christ_634x750.jpg","382780"
"547","Rembrandt","rembrandt","Jesus Disputing the Doctors a Larger Print","1652","1030","623","0.64","https://uploads1.wikiart.org/images/rembrandt/jesus-disputing-the-doctors-a-larger-print-1652.jpg","0547_Jesus_Disputing_the_Doctors_a_Larger_Pri_1030x623.jpg","464090"
"548","Rembrandt","rembrandt","Jesus Preaching called the La Tombe","1652","1020","774","0.79","https://uploads3.wikiart.org/images/rembrandt/jesus-preaching-called-the-la-tombe-1652.jpg","0548_Jesus_Preaching_called_the_La_Tombe_1020x774.jpg","721172"
"549","Rembrandt","rembrandt","King David at prayer","1652","868","1280","1.11","https://uploads6.wikiart.org/images/rembrandt/king-david-at-prayer-1652.jpg","0549_King_David_at_prayer_868x1280.jpg","894371"
"550","Rembrandt","rembrandt","Landscape with a fisherman","1652","1280","533","0.68","https://uploads3.wikiart.org/images/rembrandt/landscape-with-a-fisherman-1652.jpg","0550_Landscape_with_a_fisherman_1280x533.jpg","249314"
"551","Rembrandt","rembrandt","Large Self-portrait","1652","776","1100","0.85","https://uploads5.wikiart.org/images/rembrandt/large-self-portrait-1652.jpg","0551_Large_Self-portrait_776x1100.jpg","85433"
"552","Rembrandt","rembrandt","Lion Resting","1652","1600","1067","1.71","https://uploads7.wikiart.org/images/rembrandt/lion-resting-1652.jpg","0552_Lion_Resting_1600x1067.jpg","388213"
"553","Rembrandt","rembrandt","Lion resting","1652","1784","1233","2.2","https://uploads0.wikiart.org/images/rembrandt/lion-resting-1652-1.jpg","0553_Lion_resting_1784x1233.jpg","276530"
"554","Rembrandt","rembrandt","Peasant family on the tramp","1652","1069","1280","1.37","https://uploads4.wikiart.org/images/rembrandt/peasant-family-on-the-tramp-1652.jpg","0554_Peasant_family_on_the_tramp_1069x1280.jpg","385338"
"555","Rembrandt","rembrandt","Portrait of Titus, Rembrandt`s Son","1652","640","847","0.54","https://uploads1.wikiart.org/images/rembrandt/portrait-of-titus-rembrandt-s-son-1652.jpg","0555_Portrait_of_Titus,_Rembrandt`s_Son_640x847.jpg","351556"
"556","Rembrandt","rembrandt","The adoration of the sheperds","1652","750","582","0.44","https://uploads6.wikiart.org/images/rembrandt/the-adoration-of-the-sheperds-1652.jpg","0556_The_adoration_of_the_sheperds_750x582.jpg","147896"
"557","Rembrandt","rembrandt","The Virgin with the instruments of the passion","1652","1074","1280","1.37","https://uploads5.wikiart.org/images/rembrandt/the-virgin-with-the-instruments-of-the-passion-1652.jpg","0557_The_Virgin_with_the_instruments_of_the_p_1074x1280.jpg","959801"
"558","Rembrandt","rembrandt","The Vista","1652","1032","620","0.64","https://uploads4.wikiart.org/images/rembrandt/the-vista-1652.jpg","0558_The_Vista_1032x620.jpg","434973"
"559","Rembrandt","rembrandt","Three Peasants Travelling","1652","680","808","0.55","https://uploads2.wikiart.org/images/rembrandt/three-peasants-travelling-1652.jpg","0559_Three_Peasants_Travelling_680x808.jpg","379749"
"560","Rembrandt","rembrandt","Faust","1652","1228","1600","1.96","https://uploads4.wikiart.org/images/rembrandt/faust.jpg","0560_Faust_1228x1600.jpg","496602"
"561","Rembrandt","rembrandt","St Anthonisgate Amsterdam Sun","1652","1002","795","0.8","https://uploads1.wikiart.org/images/rembrandt/st-anthonisgate-amsterdam-sun.jpg","0561_St_Anthonisgate_Amsterdam_Sun_1002x795.jpg","382349"
"562","Rembrandt","rembrandt","Portrait of Nicolas Bruyningh","1652","627","737","0.46","https://uploads1.wikiart.org/images/rembrandt/portrait-of-nicolas-bruyningh.jpg","0562_Portrait_of_Nicolas_Bruyningh_627x737.jpg","12870"
"563","Rembrandt","rembrandt","Aristotle with a Bust of Homer (Aristotle Contemplating a Bust of Homer)","1653","2500","2641","6.6","https://uploads5.wikiart.org/00103/images/rembrandt/1.jpg","0563_Aristotle_with_a_Bust_of_Homer_(Aristotl_2500x2641.jpg","789444"
"564","Rembrandt","rembrandt","Landscape with a shepherd and a dog","1653","1280","1051","1.35","https://uploads3.wikiart.org/images/rembrandt/landscape-with-a-shepherd-and-a-dog-1653.jpg","0564_Landscape_with_a_shepherd_and_a_dog_1280x1051.jpg","485832"
"565","Rembrandt","rembrandt","Portrait of Lieven Willemsz van Coppenol","1653","640","784","0.5","https://uploads8.wikiart.org/images/rembrandt/portrait-of-lieven-willemsz-van-coppenol-1653.jpg","0565_Portrait_of_Lieven_Willemsz_van_Coppenol_640x784.jpg","432943"
"566","Rembrandt","rembrandt","Portrait of Titus","1653","800","996","0.8","https://uploads3.wikiart.org/images/rembrandt/portrait-of-titus-1653.jpg","0566_Portrait_of_Titus_800x996.jpg","41861"
"567","Rembrandt","rembrandt","St. Jerome in an Italian landscape","1653","1280","1600","2.05","https://uploads1.wikiart.org/images/rembrandt/st-jerome-in-an-italian-landscape-1653.jpg","0567_St._Jerome_in_an_Italian_landscape_1280x1600.jpg","657959"
"568","Rembrandt","rembrandt","The Flight into Egypt Called In the Style of Elzheimer","1653","1026","775","0.8","https://uploads4.wikiart.org/images/rembrandt/the-flight-into-egypt-called-in-the-style-of-elzheimer-1653.jpg","0568_The_Flight_into_Egypt_Called_In_the_Styl_1026x775.jpg","587587"
"569","Rembrandt","rembrandt","The Three Crosses","1653","902","780","0.7","https://uploads3.wikiart.org/images/rembrandt/the-three-crosses-1653.jpg","0569_The_Three_Crosses_902x780.jpg","259229"
"570","Rembrandt","rembrandt","Bathsheba at Her Bath (Bathsheba Holding King David's Letter)","1654","1043","1033","1.08","https://uploads3.wikiart.org/images/rembrandt/bathsheba-bathing-1654.jpg","0570_Bathsheba_at_Her_Bath_(Bathsheba_Holding_1043x1033.jpg","169688"
"571","Rembrandt","rembrandt","Christ at Emmaus","1654","991","1280","1.27","https://uploads2.wikiart.org/images/rembrandt/christ-at-emmaus-1654.jpg","0571_Christ_at_Emmaus_991x1280.jpg","636951"
"572","Rembrandt","rembrandt","Christ returning from the Temple with his parents","1654","1280","868","1.11","https://uploads8.wikiart.org/images/rembrandt/christ-returning-from-the-temple-with-his-parents-1654.jpg","0572_Christ_returning_from_the_Temple_with_hi_1280x868.jpg","758846"
"573","Rembrandt","rembrandt","Christ seated disputing with the doctors","1654","1280","897","1.15","https://uploads8.wikiart.org/images/rembrandt/christ-seated-disputing-with-the-doctors-1654.jpg","0573_Christ_seated_disputing_with_the_doctors_1280x897.jpg","816534"
"574","Rembrandt","rembrandt","Jan Six","1654","759","833","0.63","https://uploads2.wikiart.org/images/rembrandt/jan-six-1654.jpg","0574_Jan_Six_759x833.jpg","97235"
"575","Rembrandt","rembrandt","Jesus and his Parents Returning from Jerusalem","1654","1030","688","0.71","https://uploads5.wikiart.org/images/rembrandt/jesus-and-his-parents-returning-from-jerusalem-1654.jpg","0575_Jesus_and_his_Parents_Returning_from_Jer_1030x688.jpg","571562"
"576","Rembrandt","rembrandt","Jesus Christ Entombed","1654","800","1017","0.81","https://uploads7.wikiart.org/images/rembrandt/jesus-christ-entombed-1654.jpg","0576_Jesus_Christ_Entombed_800x1017.jpg","234193"
"577","Rembrandt","rembrandt","Jesus Disputing with the Doctors the Smaller Print","1654","960","671","0.64","https://uploads0.wikiart.org/images/rembrandt/jesus-disputing-with-the-doctors-the-smaller-print-1654.jpg","0577_Jesus_Disputing_with_the_Doctors_the_Sma_960x671.jpg","525065"
"578","Rembrandt","rembrandt","Nativity","1654","1280","1035","1.32","https://uploads3.wikiart.org/images/rembrandt/nativity-1654.jpg","0578_Nativity_1280x1035.jpg","1110244"
"579","Rembrandt","rembrandt","Old man with a Beret","1654","653","801","0.52","https://uploads6.wikiart.org/images/rembrandt/old-man-with-a-beret-1654.jpg","0579_Old_man_with_a_Beret_653x801.jpg","88034"
"580","Rembrandt","rembrandt","Portrait of an Old Jew","1654","634","745","0.47","https://uploads8.wikiart.org/images/rembrandt/portrait-of-an-old-jew-1654.jpg","0580_Portrait_of_an_Old_Jew_634x745.jpg","81147"
"581","Rembrandt","rembrandt","Portrait of an Old Man in Red","1654","676","780","0.53","https://uploads6.wikiart.org/images/rembrandt/portrait-of-an-old-man-in-red-1654.jpg","0581_Portrait_of_an_Old_Man_in_Red_676x780.jpg","335963"
"582","Rembrandt","rembrandt","Portrait of an Old Man in Red","1654","636","800","0.51","https://uploads8.wikiart.org/images/rembrandt/portrait-of-an-old-man-in-red-1654-1.jpg","0582_Portrait_of_an_Old_Man_in_Red_636x800.jpg","71445"
"583","Rembrandt","rembrandt","Portrait of Floris Soop","1654","450","547","0.25","https://uploads0.wikiart.org/images/rembrandt/portrait-of-floris-soop-1654.jpg","0583_Portrait_of_Floris_Soop_450x547.jpg","99635"
"584","Rembrandt","rembrandt","Portrait of Hendrikje Stoffels","1654","642","805","0.52","https://uploads7.wikiart.org/images/rembrandt/portrait-of-hendrikje-stoffels-1654.jpg","0584_Portrait_of_Hendrikje_Stoffels_642x805.jpg","317493"
"585","Rembrandt","rembrandt","Presentation in the Temple","1654","992","1280","1.27","https://uploads3.wikiart.org/images/rembrandt/presentation-in-the-temple-1654.jpg","0585_Presentation_in_the_Temple_992x1280.jpg","848075"
"586","Rembrandt","rembrandt","Self-portrait","1654","624","776","0.48","https://uploads8.wikiart.org/images/rembrandt/self-portrait-1654.jpg","0586_Self-portrait_624x776.jpg","259794"
"587","Rembrandt","rembrandt","The circumcision in the stable","1654","1280","854","1.09","https://uploads7.wikiart.org/images/rembrandt/the-circumcision-in-the-stable-1654.jpg","0587_The_circumcision_in_the_stable_1280x854.jpg","935529"
"588","Rembrandt","rembrandt","The descent from the cross by torchlight","1654","1014","1280","1.3","https://uploads8.wikiart.org/images/rembrandt/the-descent-from-the-cross-by-torchlight-1654.jpg","0588_The_descent_from_the_cross_by_torchlight_1014x1280.jpg","1066014"
"589","Rembrandt","rembrandt","The entombment","1654","1013","1280","1.3","https://uploads0.wikiart.org/images/rembrandt/the-entombment-1654.jpg","0589_The_entombment_1013x1280.jpg","542634"
"590","Rembrandt","rembrandt","The flight into Egypt crossing a brook","1654","1280","861","1.1","https://uploads6.wikiart.org/images/rembrandt/the-flight-into-egypt-crossing-a-brook-1654.jpg","0590_The_flight_into_Egypt_crossing_a_brook_1280x861.jpg","914065"
"591","Rembrandt","rembrandt","The golf player","1654","1280","887","1.14","https://uploads1.wikiart.org/images/rembrandt/the-golf-player-1654.jpg","0591_The_golf_player_1280x887.jpg","505187"
"592","Rembrandt","rembrandt","The Holy Family with a cat","1654","1019","680","0.69","https://uploads3.wikiart.org/images/rembrandt/the-holy-family-with-a-cat-1654.jpg","0592_The_Holy_Family_with_a_cat_1019x680.jpg","537495"
"593","Rembrandt","rembrandt","The Virgin and the child with the cat and snake","1654","1280","871","1.11","https://uploads6.wikiart.org/images/rembrandt/the-virgin-and-the-child-with-the-cat-and-snake-1654.jpg","0593_The_Virgin_and_the_child_with_the_cat_an_1280x871.jpg","899945"
"594","Rembrandt","rembrandt","Young Woman Trying Earrings","1654","611","745","0.46","https://uploads4.wikiart.org/images/rembrandt/young-woman-trying-earrings-1654.jpg","0594_Young_Woman_Trying_Earrings_611x745.jpg","89928"
"595","Rembrandt","rembrandt","Hendrickje Bathing in a River","1654","808","1052","0.85","https://uploads3.wikiart.org/images/rembrandt/bathing-river.jpg","0595_Hendrickje_Bathing_in_a_River_808x1052.jpg","136268"
"596","Rembrandt","rembrandt","Hendrickje Sleeping","1654","1325","1600","2.12","https://uploads0.wikiart.org/images/rembrandt/hendrickje-sleeping.jpg","0596_Hendrickje_Sleeping_1325x1600.jpg","379039"
"597","Rembrandt","rembrandt","Hendrickje Stoffels in velvet beret","1654","505","600","0.3","https://uploads7.wikiart.org/images/rembrandt/hendrickje-stoffels-in-velvet-beret.jpg","0597_Hendrickje_Stoffels_in_velvet_beret_505x600.jpg","79304"
"598","Rembrandt","rembrandt","Old man","1654","467","610","0.28","https://uploads8.wikiart.org/images/rembrandt/old-man-1.jpg","0598_Old_man_467x610.jpg","41991"
"599","Rembrandt","rembrandt","Portrait of an old Woman","1654","772","1002","0.77","https://uploads7.wikiart.org/images/rembrandt/portrait-of-an-old-woman-1.jpg","0599_Portrait_of_an_old_Woman_772x1002.jpg","98812"
"600","Rembrandt","rembrandt","The Little Mill","1654","760","286","0.22","https://uploads2.wikiart.org/images/rembrandt/the-molentje.jpg","0600_The_Little_Mill_760x286.jpg","28821"
"601","Rembrandt","rembrandt","Portrait of a Bearded Man in Black Beret","1654","551","720","0.4","https://uploads3.wikiart.org/images/rembrandt/portrait-of-a-bearded-man-in-black-beret.jpg","0601_Portrait_of_a_Bearded_Man_in_Black_Beret_551x720.jpg","11222"
"602","Rembrandt","rembrandt","Portrait of Rembrandt's Brother, Andrien van Rijn","1654","568","674","0.38","https://uploads2.wikiart.org/images/rembrandt/portrait-of-rembrandt-s-brother-andrien-van-rijn.jpg","0602_Portrait_of_Rembrandt's_Brother,_Andrien_568x674.jpg","13413"
"603","Rembrandt","rembrandt","The Flight into Egypt","1654","760","500","0.38","https://uploads2.wikiart.org/images/rembrandt/the-flight-into-egypt.jpg","0603_The_Flight_into_Egypt_760x500.jpg","135018"
"604","Rembrandt","rembrandt","A Man in Armour","1655","676","894","0.6","https://uploads1.wikiart.org/images/rembrandt/a-man-in-armour-1655.jpg","0604_A_Man_in_Armour_676x894.jpg","96871"
"605","Rembrandt","rembrandt","Abraham's Sacrifice","1655","1113","1280","1.42","https://uploads5.wikiart.org/images/rembrandt/abraham-s-sacrifice-1655.jpg","0605_Abraham's_Sacrifice_1113x1280.jpg","1112457"
"606","Rembrandt","rembrandt","Bearded Man with a Beret","1655","700","831","0.58","https://uploads1.wikiart.org/images/rembrandt/bearded-man-with-a-beret-1655.jpg","0606_Bearded_Man_with_a_Beret_700x831.jpg","165996"
"607","Rembrandt","rembrandt","Christ Presented to the People","1655","1600","1361","2.18","https://uploads7.wikiart.org/images/rembrandt/christ-presented-to-the-people-1655.jpg","0607_Christ_Presented_to_the_People_1600x1361.jpg","637010"
"608","Rembrandt","rembrandt","Four illustrations to a Spanish book","1655","854","1280","1.09","https://uploads4.wikiart.org/images/rembrandt/four-illustrations-to-a-spanish-book-1655.jpg","0608_Four_illustrations_to_a_Spanish_book_854x1280.jpg","671183"
"609","Rembrandt","rembrandt","Jacob Haring Portrait (The Old Haring )","1655","650","829","0.54","https://uploads4.wikiart.org/images/rembrandt/jacob-haring-portrait-the-old-haring-1655.jpg","0609_Jacob_Haring_Portrait_(The_Old_Haring_)_650x829.jpg","520731"
"610","Rembrandt","rembrandt","Joseph Accused by Potiphar's Wife","1655","762","867","0.66","https://uploads1.wikiart.org/images/rembrandt/joseph-accused-by-potiphar-s-wife-1655.jpg","0610_Joseph_Accused_by_Potiphar's_Wife_762x867.jpg","120100"
"611","Rembrandt","rembrandt","Lot and His Family Leaving Sodom","1655","562","390","0.22","https://uploads0.wikiart.org/images/rembrandt/lot-and-his-family-leaving-sodom-1655.jpg","0611_Lot_and_His_Family_Leaving_Sodom_562x390.jpg","40755"
"612","Rembrandt","rembrandt","Portrait of a Young Woman","1655","420","497","0.21","https://uploads2.wikiart.org/images/rembrandt/portrait-of-a-young-woman-1655.jpg","0612_Portrait_of_a_Young_Woman_420x497.jpg","91574"
"613","Rembrandt","rembrandt","Self-portrait in studio attire","1655","600","917","0.55","https://uploads2.wikiart.org/images/rembrandt/self-portrait-in-studio-attire.jpg","0613_Self-portrait_in_studio_attire_600x917.jpg","758505"
"614","Rembrandt","rembrandt","The Agony in the Garden","1655","739","758","0.56","https://uploads0.wikiart.org/images/rembrandt/the-agony-in-the-garden-1655.jpg","0614_The_Agony_in_the_Garden_739x758.jpg","136406"
"615","Rembrandt","rembrandt","The Dream of St. Joseph","1655","768","981","0.75","https://uploads8.wikiart.org/images/rembrandt/the-dream-of-st-joseph-1655.jpg","0615_The_Dream_of_St._Joseph_768x981.jpg","122150"
"616","Rembrandt","rembrandt","The Polish Rider","1655","1004","842","0.85","https://uploads2.wikiart.org/images/rembrandt/the-polish-rider-1655.jpg","0616_The_Polish_Rider_1004x842.jpg","150125"
"617","Rembrandt","rembrandt","The three Marys at the tomb","1655","1796","1229","2.21","https://uploads8.wikiart.org/images/rembrandt/the-three-marys-at-the-tomb.jpg","0617_The_three_Marys_at_the_tomb_1796x1229.jpg","388286"
"618","Rembrandt","rembrandt","View of Diemen","1655","610","247","0.15","https://uploads0.wikiart.org/images/rembrandt/view-of-diemen-1655.jpg","0618_View_of_Diemen_610x247.jpg","69292"
"619","Rembrandt","rembrandt","The Carcass of an Ox (Slaughtered Ox)","1655","570","812","0.46","https://uploads6.wikiart.org/images/rembrandt/the-carcass-of-an-ox-1657.jpg","0619_The_Carcass_of_an_Ox_(Slaughtered_Ox)_570x812.jpg","334647"
"620","Rembrandt","rembrandt","Titus","1655","823","1020","0.84","https://uploads4.wikiart.org/images/rembrandt/titus.jpg","0620_Titus_823x1020.jpg","136050"
"621","Rembrandt","rembrandt","Alexander the Great","1655","630","832","0.52","https://uploads0.wikiart.org/images/rembrandt/alexander-the-great.jpg","0621_Alexander_the_Great_630x832.jpg","110151"
"622","Rembrandt","rembrandt","Old Woman Reading","1655","632","780","0.49","https://uploads7.wikiart.org/images/rembrandt/old-woman-reading.jpg","0622_Old_Woman_Reading_632x780.jpg","296253"
"623","Rembrandt","rembrandt","Schellingwou seen from the Diemerdijk","1655","1563","923","1.44","https://uploads0.wikiart.org/images/rembrandt/schellingwou-seen-from-the-diemerdijk.jpg","0623_Schellingwou_seen_from_the_Diemerdijk_1563x923.jpg","564889"
"624","Rembrandt","rembrandt","Abraham Entertaining the Angels","1656","1064","1280","1.36","https://uploads8.wikiart.org/images/rembrandt/abraham-entertaining-the-angels-1656.jpg","0624_Abraham_Entertaining_the_Angels_1064x1280.jpg","1010688"
"625","Rembrandt","rembrandt","Abraham Franz","1656","1020","775","0.79","https://uploads8.wikiart.org/images/rembrandt/abraham-franz-1656.jpg","0625_Abraham_Franz_1020x775.jpg","559085"
"626","Rembrandt","rembrandt","Anatomy of Doctor Deyman","1656","1038","774","0.8","https://uploads1.wikiart.org/images/rembrandt/anatomy-of-doctor-deyman-1656.jpg","0626_Anatomy_of_Doctor_Deyman_1038x774.jpg","89453"
"627","Rembrandt","rembrandt","Christ appearing to the apostles","1656","1280","1003","1.28","https://uploads0.wikiart.org/images/rembrandt/christ-appearing-to-the-apostles-1656.jpg","0627_Christ_appearing_to_the_apostles_1280x1003.jpg","588718"
"628","Rembrandt","rembrandt","Emperor Akbar and his son, the future Eperor Djahângir","1656","1302","1608","2.09","https://uploads3.wikiart.org/images/rembrandt/emperor-akbar-and-his-son-the-future-eperor-djahângir-1656.jpg","0628_Emperor_Akbar_and_his_son,_the_future_Ep_1302x1608.jpg","310763"
"629","Rembrandt","rembrandt","Hendrickje at an Open Door","1656","544","718","0.39","https://uploads2.wikiart.org/images/rembrandt/hendrickje-at-an-open-doo-1656.jpg","0629_Hendrickje_at_an_Open_Door_544x718.jpg","22584"
"630","Rembrandt","rembrandt","Jacob Blessing the Children of Joseph","1656","1225","1000","1.23","https://uploads5.wikiart.org/images/rembrandt/jacob-blessing-the-children-of-joseph-1656.jpg","0630_Jacob_Blessing_the_Children_of_Joseph_1225x1000.jpg","115743"
"631","Rembrandt","rembrandt","Jean Lutma","1656","630","815","0.51","https://uploads5.wikiart.org/images/rembrandt/jean-lutma-1656.jpg","0631_Jean_Lutma_630x815.jpg","464739"
"632","Rembrandt","rembrandt","The artist`s son Titus","1656","943","1280","1.21","https://uploads8.wikiart.org/images/rembrandt/the-artist-s-son-titus-1656.jpg","0632_The_artist`s_son_Titus_943x1280.jpg","686221"
"633","Rembrandt","rembrandt","Thomas Jacobsz Haaring the Younger","1656","600","794","0.48","https://uploads2.wikiart.org/images/rembrandt/thomas-jacobsz-haaring-the-younger-1656.jpg","0633_Thomas_Jacobsz_Haaring_the_Younger_600x794.jpg","384428"
"634","Rembrandt","rembrandt","Shah Jahan and Dara Shikoh","1656","305","356","0.11","https://uploads7.wikiart.org/images/rembrandt/shah-jahan-and-dara-shikoh.jpg","0634_Shah_Jahan_and_Dara_Shikoh_305x356.jpg","30173"
"635","Rembrandt","rembrandt","A Bearded Man in a Cap","1657","473","550","0.26","https://uploads8.wikiart.org/images/rembrandt/a-bearded-man-in-a-cap-1657.jpg","0635_A_Bearded_Man_in_a_Cap_473x550.jpg","13610"
"636","Rembrandt","rembrandt","Jacob shown the Bloodstained Coat of Joseph","1657","760","565","0.43","https://uploads2.wikiart.org/images/rembrandt/jacob-shown-the-bloodstained-coat-of-joseph-1657.jpg","0636_Jacob_shown_the_Bloodstained_Coat_of_Jos_760x565.jpg","70418"
"637","Rembrandt","rembrandt","St. Bartholomew","1657","574","778","0.45","https://uploads0.wikiart.org/images/rembrandt/st-bartholomew-1657.jpg","0637_St._Bartholomew_574x778.jpg","112623"
"638","Rembrandt","rembrandt","St. Francis beneath a tree praying","1657","1280","952","1.22","https://uploads1.wikiart.org/images/rembrandt/st-francis-beneath-a-tree-praying-1657.jpg","0638_St._Francis_beneath_a_tree_praying_1280x952.jpg","634983"
"639","Rembrandt","rembrandt","The agony in the garden","1657","750","973","0.73","https://uploads0.wikiart.org/images/rembrandt/the-agony-in-the-garden-1657.jpg","0639_The_agony_in_the_garden_750x973.jpg","306554"
"640","Rembrandt","rembrandt","The Apostle Paul","1657","541","686","0.37","https://uploads6.wikiart.org/images/rembrandt/the-apostle-paul.jpg","0640_The_Apostle_Paul_541x686.jpg","15443"
"641","Rembrandt","rembrandt","Titus Reading","1657","766","838","0.64","https://uploads8.wikiart.org/images/rembrandt/titus-reading-1657.jpg","0641_Titus_Reading_766x838.jpg","102622"
"642","Rembrandt","rembrandt","Titus, the Artist's son","1657","844","1000","0.84","https://uploads3.wikiart.org/images/rembrandt/titus-the-artist-s-son.jpg","0642_Titus,_the_Artist's_son_844x1000.jpg","110797"
"643","Rembrandt","rembrandt","A Young Woman Trying on Earings","1657","577","725","0.42","https://uploads3.wikiart.org/images/rembrandt/a-young-woman-trying-on-earings.jpg","0643_A_Young_Woman_Trying_on_Earings_577x725.jpg","19067"
"644","Rembrandt","rembrandt","Saint Francis Praying","1657","1019","753","0.77","https://uploads2.wikiart.org/images/rembrandt/saint-francis-praying.jpg","0644_Saint_Francis_Praying_1019x753.jpg","578297"
"645","Rembrandt","rembrandt","Self-portrait with a Sketch Book","1657","543","724","0.39","https://uploads4.wikiart.org/images/rembrandt/self-portrait-with-a-sketch-book.jpg","0645_Self-portrait_with_a_Sketch_Book_543x724.jpg","10759"
"646","Rembrandt","rembrandt","A woman at the bath with a hat beside her","1658","1069","1280","1.37","https://uploads0.wikiart.org/images/rembrandt/a-woman-at-the-bath-with-a-hat-beside-her-1658.jpg","0646_A_woman_at_the_bath_with_a_hat_beside_he_1069x1280.jpg","530857"
"647","Rembrandt","rembrandt","A Woman Lying on a Bed","1658","1010","769","0.78","https://uploads8.wikiart.org/images/rembrandt/a-woman-lying-on-a-bed-1658.jpg","0647_A_Woman_Lying_on_a_Bed_1010x769.jpg","553850"
"648","Rembrandt","rembrandt","A Woman Seated Before a Dutch Stove","1658","680","816","0.55","https://uploads3.wikiart.org/images/rembrandt/a-woman-seated-before-a-dutch-stove-1658.jpg","0648_A_Woman_Seated_Before_a_Dutch_Stove_680x816.jpg","454246"
"649","Rembrandt","rembrandt","Christ and the woman of Samaria an arched print","1658","1280","1009","1.29","https://uploads6.wikiart.org/images/rembrandt/christ-and-the-woman-of-samaria-an-arched-print-1658.jpg","0649_Christ_and_the_woman_of_Samaria_an_arche_1280x1009.jpg","900632"
"650","Rembrandt","rembrandt","Little Self-portrait","1658","730","875","0.64","https://uploads6.wikiart.org/images/rembrandt/little-self-portrait-1658.jpg","0650_Little_Self-portrait_730x875.jpg","92513"
"651","Rembrandt","rembrandt","Negress lying down","1658","1280","676","0.87","https://uploads4.wikiart.org/images/rembrandt/negress-lying-down-1658.jpg","0651_Negress_lying_down_1280x676.jpg","438734"
"652","Rembrandt","rembrandt","Portrait of Coppenol","1658","680","790","0.54","https://uploads6.wikiart.org/images/rembrandt/portrait-of-coppenol-1658.jpg","0652_Portrait_of_Coppenol_680x790.jpg","412337"
"653","Rembrandt","rembrandt","Seated naked woman (Woman bathing her feet at a brook)","1658","674","1280","0.86","https://uploads2.wikiart.org/images/rembrandt/seated-naked-woman-woman-bathing-her-feet-at-a-brook-1658.jpg","0653_Seated_naked_woman_(Woman_bathing_her_fe_674x1280.jpg","437932"
"654","Rembrandt","rembrandt","Self-portrait","1658","3054","3957","12.08","https://uploads8.wikiart.org/images/rembrandt/self-portrait-1658.jpg","0654_Self-portrait_3054x3957.jpg","7459899"
"655","Rembrandt","rembrandt","The phoenix or the statue overthrown","1658","1278","1280","1.64","https://uploads4.wikiart.org/images/rembrandt/the-phoenix-or-the-statue-overthrown-1658.jpg","0655_The_phoenix_or_the_statue_overthrown_1278x1280.jpg","752244"
"656","Rembrandt","rembrandt","Woman Sitting Half Dressed Beside a Stove","1658","1044","1280","1.34","https://uploads0.wikiart.org/images/rembrandt/woman-sitting-half-dressed-beside-a-stove-1658.jpg","0656_Woman_Sitting_Half_Dressed_Beside_a_Stov_1044x1280.jpg","568552"
"657","Rembrandt","rembrandt","Philemon and Baucis","1658","737","554","0.41","https://uploads0.wikiart.org/images/rembrandt/philemon-and-baucis.jpg","0657_Philemon_and_Baucis_737x554.jpg","24943"
"658","Rembrandt","rembrandt","Portrait of a Lady with an Ostrich Feather Fan","1658","821","1005","0.83","https://uploads0.wikiart.org/images/rembrandt/portrait-of-a-lady-with-an-ostrich-feather-fan.jpg","0658_Portrait_of_a_Lady_with_an_Ostrich_Feath_821x1005.jpg","90373"
"659","Rembrandt","rembrandt","A Franciscan Friar","1659","404","550","0.22","https://uploads4.wikiart.org/images/rembrandt/a-franciscan-friar-1659.jpg","0659_A_Franciscan_Friar_404x550.jpg","13161"
"660","Rembrandt","rembrandt","Antiope and Jupiter","1659","1000","692","0.69","https://uploads5.wikiart.org/images/rembrandt/antiope-and-jupiter-1659.jpg","0660_Antiope_and_Jupiter_1000x692.jpg","523489"
"661","Rembrandt","rembrandt","Christ and the Samaritan at the Well","1659","618","712","0.44","https://uploads4.wikiart.org/images/rembrandt/christ-and-the-samaritan-at-the-well-1659.jpg","0661_Christ_and_the_Samaritan_at_the_Well_618x712.jpg","331879"
"662","Rembrandt","rembrandt","Christ crucified between the two thieves (Three crosses)","1659","750","636","0.48","https://uploads4.wikiart.org/images/rembrandt/christ-crucified-between-the-two-thieves-three-crosses-1659.jpg","0662_Christ_crucified_between_the_two_thieves_750x636.jpg","146892"
"663","Rembrandt","rembrandt","Moses Smashing the Tablets of the Law","1659","1000","1230","1.23","https://uploads5.wikiart.org/images/rembrandt/moses-smashing-the-tablets-of-the-law-1659.jpg","0663_Moses_Smashing_the_Tablets_of_the_Law_1000x1230.jpg","146721"
"664","Rembrandt","rembrandt","Peter and John healing the cripple at the gate of the Temple","1659","1280","1049","1.34","https://uploads1.wikiart.org/images/rembrandt/peter-and-john-healing-the-cripple-at-the-gate-of-the-temple-1659.jpg","0664_Peter_and_John_healing_the_cripple_at_th_1280x1049.jpg","607375"
"665","Rembrandt","rembrandt","Portrait of Hendrickje Stofells as Flora","1659","950","1022","0.97","https://uploads8.wikiart.org/images/rembrandt/portrait-of-hendrickje-stofells-as-flora-1659.jpg","0665_Portrait_of_Hendrickje_Stofells_as_Flora_950x1022.jpg","53756"
"666","Rembrandt","rembrandt","Portrait of Hendrickje Stoffels","1659","501","600","0.3","https://uploads8.wikiart.org/images/rembrandt/portrait-of-hendrickje-stoffels-1659.jpg","0666_Portrait_of_Hendrickje_Stoffels_501x600.jpg","115340"
"667","Rembrandt","rembrandt","Rembrandt Christ and the Woman of Samaria","1659","715","575","0.41","https://uploads0.wikiart.org/images/rembrandt/rembrandt-christ-and-the-woman-of-samaria-1659.jpg","0667_Rembrandt_Christ_and_the_Woman_of_Samari_715x575.jpg","134183"
"668","Rembrandt","rembrandt","Self-portrait","1659","1940","2472","4.8","https://uploads8.wikiart.org/images/rembrandt/self-portrait-1659.jpg","0668_Self-portrait_1940x2472.jpg","7527707"
"669","Rembrandt","rembrandt","Self-portrait","1659","793","986","0.78","https://uploads1.wikiart.org/images/rembrandt/self-portrait-1659-1.jpg","0669_Self-portrait_793x986.jpg","147051"
"670","Rembrandt","rembrandt","Self-portrait","1659","927","1027","0.95","https://uploads1.wikiart.org/images/rembrandt/self-portrait-1659-2.jpg","0670_Self-portrait_927x1027.jpg","145053"
"671","Rembrandt","rembrandt","Self-portrait with beret and turned up collar","1659","540","659","0.36","https://uploads4.wikiart.org/images/rembrandt/self-portrait-with-beret-and-turned-up-collar-1659.jpg","0671_Self-portrait_with_beret_and_turned_up_c_540x659.jpg","36543"
"672","Rembrandt","rembrandt","The Apostle Paul","1659","464","550","0.26","https://uploads2.wikiart.org/images/rembrandt/the-apostle-paul-1659.jpg","0672_The_Apostle_Paul_464x550.jpg","17303"
"673","Rembrandt","rembrandt","Tobit and Anna","1659","600","458","0.27","https://uploads0.wikiart.org/images/rembrandt/tobit-and-anna-1659.jpg","0673_Tobit_and_Anna_600x458.jpg","385107"
"674","Rembrandt","rembrandt","Jacob Wrestling with the Angel","1659","2024","2394","4.85","https://uploads7.wikiart.org/images/rembrandt/jacob-wrestling-with-the-angel-1659.jpg","0674_Jacob_Wrestling_with_the_Angel_2024x2394.jpg","626770"
"675","Rembrandt","rembrandt","Self-portrait","1659","630","782","0.49","https://uploads5.wikiart.org/images/rembrandt/self-portrait-7.jpg","0675_Self-portrait_630x782.jpg","161704"
"676","Rembrandt","rembrandt","A Young Man at a Table (possibly Govaert Flinck)","1660","312","390","0.12","https://uploads5.wikiart.org/images/rembrandt/a-young-man-at-a-table-possibly-govaert-flinck-1660.jpg","0676_A_Young_Man_at_a_Table_(possibly_Govaert_312x390.jpg","17755"
"677","Rembrandt","rembrandt","Esther before Ahasuerus","1660","392","390","0.15","https://uploads0.wikiart.org/images/rembrandt/esther-before-ahasuerus-1660.jpg","0677_Esther_before_Ahasuerus_392x390.jpg","65556"
"678","Rembrandt","rembrandt","Healing of Peter`s Mother in law","1660","2536","2331","5.91","https://uploads0.wikiart.org/images/rembrandt/healing-of-peter-s-mother-in-law-1660.jpg","0678_Healing_of_Peter`s_Mother_in_law_2536x2331.jpg","556292"
"679","Rembrandt","rembrandt","Mater Dolorosa","1660","695","1000","0.7","https://uploads0.wikiart.org/images/rembrandt/mater-dolorosa-1660.jpg","0679_Mater_Dolorosa_695x1000.jpg","273212"
"680","Rembrandt","rembrandt","Portrait of a Gentleman with a Tall Hat and Gloves","1660","675","827","0.56","https://uploads0.wikiart.org/images/rembrandt/portrait-of-a-gentleman-with-a-tall-hat-and-gloves-1660.jpg","0680_Portrait_of_a_Gentleman_with_a_Tall_Hat_675x827.jpg","74592"
"681","Rembrandt","rembrandt","Portrait of Hendrickje Stoffels","1660","450","513","0.23","https://uploads8.wikiart.org/images/rembrandt/portrait-of-hendrickje-stoffels-1660.jpg","0681_Portrait_of_Hendrickje_Stoffels_450x513.jpg","102190"
"682","Rembrandt","rembrandt","Portrait of the Artist at His Easel, detail of the face","1660","790","1050","0.83","https://uploads4.wikiart.org/images/rembrandt/portrait-of-the-artist-at-his-easel-detail-of-the-face-1660.jpg","0682_Portrait_of_the_Artist_at_His_Easel,_det_790x1050.jpg","122560"
"683","Rembrandt","rembrandt","Saul and David","1660","1096","840","0.92","https://uploads0.wikiart.org/images/rembrandt/saul-and-david-1660.jpg","0683_Saul_and_David_1096x840.jpg","101366"
"684","Rembrandt","rembrandt","Self-portrait","1660","640","806","0.52","https://uploads1.wikiart.org/images/rembrandt/self-portrait-1660-1.jpg","0684_Self-portrait_640x806.jpg","20840"
"685","Rembrandt","rembrandt","Self-portrait","1660","832","970","0.81","https://uploads1.wikiart.org/images/rembrandt/self-portrait-1660-2.jpg","0685_Self-portrait_832x970.jpg","106956"
"686","Rembrandt","rembrandt","The denial of Peter","1660","1049","960","1.01","https://uploads5.wikiart.org/images/rembrandt/the-denial-of-peter-1660.jpg","0686_The_denial_of_Peter_1049x960.jpg","1216359"
"687","Rembrandt","rembrandt","Titus van Rijn in a Monk`s Habit","1660","1359","1600","2.17","https://uploads0.wikiart.org/images/rembrandt/titus-van-rijn-in-a-monk-s-habit-1660.jpg","0687_Titus_van_Rijn_in_a_Monk`s_Habit_1359x1600.jpg","202553"
"688","Rembrandt","rembrandt","Ahasuerus (Xerxes), Haman and Esther","1660","725","557","0.4","https://uploads5.wikiart.org/images/rembrandt/ahasuerus-xerxes-haman-and-esther.jpg","0688_Ahasuerus_(Xerxes),_Haman_and_Esther_725x557.jpg","25545"
"689","Rembrandt","rembrandt","Haman Begging Esther for Mercy","1660","554","704","0.39","https://uploads2.wikiart.org/images/rembrandt/haman-begging-esther-for-mercy.jpg","0689_Haman_Begging_Esther_for_Mercy_554x704.jpg","15848"
"690","Rembrandt","rembrandt","Portrait of an Old Woman","1660","583","757","0.44","https://uploads5.wikiart.org/images/rembrandt/portrait-of-an-old-woman.jpg","0690_Portrait_of_an_Old_Woman_583x757.jpg","20579"
"691","Rembrandt","rembrandt","Self-portrait","1660","660","792","0.52","https://uploads5.wikiart.org/images/rembrandt/self-portrait-8.jpg","0691_Self-portrait_660x792.jpg","336464"
"692","Rembrandt","rembrandt","Christ with Arms Folded","1661","417","481","0.2","https://uploads4.wikiart.org/00288/images/rembrandt/christ-with-arms-folded-1661.jpg","0692_Christ_with_Arms_Folded_417x481.jpg","215930"
"693","Rembrandt","rembrandt","Portrait of a Bearded Man","1661","626","745","0.47","https://uploads2.wikiart.org/images/rembrandt/portrait-of-a-bearded-man-1661.jpg","0693_Portrait_of_a_Bearded_Man_626x745.jpg","72131"
"694","Rembrandt","rembrandt","Portrait of Jacob Trip","1661","409","550","0.22","https://uploads8.wikiart.org/images/rembrandt/portrait-of-jacob-trip-1661.jpg","0694_Portrait_of_Jacob_Trip_409x550.jpg","19438"
"695","Rembrandt","rembrandt","Portrait of Margeretha de Geer","1661","700","839","0.59","https://uploads7.wikiart.org/images/rembrandt/portrait-of-margeretha-de-geer-1661.jpg","0695_Portrait_of_Margeretha_de_Geer_700x839.jpg","171560"
"696","Rembrandt","rembrandt","Self-portrait as the Apostle Paul","1661","2434","3040","7.4","https://uploads1.wikiart.org/images/rembrandt/self-portrait-as-the-apostle-paul-1661.jpg","0696_Self-portrait_as_the_Apostle_Paul_2434x3040.jpg","1382385"
"697","Rembrandt","rembrandt","St. Matthew and The Angel","1661","804","966","0.78","https://uploads1.wikiart.org/images/rembrandt/st-matthew-and-the-angel-1661.jpg","0697_St._Matthew_and_The_Angel_804x966.jpg","126816"
"698","Rembrandt","rembrandt","The Apostle Bartholomew","1661","709","816","0.58","https://uploads0.wikiart.org/images/rembrandt/the-apostle-bartholomew-1661.jpg","0698_The_Apostle_Bartholomew_709x816.jpg","316257"
"699","Rembrandt","rembrandt","The Apostle Simon","1661","625","800","0.5","https://uploads3.wikiart.org/images/rembrandt/the-apostle-simon-1661.jpg","0699_The_Apostle_Simon_625x800.jpg","67209"
"700","Rembrandt","rembrandt","The Circumcision","1661","519","390","0.2","https://uploads2.wikiart.org/images/rembrandt/the-circumcision-1661.jpg","0700_The_Circumcision_519x390.jpg","44441"
"701","Rembrandt","rembrandt","The Virgin of Sorrow","1661","600","795","0.48","https://uploads6.wikiart.org/images/rembrandt/the-virgin-of-sorrow-1661.jpg","0701_The_Virgin_of_Sorrow_600x795.jpg","543497"
"702","Rembrandt","rembrandt","The Woman with the Arrow","1661","750","1210","0.91","https://uploads1.wikiart.org/images/rembrandt/the-woman-with-the-arrow-1661.jpg","0702_The_Woman_with_the_Arrow_750x1210.jpg","409550"
"703","Rembrandt","rembrandt","Two Negroes","1661","675","848","0.57","https://uploads6.wikiart.org/images/rembrandt/two-negroes-1661.jpg","0703_Two_Negroes_675x848.jpg","100458"
"704","Rembrandt","rembrandt","Christ Resurrected","1661","623","778","0.48","https://uploads8.wikiart.org/images/rembrandt/ecce-homo.jpg","0704_Christ_Resurrected_623x778.jpg","339641"
"705","Rembrandt","rembrandt","Four Orientals seated under a tree. Ink on paper","1661","741","1230","0.91","https://uploads1.wikiart.org/images/rembrandt/four-orientals-seated-under-a-tree-ink-on-paper.jpg","0705_Four_Orientals_seated_under_a_tree._Ink_741x1230.jpg","833170"
"706","Rembrandt","rembrandt","Jacob Tripp","1661","676","894","0.6","https://uploads1.wikiart.org/images/rembrandt/jacob-tripp.jpg","0706_Jacob_Tripp_676x894.jpg","112650"
"707","Rembrandt","rembrandt","Portrait of Margheride Geer, Wife of Jacob Trip","1661","700","942","0.66","https://uploads0.wikiart.org/images/rembrandt/portrait-of-margheride-geer-wife-of-jacob-trip.jpg","0707_Portrait_of_Margheride_Geer,_Wife_of_Jac_700x942.jpg","209422"
"708","Rembrandt","rembrandt","The Knight with the Falcon","1661","308","375","0.12","https://uploads7.wikiart.org/images/rembrandt/the-knight-with-the-falcon.jpg","0708_The_Knight_with_the_Falcon_308x375.jpg","20534"
"709","Rembrandt","rembrandt","The Conspiracy of Claudius Civilis","1662","1014","543","0.55","https://uploads6.wikiart.org/images/rembrandt/batavernas-trohetsed-1662.jpg","0709_The_Conspiracy_of_Claudius_Civilis_1014x543.jpg","863004"
"710","Rembrandt","rembrandt","Portrait of a Man in a Tall Hat","1662","548","693","0.38","https://uploads8.wikiart.org/images/rembrandt/portrait-of-a-man-in-a-tall-hat-1662.jpg","0710_Portrait_of_a_Man_in_a_Tall_Hat_548x693.jpg","13553"
"711","Rembrandt","rembrandt","Portrait of a Woman with a Lapdog","1662","394","500","0.2","https://uploads1.wikiart.org/images/rembrandt/portrait-of-a-woman-with-a-lapdog-1662.jpg","0711_Portrait_of_a_Woman_with_a_Lapdog_394x500.jpg","23790"
"712","Rembrandt","rembrandt","Return of the Prodigal Son(fragment)","1662","462","650","0.3","https://uploads3.wikiart.org/images/rembrandt/return-of-the-prodigal-son-fragment-1662.jpg","0712_Return_of_the_Prodigal_Son(fragment)_462x650.jpg","42420"
"713","Rembrandt","rembrandt","Study for one of the syndics of the Cloth Guild","1662","1282","1641","2.1","https://uploads6.wikiart.org/images/rembrandt/study-for-one-of-the-syndics-of-the-cloth-guild-1662.jpg","0713_Study_for_one_of_the_syndics_of_the_Clot_1282x1641.jpg","321155"
"714","Rembrandt","rembrandt","The Conspiracy of the Batavians","1662","1188","750","0.89","https://uploads8.wikiart.org/images/rembrandt/the-conspiration-of-the-bataves-1662.jpg","0714_The_Conspiracy_of_the_Batavians_1188x750.jpg","171163"
"715","Rembrandt","rembrandt","The Syndics","1662","1050","704","0.74","https://uploads1.wikiart.org/images/rembrandt/the-syndics.jpg","0715_The_Syndics_1050x704.jpg","444145"
"716","Rembrandt","rembrandt","A Seated Female Nude","1662","612","744","0.46","https://uploads1.wikiart.org/images/rembrandt/a-seated-female-nude.jpg","0716_A_Seated_Female_Nude_612x744.jpg","333497"
"717","Rembrandt","rembrandt","Sitting Syndic Jacob van Loon","1662","600","738","0.44","https://uploads1.wikiart.org/images/rembrandt/sitting-syndic-jacob-van-loon.jpg","0717_Sitting_Syndic_Jacob_van_Loon_600x738.jpg","603771"
"718","Rembrandt","rembrandt","Frederick Rihel on Horseback","1663","1000","1233","1.23","https://uploads5.wikiart.org/images/rembrandt/frederick-rihel-on-horseback-1663.jpg","0718_Frederick_Rihel_on_Horseback_1000x1233.jpg","164366"
"719","Rembrandt","rembrandt","Homer","1663","900","1179","1.06","https://uploads0.wikiart.org/images/rembrandt/homer-1663.jpg","0719_Homer_900x1179.jpg","50367"
"720","Rembrandt","rembrandt","Portrait of a young man","1663","650","834","0.54","https://uploads0.wikiart.org/images/rembrandt/portrait-of-a-young-man-1663.jpg","0720_Portrait_of_a_young_man_650x834.jpg","98479"
"721","Rembrandt","rembrandt","Elsje Christiaens","1664","352","674","0.24","https://uploads3.wikiart.org/images/rembrandt/elsje-christiaens-1664.jpg","0721_Elsje_Christiaens_352x674.jpg","35697"
"722","Rembrandt","rembrandt","Elsje Christiaens","1664","352","674","0.24","https://uploads5.wikiart.org/images/rembrandt/elsje-christiaens-1664-1.jpg","0722_Elsje_Christiaens_352x674.jpg","32598"
"723","Rembrandt","rembrandt","David and Uriah","1665","854","950","0.81","https://uploads1.wikiart.org/images/rembrandt/david-and-uriah-1665.jpg","0723_David_and_Uriah_854x950.jpg","116928"
"724","Rembrandt","rembrandt","Jan Antonedis van der Linden","1665","520","826","0.43","https://uploads5.wikiart.org/images/rembrandt/jan-antonedis-van-der-linden-1665.jpg","0724_Jan_Antonedis_van_der_Linden_520x826.jpg","375716"
"725","Rembrandt","rembrandt","Portrait of an Old Man","1665","900","1094","0.98","https://uploads8.wikiart.org/images/rembrandt/portrait-of-an-old-man-1665.jpg","0725_Portrait_of_an_Old_Man_900x1094.jpg","78473"
"726","Rembrandt","rembrandt","Self-portrait","1665","782","1004","0.79","https://uploads8.wikiart.org/images/rembrandt/self-portrait-1665.jpg","0726_Self-portrait_782x1004.jpg","194766"
"727","Rembrandt","rembrandt","Self-Portrait","1665","851","1012","0.86","https://uploads1.wikiart.org/images/rembrandt/self-portrait-1665-1.jpg","0727_Self-Portrait_851x1012.jpg","115131"
"728","Rembrandt","rembrandt","Juno","1665","710","800","0.57","https://uploads3.wikiart.org/images/rembrandt/juno.jpg","0728_Juno_710x800.jpg","109294"
"729","Rembrandt","rembrandt","Lady with a Lap Dog","1665","4032","5008","20.19","https://uploads0.wikiart.org/images/rembrandt/lady-with-a-lap-dog.jpg","0729_Lady_with_a_Lap_Dog_4032x5008.jpg","1384905"
"730","Rembrandt","rembrandt","Lucretia","1666","669","796","0.53","https://uploads3.wikiart.org/images/rembrandt/lucretia-1666.jpg","0730_Lucretia_669x796.jpg","56919"
"731","Rembrandt","rembrandt","The Jewish Bride","1666","1600","1153","1.84","https://uploads2.wikiart.org/images/rembrandt/the-jewish-bride-1666.jpg","0731_The_Jewish_Bride_1600x1153.jpg","260403"
"732","Rembrandt","rembrandt","The Poet Jeremia de Decker","1666","597","768","0.46","https://uploads3.wikiart.org/images/rembrandt/the-poet-jeremia-de-decker-1666.jpg","0732_The_Poet_Jeremia_de_Decker_597x768.jpg","185232"
"733","Rembrandt","rembrandt","Portrait of a Man","1667","675","809","0.55","https://uploads3.wikiart.org/images/rembrandt/portrait-of-a-man-1667.jpg","0733_Portrait_of_a_Man_675x809.jpg","69786"
"734","Rembrandt","rembrandt","Portrait of an elderly man","1667","800","969","0.78","https://uploads3.wikiart.org/images/rembrandt/portrait-of-an-elderly-man-1667.jpg","0734_Portrait_of_an_elderly_man_800x969.jpg","501376"
"735","Rembrandt","rembrandt","Portrait of a Man in the Hat Decorated with Pearls","1667","610","719","0.44","https://uploads4.wikiart.org/images/rembrandt/portrait-of-a-man-in-the-hat-decorated-with-pearls.jpg","0735_Portrait_of_a_Man_in_the_Hat_Decorated_w_610x719.jpg","14741"
"736","Rembrandt","rembrandt","Family Group","1668","1066","800","0.85","https://uploads7.wikiart.org/images/rembrandt/family-group-1668.jpg","0736_Family_Group_1066x800.jpg","121765"
"737","Rembrandt","rembrandt","Portrait of Titus, the Artist's Son","1668","473","599","0.28","https://uploads6.wikiart.org/images/rembrandt/portrait-of-titus-the-artist-s-son.jpg","0737_Portrait_of_Titus,_the_Artist's_Son_473x599.jpg","9781"
"738","Rembrandt","rembrandt","Self-portrait","1669","792","1024","0.81","https://uploads8.wikiart.org/images/rembrandt/self-portrait-1669.jpg","0738_Self-portrait_792x1024.jpg","141762"
"739","Rembrandt","rembrandt","Self-portrait","1669","1200","1298","1.56","https://uploads1.wikiart.org/images/rembrandt/self-portrait-1669-1.jpg","0739_Self-portrait_1200x1298.jpg","938838"
"740","Rembrandt","rembrandt","Self-portrait in at the Age of 63","1669","3415","4224","14.42","https://uploads1.wikiart.org/images/rembrandt/self-portrait-in-at-the-age-of-63-1669.jpg","0740_Self-portrait_in_at_the_Age_of_63_3415x4224.jpg","3760367"
"741","Rembrandt","rembrandt","The Return of the Prodigal Son","1669","1024","1261","1.29","https://uploads7.wikiart.org/images/rembrandt/the-return-of-the-prodigal-son-1669.jpg","0741_The_Return_of_the_Prodigal_Son_1024x1261.jpg","195418"
"742","Rembrandt","rembrandt","Simeon in the Temple","1669","561","691","0.39","https://uploads5.wikiart.org/images/rembrandt/simeon-with-the-christ-child-in-the-temple.jpg","0742_Simeon_in_the_Temple_561x691.jpg","24210"
"743","Rembrandt","rembrandt","The Flight into Egypt","","380","490","0.19","https://uploads7.wikiart.org/00268/images/rembrandt/rembrandt-the-flight-into-egypt-1.jpg","0743_The_Flight_into_Egypt_380x490.jpg","107996"
"744","Rembrandt","rembrandt","The Flight into Egypt","","2024","2285","4.62","https://uploads7.wikiart.org/00268/images/rembrandt/rembrandt-harmensz-van-rijn-052-1.jpg","0744_The_Flight_into_Egypt_2024x2285.jpg","475762"
"745","Rembrandt","rembrandt","Christ Appearing to Mary Magdalene, ‘Noli me tangere’","","5000","4157","20.78","https://uploads5.wikiart.org/00216/images/rembrandt/content-1.jpg","0745_Christ_Appearing_to_Mary_Magdalene,_‘Nol_5000x4157.jpg","3263752"
"746","Rembrandt","rembrandt","St. Peter in Prison","","3664","4501","16.49","https://uploads8.wikiart.org/00199/images/rembrandt/rembrandt-van-rijn-st-peter-in-prison-the-apostle-peter-kneeling-google-art-project-1.jpg","0746_St._Peter_in_Prison_3664x4501.jpg","2625881"
"747","Rembrandt","rembrandt","Sacrifice of Isaac","","2471","3633","8.98","https://uploads8.wikiart.org/00199/images/rembrandt/woa-image-1-2.jpg","0747_Sacrifice_of_Isaac_2471x3633.jpg","1048032"
"748","Rembrandt","rembrandt","Man with a Falcon (possibly St. Bavo)","","644","800","0.52","https://uploads1.wikiart.org/00199/images/rembrandt/rembrandt-man-with-a-falcon-on-his-wrist-1.jpg","0748_Man_with_a_Falcon_(possibly_St._Bavo)_644x800.jpg","172162"
"749","Rembrandt","rembrandt","A Seated Man","","439","579","0.25","https://uploads2.wikiart.org/images/rembrandt/a-seated-man.jpg","0749_A_Seated_Man_439x579.jpg","15392"
"750","Rembrandt","rembrandt","A Study of an Elderly Man in a Cap","","458","578","0.26","https://uploads6.wikiart.org/images/rembrandt/a-study-of-an-elderly-man-in-a-cap.jpg","0750_A_Study_of_an_Elderly_Man_in_a_Cap_458x578.jpg","15359"
"751","Rembrandt","rembrandt","A Woman with a Little Child on her Lap","","662","783","0.52","https://uploads1.wikiart.org/images/rembrandt/a-woman-with-a-little-child-on-her-lap.jpg","0751_A_Woman_with_a_Little_Child_on_her_Lap_662x783.jpg","323647"
"752","Rembrandt","rembrandt","Christ Crowned with Thorns","","366","450","0.16","https://uploads7.wikiart.org/images/rembrandt/christ-crowned-with-thorns.jpg","0752_Christ_Crowned_with_Thorns_366x450.jpg","203734"
"753","Rembrandt","rembrandt","Christ raises Jairus","","454","425","0.19","https://uploads1.wikiart.org/images/rembrandt/christ-raises-jairus.jpg","0753_Christ_raises_Jairus_454x425.jpg","56301"
"754","Rembrandt","rembrandt","Christ taken down","","514","718","0.37","https://uploads7.wikiart.org/images/rembrandt/christ-taken-down.jpg","0754_Christ_taken_down_514x718.jpg","115445"
"755","Rembrandt","rembrandt","Evangelist Writing","","655","800","0.52","https://uploads8.wikiart.org/images/rembrandt/evangelist-writing.jpg","0755_Evangelist_Writing_655x800.jpg","71813"
"756","Rembrandt","rembrandt","Jesus and the adulteress by Rembrandt","","1292","978","1.26","https://uploads0.wikiart.org/images/rembrandt/jesus-and-the-adulteress-by-rembrandt.jpg","0756_Jesus_and_the_adulteress_by_Rembrandt_1292x978.jpg","311915"
"757","Rembrandt","rembrandt","Mocking of Christ","","640","478","0.31","https://uploads7.wikiart.org/images/rembrandt/mocking-of-christ.jpg","0757_Mocking_of_Christ_640x478.jpg","53691"
"758","Rembrandt","rembrandt","Old Man in Prayer","","653","800","0.52","https://uploads7.wikiart.org/images/rembrandt/old-man-in-prayer.jpg","0758_Old_Man_in_Prayer_653x800.jpg","29711"
"759","Rembrandt","rembrandt","Portrait of a Rabbi","","783","960","0.75","https://uploads0.wikiart.org/images/rembrandt/portrait-of-a-rabbi.jpg","0759_Portrait_of_a_Rabbi_783x960.jpg","405699"
"760","Rembrandt","rembrandt","Portrait Of An Old Man","","798","1000","0.8","https://uploads3.wikiart.org/images/rembrandt/portrait-of-an-old-man.jpg","0760_Portrait_Of_An_Old_Man_798x1000.jpg","375490"
"761","Rembrandt","rembrandt","Sacrifice of Manoah","","715","612","0.44","https://uploads0.wikiart.org/images/rembrandt/sacrifice-of-manoah.jpg","0761_Sacrifice_of_Manoah_715x612.jpg","11173"
"762","Rembrandt","rembrandt","Seated Old Man (possibly Rembrandt`s father)","","889","1000","0.89","https://uploads5.wikiart.org/images/rembrandt/seated-old-man-possibly-rembrandt-s-father.jpg","0762_Seated_Old_Man_(possibly_Rembrandt`s_fat_889x1000.jpg","622495"
"763","Rembrandt","rembrandt","Study of Jewish Bride","","608","845","0.51","https://uploads2.wikiart.org/images/rembrandt/study-of-jewish-bride.jpg","0763_Study_of_Jewish_Bride_608x845.jpg","352426"
"764","Rembrandt","rembrandt","The Philosopher","","492","625","0.31","https://uploads5.wikiart.org/images/rembrandt/the-philosopher.jpg","0764_The_Philosopher_492x625.jpg","12234"
"765","Rembrandt","rembrandt","The Pilgrims at Emmaus","","734","553","0.41","https://uploads3.wikiart.org/images/rembrandt/the-pilgrims-at-emmaus.jpg","0765_The_Pilgrims_at_Emmaus_734x553.jpg","19735"
"766","Rembrandt","rembrandt","The Beheading of John the Baptist","","1290","1600","2.06","https://uploads5.wikiart.org/images/rembrandt/the-beheading-of-john-the-baptist.jpg","0766_The_Beheading_of_John_the_Baptist_1290x1600.jpg","290775"
"767","Rembrandt","rembrandt","Woman suckling a child","","400","490","0.2","https://uploads3.wikiart.org/images/rembrandt/woman-suckling-a-child.jpg","0767_Woman_suckling_a_child_400x490.jpg","41756"
