"Index","Artist","ArtistSlug","Title","Year","Width","Height","Megapixels","HighResUrl","LocalFileName","FileSizeBytes"
"1","Vincent van Gogh","vincent-van-gogh","The Goat Herd","1862","1024","775","0.79","https://uploads6.wikiart.org/images/vincent-van-gogh/the-goat-herd-1862.jpg","0001_The_Goat_Herd_1024x775.jpg","132553"
"2","Vincent van Gogh","vincent-van-gogh","Dog","1862","1890","1214","2.29","https://uploads3.wikiart.org/images/vincent-van-gogh/dog(1).jpg","0002_Dog_1890x1214.jpg","1686344"
"3","Vincent van Gogh","vincent-van-gogh","Milk Jug","1862","1292","1602","2.07","https://uploads5.wikiart.org/images/vincent-van-gogh/milk-jug.jpg","0003_Milk_Jug_1292x1602.jpg","373781"
"4","Vincent van Gogh","vincent-van-gogh","Barn and Farmhouse","1864","2681","1974","5.29","https://uploads0.wikiart.org/images/vincent-van-gogh/barn-and-farmhouse(1).jpg","0004_Barn_and_Farmhouse_2681x1974.jpg","4010466"
"5","Vincent van Gogh","vincent-van-gogh","Two Sketches of a Man Leaning on His Spade","1867","1012","1024","1.04","https://uploads8.wikiart.org/images/vincent-van-gogh/two-sketches-of-a-man-leaning-on-his-spade-1867.jpg","0005_Two_Sketches_of_a_Man_Leaning_on_His_Spa_1012x1024.jpg","203183"
"6","Vincent van Gogh","vincent-van-gogh","Old Woman Asleep after Rops","1873","1650","2259","3.73","https://uploads2.wikiart.org/images/vincent-van-gogh/old-woman-asleep-after-rops-1873.jpg","0006_Old_Woman_Asleep_after_Rops_1650x2259.jpg","1158907"
"7","Vincent van Gogh","vincent-van-gogh","Vincent's Boarding House in Hackford Road, Brixton, London","1873","1024","736","0.75","https://uploads8.wikiart.org/images/vincent-van-gogh/vincent-s-boarding-house-in-hackford-road-brixton-london.jpg","0007_Vincent's_Boarding_House_in_Hackford_Roa_1024x736.jpg","313310"
"8","Vincent van Gogh","vincent-van-gogh","Driveway","1873","1941","1581","3.07","https://uploads8.wikiart.org/images/vincent-van-gogh/driveway(1).jpg","0008_Driveway_1941x1581.jpg","887365"
"9","Vincent van Gogh","vincent-van-gogh","Canal","1873","1950","1920","3.74","https://uploads5.wikiart.org/images/vincent-van-gogh/canal(1).jpg","0009_Canal_1950x1920.jpg","1139885"
"10","Vincent van Gogh","vincent-van-gogh","Austin Friars Church, London","1874","1641","999","1.64","https://uploads0.wikiart.org/images/vincent-van-gogh/austin-friars-church-london(1).jpg","0010_Austin_Friars_Church,_London_1641x999.jpg","1387897"
"11","Vincent van Gogh","vincent-van-gogh","Town d'Avray: L'Etang au Batelier","1875","801","1024","0.82","https://uploads7.wikiart.org/images/vincent-van-gogh/town-d-avray-l-etang-au-batelier-1875.jpg","0011_Town_d'Avray_L'Etang_au_Batelier_801x1024.jpg","129239"
"12","Vincent van Gogh","vincent-van-gogh","Vicarage and Church at Etten","1876","1668","854","1.42","https://uploads3.wikiart.org/images/vincent-van-gogh/vicarage-and-church-at-etten-1876.jpg","0012_Vicarage_and_Church_at_Etten_1668x854.jpg","429109"
"13","Vincent van Gogh","vincent-van-gogh","Vicarage at Etten","1876","1080","531","0.57","https://uploads1.wikiart.org/images/vincent-van-gogh/vicarage-at-etten-1876.jpg","0013_Vicarage_at_Etten_1080x531.jpg","177537"
"14","Vincent van Gogh","vincent-van-gogh","View of Royal Road, Ramsgate","1876","990","1024","1.01","https://uploads2.wikiart.org/images/vincent-van-gogh/view-of-royal-road-ramsgate-1876.jpg","0014_View_of_Royal_Road,_Ramsgate_990x1024.jpg","188812"
"15","Vincent van Gogh","vincent-van-gogh","View of Royal Road, Ramsgate","1876","1271","787","1","https://uploads4.wikiart.org/images/vincent-van-gogh/view-of-royal-road-ramsgate-1876-1.jpg","0015_View_of_Royal_Road,_Ramsgate_1271x787.jpg","301802"
"16","Vincent van Gogh","vincent-van-gogh","Churches at Petersham and Turnham Green","1876","1024","459","0.47","https://uploads3.wikiart.org/images/vincent-van-gogh/churches-at-petersham-and-turnham-green(1).jpg","0016_Churches_at_Petersham_and_Turnham_Green_1024x459.jpg","175231"
"17","Vincent van Gogh","vincent-van-gogh","Mills in the Neighbourhood of Dordrecht","1877","1024","715","0.73","https://uploads5.wikiart.org/images/vincent-van-gogh/mills-in-the-neighbourhood-of-dordrecht-1877.jpg","0017_Mills_in_the_Neighbourhood_of_Dordrecht_1024x715.jpg","213728"
"18","Vincent van Gogh","vincent-van-gogh","The Cave of Machpelah","1877","1627","734","1.19","https://uploads5.wikiart.org/images/vincent-van-gogh/the-cave-of-machpelah-1877.jpg","0018_The_Cave_of_Machpelah_1627x734.jpg","370620"
"19","Vincent van Gogh","vincent-van-gogh","“Au Charbonnage” Café","1878","1640","1615","2.65","https://uploads6.wikiart.org/images/vincent-van-gogh/au-charbonnage-café-1878(1).jpg","0019_“Au_Charbonnage”_Café_1640x1615.jpg","806958"
"20","Vincent van Gogh","vincent-van-gogh","A house Magros","1879","2670","1900","5.07","https://uploads1.wikiart.org/images/vincent-van-gogh/a-house-magros-1879(1).jpg","0020_A_house_Magros_2670x1900.jpg","3817920"
"21","Vincent van Gogh","vincent-van-gogh","A Zandmennik house","1879","1024","802","0.82","https://uploads0.wikiart.org/images/vincent-van-gogh/a-zandmennik-house(1).jpg","0021_A_Zandmennik_house_1024x802.jpg","201830"
"22","Vincent van Gogh","vincent-van-gogh","Coal Shoveler","1879","1549","2789","4.32","https://uploads0.wikiart.org/images/vincent-van-gogh/coal-shoveler-1879(1).jpg","0022_Coal_Shoveler_1549x2789.jpg","2850414"
"23","Vincent van Gogh","vincent-van-gogh","Coalmine in the Borinage","1879","1930","1342","2.59","https://uploads2.wikiart.org/images/vincent-van-gogh/coalmine-in-the-borinage-1879(1).jpg","0023_Coalmine_in_the_Borinage_1930x1342.jpg","965569"
"24","Vincent van Gogh","vincent-van-gogh","Miners","1880","1359","1080","1.47","https://uploads8.wikiart.org/images/vincent-van-gogh/miners-1880.jpg","0024_Miners_1359x1080.jpg","468019"
"25","Vincent van Gogh","vincent-van-gogh","Miners in the Snow at Dawn","1880","1024","675","0.69","https://uploads1.wikiart.org/images/vincent-van-gogh/miners-in-the-snow-at-dawn-1880.jpg","0025_Miners_in_the_Snow_at_Dawn_1024x675.jpg","184420"
"26","Vincent van Gogh","vincent-van-gogh","The Angelus (after Millet)","1880","1024","773","0.79","https://uploads8.wikiart.org/images/vincent-van-gogh/the-angelus-after-millet-1880.jpg","0026_The_Angelus_(after_Millet)_1024x773.jpg","171852"
"27","Vincent van Gogh","vincent-van-gogh","A Digger","1881","986","1280","1.26","https://uploads4.wikiart.org/images/vincent-van-gogh/a-digger-1881(1).jpg","0027_A_Digger_986x1280.jpg","1813360"
"28","Vincent van Gogh","vincent-van-gogh","A Girl Raking","1881","999","1280","1.28","https://uploads0.wikiart.org/images/vincent-van-gogh/a-girl-raking-1881(1).jpg","0028_A_Girl_Raking_999x1280.jpg","1518558"
"29","Vincent van Gogh","vincent-van-gogh","A Man with a Broom","1881","640","1280","0.82","https://uploads5.wikiart.org/images/vincent-van-gogh/a-man-with-a-broom-1881(1).jpg","0029_A_Man_with_a_Broom_640x1280.jpg","937006"
"30","Vincent van Gogh","vincent-van-gogh","A Marsh","1881","1265","1024","1.3","https://uploads3.wikiart.org/images/vincent-van-gogh/a-marsh-1881(1).jpg","0030_A_Marsh_1265x1024.jpg","1805793"
"31","Vincent van Gogh","vincent-van-gogh","An Old Man Putting Dry Rice on the Hearth","1881","1024","1260","1.29","https://uploads1.wikiart.org/images/vincent-van-gogh/an-old-man-putting-dry-rice-on-the-hearth-1881(1).jpg","0031_An_Old_Man_Putting_Dry_Rice_on_the_Heart_1024x1260.jpg","1605593"
"32","Vincent van Gogh","vincent-van-gogh","Barn with Moss-Covered Roof","1881","1280","1001","1.28","https://uploads5.wikiart.org/images/vincent-van-gogh/barn-with-moss-covered-roof-1881(1).jpg","0032_Barn_with_Moss-Covered_Roof_1280x1001.jpg","1563507"
"33","Vincent van Gogh","vincent-van-gogh","Boy Cutting Grass with a Sickle","1881","1280","979","1.25","https://uploads0.wikiart.org/images/vincent-van-gogh/boy-cutting-grass-with-a-sickle-1881(1).jpg","0033_Boy_Cutting_Grass_with_a_Sickle_1280x979.jpg","563455"
"34","Vincent van Gogh","vincent-van-gogh","Daughter of Jacob Meyer","1881","726","1024","0.74","https://uploads1.wikiart.org/images/vincent-van-gogh/daughter-of-jacob-meyer-1881(1).jpg","0034_Daughter_of_Jacob_Meyer_726x1024.jpg","242722"
"35","Vincent van Gogh","vincent-van-gogh","Digger","1881","785","1024","0.8","https://uploads2.wikiart.org/images/vincent-van-gogh/digger-1881(1).jpg","0035_Digger_785x1024.jpg","226954"
"36","Vincent van Gogh","vincent-van-gogh","Digger","1881","1608","2563","4.12","https://uploads4.wikiart.org/images/vincent-van-gogh/digger-1881-1(1).jpg","0036_Digger_1608x2563.jpg","1273398"
"37","Vincent van Gogh","vincent-van-gogh","Digger","1881","745","1024","0.76","https://uploads4.wikiart.org/images/vincent-van-gogh/digger-1881-2(1).jpg","0037_Digger_745x1024.jpg","248849"
"38","Vincent van Gogh","vincent-van-gogh","Farmer Leaning on his Spade","1881","429","1024","0.44","https://uploads5.wikiart.org/images/vincent-van-gogh/farmer-leaning-on-his-spade-1881(1).jpg","0038_Farmer_Leaning_on_his_Spade_429x1024.jpg","141263"
"39","Vincent van Gogh","vincent-van-gogh","Farmer sitting at the fireside and reading","1881","1024","823","0.84","https://uploads2.wikiart.org/images/vincent-van-gogh/farmer-sitting-at-the-fireside-and-reading-1881(1).jpg","0039_Farmer_sitting_at_the_fireside_and_readi_1024x823.jpg","241273"
"40","Vincent van Gogh","vincent-van-gogh","Field in a Thunderstorm","1881","651","1024","0.67","https://uploads1.wikiart.org/images/vincent-van-gogh/field-in-a-thunderstorm-1881(1).jpg","0040_Field_in_a_Thunderstorm_651x1024.jpg","239376"
"41","Vincent van Gogh","vincent-van-gogh","Field with Thunderstorm","1881","1024","964","0.99","https://uploads1.wikiart.org/images/vincent-van-gogh/field-with-thunderstorm-1881(1).jpg","0041_Field_with_Thunderstorm_1024x964.jpg","241776"
"42","Vincent van Gogh","vincent-van-gogh","French Peasant Woman Suckling Her Baby after Dalou","1881","1348","2457","3.31","https://uploads5.wikiart.org/images/vincent-van-gogh/french-peasant-woman-suckling-her-baby-after-dalou(1).jpg","0042_French_Peasant_Woman_Suckling_Her_Baby_a_1348x2457.jpg","960374"
"43","Vincent van Gogh","vincent-van-gogh","Girl Kneeling","1881","1024","771","0.79","https://uploads0.wikiart.org/images/vincent-van-gogh/girl-kneeling-1881(1).jpg","0043_Girl_Kneeling_1024x771.jpg","186522"
"44","Vincent van Gogh","vincent-van-gogh","Girl Kneeling in Front of a Bucket","1881","1024","812","0.83","https://uploads3.wikiart.org/images/vincent-van-gogh/girl-kneeling-in-front-of-a-bucket-1881(1).jpg","0044_Girl_Kneeling_in_Front_of_a_Bucket_1024x812.jpg","188483"
"45","Vincent van Gogh","vincent-van-gogh","Girl with Black Cap Sitting on the Ground","1881","1024","771","0.79","https://uploads1.wikiart.org/images/vincent-van-gogh/girl-with-black-cap-sitting-on-the-ground-1881(1).jpg","0045_Girl_with_Black_Cap_Sitting_on_the_Groun_1024x771.jpg","174351"
"46","Vincent van Gogh","vincent-van-gogh","Kneeling Man, Planting","1881","1024","977","1","https://uploads5.wikiart.org/images/vincent-van-gogh/kneeling-man-planting-1881.jpg","0046_Kneeling_Man,_Planting_1024x977.jpg","243415"
"47","Vincent van Gogh","vincent-van-gogh","Landscape with Trees","1881","1024","820","0.84","https://uploads4.wikiart.org/images/vincent-van-gogh/landscape-with-trees-1881.jpg","0047_Landscape_with_Trees_1024x820.jpg","375332"
"48","Vincent van Gogh","vincent-van-gogh","Landscape with Windmill","1881","1024","592","0.61","https://uploads7.wikiart.org/images/vincent-van-gogh/landscape-with-windmill-1881.jpg","0048_Landscape_with_Windmill_1024x592.jpg","138913"
"49","Vincent van Gogh","vincent-van-gogh","Man Putting Potatoes in a Sack","1881","1024","653","0.67","https://uploads5.wikiart.org/images/vincent-van-gogh/man-putting-potatoes-in-a-sack-1881.jpg","0049_Man_Putting_Potatoes_in_a_Sack_1024x653.jpg","237483"
"50","Vincent van Gogh","vincent-van-gogh","Man with a Sack of Wood","1881","1720","2641","4.54","https://uploads7.wikiart.org/images/vincent-van-gogh/man-with-a-sack-of-wood-1881.jpg","0050_Man_with_a_Sack_of_Wood_1720x2641.jpg","1460742"
"51","Vincent van Gogh","vincent-van-gogh","Man with Saw","1881","734","1024","0.75","https://uploads5.wikiart.org/images/vincent-van-gogh/man-with-saw-1881.jpg","0051_Man_with_Saw_734x1024.jpg","232873"
"52","Vincent van Gogh","vincent-van-gogh","Man with Winnow","1881","765","1024","0.78","https://uploads8.wikiart.org/images/vincent-van-gogh/man-with-winnow-1881.jpg","0052_Man_with_Winnow_765x1024.jpg","257949"
"53","Vincent van Gogh","vincent-van-gogh","Man Writing Facing Left","1881","715","1024","0.73","https://uploads7.wikiart.org/images/vincent-van-gogh/man-writing-facing-left-1881.jpg","0053_Man_Writing_Facing_Left_715x1024.jpg","261145"
"54","Vincent van Gogh","vincent-van-gogh","Marsh with Water Lillies","1881","2494","1872","4.67","https://uploads8.wikiart.org/images/vincent-van-gogh/marsh-with-water-lillies-1881.jpg","0054_Marsh_with_Water_Lillies_2494x1872.jpg","1482516"
"55","Vincent van Gogh","vincent-van-gogh","Miners Women Carrying Sacks (The Bearers of the Burden)","1881","1280","978","1.25","https://uploads1.wikiart.org/images/vincent-van-gogh/miners-women-carrying-sacks-the-bearers-of-the-burden-1881.jpg","0055_Miners_Women_Carrying_Sacks_(The_Bearers_1280x978.jpg","1825117"
"56","Vincent van Gogh","vincent-van-gogh","Mother at the Cradle and Child Sitting on the Floor","1881","1024","780","0.8","https://uploads8.wikiart.org/images/vincent-van-gogh/mother-at-the-cradle-and-child-sitting-on-the-floor-1881.jpg","0056_Mother_at_the_Cradle_and_Child_Sitting_o_1024x780.jpg","313928"
"57","Vincent van Gogh","vincent-van-gogh","Near the Hearth","1881","682","1141","0.78","https://uploads8.wikiart.org/images/vincent-van-gogh/near-the-hearth-1881.jpg","0057_Near_the_Hearth_682x1141.jpg","239443"
"58","Vincent van Gogh","vincent-van-gogh","Old Man Warming Himself","1881","791","1024","0.81","https://uploads7.wikiart.org/images/vincent-van-gogh/old-man-warming-himself-1881.jpg","0058_Old_Man_Warming_Himself_791x1024.jpg","301474"
"59","Vincent van Gogh","vincent-van-gogh","Peasant Girl Standing","1881","506","1024","0.52","https://uploads5.wikiart.org/images/vincent-van-gogh/peasant-girl-standing-1881.jpg","0059_Peasant_Girl_Standing_506x1024.jpg","211239"
"60","Vincent van Gogh","vincent-van-gogh","Peasant Sitting by the Fireplace (Worn Out)","1881","1024","659","0.67","https://uploads7.wikiart.org/images/vincent-van-gogh/peasant-sitting-by-the-fireplace-worn-out-1881.jpg","0060_Peasant_Sitting_by_the_Fireplace_(Worn_O_1024x659.jpg","123150"
"61","Vincent van Gogh","vincent-van-gogh","Peasant Sitting by the Fireplace (Worn Out)","1881","1280","981","1.26","https://uploads0.wikiart.org/images/vincent-van-gogh/peasant-sitting-by-the-fireplace-worn-out-1881-1.jpg","0061_Peasant_Sitting_by_the_Fireplace_(Worn_O_1280x981.jpg","1785932"
"62","Vincent van Gogh","vincent-van-gogh","Peasant with a Chopping Knife","1881","765","1662","1.27","https://uploads4.wikiart.org/images/vincent-van-gogh/peasant-with-a-chopping-knife-1881.jpg","0062_Peasant_with_a_Chopping_Knife_765x1662.jpg","398005"
"63","Vincent van Gogh","vincent-van-gogh","Peasant with a Stick","1881","743","1024","0.76","https://uploads4.wikiart.org/images/vincent-van-gogh/peasant-with-a-stick-1881.jpg","0063_Peasant_with_a_Stick_743x1024.jpg","219929"
"64","Vincent van Gogh","vincent-van-gogh","Peasant Woman Sowing with a Basket","1881","768","1024","0.79","https://uploads0.wikiart.org/images/vincent-van-gogh/peasant-woman-sowing-with-a-basket-1881.jpg","0064_Peasant_Woman_Sowing_with_a_Basket_768x1024.jpg","203536"
"65","Vincent van Gogh","vincent-van-gogh","Pollard Willow","1881","792","1024","0.81","https://uploads7.wikiart.org/images/vincent-van-gogh/pollard-willow-1881.jpg","0065_Pollard_Willow_792x1024.jpg","283908"
"66","Vincent van Gogh","vincent-van-gogh","Portrait of Vincent van Gogh, the Artist s Grandfather","1881","1609","2181","3.51","https://uploads1.wikiart.org/images/vincent-van-gogh/portrait-of-vincent-van-gogh-the-artist-s-grandfather-1881.jpg","0066_Portrait_of_Vincent_van_Gogh,_the_Artist_1609x2181.jpg","1145408"
"67","Vincent van Gogh","vincent-van-gogh","Portrait possibly of Willemien van Gogh","1881","733","1024","0.75","https://uploads5.wikiart.org/images/vincent-van-gogh/portrait-possibly-of-willemien-van-gogh-1881.jpg","0067_Portrait_possibly_of_Willemien_van_Gogh_733x1024.jpg","166076"
"68","Vincent van Gogh","vincent-van-gogh","Reaper with Sickle (after Millet)","1881","655","1200","0.79","https://uploads6.wikiart.org/images/vincent-van-gogh/reaper-with-sickle-after-millet-1881.jpg","0068_Reaper_with_Sickle_(after_Millet)_655x1200.jpg","396529"
"69","Vincent van Gogh","vincent-van-gogh","Road with Pollard Willows","1881","1024","432","0.44","https://uploads0.wikiart.org/images/vincent-van-gogh/road-with-pollard-willows-1881.jpg","0069_Road_with_Pollard_Willows_1024x432.jpg","226382"
"70","Vincent van Gogh","vincent-van-gogh","Road with Pollard Willows","1881","650","1024","0.67","https://uploads2.wikiart.org/images/vincent-van-gogh/road-with-pollard-willows-1881-1.jpg","0070_Road_with_Pollard_Willows_650x1024.jpg","352149"
"71","Vincent van Gogh","vincent-van-gogh","Road with Pollard Willows","1881","836","1024","0.86","https://uploads2.wikiart.org/images/vincent-van-gogh/road-with-pollard-willows-1881-2.jpg","0071_Road_with_Pollard_Willows_836x1024.jpg","381634"
"72","Vincent van Gogh","vincent-van-gogh","Road with Pollard Willows and Man with Broom","1881","2271","1500","3.41","https://uploads1.wikiart.org/images/vincent-van-gogh/road-with-pollard-willows-and-man-with-broom-1881.jpg","0072_Road_with_Pollard_Willows_and_Man_with_B_2271x1500.jpg","3179181"
"73","Vincent van Gogh","vincent-van-gogh","Scheveningen Woman","1881","1131","2811","3.18","https://uploads2.wikiart.org/images/vincent-van-gogh/scheveningen-woman-1881.jpg","0073_Scheveningen_Woman_1131x2811.jpg","2753999"
"74","Vincent van Gogh","vincent-van-gogh","Scheveningen Woman Knitting","1881","714","1024","0.73","https://uploads2.wikiart.org/images/vincent-van-gogh/scheveningen-woman-knitting-1881.jpg","0074_Scheveningen_Woman_Knitting_714x1024.jpg","160614"
"75","Vincent van Gogh","vincent-van-gogh","Scheveningen Woman Sewing","1881","652","1024","0.67","https://uploads2.wikiart.org/images/vincent-van-gogh/scheveningen-woman-sewing-2-1881.jpg","0075_Scheveningen_Woman_Sewing_652x1024.jpg","357652"
"76","Vincent van Gogh","vincent-van-gogh","Scheveningen Woman Standing","1881","539","1024","0.55","https://uploads2.wikiart.org/images/vincent-van-gogh/scheveningen-woman-standing-1881.jpg","0076_Scheveningen_Woman_Standing_539x1024.jpg","241558"
"77","Vincent van Gogh","vincent-van-gogh","Sculpture and Still Life with Cabbage and Clogs","1881","1024","565","0.58","https://uploads4.wikiart.org/images/vincent-van-gogh/sculpture-and-still-life-with-cabbage-and-clogs-1881.jpg","0077_Sculpture_and_Still_Life_with_Cabbage_an_1024x565.jpg","264597"
"78","Vincent van Gogh","vincent-van-gogh","Small House on a Road with Pollard Willows","1881","1024","759","0.78","https://uploads8.wikiart.org/images/vincent-van-gogh/small-house-on-a-road-with-pollard-willows-1881.jpg","0078_Small_House_on_a_Road_with_Pollard_Willo_1024x759.jpg","257804"
"79","Vincent van Gogh","vincent-van-gogh","Sower","1881","581","1024","0.59","https://uploads7.wikiart.org/images/vincent-van-gogh/sower-1881.jpg","0079_Sower_581x1024.jpg","142962"
"80","Vincent van Gogh","vincent-van-gogh","Sower","1881","547","1024","0.56","https://uploads0.wikiart.org/images/vincent-van-gogh/sower-1881-1.jpg","0080_Sower_547x1024.jpg","101140"
"81","Vincent van Gogh","vincent-van-gogh","Sower","1881","806","1024","0.83","https://uploads0.wikiart.org/images/vincent-van-gogh/sower-1881-2.jpg","0081_Sower_806x1024.jpg","175546"
"82","Vincent van Gogh","vincent-van-gogh","Sower (after Millet)","1881","1889","2501","4.72","https://uploads2.wikiart.org/images/vincent-van-gogh/sower-after-millet-1881.jpg","0082_Sower_(after_Millet)_1889x2501.jpg","1472314"
"83","Vincent van Gogh","vincent-van-gogh","Sower with Basket","1881","759","1024","0.78","https://uploads1.wikiart.org/images/vincent-van-gogh/sower-with-basket-1881.jpg","0083_Sower_with_Basket_759x1024.jpg","166629"
"84","Vincent van Gogh","vincent-van-gogh","Sower with Hand in Sack","1881","743","1024","0.76","https://uploads7.wikiart.org/images/vincent-van-gogh/sower-with-hand-in-sack-1881.jpg","0084_Sower_with_Hand_in_Sack_743x1024.jpg","192706"
"85","Vincent van Gogh","vincent-van-gogh","Sower with Hand in Sack","1881","592","1024","0.61","https://uploads0.wikiart.org/images/vincent-van-gogh/sower-with-hand-in-sack-1881-1.jpg","0085_Sower_with_Hand_in_Sack_592x1024.jpg","136713"
"86","Vincent van Gogh","vincent-van-gogh","Still Life with Beer Mug and Fruit","1881","1024","774","0.79","https://uploads0.wikiart.org/images/vincent-van-gogh/still-life-with-beer-mug-and-fruit-1881.jpg","0086_Still_Life_with_Beer_Mug_and_Fruit_1024x774.jpg","183566"
"87","Vincent van Gogh","vincent-van-gogh","Still Life with Cabbage and Clogs","1881","1024","636","0.65","https://uploads8.wikiart.org/images/vincent-van-gogh/still-life-with-cabbage-and-clogs-1881.jpg","0087_Still_Life_with_Cabbage_and_Clogs_1024x636.jpg","164477"
"88","Vincent van Gogh","vincent-van-gogh","The Garden of the Parsonage with Arbor","1881","967","771","0.75","https://uploads4.wikiart.org/images/vincent-van-gogh/the-garden-of-the-parsonage-with-arbor-1881.jpg","0088_The_Garden_of_the_Parsonage_with_Arbor_967x771.jpg","1000908"
"89","Vincent van Gogh","vincent-van-gogh","Unfinished Sketch of an Interior with a Pan above the Fire","1881","971","1024","0.99","https://uploads6.wikiart.org/images/vincent-van-gogh/unfinished-sketch-of-an-interior-with-a-pan-above-the-fire-1881.jpg","0089_Unfinished_Sketch_of_an_Interior_with_a_971x1024.jpg","263378"
"90","Vincent van Gogh","vincent-van-gogh","Windmils at Dordrecht","1881","1280","556","0.71","https://uploads5.wikiart.org/images/vincent-van-gogh/windmils-at-dordrecht-1881.jpg","0090_Windmils_at_Dordrecht_1280x556.jpg","1024370"
"91","Vincent van Gogh","vincent-van-gogh","Woman Churning Butter","1881","587","1024","0.6","https://uploads5.wikiart.org/images/vincent-van-gogh/woman-churning-butter-1881.jpg","0091_Woman_Churning_Butter_587x1024.jpg","162758"
"92","Vincent van Gogh","vincent-van-gogh","Woman Grinding Coffee","1881","709","1024","0.73","https://uploads5.wikiart.org/images/vincent-van-gogh/woman-grinding-coffee-1881.jpg","0092_Woman_Grinding_Coffee_709x1024.jpg","257467"
"93","Vincent van Gogh","vincent-van-gogh","Woman Mending Stockings","1881","643","1024","0.66","https://uploads7.wikiart.org/images/vincent-van-gogh/woman-mending-stockings-1881.jpg","0093_Woman_Mending_Stockings_643x1024.jpg","274634"
"94","Vincent van Gogh","vincent-van-gogh","Woman Peeling Potatoes near a Window","1881","829","1024","0.85","https://uploads2.wikiart.org/images/vincent-van-gogh/woman-peeling-potatoes-near-a-window-1881.jpg","0094_Woman_Peeling_Potatoes_near_a_Window_829x1024.jpg","245827"
"95","Vincent van Gogh","vincent-van-gogh","Woman Peeling Potatoes near a Window","1881","754","1024","0.77","https://uploads4.wikiart.org/images/vincent-van-gogh/woman-peeling-potatoes-near-a-window-2-1881.jpg","0095_Woman_Peeling_Potatoes_near_a_Window_754x1024.jpg","227800"
"96","Vincent van Gogh","vincent-van-gogh","Woman Sewing","1881","689","1024","0.71","https://uploads5.wikiart.org/images/vincent-van-gogh/woman-sewing-1881.jpg","0096_Woman_Sewing_689x1024.jpg","142918"
"97","Vincent van Gogh","vincent-van-gogh","Woman Sewing","1881","994","1280","1.27","https://uploads7.wikiart.org/images/vincent-van-gogh/woman-sewing-1881-1.jpg","0097_Woman_Sewing_994x1280.jpg","1410446"
"98","Vincent van Gogh","vincent-van-gogh","Woman Sitting at the Fireside","1881","1024","746","0.76","https://uploads4.wikiart.org/images/vincent-van-gogh/woman-sitting-at-the-fireside-1881.jpg","0098_Woman_Sitting_at_the_Fireside_1024x746.jpg","299602"
"99","Vincent van Gogh","vincent-van-gogh","Woman Sitting on a Basket with Head in Hands","1881","653","1024","0.67","https://uploads5.wikiart.org/images/vincent-van-gogh/woman-sitting-on-a-basket-with-head-in-hands.jpg","0099_Woman_Sitting_on_a_Basket_with_Head_in_H_653x1024.jpg","189645"
"100","Vincent van Gogh","vincent-van-gogh","Young woman knitting","1881","795","1134","0.9","https://uploads4.wikiart.org/images/vincent-van-gogh/young-woman-knitting-1881.jpg","0100_Young_woman_knitting_795x1134.jpg","183513"
"101","Vincent van Gogh","vincent-van-gogh","Young Woman Sewing","1881","738","1024","0.76","https://uploads2.wikiart.org/images/vincent-van-gogh/young-woman-sewing-1881.jpg","0101_Young_Woman_Sewing_738x1024.jpg","229153"
"102","Vincent van Gogh","vincent-van-gogh","Donkey and Cart","1881","2230","1530","3.41","https://uploads6.wikiart.org/images/vincent-van-gogh/donkey-and-cart(1).jpg","0102_Donkey_and_Cart_2230x1530.jpg","1057023"
"103","Vincent van Gogh","vincent-van-gogh","Route","1881","640","1125","0.72","https://uploads2.wikiart.org/images/vincent-van-gogh/route.jpg","0103_Route_640x1125.jpg","208961"
"104","Vincent van Gogh","vincent-van-gogh","Woman near a Window twice, Man with Winnow, Sower, and Woman with Broom","1881","657","1024","0.67","https://uploads2.wikiart.org/images/vincent-van-gogh/woman-near-a-window-twice-man-with-winnow-sower-and-woman-with-broom.jpg","0104_Woman_near_a_Window_twice,_Man_with_Winn_657x1024.jpg","208360"
"105","Vincent van Gogh","vincent-van-gogh","The Bridge","1882","2633","795","2.09","https://uploads7.wikiart.org/images/vincent-van-gogh/the-bridge.jpg","0105_The_Bridge_2633x795.jpg","1744437"
"106","Vincent van Gogh","vincent-van-gogh","A Carpenter with Apron","1882","597","1024","0.61","https://uploads0.wikiart.org/images/vincent-van-gogh/a-carpenter-with-apron-1882(1).jpg","0106_A_Carpenter_with_Apron_597x1024.jpg","106674"
"107","Vincent van Gogh","vincent-van-gogh","A Girl in a Wood","1882","1024","715","0.73","https://uploads3.wikiart.org/images/vincent-van-gogh/a-girl-in-a-wood-1882(1).jpg","0107_A_Girl_in_a_Wood_1024x715.jpg","269448"
"108","Vincent van Gogh","vincent-van-gogh","A Girl in the Street, Two Coaches in the Background","1882","1024","840","0.86","https://uploads1.wikiart.org/images/vincent-van-gogh/a-girl-in-the-street-two-coaches-in-the-background-1882(1).jpg","0108_A_Girl_in_the_Street,_Two_Coaches_in_the_1024x840.jpg","252833"
"109","Vincent van Gogh","vincent-van-gogh","An Almshouse Man in a Top Hat","1882","589","1024","0.6","https://uploads7.wikiart.org/images/vincent-van-gogh/an-almshouse-man-in-a-top-hat-1882(1).jpg","0109_An_Almshouse_Man_in_a_Top_Hat_589x1024.jpg","218122"
"110","Vincent van Gogh","vincent-van-gogh","Baby","1882","1608","2110","3.39","https://uploads4.wikiart.org/images/vincent-van-gogh/baby(1).jpg","0110_Baby_1608x2110.jpg","1119061"
"111","Vincent van Gogh","vincent-van-gogh","Baby in a Carriage","1882","1024","827","0.85","https://uploads0.wikiart.org/images/vincent-van-gogh/baby-in-a-carriage(1).jpg","0111_Baby_in_a_Carriage_1024x827.jpg","128839"
"112","Vincent van Gogh","vincent-van-gogh","Beach and Boats","1882","728","1024","0.75","https://uploads2.wikiart.org/images/vincent-van-gogh/beach-and-boats-1882(1).jpg","0112_Beach_and_Boats_728x1024.jpg","277731"
"113","Vincent van Gogh","vincent-van-gogh","Beach and Sea","1882","1024","600","0.61","https://uploads0.wikiart.org/images/vincent-van-gogh/beach-and-sea-1882(1).jpg","0113_Beach_and_Sea_1024x600.jpg","234772"
"114","Vincent van Gogh","vincent-van-gogh","Beach at Scheveningen in Calm Weather","1882","1024","700","0.72","https://uploads6.wikiart.org/images/vincent-van-gogh/beach-at-scheveningen-in-calm-weather-1882(1).jpg","0114_Beach_at_Scheveningen_in_Calm_Weather_1024x700.jpg","176908"
"115","Vincent van Gogh","vincent-van-gogh","Beach with People Walking and Boats","1882","1024","606","0.62","https://uploads4.wikiart.org/images/vincent-van-gogh/beach-with-people-walking-and-boats-1882(1).jpg","0115_Beach_with_People_Walking_and_Boats_1024x606.jpg","222514"
"116","Vincent van Gogh","vincent-van-gogh","Bench in a Wood","1882","1024","648","0.66","https://uploads2.wikiart.org/images/vincent-van-gogh/bench-in-a-wood-1882(1).jpg","0116_Bench_in_a_Wood_1024x648.jpg","233330"
"117","Vincent van Gogh","vincent-van-gogh","Bench with Four Persons","1882","1024","956","0.98","https://uploads1.wikiart.org/images/vincent-van-gogh/bench-with-four-persons-1882(1).jpg","0117_Bench_with_Four_Persons_1024x956.jpg","367207"
"118","Vincent van Gogh","vincent-van-gogh","Bench with Four Persons and Baby","1882","1060","726","0.77","https://uploads1.wikiart.org/images/vincent-van-gogh/bench-with-four-persons-and-baby-1882(1).jpg","0118_Bench_with_Four_Persons_and_Baby_1060x726.jpg","237761"
"119","Vincent van Gogh","vincent-van-gogh","Bench with Three Persons","1882","1061","541","0.57","https://uploads2.wikiart.org/images/vincent-van-gogh/bench-with-three-persons-1882(1).jpg","0119_Bench_with_Three_Persons_1061x541.jpg","171603"
"120","Vincent van Gogh","vincent-van-gogh","Bending Woman","1882","752","1024","0.77","https://uploads0.wikiart.org/images/vincent-van-gogh/bending-woman-1882(1).jpg","0120_Bending_Woman_752x1024.jpg","141015"
"121","Vincent van Gogh","vincent-van-gogh","Bent Figure of a Woman","1882","768","1024","0.79","https://uploads0.wikiart.org/images/vincent-van-gogh/bent-figure-of-a-woman-1882(1).jpg","0121_Bent_Figure_of_a_Woman_768x1024.jpg","318887"
"122","Vincent van Gogh","vincent-van-gogh","Bent Figure of a Woman Sien","1882","768","1024","0.79","https://uploads5.wikiart.org/images/vincent-van-gogh/bent-figure-of-a-woman-sien-1882(1).jpg","0122_Bent_Figure_of_a_Woman_Sien_768x1024.jpg","226074"
"123","Vincent van Gogh","vincent-van-gogh","Bleaching Ground","1882","2649","1597","4.23","https://uploads3.wikiart.org/images/vincent-van-gogh/bleaching-ground-1882(1).jpg","0123_Bleaching_Ground_2649x1597.jpg","3766252"
"124","Vincent van Gogh","vincent-van-gogh","Bridge and Houses on the Corner of Herengracht-Prinsessegracht","1882","1961","1379","2.7","https://uploads4.wikiart.org/images/vincent-van-gogh/bridge-and-houses-on-the-corner-of-herengracht-prinsessegracht-1882(1).jpg","0124_Bridge_and_Houses_on_the_Corner_of_Heren_1961x1379.jpg","886913"
"125","Vincent van Gogh","vincent-van-gogh","Carpenter","1882","551","1024","0.56","https://uploads5.wikiart.org/images/vincent-van-gogh/carpenter-1882(1).jpg","0125_Carpenter_551x1024.jpg","100857"
"126","Vincent van Gogh","vincent-van-gogh","Carpenter, Seen from the Back","1882","503","1024","0.52","https://uploads6.wikiart.org/images/vincent-van-gogh/carpenter-seen-from-the-back-1882(1).jpg","0126_Carpenter,_Seen_from_the_Back_503x1024.jpg","248269"
"127","Vincent van Gogh","vincent-van-gogh","Carpenter`s Workshop Seen from the Artist`s Studio","1882","1280","760","0.97","https://uploads1.wikiart.org/images/vincent-van-gogh/carpenter-s-workshop-seen-from-the-artist-s-studio-1882(1).jpg","0127_Carpenter`s_Workshop_Seen_from_the_Artis_1280x760.jpg","229855"
"128","Vincent van Gogh","vincent-van-gogh","Carpenter's Yard and Laundry","1882","1024","616","0.63","https://uploads6.wikiart.org/images/vincent-van-gogh/carpenter-s-yard-and-laundry-1882(1).jpg","0128_Carpenter's_Yard_and_Laundry_1024x616.jpg","216176"
"129","Vincent van Gogh","vincent-van-gogh","Church Pew with Worshippers","1882","1024","658","0.67","https://uploads5.wikiart.org/images/vincent-van-gogh/church-pew-with-worshippers-1882(1).jpg","0129_Church_Pew_with_Worshippers_1024x658.jpg","248326"
"130","Vincent van Gogh","vincent-van-gogh","Cluster of Old Houses with the New Church in The Hague","1882","854","1231","1.05","https://uploads5.wikiart.org/images/vincent-van-gogh/cluster-of-old-houses-with-the-new-church-in-the-hague-1882(1).jpg","0130_Cluster_of_Old_Houses_with_the_New_Churc_854x1231.jpg","342627"
"131","Vincent van Gogh","vincent-van-gogh","Country Lane with Trees","1882","1024","699","0.72","https://uploads1.wikiart.org/images/vincent-van-gogh/country-lane-with-trees-1882(1).jpg","0131_Country_Lane_with_Trees_1024x699.jpg","198232"
"132","Vincent van Gogh","vincent-van-gogh","Cradle","1882","1024","647","0.66","https://uploads2.wikiart.org/images/vincent-van-gogh/cradle-1882(1).jpg","0132_Cradle_1024x647.jpg","250811"
"133","Vincent van Gogh","vincent-van-gogh","Digger","1882","1667","2749","4.58","https://uploads2.wikiart.org/images/vincent-van-gogh/digger-1882(1).jpg","0133_Digger_1667x2749.jpg","1481185"
"134","Vincent van Gogh","vincent-van-gogh","Digger","1882","1570","2791","4.38","https://uploads4.wikiart.org/images/vincent-van-gogh/digger-1882-1(1).jpg","0134_Digger_1570x2791.jpg","1329010"
"135","Vincent van Gogh","vincent-van-gogh","Digger","1882","1667","2775","4.63","https://uploads4.wikiart.org/images/vincent-van-gogh/digger-1882-2(1).jpg","0135_Digger_1667x2775.jpg","1532311"
"136","Vincent van Gogh","vincent-van-gogh","Digger","1882","1619","2471","4","https://uploads4.wikiart.org/images/vincent-van-gogh/digger-1882-3(1).jpg","0136_Digger_1619x2471.jpg","1241375"
"137","Vincent van Gogh","vincent-van-gogh","Diggers in Torn-Up Street","1882","594","1024","0.61","https://uploads3.wikiart.org/images/vincent-van-gogh/diggers-in-torn-up-street-1882(1).jpg","0137_Diggers_in_Torn-Up_Street_594x1024.jpg","234108"
"138","Vincent van Gogh","vincent-van-gogh","Donkey Cart with Boy and Scheveningen Woman","1882","1024","662","0.68","https://uploads3.wikiart.org/images/vincent-van-gogh/donkey-cart-with-boy-and-scheveningen-woman-1882(1).jpg","0138_Donkey_Cart_with_Boy_and_Scheveningen_Wo_1024x662.jpg","158518"
"139","Vincent van Gogh","vincent-van-gogh","Dunes","1882","1280","742","0.95","https://uploads1.wikiart.org/images/vincent-van-gogh/dunes-1882(1).jpg","0139_Dunes_1280x742.jpg","230297"
"140","Vincent van Gogh","vincent-van-gogh","Dunes with Figures","1882","1024","734","0.75","https://uploads5.wikiart.org/images/vincent-van-gogh/dunes-with-figures-1882(1).jpg","0140_Dunes_with_Figures_1024x734.jpg","181288"
"141","Vincent van Gogh","vincent-van-gogh","Dunes with Figures","1882","2059","1456","3","https://uploads7.wikiart.org/images/vincent-van-gogh/dunes-with-figures-1882-1(1).jpg","0141_Dunes_with_Figures_2059x1456.jpg","344016"
"142","Vincent van Gogh","vincent-van-gogh","Edge of a Wood","1882","2730","1842","5.03","https://uploads1.wikiart.org/images/vincent-van-gogh/edge-of-a-wood-1882(1).jpg","0142_Edge_of_a_Wood_2730x1842.jpg","1596853"
"143","Vincent van Gogh","vincent-van-gogh","Entrance to the Pawn Bank, The Hague","1882","1951","1357","2.65","https://uploads4.wikiart.org/images/vincent-van-gogh/entrance-to-the-pawn-bank-the-hague-1882(1).jpg","0143_Entrance_to_the_Pawn_Bank,_The_Hague_1951x1357.jpg","802200"
"144","Vincent van Gogh","vincent-van-gogh","Factory","1882","750","527","0.4","https://uploads3.wikiart.org/images/vincent-van-gogh/factory-1882(1).jpg","0144_Factory_750x527.jpg","94389"
"145","Vincent van Gogh","vincent-van-gogh","Figure of a Woman with Unfinished Chair","1882","770","1024","0.79","https://uploads8.wikiart.org/images/vincent-van-gogh/figure-of-a-woman-with-unfinished-chair-1882(1).jpg","0145_Figure_of_a_Woman_with_Unfinished_Chair_770x1024.jpg","160709"
"146","Vincent van Gogh","vincent-van-gogh","Fish-Drying Barn","1882","2280","1271","2.9","https://uploads3.wikiart.org/images/vincent-van-gogh/fish-drying-barn-1882(1).jpg","0146_Fish-Drying_Barn_2280x1271.jpg","2765266"
"147","Vincent van Gogh","vincent-van-gogh","Fish-Drying Barn in Scheveningen","1882","2048","1276","2.61","https://uploads1.wikiart.org/images/vincent-van-gogh/fish-drying-barn-in-scheveningen-1882(1).jpg","0147_Fish-Drying_Barn_in_Scheveningen_2048x1276.jpg","358428"
"148","Vincent van Gogh","vincent-van-gogh","Fish-Drying Barn, Seen From a Height","1882","750","489","0.37","https://uploads4.wikiart.org/images/vincent-van-gogh/fish-drying-barn-seen-from-a-height-1882(1).jpg","0148_Fish-Drying_Barn,_Seen_From_a_Height_750x489.jpg","97355"
"149","Vincent van Gogh","vincent-van-gogh","Fisherman on the Beach","1882","861","1343","1.16","https://uploads0.wikiart.org/images/vincent-van-gogh/fisherman-on-the-beach-1882(1).jpg","0149_Fisherman_on_the_Beach_861x1343.jpg","347061"
"150","Vincent van Gogh","vincent-van-gogh","Fisherman with Basket on his Back","1882","613","1200","0.74","https://uploads2.wikiart.org/images/vincent-van-gogh/fisherman-with-basket-on-his-back-1882(1).jpg","0150_Fisherman_with_Basket_on_his_Back_613x1200.jpg","298378"
"151","Vincent van Gogh","vincent-van-gogh","Fisherman's Wife on the Beach","1882","856","1336","1.14","https://uploads7.wikiart.org/images/vincent-van-gogh/fisherman-s-wife-on-the-beach-1882(1).jpg","0151_Fisherman's_Wife_on_the_Beach_856x1336.jpg","329277"
"152","Vincent van Gogh","vincent-van-gogh","Four Men Cutting Wood","1882","1024","822","0.84","https://uploads8.wikiart.org/images/vincent-van-gogh/four-men-cutting-wood-1882(1).jpg","0152_Four_Men_Cutting_Wood_1024x822.jpg","268636"
"153","Vincent van Gogh","vincent-van-gogh","Four People on a Bench","1882","1359","1089","1.48","https://uploads0.wikiart.org/images/vincent-van-gogh/four-people-on-a-bench-1882(1).jpg","0153_Four_People_on_a_Bench_1359x1089.jpg","424718"
"154","Vincent van Gogh","vincent-van-gogh","Gasworks","1882","1961","1327","2.6","https://uploads4.wikiart.org/images/vincent-van-gogh/gasworks-1882(1).jpg","0154_Gasworks_1961x1327.jpg","852815"
"155","Vincent van Gogh","vincent-van-gogh","Girl Carrying a Loaf of Bread","1882","594","1024","0.61","https://uploads7.wikiart.org/images/vincent-van-gogh/girl-carrying-a-loaf-of-bread-1882(1).jpg","0155_Girl_Carrying_a_Loaf_of_Bread_594x1024.jpg","127179"
"156","Vincent van Gogh","vincent-van-gogh","Girl in the Woods","1882","1280","908","1.16","https://uploads4.wikiart.org/images/vincent-van-gogh/girl-in-the-woods-1882(1).jpg","0156_Girl_in_the_Woods_1280x908.jpg","213218"
"157","Vincent van Gogh","vincent-van-gogh","Girl in White in the Woods","1882","2751","1749","4.81","https://uploads4.wikiart.org/images/vincent-van-gogh/girl-in-white-in-the-woods-1882(1).jpg","0157_Girl_in_White_in_the_Woods_2751x1749.jpg","4157494"
"158","Vincent van Gogh","vincent-van-gogh","Girl near the Stove, Grinding Coffee","1882","1024","533","0.55","https://uploads4.wikiart.org/images/vincent-van-gogh/girl-near-the-stove-grinding-coffee-1882(1).jpg","0158_Girl_near_the_Stove,_Grinding_Coffee_1024x533.jpg","213936"
"159","Vincent van Gogh","vincent-van-gogh","Girl Sitting, Knitting","1882","630","1024","0.65","https://uploads8.wikiart.org/images/vincent-van-gogh/girl-sitting-knitting-1882(1).jpg","0159_Girl_Sitting,_Knitting_630x1024.jpg","129757"
"160","Vincent van Gogh","vincent-van-gogh","Girl Standing, Knitting","1882","513","1024","0.53","https://uploads0.wikiart.org/images/vincent-van-gogh/girl-standing-knitting-1882(1).jpg","0160_Girl_Standing,_Knitting_513x1024.jpg","103988"
"161","Vincent van Gogh","vincent-van-gogh","Group of People on the Beach with Fishing Boat Arriving","1882","645","1024","0.66","https://uploads6.wikiart.org/images/vincent-van-gogh/group-of-people-on-the-beach-with-fishing-boat-arriving-1882(1).jpg","0161_Group_of_People_on_the_Beach_with_Fishin_645x1024.jpg","270258"
"162","Vincent van Gogh","vincent-van-gogh","Head of a Woman","1882","760","1170","0.89","https://uploads8.wikiart.org/images/vincent-van-gogh/head-of-a-woman-1882.jpg","0162_Head_of_a_Woman_760x1170.jpg","280862"
"163","Vincent van Gogh","vincent-van-gogh","Iron Mill in The Hague","1882","2660","1624","4.32","https://uploads6.wikiart.org/images/vincent-van-gogh/iron-mill-in-the-hague-1882.jpg","0163_Iron_Mill_in_The_Hague_2660x1624.jpg","3841212"
"164","Vincent van Gogh","vincent-van-gogh","Lower Part of the Windmill De Laakmolen","1882","1024","698","0.71","https://uploads5.wikiart.org/images/vincent-van-gogh/lower-part-of-the-windmill-de-laakmolen-1882.jpg","0164_Lower_Part_of_the_Windmill_De_Laakmolen_1024x698.jpg","156091"
"165","Vincent van Gogh","vincent-van-gogh","Man and Woman Seen from the Back","1882","1701","2771","4.71","https://uploads7.wikiart.org/images/vincent-van-gogh/man-and-woman-seen-from-the-back-1882.jpg","0165_Man_and_Woman_Seen_from_the_Back_1701x2771.jpg","1460322"
"166","Vincent van Gogh","vincent-van-gogh","Man Carrying Peat","1882","476","1024","0.49","https://uploads1.wikiart.org/images/vincent-van-gogh/man-carrying-peat-1882.jpg","0166_Man_Carrying_Peat_476x1024.jpg","89042"
"167","Vincent van Gogh","vincent-van-gogh","Man Sitting by the Stove The Pauper","1882","804","1024","0.82","https://uploads1.wikiart.org/images/vincent-van-gogh/man-sitting-by-the-stove-the-pauper-1882.jpg","0167_Man_Sitting_by_the_Stove_The_Pauper_804x1024.jpg","209837"
"168","Vincent van Gogh","vincent-van-gogh","Man Sitting with a Glass in His Hand","1882","570","1024","0.58","https://uploads2.wikiart.org/images/vincent-van-gogh/man-sitting-with-a-glass-in-his-hand-1882.jpg","0168_Man_Sitting_with_a_Glass_in_His_Hand_570x1024.jpg","149779"
"169","Vincent van Gogh","vincent-van-gogh","Man Stooping with Stick or Spade","1882","2321","2422","5.62","https://uploads7.wikiart.org/images/vincent-van-gogh/man-stooping-with-stick-or-spade-1882.jpg","0169_Man_Stooping_with_Stick_or_Spade_2321x2422.jpg","1804540"
"170","Vincent van Gogh","vincent-van-gogh","Man with his head in his hands","1882","1024","972","1","https://uploads5.wikiart.org/images/vincent-van-gogh/man-with-his-head-in-his-hands-1882.jpg","0170_Man_with_his_head_in_his_hands_1024x972.jpg","413647"
"171","Vincent van Gogh","vincent-van-gogh","Man with Pipe and Eye Bandage","1882","619","1024","0.63","https://uploads4.wikiart.org/images/vincent-van-gogh/man-with-pipe-and-eye-bandage-1882.jpg","0171_Man_with_Pipe_and_Eye_Bandage_619x1024.jpg","251412"
"172","Vincent van Gogh","vincent-van-gogh","Man with Top Hat","1882","575","1024","0.59","https://uploads0.wikiart.org/images/vincent-van-gogh/man-with-top-hat-1882.jpg","0172_Man_with_Top_Hat_575x1024.jpg","243323"
"173","Vincent van Gogh","vincent-van-gogh","Man, Sitting, Reading a Book","1882","682","1024","0.7","https://uploads1.wikiart.org/images/vincent-van-gogh/man-sitting-reading-a-book-1882.jpg","0173_Man,_Sitting,_Reading_a_Book_682x1024.jpg","217742"
"174","Vincent van Gogh","vincent-van-gogh","Man, Standing with Arms Folded","1882","474","1024","0.49","https://uploads4.wikiart.org/images/vincent-van-gogh/man-standing-with-arms-folded-1882.jpg","0174_Man,_Standing_with_Arms_Folded_474x1024.jpg","216831"
"175","Vincent van Gogh","vincent-van-gogh","Man, Standing, Reading a Book","1882","694","1024","0.71","https://uploads2.wikiart.org/images/vincent-van-gogh/man-standing-reading-a-book-1882.jpg","0175_Man,_Standing,_Reading_a_Book_694x1024.jpg","147118"
"176","Vincent van Gogh","vincent-van-gogh","Meadow, In the Background New Church","1882","1024","587","0.6","https://uploads1.wikiart.org/images/vincent-van-gogh/meadow-in-the-background-new-church-1882.jpg","0176_Meadow,_In_the_Background_New_Church_1024x587.jpg","164487"
"177","Vincent van Gogh","vincent-van-gogh","Meadows near Rijswijk","1882","1280","781","1","https://uploads5.wikiart.org/images/vincent-van-gogh/meadows-near-rijswijk-1882.jpg","0177_Meadows_near_Rijswijk_1280x781.jpg","280468"
"178","Vincent van Gogh","vincent-van-gogh","Meadows near Rijswijk and the Schenkweg","1882","1024","706","0.72","https://uploads5.wikiart.org/images/vincent-van-gogh/meadows-near-rijswijk-and-the-schenkweg-1882.jpg","0178_Meadows_near_Rijswijk_and_the_Schenkweg_1024x706.jpg","235354"
"179","Vincent van Gogh","vincent-van-gogh","Miners in the Snow Winter","1882","1264","806","1.02","https://uploads0.wikiart.org/images/vincent-van-gogh/miners-in-the-snow-winter-1882.jpg","0179_Miners_in_the_Snow_Winter_1264x806.jpg","320317"
"180","Vincent van Gogh","vincent-van-gogh","Miners' wives carrying sacks of coal","1882","2760","1740","4.8","https://uploads1.wikiart.org/images/vincent-van-gogh/miners-wives-carrying-sacks-of-coal-1882.jpg","0180_Miners'_wives_carrying_sacks_of_coal_2760x1740.jpg","4401321"
"181","Vincent van Gogh","vincent-van-gogh","Nude Woman, Half-Length","1882","545","1024","0.56","https://uploads6.wikiart.org/images/vincent-van-gogh/nude-woman-half-length-1882.jpg","0181_Nude_Woman,_Half-Length_545x1024.jpg","123978"
"182","Vincent van Gogh","vincent-van-gogh","Old Man in a Tail-coat","1882","1491","2767","4.13","https://uploads6.wikiart.org/images/vincent-van-gogh/old-man-in-a-tail-coat-1882.jpg","0182_Old_Man_in_a_Tail-coat_1491x2767.jpg","1227796"
"183","Vincent van Gogh","vincent-van-gogh","Old Man Reading","1882","1593","2766","4.41","https://uploads8.wikiart.org/images/vincent-van-gogh/old-man-reading-1882.jpg","0183_Old_Man_Reading_1593x2766.jpg","1312905"
"184","Vincent van Gogh","vincent-van-gogh","Old Man with a Stick","1882","1616","2765","4.47","https://uploads4.wikiart.org/images/vincent-van-gogh/old-man-with-a-stick-1882.jpg","0184_Old_Man_with_a_Stick_1616x2765.jpg","1330160"
"185","Vincent van Gogh","vincent-van-gogh","Old Man with a Top Hat","1882","1631","2790","4.55","https://uploads6.wikiart.org/images/vincent-van-gogh/old-man-with-a-top-hat-1882.jpg","0185_Old_Man_with_a_Top_Hat_1631x2790.jpg","1347115"
"186","Vincent van Gogh","vincent-van-gogh","Old Street The Paddemoes","1882","750","612","0.46","https://uploads8.wikiart.org/images/vincent-van-gogh/old-street-the-paddemoes-1882.jpg","0186_Old_Street_The_Paddemoes_750x612.jpg","130193"
"187","Vincent van Gogh","vincent-van-gogh","Old Woman Seen from Behind","1882","798","1024","0.82","https://uploads1.wikiart.org/images/vincent-van-gogh/old-woman-seen-from-behind-1882.jpg","0187_Old_Woman_Seen_from_Behind_798x1024.jpg","226769"
"188","Vincent van Gogh","vincent-van-gogh","Old Woman with a Shawl and a Walking-Stick","1882","1397","2736","3.82","https://uploads8.wikiart.org/images/vincent-van-gogh/old-woman-with-a-shawl-and-a-walking-stick-1882.jpg","0188_Old_Woman_with_a_Shawl_and_a_Walking-Sti_1397x2736.jpg","1142414"
"189","Vincent van Gogh","vincent-van-gogh","Orphan Man","1882","777","1427","1.11","https://uploads3.wikiart.org/images/vincent-van-gogh/orphan-man-1882.jpg","0189_Orphan_Man_777x1427.jpg","358788"
"190","Vincent van Gogh","vincent-van-gogh","Orphan Man Holding Top Hat in his Hand","1882","484","1024","0.5","https://uploads4.wikiart.org/images/vincent-van-gogh/orphan-man-holding-top-hat-in-his-hand-1882.jpg","0190_Orphan_Man_Holding_Top_Hat_in_his_Hand_484x1024.jpg","110480"
"191","Vincent van Gogh","vincent-van-gogh","Orphan Man Holding Top Hat in his Hand","1882","485","1024","0.5","https://uploads6.wikiart.org/images/vincent-van-gogh/orphan-man-holding-top-hat-in-his-hand-1882-1.jpg","0191_Orphan_Man_Holding_Top_Hat_in_his_Hand_485x1024.jpg","135514"
"192","Vincent van Gogh","vincent-van-gogh","Orphan Man in Sunday Clothes with Eye Bandage","1882","598","1024","0.61","https://uploads2.wikiart.org/images/vincent-van-gogh/orphan-man-in-sunday-clothes-with-eye-bandage-1882.jpg","0192_Orphan_Man_in_Sunday_Clothes_with_Eye_Ba_598x1024.jpg","318978"
"193","Vincent van Gogh","vincent-van-gogh","Orphan Man with Cap and Stick","1882","538","1024","0.55","https://uploads4.wikiart.org/images/vincent-van-gogh/orphan-man-with-cap-and-stick-1882.jpg","0193_Orphan_Man_with_Cap_and_Stick_538x1024.jpg","117884"
"194","Vincent van Gogh","vincent-van-gogh","Orphan Man with Cap and Walking Stick","1882","522","1024","0.53","https://uploads3.wikiart.org/images/vincent-van-gogh/orphan-man-with-cap-and-walking-stick-1882.jpg","0194_Orphan_Man_with_Cap_and_Walking_Stick_522x1024.jpg","93408"
"195","Vincent van Gogh","vincent-van-gogh","Orphan Man with Cap, Eating","1882","557","1024","0.57","https://uploads1.wikiart.org/images/vincent-van-gogh/orphan-man-with-cap-eating-1882.jpg","0195_Orphan_Man_with_Cap,_Eating_557x1024.jpg","219278"
"196","Vincent van Gogh","vincent-van-gogh","Orphan Man with Cap, Seen from the Back","1882","562","1024","0.58","https://uploads4.wikiart.org/images/vincent-van-gogh/orphan-man-with-cap-seen-from-the-back-1882.jpg","0196_Orphan_Man_with_Cap,_Seen_from_the_Back_562x1024.jpg","222004"
"197","Vincent van Gogh","vincent-van-gogh","Orphan Man with Long Overcoat and Umbrella, Seen from the Back","1882","608","1024","0.62","https://uploads0.wikiart.org/images/vincent-van-gogh/orphan-man-with-long-overcoat-and-umbrella-seen-from-the-back-1882.jpg","0197_Orphan_Man_with_Long_Overcoat_and_Umbrel_608x1024.jpg","115344"
"198","Vincent van Gogh","vincent-van-gogh","Orphan Man with Long Overcoat and Umbrella, Seen from the Back 2","1882","750","1401","1.05","https://uploads2.wikiart.org/images/vincent-van-gogh/orphan-man-with-long-overcoat-and-umbrella-seen-from-the-back-2-1882.jpg","0198_Orphan_Man_with_Long_Overcoat_and_Umbrel_750x1401.jpg","331971"
"199","Vincent van Gogh","vincent-van-gogh","Orphan Man with Long Overcoat Cleaning Boots","1882","581","1024","0.59","https://uploads1.wikiart.org/images/vincent-van-gogh/orphan-man-with-long-overcoat-cleaning-boots-1882.jpg","0199_Orphan_Man_with_Long_Overcoat_Cleaning_B_581x1024.jpg","189729"
"200","Vincent van Gogh","vincent-van-gogh","Orphan Man with Long Overcoat, Glass and Handkerchief","1882","493","1024","0.5","https://uploads0.wikiart.org/images/vincent-van-gogh/orphan-man-with-long-overcoat-glass-and-handkerchief-1882.jpg","0200_Orphan_Man_with_Long_Overcoat,_Glass_and_493x1024.jpg","182773"
"201","Vincent van Gogh","vincent-van-gogh","Orphan Man with Top Hat and Hands Crossed","1882","507","1024","0.52","https://uploads7.wikiart.org/images/vincent-van-gogh/orphan-man-with-top-hat-and-hands-crossed-1882.jpg","0201_Orphan_Man_with_Top_Hat_and_Hands_Crosse_507x1024.jpg","95427"
"202","Vincent van Gogh","vincent-van-gogh","Orphan Man with Top Hat and Umbrella Looking at his Watch","1882","612","1024","0.63","https://uploads5.wikiart.org/images/vincent-van-gogh/orphan-man-with-top-hat-and-umbrella-looking-at-his-watch-1882.jpg","0202_Orphan_Man_with_Top_Hat_and_Umbrella_Loo_612x1024.jpg","111296"
"203","Vincent van Gogh","vincent-van-gogh","Orphan Man with Top Hat and Umbrella Under his Arm","1882","509","1024","0.52","https://uploads7.wikiart.org/images/vincent-van-gogh/orphan-man-with-top-hat-and-umbrella-under-his-arm-1882.jpg","0203_Orphan_Man_with_Top_Hat_and_Umbrella_Und_509x1024.jpg","186385"
"204","Vincent van Gogh","vincent-van-gogh","Orphan Man with Top Hat, Drinking Coffee","1882","1563","2775","4.34","https://uploads5.wikiart.org/images/vincent-van-gogh/orphan-man-with-top-hat-drinking-coffee-1882.jpg","0204_Orphan_Man_with_Top_Hat,_Drinking_Coffee_1563x2775.jpg","1274988"
"205","Vincent van Gogh","vincent-van-gogh","Orphan Man with Top Hat, Drinking Coffee","1882","791","1413","1.12","https://uploads7.wikiart.org/images/vincent-van-gogh/orphan-man-with-top-hat-drinking-coffee-1882-1.jpg","0205_Orphan_Man_with_Top_Hat,_Drinking_Coffee_791x1413.jpg","332118"
"206","Vincent van Gogh","vincent-van-gogh","Orphan Man with Top Hat, Eating from a Plate","1882","531","1024","0.54","https://uploads0.wikiart.org/images/vincent-van-gogh/orphan-man-with-top-hat-eating-from-a-plate-1882.jpg","0206_Orphan_Man_with_Top_Hat,_Eating_from_a_P_531x1024.jpg","220211"
"207","Vincent van Gogh","vincent-van-gogh","Orphan Man with Top Hat, Head","1882","669","1024","0.69","https://uploads3.wikiart.org/images/vincent-van-gogh/orphan-man-with-top-hat-head-1882.jpg","0207_Orphan_Man_with_Top_Hat,_Head_669x1024.jpg","231691"
"208","Vincent van Gogh","vincent-van-gogh","Orphan Man with Top Hat, Holding Cup","1882","492","1024","0.5","https://uploads1.wikiart.org/images/vincent-van-gogh/orphan-man-with-top-hat-holding-cup-1882.jpg","0208_Orphan_Man_with_Top_Hat,_Holding_Cup_492x1024.jpg","213990"
"209","Vincent van Gogh","vincent-van-gogh","Orphan Man with Top Hat, Standing near the Stove, Seen from the Back","1882","501","1024","0.51","https://uploads5.wikiart.org/images/vincent-van-gogh/orphan-man-with-top-hat-standing-near-the-stove-seen-from-the-back-1882.jpg","0209_Orphan_Man_with_Top_Hat,_Standing_near_t_501x1024.jpg","110427"
"210","Vincent van Gogh","vincent-van-gogh","Orphan Man with Umbrella, Seen from the Back","1882","795","1328","1.06","https://uploads0.wikiart.org/images/vincent-van-gogh/orphan-man-with-umbrella-seen-from-the-back-1882.jpg","0210_Orphan_Man_with_Umbrella,_Seen_from_the_795x1328.jpg","301941"
"211","Vincent van Gogh","vincent-van-gogh","Orphan Man, Sitting with a Girl","1882","814","1638","1.33","https://uploads5.wikiart.org/images/vincent-van-gogh/orphan-man-sitting-with-a-girl-1882.jpg","0211_Orphan_Man,_Sitting_with_a_Girl_814x1638.jpg","324591"
"212","Vincent van Gogh","vincent-van-gogh","Orphan Man, Standing","1882","533","1024","0.55","https://uploads3.wikiart.org/images/vincent-van-gogh/orphan-man-standing-1882.jpg","0212_Orphan_Man,_Standing_533x1024.jpg","153043"
"213","Vincent van Gogh","vincent-van-gogh","Orphan Man, Wearing a Blouse, Sitting with Pipe","1882","536","1024","0.55","https://uploads2.wikiart.org/images/vincent-van-gogh/orphan-man-wearing-a-blouse-sitting-with-pipe-1882.jpg","0213_Orphan_Man,_Wearing_a_Blouse,_Sitting_wi_536x1024.jpg","121398"
"214","Vincent van Gogh","vincent-van-gogh","Orphan Man, Wearing a Blouse, with Broom and Pipe","1882","420","1024","0.43","https://uploads4.wikiart.org/images/vincent-van-gogh/orphan-man-wearing-a-blouse-with-broom-and-pipe-1882.jpg","0214_Orphan_Man,_Wearing_a_Blouse,_with_Broom_420x1024.jpg","137973"
"215","Vincent van Gogh","vincent-van-gogh","Orphans","1882","1024","628","0.64","https://uploads0.wikiart.org/images/vincent-van-gogh/orphans-1882.jpg","0215_Orphans_1024x628.jpg","221548"
"216","Vincent van Gogh","vincent-van-gogh","People Strolling on the Beach","1882","1024","677","0.69","https://uploads4.wikiart.org/images/vincent-van-gogh/people-strolling-on-the-beach-1882.jpg","0216_People_Strolling_on_the_Beach_1024x677.jpg","241165"
"217","Vincent van Gogh","vincent-van-gogh","People Walking on the Beach","1882","1024","637","0.65","https://uploads2.wikiart.org/images/vincent-van-gogh/people-walking-on-the-beach-1882.jpg","0217_People_Walking_on_the_Beach_1024x637.jpg","192257"
"218","Vincent van Gogh","vincent-van-gogh","Pollard Willow","1882","968","1024","0.99","https://uploads7.wikiart.org/images/vincent-van-gogh/pollard-willow-1882.jpg","0218_Pollard_Willow_968x1024.jpg","317586"
"219","Vincent van Gogh","vincent-van-gogh","Pollard Willow","1882","1280","858","1.1","https://uploads0.wikiart.org/images/vincent-van-gogh/pollard-willow-1882-1.jpg","0219_Pollard_Willow_1280x858.jpg","1396336"
"220","Vincent van Gogh","vincent-van-gogh","Potato Field","1882","1024","698","0.71","https://uploads5.wikiart.org/images/vincent-van-gogh/potato-field-1882.jpg","0220_Potato_Field_1024x698.jpg","303244"
"221","Vincent van Gogh","vincent-van-gogh","Prayer Before the Meal","1882","807","1024","0.83","https://uploads6.wikiart.org/images/vincent-van-gogh/prayer-before-the-meal-1882.jpg","0221_Prayer_Before_the_Meal_807x1024.jpg","301076"
"222","Vincent van Gogh","vincent-van-gogh","Rooftops","1882","500","345","0.17","https://uploads1.wikiart.org/images/vincent-van-gogh/rooftops-1882.jpg","0222_Rooftops_500x345.jpg","30301"
"223","Vincent van Gogh","vincent-van-gogh","Sand Diggers","1882","740","1024","0.76","https://uploads5.wikiart.org/images/vincent-van-gogh/sand-diggers-1882.jpg","0223_Sand_Diggers_740x1024.jpg","259419"
"224","Vincent van Gogh","vincent-van-gogh","Saw Mill","1882","1024","814","0.83","https://uploads1.wikiart.org/images/vincent-van-gogh/saw-mill-1882.jpg","0224_Saw_Mill_1024x814.jpg","196285"
"225","Vincent van Gogh","vincent-van-gogh","Scheveningen Road","1882","750","464","0.35","https://uploads1.wikiart.org/images/vincent-van-gogh/scheveningen-road-1882.jpg","0225_Scheveningen_Road_750x464.jpg","77209"
"226","Vincent van Gogh","vincent-van-gogh","Scheveningen Woman Sewing","1882","1057","1456","1.54","https://uploads0.wikiart.org/images/vincent-van-gogh/scheveningen-woman-sewing-1882.jpg","0226_Scheveningen_Woman_Sewing_1057x1456.jpg","223691"
"227","Vincent van Gogh","vincent-van-gogh","Scheveningen Women and Other People Under Umbrellas","1882","750","1012","0.76","https://uploads8.wikiart.org/images/vincent-van-gogh/scheveningen-women-and-other-people-under-umbrellas-1882.jpg","0227_Scheveningen_Women_and_Other_People_Unde_750x1012.jpg","139639"
"228","Vincent van Gogh","vincent-van-gogh","Shores of Scheveningen","1882","721","507","0.37","https://uploads6.wikiart.org/images/vincent-van-gogh/shores-of-scheveningen-1882.jpg","0228_Shores_of_Scheveningen_721x507.jpg","44939"
"229","Vincent van Gogh","vincent-van-gogh","Sien Nursing Baby","1882","689","1024","0.71","https://uploads1.wikiart.org/images/vincent-van-gogh/sien-nursing-baby-1882.jpg","0229_Sien_Nursing_Baby_689x1024.jpg","248523"
"230","Vincent van Gogh","vincent-van-gogh","Sien Nursing Baby","1882","557","1024","0.57","https://uploads3.wikiart.org/images/vincent-van-gogh/sien-nursing-baby-1882-1.jpg","0230_Sien_Nursing_Baby_557x1024.jpg","143280"
"231","Vincent van Gogh","vincent-van-gogh","Sien Nursing Baby, Half-Figure","1882","658","1024","0.67","https://uploads4.wikiart.org/images/vincent-van-gogh/sien-nursing-baby-half-figure-1882.jpg","0231_Sien_Nursing_Baby,_Half-Figure_658x1024.jpg","253697"
"232","Vincent van Gogh","vincent-van-gogh","Sien Nursing Baby, Half-Figure","1882","621","1024","0.64","https://uploads6.wikiart.org/images/vincent-van-gogh/sien-nursing-baby-half-figure-1882-1.jpg","0232_Sien_Nursing_Baby,_Half-Figure_621x1024.jpg","146825"
"233","Vincent van Gogh","vincent-van-gogh","Sien Pregnant, Walking with Older Woman","1882","584","1024","0.6","https://uploads4.wikiart.org/images/vincent-van-gogh/sien-pregnant-walking-with-older-woman-1882.jpg","0233_Sien_Pregnant,_Walking_with_Older_Woman_584x1024.jpg","141031"
"234","Vincent van Gogh","vincent-van-gogh","Sien under Umbrella with Girl","1882","575","1024","0.59","https://uploads4.wikiart.org/images/vincent-van-gogh/sien-under-umbrella-with-girl-1882.jpg","0234_Sien_under_Umbrella_with_Girl_575x1024.jpg","204965"
"235","Vincent van Gogh","vincent-van-gogh","Sien with Child on her Lap","1882","776","1024","0.79","https://uploads1.wikiart.org/images/vincent-van-gogh/sien-with-child-on-her-lap-1882.jpg","0235_Sien_with_Child_on_her_Lap_776x1024.jpg","183626"
"236","Vincent van Gogh","vincent-van-gogh","Sien with Cigar Sitting on the Floor near Stove","1882","1080","864","0.93","https://uploads4.wikiart.org/images/vincent-van-gogh/sien-with-cigar-sitting-on-the-floor-near-stove-1882.jpg","0236_Sien_with_Cigar_Sitting_on_the_Floor_nea_1080x864.jpg","290556"
"237","Vincent van Gogh","vincent-van-gogh","Sien with Umbrella and Prayer Book","1882","473","1024","0.48","https://uploads0.wikiart.org/images/vincent-van-gogh/sien-with-umbrella-and-prayer-book-1882.jpg","0237_Sien_with_Umbrella_and_Prayer_Book_473x1024.jpg","172989"
"238","Vincent van Gogh","vincent-van-gogh","Sien's Mother's House","1882","1024","644","0.66","https://uploads5.wikiart.org/images/vincent-van-gogh/sien-s-mother-s-house-1882.jpg","0238_Sien's_Mother's_House_1024x644.jpg","224215"
"239","Vincent van Gogh","vincent-van-gogh","Sien's Mother's House Seen from the Backyard","1882","1280","809","1.04","https://uploads1.wikiart.org/images/vincent-van-gogh/sien-s-mother-s-house-seen-from-the-backyard-1882.jpg","0239_Sien's_Mother's_House_Seen_from_the_Back_1280x809.jpg","1455076"
"240","Vincent van Gogh","vincent-van-gogh","Sien's Mother's House, Closer View","1882","1024","759","0.78","https://uploads8.wikiart.org/images/vincent-van-gogh/sien-s-mother-s-house-closer-view-1882.jpg","0240_Sien's_Mother's_House,_Closer_View_1024x759.jpg","302455"
"241","Vincent van Gogh","vincent-van-gogh","Sorrow","1882","740","1024","0.76","https://uploads8.wikiart.org/images/vincent-van-gogh/sorrow-1882.jpg","0241_Sorrow_740x1024.jpg","210971"
"242","Vincent van Gogh","vincent-van-gogh","Sorrow","1882","385","660","0.25","https://uploads1.wikiart.org/images/vincent-van-gogh/sorrow-1882-1.jpg","0242_Sorrow_385x660.jpg","28179"
"243","Vincent van Gogh","vincent-van-gogh","Sorrow","1882","843","1280","1.08","https://uploads1.wikiart.org/images/vincent-van-gogh/sorrow-1882-2.jpg","0243_Sorrow_843x1280.jpg","1043975"
"244","Vincent van Gogh","vincent-van-gogh","Sower","1882","577","1024","0.59","https://uploads7.wikiart.org/images/vincent-van-gogh/sower-1882.jpg","0244_Sower_577x1024.jpg","235437"
"245","Vincent van Gogh","vincent-van-gogh","Sower","1882","504","1024","0.52","https://uploads0.wikiart.org/images/vincent-van-gogh/sower-1882-1.jpg","0245_Sower_504x1024.jpg","227082"
"246","Vincent van Gogh","vincent-van-gogh","Sower","1882","1024","733","0.75","https://uploads0.wikiart.org/images/vincent-van-gogh/sower-1882-2.jpg","0246_Sower_1024x733.jpg","174403"
"247","Vincent van Gogh","vincent-van-gogh","Sower","1882","706","1024","0.72","https://uploads0.wikiart.org/images/vincent-van-gogh/sower-1882-3.jpg","0247_Sower_706x1024.jpg","229459"
"248","Vincent van Gogh","vincent-van-gogh","Sowers","1882","1608","2439","3.92","https://uploads8.wikiart.org/images/vincent-van-gogh/sowers-1882.jpg","0248_Sowers_1608x2439.jpg","1216785"
"249","Vincent van Gogh","vincent-van-gogh","Standing Woman, Half-Length","1882","631","1024","0.65","https://uploads1.wikiart.org/images/vincent-van-gogh/standing-woman-half-length-1882.jpg","0249_Standing_Woman,_Half-Length_631x1024.jpg","197757"
"250","Vincent van Gogh","vincent-van-gogh","State Lottery Office","1882","1065","667","0.71","https://uploads4.wikiart.org/images/vincent-van-gogh/state-lottery-office-1882.jpg","0250_State_Lottery_Office_1065x667.jpg","226715"
"251","Vincent van Gogh","vincent-van-gogh","Station in The Hague","1882","1024","724","0.74","https://uploads4.wikiart.org/images/vincent-van-gogh/station-in-the-hague-1882.jpg","0251_Station_in_The_Hague_1024x724.jpg","322283"
"252","Vincent van Gogh","vincent-van-gogh","Studies of Donkey Carts","1882","974","1024","1","https://uploads7.wikiart.org/images/vincent-van-gogh/studies-of-donkey-carts-1882.jpg","0252_Studies_of_Donkey_Carts_974x1024.jpg","238443"
"253","Vincent van Gogh","vincent-van-gogh","Study of a Tree","1882","1024","768","0.79","https://uploads8.wikiart.org/images/vincent-van-gogh/study-of-a-tree-1882.jpg","0253_Study_of_a_Tree_1024x768.jpg","603266"
"254","Vincent van Gogh","vincent-van-gogh","Sunset Over a Meadow","1882","1024","450","0.46","https://uploads4.wikiart.org/images/vincent-van-gogh/sunset-over-a-meadow-1882.jpg","0254_Sunset_Over_a_Meadow_1024x450.jpg","235442"
"255","Vincent van Gogh","vincent-van-gogh","The Bakery in de Geest","1882","1024","628","0.64","https://uploads6.wikiart.org/images/vincent-van-gogh/the-bakery-in-de-geest-1882.jpg","0255_The_Bakery_in_de_Geest_1024x628.jpg","281227"
"256","Vincent van Gogh","vincent-van-gogh","The Bench","1882","1280","832","1.06","https://uploads2.wikiart.org/images/vincent-van-gogh/the-bench-1882.jpg","0256_The_Bench_1280x832.jpg","1502229"
"257","Vincent van Gogh","vincent-van-gogh","The Bookseller Blok","1882","1951","2935","5.73","https://uploads6.wikiart.org/images/vincent-van-gogh/the-bookseller-blok-1882(1).jpg","0257_The_Bookseller_Blok_1951x2935.jpg","6066116"
"258","Vincent van Gogh","vincent-van-gogh","The fish drying barn at Scheveningen","1882","1024","655","0.67","https://uploads6.wikiart.org/images/vincent-van-gogh/the-fish-drying-barn-at-scheveningen.jpg","0258_The_fish_drying_barn_at_Scheveningen_1024x655.jpg","151940"
"259","Vincent van Gogh","vincent-van-gogh","The Houses on Schenkweg where Van Gogh Lived","1882","1024","595","0.61","https://uploads1.wikiart.org/images/vincent-van-gogh/the-houses-on-schenkweg-where-van-gogh-lived-1882.jpg","0259_The_Houses_on_Schenkweg_where_Van_Gogh_L_1024x595.jpg","231289"
"260","Vincent van Gogh","vincent-van-gogh","The Schenkweg","1882","1024","542","0.56","https://uploads6.wikiart.org/images/vincent-van-gogh/the-schenkweg-1882.jpg","0260_The_Schenkweg_1024x542.jpg","188432"
"261","Vincent van Gogh","vincent-van-gogh","The State Lottery","1882","1280","836","1.07","https://uploads1.wikiart.org/images/vincent-van-gogh/the-state-lottery-1882.jpg","0261_The_State_Lottery_1280x836.jpg","333111"
"262","Vincent van Gogh","vincent-van-gogh","Torn-Up Street with Diggers","1882","750","518","0.39","https://uploads2.wikiart.org/images/vincent-van-gogh/torn-up-street-with-diggers-1882.jpg","0262_Torn-Up_Street_with_Diggers_750x518.jpg","79739"
"263","Vincent van Gogh","vincent-van-gogh","Two Boys near a Cart","1882","1024","646","0.66","https://uploads4.wikiart.org/images/vincent-van-gogh/two-boys-near-a-cart-1882.jpg","0263_Two_Boys_near_a_Cart_1024x646.jpg","342775"
"264","Vincent van Gogh","vincent-van-gogh","Two Men with a Four-Wheeled Wagon","1882","1024","629","0.64","https://uploads8.wikiart.org/images/vincent-van-gogh/two-men-with-a-four-wheeled-wagon-1882.jpg","0264_Two_Men_with_a_Four-Wheeled_Wagon_1024x629.jpg","183806"
"265","Vincent van Gogh","vincent-van-gogh","Two Women","1882","583","1024","0.6","https://uploads2.wikiart.org/images/vincent-van-gogh/two-women-1882.jpg","0265_Two_Women_583x1024.jpg","122901"
"266","Vincent van Gogh","vincent-van-gogh","Two Women in the Woods","1882","1754","2139","3.75","https://uploads6.wikiart.org/images/vincent-van-gogh/two-women-in-the-woods-1882.jpg","0266_Two_Women_in_the_Woods_1754x2139.jpg","2864390"
"267","Vincent van Gogh","vincent-van-gogh","Van Stolkpark","1882","750","398","0.3","https://uploads6.wikiart.org/images/vincent-van-gogh/van-stolkpark-1882.jpg","0267_Van_Stolkpark_750x398.jpg","73165"
"268","Vincent van Gogh","vincent-van-gogh","View of Scheveningen","1882","2217","1600","3.55","https://uploads4.wikiart.org/images/vincent-van-gogh/view-of-scheveningen-1882.jpg","0268_View_of_Scheveningen_2217x1600.jpg","1082523"
"269","Vincent van Gogh","vincent-van-gogh","View of The Hague with the New Church","1882","1024","724","0.74","https://uploads3.wikiart.org/images/vincent-van-gogh/view-of-the-hague-with-the-new-church-1882.jpg","0269_View_of_The_Hague_with_the_New_Church_1024x724.jpg","210478"
"270","Vincent van Gogh","vincent-van-gogh","View of the Sea at Scheveningen","1882","2722","1907","5.19","https://uploads6.wikiart.org/images/vincent-van-gogh/view-of-the-sea-at-scheveningen-1882.jpg","0270_View_of_the_Sea_at_Scheveningen_2722x1907.jpg","1637059"
"271","Vincent van Gogh","vincent-van-gogh","Waiting Room","1882","2526","1842","4.65","https://uploads5.wikiart.org/images/vincent-van-gogh/waiting-room-1882.jpg","0271_Waiting_Room_2526x1842.jpg","3582147"
"272","Vincent van Gogh","vincent-van-gogh","Woman at the Window, Knitting","1882","800","1024","0.82","https://uploads3.wikiart.org/images/vincent-van-gogh/woman-at-the-window-knitting-1882.jpg","0272_Woman_at_the_Window,_Knitting_800x1024.jpg","199665"
"273","Vincent van Gogh","vincent-van-gogh","Woman in a Dark Dress (Sien's Mother)","1882","614","1024","0.63","https://uploads1.wikiart.org/images/vincent-van-gogh/woman-in-a-dark-dress-sien-s-mother-1882.jpg","0273_Woman_in_a_Dark_Dress_(Sien's_Mother)_614x1024.jpg","185222"
"274","Vincent van Gogh","vincent-van-gogh","Woman on a Road with Pollard Willows","1882","1024","614","0.63","https://uploads2.wikiart.org/images/vincent-van-gogh/woman-on-a-road-with-pollard-willows-1882.jpg","0274_Woman_on_a_Road_with_Pollard_Willows_1024x614.jpg","237822"
"275","Vincent van Gogh","vincent-van-gogh","Woman Sien with Baby on her Lap, Half-Figure","1882","623","1024","0.64","https://uploads0.wikiart.org/images/vincent-van-gogh/woman-sien-with-baby-on-her-lap-half-figure-1882.jpg","0275_Woman_Sien_with_Baby_on_her_Lap,_Half-Fi_623x1024.jpg","203569"
"276","Vincent van Gogh","vincent-van-gogh","Woman Spreading Out Laundry on a Field","1882","1024","660","0.68","https://uploads4.wikiart.org/images/vincent-van-gogh/woman-spreading-out-laundry-on-a-field-1882.jpg","0276_Woman_Spreading_Out_Laundry_on_a_Field_1024x660.jpg","179259"
"277","Vincent van Gogh","vincent-van-gogh","Woman with a Broom","1882","1560","2802","4.37","https://uploads2.wikiart.org/images/vincent-van-gogh/woman-with-a-broom-1882.jpg","0277_Woman_with_a_Broom_1560x2802.jpg","1387237"
"278","Vincent van Gogh","vincent-van-gogh","Woman with a Broom","1882","1376","2784","3.83","https://uploads4.wikiart.org/images/vincent-van-gogh/woman-with-a-broom-1882-1.jpg","0278_Woman_with_a_Broom_1376x2784.jpg","1196902"
"279","Vincent van Gogh","vincent-van-gogh","Woman with Dark Cap, Sien's Mother","1882","557","1024","0.57","https://uploads8.wikiart.org/images/vincent-van-gogh/woman-with-dark-cap-sien-s-mother-1882.jpg","0279_Woman_with_Dark_Cap,_Sien's_Mother_557x1024.jpg","244361"
"280","Vincent van Gogh","vincent-van-gogh","Woman with Hat, Coat and Pleated Dress","1882","475","1024","0.49","https://uploads3.wikiart.org/images/vincent-van-gogh/woman-with-hat-coat-and-pleated-dress-1882.jpg","0280_Woman_with_Hat,_Coat_and_Pleated_Dress_475x1024.jpg","105467"
"281","Vincent van Gogh","vincent-van-gogh","Head of a Woman with Hat Facing Right","1882","564","1024","0.58","https://uploads3.wikiart.org/images/vincent-van-gogh/woman-with-hat-head-1882.jpg","0281_Head_of_a_Woman_with_Hat_Facing_Right_564x1024.jpg","256793"
"282","Vincent van Gogh","vincent-van-gogh","Woman with Kettle, Seen from the Back","1882","466","1024","0.48","https://uploads2.wikiart.org/images/vincent-van-gogh/woman-with-kettle-seen-from-the-back-1882.jpg","0282_Woman_with_Kettle,_Seen_from_the_Back_466x1024.jpg","152326"
"283","Vincent van Gogh","vincent-van-gogh","Woman with Shawl, Umbrella and Basket","1882","586","1024","0.6","https://uploads2.wikiart.org/images/vincent-van-gogh/woman-with-shawl-umbrella-and-basket-1882.jpg","0283_Woman_with_Shawl,_Umbrella_and_Basket_586x1024.jpg","117749"
"284","Vincent van Gogh","vincent-van-gogh","Woman with White Bonnet, Sien's Mother","1882","744","1024","0.76","https://uploads3.wikiart.org/images/vincent-van-gogh/woman-with-white-bonnet-sien-s-mother-1882.jpg","0284_Woman_with_White_Bonnet,_Sien's_Mother_744x1024.jpg","202085"
"285","Vincent van Gogh","vincent-van-gogh","Woman with White Shawl in a Wood","1882","1288","1899","2.45","https://uploads7.wikiart.org/images/vincent-van-gogh/woman-with-white-shawl-in-a-wood-1882.jpg","0285_Woman_with_White_Shawl_in_a_Wood_1288x1899.jpg","1812582"
"286","Vincent van Gogh","vincent-van-gogh","Women Mending Nets in the Dunes","1882","1024","688","0.7","https://uploads6.wikiart.org/images/vincent-van-gogh/women-mending-nets-in-the-dunes-1882.jpg","0286_Women_Mending_Nets_in_the_Dunes_1024x688.jpg","255164"
"287","Vincent van Gogh","vincent-van-gogh","Women Miners","1882","750","482","0.36","https://uploads5.wikiart.org/images/vincent-van-gogh/women-miners-1882.jpg","0287_Women_Miners_750x482.jpg","73797"
"288","Vincent van Gogh","vincent-van-gogh","Woody Landscape After the Rain","1882","1024","455","0.47","https://uploads5.wikiart.org/images/vincent-van-gogh/woody-landscape-after-the-rain-1882.jpg","0288_Woody_Landscape_After_the_Rain_1024x455.jpg","188284"
"289","Vincent van Gogh","vincent-van-gogh","Workman Sitting on a Basket, Cutting Bread","1882","674","1024","0.69","https://uploads7.wikiart.org/images/vincent-van-gogh/workman-sitting-on-a-basket-cutting-bread-1882.jpg","0289_Workman_Sitting_on_a_Basket,_Cutting_Bre_674x1024.jpg","286537"
"290","Vincent van Gogh","vincent-van-gogh","At Eternity's Gate (""Worn Out"")","1882","1836","2916","5.35","https://uploads1.wikiart.org/images/vincent-van-gogh/worn-out-1882.jpg","0290_At_Eternity's_Gate_(_Worn_Out_)_1836x2916.jpg","5314692"
"291","Vincent van Gogh","vincent-van-gogh","Young Man with a Broom","1882","648","1024","0.66","https://uploads6.wikiart.org/images/vincent-van-gogh/young-man-with-a-broom-1882.jpg","0291_Young_Man_with_a_Broom_648x1024.jpg","114871"
"292","Vincent van Gogh","vincent-van-gogh","Bridge near the Schenkweg","1882","1024","618","0.63","https://uploads7.wikiart.org/images/vincent-van-gogh/bridge-near-the-schenkweg(1).jpg","0292_Bridge_near_the_Schenkweg_1024x618.jpg","208310"
"293","Vincent van Gogh","vincent-van-gogh","Blacksmith Shop","1882","728","1024","0.75","https://uploads6.wikiart.org/images/vincent-van-gogh/blacksmith-shop(1).jpg","0293_Blacksmith_Shop_728x1024.jpg","249030"
"294","Vincent van Gogh","vincent-van-gogh","Boy with Cap and Clogs","1882","1131","2268","2.57","https://uploads4.wikiart.org/images/vincent-van-gogh/boy-with-cap-and-clogs(1).jpg","0294_Boy_with_Cap_and_Clogs_1131x2268.jpg","798753"
"295","Vincent van Gogh","vincent-van-gogh","Boy with Spade","1882","632","1024","0.65","https://uploads5.wikiart.org/images/vincent-van-gogh/boy-with-spade(1).jpg","0295_Boy_with_Spade_632x1024.jpg","128590"
"296","Vincent van Gogh","vincent-van-gogh","Corinthian Capital","1883","719","1024","0.74","https://uploads5.wikiart.org/images/vincent-van-gogh/corinthian-capital-1863(1).jpg","0296_Corinthian_Capital_719x1024.jpg","138023"
"297","Vincent van Gogh","vincent-van-gogh","A Sheet with Sketches","1883","662","1024","0.68","https://uploads8.wikiart.org/images/vincent-van-gogh/a-sheet-with-sketches-1883(1).jpg","0297_A_Sheet_with_Sketches_662x1024.jpg","323343"
"298","Vincent van Gogh","vincent-van-gogh","Baby","1883","717","1024","0.73","https://uploads6.wikiart.org/images/vincent-van-gogh/baby-1(1).jpg","0298_Baby_717x1024.jpg","321564"
"299","Vincent van Gogh","vincent-van-gogh","Baby Crawling","1883","1024","836","0.86","https://uploads4.wikiart.org/images/vincent-van-gogh/baby-crawling(1).jpg","0299_Baby_Crawling_1024x836.jpg","177802"
"300","Vincent van Gogh","vincent-van-gogh","Breakwater","1883","1024","613","0.63","https://uploads6.wikiart.org/images/vincent-van-gogh/breakwater-1883(1).jpg","0300_Breakwater_1024x613.jpg","251697"
"301","Vincent van Gogh","vincent-van-gogh","Bulb Fields","1883","2722","2009","5.47","https://uploads7.wikiart.org/images/vincent-van-gogh/bulb-fields-1883(1).jpg","0301_Bulb_Fields_2722x2009.jpg","1738065"
"302","Vincent van Gogh","vincent-van-gogh","Cemetery","1883","1024","685","0.7","https://uploads4.wikiart.org/images/vincent-van-gogh/cemetery-1883(1).jpg","0302_Cemetery_1024x685.jpg","271847"
"303","Vincent van Gogh","vincent-van-gogh","Churchyard in the Rain","1883","1024","791","0.81","https://uploads0.wikiart.org/images/vincent-van-gogh/churchyard-in-the-rain-1883(1).jpg","0303_Churchyard_in_the_Rain_1024x791.jpg","227418"
"304","Vincent van Gogh","vincent-van-gogh","Churchyard in the Rain","1883","1072","668","0.72","https://uploads2.wikiart.org/images/vincent-van-gogh/churchyard-in-the-rain-1883-1(1).jpg","0304_Churchyard_in_the_Rain_1072x668.jpg","214998"
"305","Vincent van Gogh","vincent-van-gogh","Churchyard in Winter","1883","1937","1205","2.33","https://uploads7.wikiart.org/images/vincent-van-gogh/churchyard-in-winter-1883(1).jpg","0305_Churchyard_in_Winter_1937x1205.jpg","686632"
"306","Vincent van Gogh","vincent-van-gogh","Churchyard in Winter","1883","1965","1238","2.43","https://uploads0.wikiart.org/images/vincent-van-gogh/churchyard-in-winter-1883-1(1).jpg","0306_Churchyard_in_Winter_1965x1238.jpg","800606"
"307","Vincent van Gogh","vincent-van-gogh","Cottages","1883","2769","1719","4.76","https://uploads4.wikiart.org/images/vincent-van-gogh/cottages-1883(1).jpg","0307_Cottages_2769x1719.jpg","4102285"
"308","Vincent van Gogh","vincent-van-gogh","Drawbridge in Nieuw-Amsterdam","1883","1280","638","0.82","https://uploads7.wikiart.org/images/vincent-van-gogh/drawbridge-in-nieuw-amsterdam-1883(1).jpg","0308_Drawbridge_in_Nieuw-Amsterdam_1280x638.jpg","1028778"
"309","Vincent van Gogh","vincent-van-gogh","Farmhouse","1883","1024","716","0.73","https://uploads5.wikiart.org/images/vincent-van-gogh/farmhouse-1883(1).jpg","0309_Farmhouse_1024x716.jpg","120081"
"310","Vincent van Gogh","vincent-van-gogh","Farmhouse at Night","1883","1024","766","0.78","https://uploads5.wikiart.org/images/vincent-van-gogh/farmhouse-at-night-1883(1).jpg","0310_Farmhouse_at_Night_1024x766.jpg","155728"
"311","Vincent van Gogh","vincent-van-gogh","Farmhouse with Barn and Trees","1883","1024","779","0.8","https://uploads7.wikiart.org/images/vincent-van-gogh/farmhouse-with-barn-and-trees-1883(1).jpg","0311_Farmhouse_with_Barn_and_Trees_1024x779.jpg","239013"
"312","Vincent van Gogh","vincent-van-gogh","Farmhouse with Peat Stacks","1883","1139","756","0.86","https://uploads4.wikiart.org/images/vincent-van-gogh/farmhouse-with-peat-stacks-1883(1).jpg","0312_Farmhouse_with_Peat_Stacks_1139x756.jpg","144001"
"313","Vincent van Gogh","vincent-van-gogh","Farmhouses Among Trees","1883","2710","1898","5.14","https://uploads0.wikiart.org/images/vincent-van-gogh/farmhouses-among-trees-1883(1).jpg","0313_Farmhouses_Among_Trees_2710x1898.jpg","1620394"
"314","Vincent van Gogh","vincent-van-gogh","Farmhouses in Loosduinen near The Hague at Twilight","1883","2740","1785","4.89","https://uploads2.wikiart.org/images/vincent-van-gogh/farmhouses-in-loosduinen-near-the-hague-at-twilight-1883(1).jpg","0314_Farmhouses_in_Loosduinen_near_The_Hague_2740x1785.jpg","1472239"
"315","Vincent van Gogh","vincent-van-gogh","Figures in a Winter Landscape","1883","1940","1203","2.33","https://uploads7.wikiart.org/images/vincent-van-gogh/figures-in-a-winter-landscape-1883(1).jpg","0315_Figures_in_a_Winter_Landscape_1940x1203.jpg","734064"
"316","Vincent van Gogh","vincent-van-gogh","Fisherman in Jacket with Upturned Collar","1883","457","1024","0.47","https://uploads0.wikiart.org/images/vincent-van-gogh/fisherman-in-jacket-with-upturned-collar-1883(1).jpg","0316_Fisherman_in_Jacket_with_Upturned_Collar_457x1024.jpg","167384"
"317","Vincent van Gogh","vincent-van-gogh","Fisherman with Sou'wester","1883","393","700","0.28","https://uploads3.wikiart.org/images/vincent-van-gogh/fisherman-with-sou-wester-1883(1).jpg","0317_Fisherman_with_Sou'wester_393x700.jpg","62806"
"318","Vincent van Gogh","vincent-van-gogh","Fisherman with Sou'wester, head","1883","787","1242","0.98","https://uploads8.wikiart.org/images/vincent-van-gogh/fisherman-with-sou-wester-head-1883(1).jpg","0318_Fisherman_with_Sou'wester,_head_787x1242.jpg","296733"
"319","Vincent van Gogh","vincent-van-gogh","Fisherman with Sou'wester, head","1883","375","640","0.24","https://uploads1.wikiart.org/images/vincent-van-gogh/fisherman-with-sou-wester-head-1883-1(1).jpg","0319_Fisherman_with_Sou'wester,_head_375x640.jpg","225233"
"320","Vincent van Gogh","vincent-van-gogh","Fisherman with Sou'wester, Pipe and Coal-pan","1883","1686","2719","4.58","https://uploads3.wikiart.org/images/vincent-van-gogh/fisherman-with-sou-wester-pipe-and-coal-pan-1883(1).jpg","0320_Fisherman_with_Sou'wester,_Pipe_and_Coal_1686x2719.jpg","1516855"
"321","Vincent van Gogh","vincent-van-gogh","Fisherman with Sou'wester, Sitting with Pipe","1883","645","1024","0.66","https://uploads3.wikiart.org/images/vincent-van-gogh/fisherman-with-sou-wester-sitting-with-pipe-1883(1).jpg","0321_Fisherman_with_Sou'wester,_Sitting_with_645x1024.jpg","189310"
"322","Vincent van Gogh","vincent-van-gogh","Fisherman with Sou'wester, Sitting with Pipe","1883","568","1024","0.58","https://uploads5.wikiart.org/images/vincent-van-gogh/fisherman-with-sou-wester-sitting-with-pipe-1883-1(1).jpg","0322_Fisherman_with_Sou'wester,_Sitting_with_568x1024.jpg","210210"
"323","Vincent van Gogh","vincent-van-gogh","Five Men and a Child in the Snow","1883","1071","1413","1.51","https://uploads1.wikiart.org/images/vincent-van-gogh/five-men-and-a-child-in-the-snow-1883(1).jpg","0323_Five_Men_and_a_Child_in_the_Snow_1071x1413.jpg","474067"
"324","Vincent van Gogh","vincent-van-gogh","Funeral in the Snow near the Old Tower","1883","750","498","0.37","https://uploads7.wikiart.org/images/vincent-van-gogh/funeral-in-the-snow-near-the-old-tower-1883(1).jpg","0324_Funeral_in_the_Snow_near_the_Old_Tower_750x498.jpg","85795"
"325","Vincent van Gogh","vincent-van-gogh","Garbage Dump","1883","1024","528","0.54","https://uploads8.wikiart.org/images/vincent-van-gogh/garbage-dump-1883(1).jpg","0325_Garbage_Dump_1024x528.jpg","208145"
"326","Vincent van Gogh","vincent-van-gogh","Garbage Dump","1883","1024","621","0.64","https://uploads1.wikiart.org/images/vincent-van-gogh/garbage-dump-1883-1(1).jpg","0326_Garbage_Dump_1024x621.jpg","314169"
"327","Vincent van Gogh","vincent-van-gogh","Gardener near a Gnarled Apple Tree","1883","1024","992","1.02","https://uploads3.wikiart.org/images/vincent-van-gogh/gardener-near-a-gnarled-apple-tree-1883(1).jpg","0327_Gardener_near_a_Gnarled_Apple_Tree_1024x992.jpg","231593"
"328","Vincent van Gogh","vincent-van-gogh","Girl Kneeling by a Cradle","1883","1862","2831","5.27","https://uploads3.wikiart.org/images/vincent-van-gogh/girl-kneeling-by-a-cradle-1883(1).jpg","0328_Girl_Kneeling_by_a_Cradle_1862x2831.jpg","1607089"
"329","Vincent van Gogh","vincent-van-gogh","Girl Kneeling in Front of a Cradle","1883","909","1024","0.93","https://uploads3.wikiart.org/images/vincent-van-gogh/girl-kneeling-in-front-of-a-cradle-1883(1).jpg","0329_Girl_Kneeling_in_Front_of_a_Cradle_909x1024.jpg","251907"
"330","Vincent van Gogh","vincent-van-gogh","Girl with a Shawl","1883","1694","2757","4.67","https://uploads4.wikiart.org/images/vincent-van-gogh/girl-with-a-shawl-1883(1).jpg","0330_Girl_with_a_Shawl_1694x2757.jpg","1547738"
"331","Vincent van Gogh","vincent-van-gogh","Girl with Pinafore, Half-Figure","1883","770","1475","1.14","https://uploads8.wikiart.org/images/vincent-van-gogh/girl-with-pinafore-half-figure-1883(1).jpg","0331_Girl_with_Pinafore,_Half-Figure_770x1475.jpg","374960"
"332","Vincent van Gogh","vincent-van-gogh","Girl with Shawl, Half-Figure","1883","587","1024","0.6","https://uploads5.wikiart.org/images/vincent-van-gogh/girl-with-shawl-half-figure-1883(1).jpg","0332_Girl_with_Shawl,_Half-Figure_587x1024.jpg","299768"
"333","Vincent van Gogh","vincent-van-gogh","Head of a Fisherman with a Fringe of Beard and a Sou'wester","1883","1657","2711","4.49","https://uploads5.wikiart.org/images/vincent-van-gogh/head-of-a-fisherman-with-a-fringe-of-beard-and-a-sou-wester(1).jpg","0333_Head_of_a_Fisherman_with_a_Fringe_of_Bea_1657x2711.jpg","1461333"
"334","Vincent van Gogh","vincent-van-gogh","Head of a Fisherman with a Sou'wester","1883","1594","2544","4.06","https://uploads6.wikiart.org/images/vincent-van-gogh/head-of-a-fisherman-with-a-sou-wester-1883(1).jpg","0334_Head_of_a_Fisherman_with_a_Sou'wester_1594x2544.jpg","1177607"
"335","Vincent van Gogh","vincent-van-gogh","Head of a Fisherman with a Sou'wester","1883","1720","2768","4.76","https://uploads8.wikiart.org/images/vincent-van-gogh/head-of-a-fisherman-with-a-sou-wester-1883-1(1).jpg","0335_Head_of_a_Fisherman_with_a_Sou'wester_1720x2768.jpg","1572002"
"336","Vincent van Gogh","vincent-van-gogh","Head of a Woman","1883","1529","2778","4.25","https://uploads8.wikiart.org/images/vincent-van-gogh/head-of-a-woman-1883.jpg","0336_Head_of_a_Woman_1529x2778.jpg","1378156"
"337","Vincent van Gogh","vincent-van-gogh","Head of a Woman","1883","1475","2754","4.06","https://uploads3.wikiart.org/images/vincent-van-gogh/head-of-a-woman.jpg","0337_Head_of_a_Woman_1475x2754.jpg","1257682"
"338","Vincent van Gogh","vincent-van-gogh","Head of a Woman","1883","1616","2611","4.22","https://uploads5.wikiart.org/images/vincent-van-gogh/head-of-a-woman-1.jpg","0338_Head_of_a_Woman_1616x2611.jpg","1354403"
"339","Vincent van Gogh","vincent-van-gogh","Head of a Woman","1883","1530","2767","4.23","https://uploads5.wikiart.org/images/vincent-van-gogh/head-of-a-woman-2.jpg","0339_Head_of_a_Woman_1530x2767.jpg","1254159"
"340","Vincent van Gogh","vincent-van-gogh","Head of a Woman","1883","1314","2205","2.9","https://uploads5.wikiart.org/images/vincent-van-gogh/head-of-a-woman-3.jpg","0340_Head_of_a_Woman_1314x2205.jpg","903502"
"341","Vincent van Gogh","vincent-van-gogh","Interior with a Weaver Facing Right","1883","1024","749","0.77","https://uploads1.wikiart.org/images/vincent-van-gogh/interior-with-a-weaver-facing-right-1883.jpg","0341_Interior_with_a_Weaver_Facing_Right_1024x749.jpg","215542"
"342","Vincent van Gogh","vincent-van-gogh","Landscape in Drenthe","1883","2258","1664","3.76","https://uploads4.wikiart.org/images/vincent-van-gogh/landscape-in-drenthe-1883.jpg","0342_Landscape_in_Drenthe_2258x1664.jpg","1084530"
"343","Vincent van Gogh","vincent-van-gogh","Landscape with a Church","1883","1923","1388","2.67","https://uploads7.wikiart.org/images/vincent-van-gogh/landscape-with-a-church-1883.jpg","0343_Landscape_with_a_Church_1923x1388.jpg","875964"
"344","Vincent van Gogh","vincent-van-gogh","Landscape with a Church","1883","953","1217","1.16","https://uploads0.wikiart.org/images/vincent-van-gogh/landscape-with-a-church-1883-1.jpg","0344_Landscape_with_a_Church_953x1217.jpg","372719"
"345","Vincent van Gogh","vincent-van-gogh","Landscape with a Farm","1883","1024","761","0.78","https://uploads5.wikiart.org/images/vincent-van-gogh/landscape-with-a-farm-1883.jpg","0345_Landscape_with_a_Farm_1024x761.jpg","202746"
"346","Vincent van Gogh","vincent-van-gogh","Landscape with a Stack of Peat and Farmhouses","1883","1024","806","0.83","https://uploads2.wikiart.org/images/vincent-van-gogh/landscape-with-a-stack-of-peat-and-farmhouses-1883.jpg","0346_Landscape_with_a_Stack_of_Peat_and_Farmh_1024x806.jpg","197344"
"347","Vincent van Gogh","vincent-van-gogh","Landscape with Bog-Oak Trunks","1883","750","614","0.46","https://uploads4.wikiart.org/images/vincent-van-gogh/landscape-with-bog-oak-trunks-1883.jpg","0347_Landscape_with_Bog-Oak_Trunks_750x614.jpg","102332"
"348","Vincent van Gogh","vincent-van-gogh","Landscape with Dunes","1883","1776","1212","2.15","https://uploads4.wikiart.org/images/vincent-van-gogh/landscape-with-dunes-1883.jpg","0348_Landscape_with_Dunes_1776x1212.jpg","681841"
"349","Vincent van Gogh","vincent-van-gogh","Landscape with Woman Walking","1883","1371","882","1.21","https://uploads3.wikiart.org/images/vincent-van-gogh/landscape-with-woman-walking-1883.jpg","0349_Landscape_with_Woman_Walking_1371x882.jpg","346397"
"350","Vincent van Gogh","vincent-van-gogh","Lange Vijverberg, Hague","1883","1673","2191","3.67","https://uploads6.wikiart.org/images/vincent-van-gogh/lange-vijverberg-hague-1883.jpg","0350_Lange_Vijverberg,_Hague_1673x2191.jpg","1153398"
"351","Vincent van Gogh","vincent-van-gogh","Lumber Sale","1883","1777","1367","2.43","https://uploads4.wikiart.org/images/vincent-van-gogh/lumber-sale-1883.jpg","0351_Lumber_Sale_1777x1367.jpg","760783"
"352","Vincent van Gogh","vincent-van-gogh","Lying Cow","1883","1770","1050","1.86","https://uploads2.wikiart.org/images/vincent-van-gogh/lying-cow-1883.jpg","0352_Lying_Cow_1770x1050.jpg","549407"
"353","Vincent van Gogh","vincent-van-gogh","Man Breaking Up the Soil","1883","1882","2784","5.24","https://uploads8.wikiart.org/images/vincent-van-gogh/man-breaking-up-the-soil-1883.jpg","0353_Man_Breaking_Up_the_Soil_1882x2784.jpg","1678388"
"354","Vincent van Gogh","vincent-van-gogh","Man Feeding Chickens or Sowing","1883","652","1024","0.67","https://uploads5.wikiart.org/images/vincent-van-gogh/man-feeding-chickens-or-sowing-1883.jpg","0354_Man_Feeding_Chickens_or_Sowing_652x1024.jpg","131516"
"355","Vincent van Gogh","vincent-van-gogh","Man in a Village Inn","1883","855","1335","1.14","https://uploads4.wikiart.org/images/vincent-van-gogh/man-in-a-village-inn-1883.jpg","0355_Man_in_a_Village_Inn_855x1335.jpg","345600"
"356","Vincent van Gogh","vincent-van-gogh","Man Praying","1883","852","1024","0.87","https://uploads4.wikiart.org/images/vincent-van-gogh/man-praying-1883.jpg","0356_Man_Praying_852x1024.jpg","220637"
"357","Vincent van Gogh","vincent-van-gogh","Man pulling a harrow","1883","1024","677","0.69","https://uploads4.wikiart.org/images/vincent-van-gogh/man-pulling-a-harrow-1883.jpg","0357_Man_pulling_a_harrow_1024x677.jpg","345140"
"358","Vincent van Gogh","vincent-van-gogh","Man with Rake","1883","513","1024","0.53","https://uploads6.wikiart.org/images/vincent-van-gogh/man-with-rake-1883.jpg","0358_Man_with_Rake_513x1024.jpg","91087"
"359","Vincent van Gogh","vincent-van-gogh","Melancholy","1883","1345","1887","2.54","https://uploads3.wikiart.org/images/vincent-van-gogh/melancholy-1883.jpg","0359_Melancholy_1345x1887.jpg","751313"
"360","Vincent van Gogh","vincent-van-gogh","Old Nag","1883","2194","1715","3.76","https://uploads0.wikiart.org/images/vincent-van-gogh/old-nag-1883.jpg","0360_Old_Nag_2194x1715.jpg","1211234"
"361","Vincent van Gogh","vincent-van-gogh","Orphan Man Talking with Woman Sien","1883","593","1024","0.61","https://uploads0.wikiart.org/images/vincent-van-gogh/orphan-man-talking-with-woman-sien-1883.jpg","0361_Orphan_Man_Talking_with_Woman_Sien_593x1024.jpg","148391"
"362","Vincent van Gogh","vincent-van-gogh","Orphan Man with a Baby in his Arms","1883","697","1024","0.71","https://uploads0.wikiart.org/images/vincent-van-gogh/orphan-man-with-a-baby-in-his-arms-1883.jpg","0362_Orphan_Man_with_a_Baby_in_his_Arms_697x1024.jpg","191263"
"363","Vincent van Gogh","vincent-van-gogh","Orphan Man with Cap, Half-Length","1883","628","1024","0.64","https://uploads6.wikiart.org/images/vincent-van-gogh/orphan-man-with-cap-half-length-1883.jpg","0363_Orphan_Man_with_Cap,_Half-Length_628x1024.jpg","190655"
"364","Vincent van Gogh","vincent-van-gogh","Orphan Man with Cap, Head","1883","849","1024","0.87","https://uploads8.wikiart.org/images/vincent-van-gogh/orphan-man-with-cap-head-1883.jpg","0364_Orphan_Man_with_Cap,_Head_849x1024.jpg","205979"
"365","Vincent van Gogh","vincent-van-gogh","Orphan Man with Pickax on his Shoulder","1883","440","1024","0.45","https://uploads4.wikiart.org/images/vincent-van-gogh/orphan-man-with-pickax-on-his-shoulder-1883.jpg","0365_Orphan_Man_with_Pickax_on_his_Shoulder_440x1024.jpg","171164"
"366","Vincent van Gogh","vincent-van-gogh","Orphan Man, Bareheaded","1883","790","1024","0.81","https://uploads5.wikiart.org/images/vincent-van-gogh/orphan-man-bareheaded-1883.jpg","0366_Orphan_Man,_Bareheaded_790x1024.jpg","250032"
"367","Vincent van Gogh","vincent-van-gogh","Path to the Beach","1883","1075","714","0.77","https://uploads1.wikiart.org/images/vincent-van-gogh/path-to-the-beach-1883.jpg","0367_Path_to_the_Beach_1075x714.jpg","236656"
"368","Vincent van Gogh","vincent-van-gogh","Peasant Burning Weeds","1883","1280","973","1.25","https://uploads5.wikiart.org/images/vincent-van-gogh/peasant-burning-weeds-1883.jpg","0368_Peasant_Burning_Weeds_1280x973.jpg","163776"
"369","Vincent van Gogh","vincent-van-gogh","Peasant Burning Weeds, and Farmhouse at Night","1883","1024","535","0.55","https://uploads1.wikiart.org/images/vincent-van-gogh/peasant-burning-weeds-and-farmhouse-at-night-1883.jpg","0369_Peasant_Burning_Weeds,_and_Farmhouse_at_1024x535.jpg","242716"
"370","Vincent van Gogh","vincent-van-gogh","Peat Diggers in the Dunes","1883","1200","609","0.73","https://uploads0.wikiart.org/images/vincent-van-gogh/peat-diggers-in-the-dunes-1883.jpg","0370_Peat_Diggers_in_the_Dunes_1200x609.jpg","222129"
"371","Vincent van Gogh","vincent-van-gogh","Peat Diggers in the Dunes","1883","1024","547","0.56","https://uploads2.wikiart.org/images/vincent-van-gogh/peat-diggers-in-the-dunes-1883-1.jpg","0371_Peat_Diggers_in_the_Dunes_1024x547.jpg","185667"
"372","Vincent van Gogh","vincent-van-gogh","People in the Studio","1883","1024","682","0.7","https://uploads4.wikiart.org/images/vincent-van-gogh/people-in-the-studio-1883.jpg","0372_People_in_the_Studio_1024x682.jpg","327673"
"373","Vincent van Gogh","vincent-van-gogh","Ploughman and Three Women","1883","1024","601","0.62","https://uploads0.wikiart.org/images/vincent-van-gogh/ploughman-and-three-women-1883.jpg","0373_Ploughman_and_Three_Women_1024x601.jpg","174415"
"374","Vincent van Gogh","vincent-van-gogh","Plowman with Stooping Woman, and a Little Farmhouse with Piles of Peat","1883","652","1024","0.67","https://uploads8.wikiart.org/images/vincent-van-gogh/plowman-with-stooping-woman-and-a-little-farmhouse-with-piles-of-peat-1883.jpg","0374_Plowman_with_Stooping_Woman,_and_a_Littl_652x1024.jpg","251166"
"375","Vincent van Gogh","vincent-van-gogh","Plowman with Two Women","1883","1024","667","0.68","https://uploads6.wikiart.org/images/vincent-van-gogh/plowman-with-two-women-1883.jpg","0375_Plowman_with_Two_Women_1024x667.jpg","210904"
"376","Vincent van Gogh","vincent-van-gogh","Potato field behind the dunes","1883","2157","1456","3.14","https://uploads4.wikiart.org/images/vincent-van-gogh/potato-field-behind-the-dunes-1883.jpg","0376_Potato_field_behind_the_dunes_2157x1456.jpg","337320"
"377","Vincent van Gogh","vincent-van-gogh","Sand Diggers in Dekkersduin near The Hague","1883","1024","509","0.52","https://uploads8.wikiart.org/images/vincent-van-gogh/sand-diggers-in-dekkersduin-near-the-hague-1883.jpg","0377_Sand_Diggers_in_Dekkersduin_near_The_Hag_1024x509.jpg","152878"
"378","Vincent van Gogh","vincent-van-gogh","Sand Diggers in Dekkersduin near The Hague 2","1883","1024","484","0.5","https://uploads1.wikiart.org/images/vincent-van-gogh/sand-diggers-in-dekkersduin-near-the-hague-2-1883.jpg","0378_Sand_Diggers_in_Dekkersduin_near_The_Hag_1024x484.jpg","145531"
"379","Vincent van Gogh","vincent-van-gogh","Scheveningen Woman with Wheeelbarrow","1883","648","1024","0.66","https://uploads2.wikiart.org/images/vincent-van-gogh/scheveningen-woman-with-wheeelbarrow-1883.jpg","0379_Scheveningen_Woman_with_Wheeelbarrow_648x1024.jpg","225757"
"380","Vincent van Gogh","vincent-van-gogh","Shepherd with Flock near a Little Church at Zweeloo","1883","1657","1333","2.21","https://uploads8.wikiart.org/images/vincent-van-gogh/shepherd-with-flock-near-a-little-church-at-zweeloo-1883.jpg","0380_Shepherd_with_Flock_near_a_Little_Church_1657x1333.jpg","1589003"
"381","Vincent van Gogh","vincent-van-gogh","Sien, Peeling Potatoes","1883","673","1024","0.69","https://uploads5.wikiart.org/images/vincent-van-gogh/sien-peeling-potatoes-1883.jpg","0381_Sien,_Peeling_Potatoes_673x1024.jpg","133979"
"382","Vincent van Gogh","vincent-van-gogh","Sien, Sewing, Half-Figure","1883","710","1024","0.73","https://uploads7.wikiart.org/images/vincent-van-gogh/sien-sewing-half-figure-1883.jpg","0382_Sien,_Sewing,_Half-Figure_710x1024.jpg","198691"
"383","Vincent van Gogh","vincent-van-gogh","Sien, Sewing, Half-Figure","1883","719","1024","0.74","https://uploads0.wikiart.org/images/vincent-van-gogh/sien-sewing-half-figure-1883-1.jpg","0383_Sien,_Sewing,_Half-Figure_719x1024.jpg","243696"
"384","Vincent van Gogh","vincent-van-gogh","Snowy Landscape with Stooping Woman","1883","1024","745","0.76","https://uploads1.wikiart.org/images/vincent-van-gogh/snowy-landscape-with-stooping-woman-1883.jpg","0384_Snowy_Landscape_with_Stooping_Woman_1024x745.jpg","234964"
"385","Vincent van Gogh","vincent-van-gogh","Snowy Landscape with the Old Tower","1883","1024","722","0.74","https://uploads0.wikiart.org/images/vincent-van-gogh/snowy-landscape-with-the-old-tower-1883.jpg","0385_Snowy_Landscape_with_the_Old_Tower_1024x722.jpg","174563"
"386","Vincent van Gogh","vincent-van-gogh","Snowy Yard","1883","647","1024","0.66","https://uploads3.wikiart.org/images/vincent-van-gogh/snowy-yard-1883.jpg","0386_Snowy_Yard_647x1024.jpg","240039"
"387","Vincent van Gogh","vincent-van-gogh","Soup Distribution in a Public Soup Kitchen","1883","2122","2722","5.78","https://uploads8.wikiart.org/images/vincent-van-gogh/soup-distribution-in-a-public-soup-kitchen-1883.jpg","0387_Soup_Distribution_in_a_Public_Soup_Kitch_2122x2722.jpg","1902205"
"388","Vincent van Gogh","vincent-van-gogh","Stooping Woman in Landscape","1883","1024","522","0.53","https://uploads2.wikiart.org/images/vincent-van-gogh/stooping-woman-in-landscape-1883.jpg","0388_Stooping_Woman_in_Landscape_1024x522.jpg","175932"
"389","Vincent van Gogh","vincent-van-gogh","Stooping Woman with Net","1883","697","1024","0.71","https://uploads7.wikiart.org/images/vincent-van-gogh/stooping-woman-with-net-1883.jpg","0389_Stooping_Woman_with_Net_697x1024.jpg","246262"
"390","Vincent van Gogh","vincent-van-gogh","The Church in Nuenen in Winter","1883","2033","1456","2.96","https://uploads5.wikiart.org/images/vincent-van-gogh/the-church-in-nuenen-in-winter-1883.jpg","0390_The_Church_in_Nuenen_in_Winter_2033x1456.jpg","353951"
"391","Vincent van Gogh","vincent-van-gogh","The Heath with a Wheelbarrow","1883","1024","694","0.71","https://uploads3.wikiart.org/images/vincent-van-gogh/the-heath-with-a-wheelbarrow-1883.jpg","0391_The_Heath_with_a_Wheelbarrow_1024x694.jpg","253744"
"392","Vincent van Gogh","vincent-van-gogh","The Landscape in Drenthe","1883","1024","711","0.73","https://uploads8.wikiart.org/images/vincent-van-gogh/the-landscape-in-drenthe-1883.jpg","0392_The_Landscape_in_Drenthe_1024x711.jpg","212110"
"393","Vincent van Gogh","vincent-van-gogh","The Public Soup Kitchen","1883","1052","995","1.05","https://uploads7.wikiart.org/images/vincent-van-gogh/the-public-soup-kitchen-1883.jpg","0393_The_Public_Soup_Kitchen_1052x995.jpg","316876"
"394","Vincent van Gogh","vincent-van-gogh","The Public Soup Kitchen","1883","1024","618","0.63","https://uploads0.wikiart.org/images/vincent-van-gogh/the-public-soup-kitchen-1883-1.jpg","0394_The_Public_Soup_Kitchen_1024x618.jpg","288654"
"395","Vincent van Gogh","vincent-van-gogh","Three Persons Returning from the Potato Field","1883","735","1024","0.75","https://uploads2.wikiart.org/images/vincent-van-gogh/three-persons-returning-from-the-potato-field-1883.jpg","0395_Three_Persons_Returning_from_the_Potato_735x1024.jpg","228377"
"396","Vincent van Gogh","vincent-van-gogh","Two Women in the Moor","1883","2727","2036","5.55","https://uploads5.wikiart.org/images/vincent-van-gogh/two-women-in-the-moor-1883.jpg","0396_Two_Women_in_the_Moor_2727x2036.jpg","1632771"
"397","Vincent van Gogh","vincent-van-gogh","Two Women, Kneeling","1883","675","1024","0.69","https://uploads2.wikiart.org/images/vincent-van-gogh/two-women-kneeling-1883.jpg","0397_Two_Women,_Kneeling_675x1024.jpg","282146"
"398","Vincent van Gogh","vincent-van-gogh","View from the Window of Vincent's Studio in Winter","1883","1280","838","1.07","https://uploads7.wikiart.org/images/vincent-van-gogh/view-from-the-window-of-vincent-s-studio-in-winter-1883.jpg","0398_View_from_the_Window_of_Vincent's_Studio_1280x838.jpg","1259066"
"399","Vincent van Gogh","vincent-van-gogh","View from the Window of Vincent's Studio in Winter","1883","1280","895","1.15","https://uploads0.wikiart.org/images/vincent-van-gogh/view-from-the-window-of-vincent-s-studio-in-winter-1883-1.jpg","0399_View_from_the_Window_of_Vincent's_Studio_1280x895.jpg","298859"
"400","Vincent van Gogh","vincent-van-gogh","Weed Burner, Sitting on a Wheelbarrow with his Wife","1883","1024","552","0.57","https://uploads7.wikiart.org/images/vincent-van-gogh/weed-burner-sitting-on-a-wheelbarrow-with-his-wife-1883.jpg","0400_Weed_Burner,_Sitting_on_a_Wheelbarrow_wi_1024x552.jpg","150102"
"401","Vincent van Gogh","vincent-van-gogh","Woman Digging","1883","676","1024","0.69","https://uploads6.wikiart.org/images/vincent-van-gogh/woman-digging-1883.jpg","0401_Woman_Digging_676x1024.jpg","229832"
"402","Vincent van Gogh","vincent-van-gogh","Woman Feeding Chickens","1883","554","1024","0.57","https://uploads6.wikiart.org/images/vincent-van-gogh/woman-feeding-chickens-1883.jpg","0402_Woman_Feeding_Chickens_554x1024.jpg","143694"
"403","Vincent van Gogh","vincent-van-gogh","Woman Praying","1883","643","1024","0.66","https://uploads6.wikiart.org/images/vincent-van-gogh/woman-praying-1883.jpg","0403_Woman_Praying_643x1024.jpg","254476"
"404","Vincent van Gogh","vincent-van-gogh","Woman Sewing, with a Girl","1883","1471","2773","4.08","https://uploads8.wikiart.org/images/vincent-van-gogh/woman-sewing-with-a-girl-1883.jpg","0404_Woman_Sewing,_with_a_Girl_1471x2773.jpg","1193600"
"405","Vincent van Gogh","vincent-van-gogh","Woman Sitting on a Basket with Head in Hands","1883","676","1197","0.81","https://uploads1.wikiart.org/images/vincent-van-gogh/woman-sitting-on-a-basket-with-head-in-hands-1883.jpg","0405_Woman_Sitting_on_a_Basket_with_Head_in_H_676x1197.jpg","259287"
"406","Vincent van Gogh","vincent-van-gogh","Woman Sitting on a Basket, Sewing","1883","617","1024","0.63","https://uploads7.wikiart.org/images/vincent-van-gogh/woman-sitting-on-a-basket-sewing-1883.jpg","0406_Woman_Sitting_on_a_Basket,_Sewing_617x1024.jpg","208997"
"407","Vincent van Gogh","vincent-van-gogh","Woman with a Child on Her Lap","1883","1795","2792","5.01","https://uploads4.wikiart.org/images/vincent-van-gogh/woman-with-a-child-on-her-lap-1883.jpg","0407_Woman_with_a_Child_on_Her_Lap_1795x2792.jpg","1483933"
"408","Vincent van Gogh","vincent-van-gogh","Woman with a Fork in a Winter Landscape","1883","1928","1176","2.27","https://uploads5.wikiart.org/images/vincent-van-gogh/woman-with-a-fork-in-a-winter-landscape-1883.jpg","0408_Woman_with_a_Fork_in_a_Winter_Landscape_1928x1176.jpg","654225"
"409","Vincent van Gogh","vincent-van-gogh","Woman with Baby on her Lap, Half-Length","1883","670","1024","0.69","https://uploads4.wikiart.org/images/vincent-van-gogh/woman-with-baby-on-her-lap-half-length-1883.jpg","0409_Woman_with_Baby_on_her_Lap,_Half-Length_670x1024.jpg","202266"
"410","Vincent van Gogh","vincent-van-gogh","Woman with Folded Hands, Half-Length","1883","689","1024","0.71","https://uploads1.wikiart.org/images/vincent-van-gogh/woman-with-folded-hands-half-length-1883.jpg","0410_Woman_with_Folded_Hands,_Half-Length_689x1024.jpg","143037"
"411","Vincent van Gogh","vincent-van-gogh","Woman with Shawl over her Hair, Head","1883","665","1024","0.68","https://uploads1.wikiart.org/images/vincent-van-gogh/woman-with-shawl-over-her-hair-head-1883.jpg","0411_Woman_with_Shawl_over_her_Hair,_Head_665x1024.jpg","162921"
"412","Vincent van Gogh","vincent-van-gogh","Woman with Shawl, Sewing","1883","845","1024","0.87","https://uploads7.wikiart.org/images/vincent-van-gogh/woman-with-shawl-sewing-1883.jpg","0412_Woman_with_Shawl,_Sewing_845x1024.jpg","245719"
"413","Vincent van Gogh","vincent-van-gogh","Woman with White Bonnet, Sien's Mother","1883","658","1024","0.67","https://uploads3.wikiart.org/images/vincent-van-gogh/woman-with-white-bonnet-sien-s-mother-1883.jpg","0413_Woman_with_White_Bonnet,_Sien's_Mother_658x1024.jpg","176250"
"414","Vincent van Gogh","vincent-van-gogh","Woman with White Cloth around her Head, Sitting on a Bench","1883","784","1024","0.8","https://uploads5.wikiart.org/images/vincent-van-gogh/woman-with-white-cloth-around-her-head-sitting-on-a-bench-1883.jpg","0414_Woman_with_White_Cloth_around_her_Head,_784x1024.jpg","144431"
"415","Vincent van Gogh","vincent-van-gogh","Woman's Head","1883","589","1024","0.6","https://uploads5.wikiart.org/images/vincent-van-gogh/woman-s-head-1883.jpg","0415_Woman's_Head_589x1024.jpg","224854"
"416","Vincent van Gogh","vincent-van-gogh","Women Working in the Peat","1883","1024","389","0.4","https://uploads0.wikiart.org/images/vincent-van-gogh/women-working-in-the-peat-1883.jpg","0416_Women_Working_in_the_Peat_1024x389.jpg","188396"
"417","Vincent van Gogh","vincent-van-gogh","Workman beside a Mound of Peat, and a Peat Boat with Two Figures","1883","645","1024","0.66","https://uploads2.wikiart.org/images/vincent-van-gogh/workman-beside-a-mound-of-peat-and-a-peat-boat-with-two-figures-1883.jpg","0417_Workman_beside_a_Mound_of_Peat,_and_a_Pe_645x1024.jpg","298652"
"418","Vincent van Gogh","vincent-van-gogh","Workman with Spade, Sitting near the Window","1883","713","1024","0.73","https://uploads8.wikiart.org/images/vincent-van-gogh/workman-with-spade-sitting-near-the-window-1883.jpg","0418_Workman_with_Spade,_Sitting_near_the_Win_713x1024.jpg","151267"
"419","Vincent van Gogh","vincent-van-gogh","Young Man, Sitting with a Cup in his Hand, Half-Length","1883","813","1024","0.83","https://uploads0.wikiart.org/images/vincent-van-gogh/young-man-sitting-with-a-cup-in-his-hand-half-length-1883.jpg","0419_Young_Man,_Sitting_with_a_Cup_in_his_Han_813x1024.jpg","180300"
"420","Vincent van Gogh","vincent-van-gogh","Blind Man Sitting in Interior","1883","737","1024","0.75","https://uploads2.wikiart.org/images/vincent-van-gogh/blind-man-sitting-in-interior(1).jpg","0420_Blind_Man_Sitting_in_Interior_737x1024.jpg","151126"
"421","Vincent van Gogh","vincent-van-gogh","Landscape","1883","1024","716","0.73","https://uploads6.wikiart.org/images/vincent-van-gogh/landscape.jpg","0421_Landscape_1024x716.jpg","337874"
"422","Vincent van Gogh","vincent-van-gogh","Alley Bordered by Trees","1884","731","1200","0.88","https://uploads1.wikiart.org/images/vincent-van-gogh/alley-bordered-by-trees-1884(1).jpg","0422_Alley_Bordered_by_Trees_731x1200.jpg","401490"
"423","Vincent van Gogh","vincent-van-gogh","At the Plough","1884","1024","435","0.45","https://uploads0.wikiart.org/images/vincent-van-gogh/at-the-plough-1884(1).jpg","0423_At_the_Plough_1024x435.jpg","171035"
"424","Vincent van Gogh","vincent-van-gogh","Avenue of Poplars","1884","1945","2769","5.39","https://uploads4.wikiart.org/images/vincent-van-gogh/avenue-of-poplars-1884(1).jpg","0424_Avenue_of_Poplars_1945x2769.jpg","1756247"
"425","Vincent van Gogh","vincent-van-gogh","Avenue of Poplars at Sunset","1884","854","1234","1.05","https://uploads5.wikiart.org/images/vincent-van-gogh/avenue-of-poplars-at-sunset-1884(1).jpg","0425_Avenue_of_Poplars_at_Sunset_854x1234.jpg","346351"
"426","Vincent van Gogh","vincent-van-gogh","Avenue of Poplars at Sunset","1884","1576","2388","3.76","https://uploads7.wikiart.org/images/vincent-van-gogh/avenue-of-poplars-at-sunset-1884-1(1).jpg","0426_Avenue_of_Poplars_at_Sunset_1576x2388.jpg","1389838"
"427","Vincent van Gogh","vincent-van-gogh","Behind the Hedges","1884","1069","775","0.83","https://uploads4.wikiart.org/images/vincent-van-gogh/behind-the-hedges-1884(1).jpg","0427_Behind_the_Hedges_1069x775.jpg","253216"
"428","Vincent van Gogh","vincent-van-gogh","Cart with Black Ox","1884","1024","753","0.77","https://uploads5.wikiart.org/images/vincent-van-gogh/cart-with-black-ox-1884(1).jpg","0428_Cart_with_Black_Ox_1024x753.jpg","169388"
"429","Vincent van Gogh","vincent-van-gogh","Cart with Red and White Ox","1884","2769","1839","5.09","https://uploads4.wikiart.org/images/vincent-van-gogh/cart-with-red-and-white-ox-1884(1).jpg","0429_Cart_with_Red_and_White_Ox_2769x1839.jpg","4391342"
"430","Vincent van Gogh","vincent-van-gogh","Church in Nuenen, with One Figure","1884","838","1024","0.86","https://uploads5.wikiart.org/images/vincent-van-gogh/church-in-nuenen-with-one-figure(1).jpg","0430_Church_in_Nuenen,_with_One_Figure_838x1024.jpg","322821"
"431","Vincent van Gogh","vincent-van-gogh","Congregation Leaving the Reformed Church in Nuenen","1884","2081","2730","5.68","https://uploads1.wikiart.org/images/vincent-van-gogh/congregation-leaving-the-reformed-church-in-nuenen-1884(1).jpg","0431_Congregation_Leaving_the_Reformed_Church_2081x2730.jpg","1873771"
"432","Vincent van Gogh","vincent-van-gogh","Ditch","1884","1888","2242","4.23","https://uploads1.wikiart.org/images/vincent-van-gogh/ditch-1884(1).jpg","0432_Ditch_1888x2242.jpg","1364561"
"433","Vincent van Gogh","vincent-van-gogh","Gardener with a Wheelbarrow","1884","825","1024","0.84","https://uploads5.wikiart.org/images/vincent-van-gogh/gardener-with-a-wheelbarrow-1884(1).jpg","0433_Gardener_with_a_Wheelbarrow_825x1024.jpg","402149"
"434","Vincent van Gogh","vincent-van-gogh","Head of a Girl, Bareheaded, and Head of a Man with Beard and Cap","1884","1024","608","0.62","https://uploads8.wikiart.org/images/vincent-van-gogh/head-of-a-girl-bareheaded-and-head-of-a-man-with-beard-and-cap(1).jpg","0434_Head_of_a_Girl,_Bareheaded,_and_Head_of_1024x608.jpg","202136"
"435","Vincent van Gogh","vincent-van-gogh","Head of a Peasant Woman","1884","850","1198","1.02","https://uploads1.wikiart.org/images/vincent-van-gogh/head-of-a-peasant-woman-1884(1).jpg","0435_Head_of_a_Peasant_Woman_850x1198.jpg","306100"
"436","Vincent van Gogh","vincent-van-gogh","Head of a Peasant Woman with White Cap","1884","435","565","0.25","https://uploads7.wikiart.org/images/vincent-van-gogh/head-of-a-peasant-woman-with-white-cap-1884(1).jpg","0436_Head_of_a_Peasant_Woman_with_White_Cap_435x565.jpg","102531"
"437","Vincent van Gogh","vincent-van-gogh","Head of a Woman","1884","768","1290","0.99","https://uploads8.wikiart.org/images/vincent-van-gogh/head-of-a-woman-1884.jpg","0437_Head_of_a_Woman_768x1290.jpg","301678"
"438","Vincent van Gogh","vincent-van-gogh","Head of an Old Peasant Woman with White Cap","1884","1333","1659","2.21","https://uploads0.wikiart.org/images/vincent-van-gogh/head-of-an-old-peasant-woman-with-white-cap-1884.jpg","0438_Head_of_an_Old_Peasant_Woman_with_White_1333x1659.jpg","632657"
"439","Vincent van Gogh","vincent-van-gogh","Head of an Old Peasant Woman with White Cap","1884","1337","1666","2.23","https://uploads2.wikiart.org/images/vincent-van-gogh/head-of-an-old-peasant-woman-with-white-cap-1884-1.jpg","0439_Head_of_an_Old_Peasant_Woman_with_White_1337x1666.jpg","728099"
"440","Vincent van Gogh","vincent-van-gogh","Houses with Thatched Roofs","1884","2470","1679","4.15","https://uploads1.wikiart.org/images/vincent-van-gogh/houses-with-thatched-roofs-1884.jpg","0440_Houses_with_Thatched_Roofs_2470x1679.jpg","4489260"
"441","Vincent van Gogh","vincent-van-gogh","Landscape at Nuenen","1884","2024","1470","2.98","https://uploads7.wikiart.org/images/vincent-van-gogh/landscape-at-nuenen.jpg","0441_Landscape_at_Nuenen_2024x1470.jpg","469503"
"442","Vincent van Gogh","vincent-van-gogh","Landscape with Pollard Willows","1884","1024","739","0.76","https://uploads5.wikiart.org/images/vincent-van-gogh/landscape-with-pollard-willows-1884.jpg","0442_Landscape_with_Pollard_Willows_1024x739.jpg","256544"
"443","Vincent van Gogh","vincent-van-gogh","Landscape with Willows and Sun Shining Through the Clouds","1884","1024","816","0.84","https://uploads5.wikiart.org/images/vincent-van-gogh/landscape-with-willows-and-sun-shining-through-the-clouds-1884.jpg","0443_Landscape_with_Willows_and_Sun_Shining_T_1024x816.jpg","236326"
"444","Vincent van Gogh","vincent-van-gogh","Lane in Autumn","1884","720","1024","0.74","https://uploads7.wikiart.org/images/vincent-van-gogh/lane-in-autumn-1884.jpg","0444_Lane_in_Autumn_720x1024.jpg","207334"
"445","Vincent van Gogh","vincent-van-gogh","Lane with Trees and One Figure","1884","1024","755","0.77","https://uploads5.wikiart.org/images/vincent-van-gogh/lane-with-trees-and-one-figure-1884.jpg","0445_Lane_with_Trees_and_One_Figure_1024x755.jpg","224362"
"446","Vincent van Gogh","vincent-van-gogh","Man Winding Yarn","1884","1904","2462","4.69","https://uploads0.wikiart.org/images/vincent-van-gogh/man-winding-yarn-1884.jpg","0446_Man_Winding_Yarn_1904x2462.jpg","1392495"
"447","Vincent van Gogh","vincent-van-gogh","Mangle with Two Women and a Man","1884","1024","809","0.83","https://uploads6.wikiart.org/images/vincent-van-gogh/mangle-with-two-women-and-a-man-1884.jpg","0447_Mangle_with_Two_Women_and_a_Man_1024x809.jpg","170891"
"448","Vincent van Gogh","vincent-van-gogh","New-Born Calf Lying on Straw","1884","1774","1242","2.2","https://uploads7.wikiart.org/images/vincent-van-gogh/new-born-calf-lying-on-straw.jpg","0448_New-Born_Calf_Lying_on_Straw_1774x1242.jpg","689125"
"449","Vincent van Gogh","vincent-van-gogh","Old Man Reeling Yarn","1884","1024","999","1.02","https://uploads4.wikiart.org/images/vincent-van-gogh/old-man-reeling-yarn-1884.jpg","0449_Old_Man_Reeling_Yarn_1024x999.jpg","316742"
"450","Vincent van Gogh","vincent-van-gogh","Oxcart in the Snow","1884","1024","407","0.42","https://uploads2.wikiart.org/images/vincent-van-gogh/oxcart-in-the-snow-1884.jpg","0450_Oxcart_in_the_Snow_1024x407.jpg","175498"
"451","Vincent van Gogh","vincent-van-gogh","Parsonage Garden","1884","1024","438","0.45","https://uploads0.wikiart.org/images/vincent-van-gogh/parsonage-garden-1884.jpg","0451_Parsonage_Garden_1024x438.jpg","223481"
"452","Vincent van Gogh","vincent-van-gogh","Parsonage Garden","1884","784","1056","0.83","https://uploads2.wikiart.org/images/vincent-van-gogh/parsonage-garden-1884-1.jpg","0452_Parsonage_Garden_784x1056.jpg","248601"
"453","Vincent van Gogh","vincent-van-gogh","Parsonage with Flowering Trees","1884","1024","672","0.69","https://uploads5.wikiart.org/images/vincent-van-gogh/parsonage-with-flowering-trees-1884.jpg","0453_Parsonage_with_Flowering_Trees_1024x672.jpg","272474"
"454","Vincent van Gogh","vincent-van-gogh","Part of a Portrait of Anthon van Rappard","1884","2211","1415","3.13","https://uploads6.wikiart.org/images/vincent-van-gogh/part-of-a-portrait-of-anthon-van-rappard-1884.jpg","0454_Part_of_a_Portrait_of_Anthon_van_Rappard_2211x1415.jpg","966349"
"455","Vincent van Gogh","vincent-van-gogh","Peasant Woman, Head","1884","776","1024","0.79","https://uploads2.wikiart.org/images/vincent-van-gogh/peasant-woman-head-1884.jpg","0455_Peasant_Woman,_Head_776x1024.jpg","135071"
"456","Vincent van Gogh","vincent-van-gogh","Peasant Woman, Head","1884","742","1024","0.76","https://uploads4.wikiart.org/images/vincent-van-gogh/peasant-woman-head-1884-1.jpg","0456_Peasant_Woman,_Head_742x1024.jpg","146525"
"457","Vincent van Gogh","vincent-van-gogh","Peasant Woman, Head","1884","647","1024","0.66","https://uploads6.wikiart.org/images/vincent-van-gogh/peasant-woman-head.jpg","0457_Peasant_Woman,_Head_647x1024.jpg","119088"
"458","Vincent van Gogh","vincent-van-gogh","Peasant Woman, Head","1884","699","1024","0.72","https://uploads8.wikiart.org/images/vincent-van-gogh/peasant-woman-head-1.jpg","0458_Peasant_Woman,_Head_699x1024.jpg","158217"
"459","Vincent van Gogh","vincent-van-gogh","Peasant Woman, Head","1884","751","1024","0.77","https://uploads8.wikiart.org/images/vincent-van-gogh/peasant-woman-head-2.jpg","0459_Peasant_Woman,_Head_751x1024.jpg","154871"
"460","Vincent van Gogh","vincent-van-gogh","Peasant Woman, Head","1884","580","1024","0.59","https://uploads8.wikiart.org/images/vincent-van-gogh/peasant-woman-head-3.jpg","0460_Peasant_Woman,_Head_580x1024.jpg","198594"
"461","Vincent van Gogh","vincent-van-gogh","Peasant Woman, Head","1884","555","1024","0.57","https://uploads8.wikiart.org/images/vincent-van-gogh/peasant-woman-head-4.jpg","0461_Peasant_Woman,_Head_555x1024.jpg","159977"
"462","Vincent van Gogh","vincent-van-gogh","Peasant Woman, Head","1884","701","1024","0.72","https://uploads8.wikiart.org/images/vincent-van-gogh/peasant-woman-head-5.jpg","0462_Peasant_Woman,_Head_701x1024.jpg","162755"
"463","Vincent van Gogh","vincent-van-gogh","Peasant Woman, Head","1884","660","1024","0.68","https://uploads8.wikiart.org/images/vincent-van-gogh/peasant-woman-head-6.jpg","0463_Peasant_Woman,_Head_660x1024.jpg","164872"
"464","Vincent van Gogh","vincent-van-gogh","Peasant Woman, Head","1884","806","1024","0.83","https://uploads8.wikiart.org/images/vincent-van-gogh/peasant-woman-head-7.jpg","0464_Peasant_Woman,_Head_806x1024.jpg","160052"
"465","Vincent van Gogh","vincent-van-gogh","Peasant Woman, Head","1884","596","1024","0.61","https://uploads8.wikiart.org/images/vincent-van-gogh/peasant-woman-head-8.jpg","0465_Peasant_Woman,_Head_596x1024.jpg","220894"
"466","Vincent van Gogh","vincent-van-gogh","Peasant Woman, Stooping to the Left","1884","633","1024","0.65","https://uploads4.wikiart.org/images/vincent-van-gogh/peasant-woman-stooping-to-the-left.jpg","0466_Peasant_Woman,_Stooping_to_the_Left_633x1024.jpg","291135"
"467","Vincent van Gogh","vincent-van-gogh","Peasants planting potatoes","1884","2943","1223","3.6","https://uploads1.wikiart.org/images/vincent-van-gogh/peasants-planting-potatoes-1884.jpg","0467_Peasants_planting_potatoes_2943x1223.jpg","3386344"
"468","Vincent van Gogh","vincent-van-gogh","Pine Trees in the Fen","1884","2213","1763","3.9","https://uploads5.wikiart.org/images/vincent-van-gogh/pine-trees-in-the-fen-1884.jpg","0468_Pine_Trees_in_the_Fen_2213x1763.jpg","1137392"
"469","Vincent van Gogh","vincent-van-gogh","Ploughman with Woman Planting Potatoes","1884","1280","535","0.68","https://uploads4.wikiart.org/images/vincent-van-gogh/ploughman-with-woman-planting-potatoes-1884.jpg","0469_Ploughman_with_Woman_Planting_Potatoes_1280x535.jpg","741900"
"470","Vincent van Gogh","vincent-van-gogh","Pollard Birches","1884","2208","1631","3.6","https://uploads8.wikiart.org/images/vincent-van-gogh/pollard-birches-1884.jpg","0470_Pollard_Birches_2208x1631.jpg","1192740"
"471","Vincent van Gogh","vincent-van-gogh","Poplar Trees","1884","944","1280","1.21","https://uploads5.wikiart.org/images/vincent-van-gogh/poplar-trees-1884.jpg","0471_Poplar_Trees_944x1280.jpg","246998"
"472","Vincent van Gogh","vincent-van-gogh","Potato Harvest with Two Figures","1884","1024","433","0.44","https://uploads6.wikiart.org/images/vincent-van-gogh/potato-harvest-with-two-figures-1884.jpg","0472_Potato_Harvest_with_Two_Figures_1024x433.jpg","131610"
"473","Vincent van Gogh","vincent-van-gogh","Shepherd with a Flock of Sheep","1884","750","382","0.29","https://uploads5.wikiart.org/images/vincent-van-gogh/shepherd-with-a-flock-of-sheep-1884.jpg","0473_Shepherd_with_a_Flock_of_Sheep_750x382.jpg","47272"
"474","Vincent van Gogh","vincent-van-gogh","Sketches of Heads","1884","647","1024","0.66","https://uploads1.wikiart.org/images/vincent-van-gogh/sketches-of-heads-1884.jpg","0474_Sketches_of_Heads_647x1024.jpg","156012"
"475","Vincent van Gogh","vincent-van-gogh","Sower","1884","1024","429","0.44","https://uploads7.wikiart.org/images/vincent-van-gogh/sower-1884.jpg","0475_Sower_1024x429.jpg","146881"
"476","Vincent van Gogh","vincent-van-gogh","Still Life of Paintbrushes in a Flowerpot","1884","1145","823","0.94","https://uploads7.wikiart.org/images/vincent-van-gogh/still-life-of-paintbrushes-in-a-flowerpot-1884.jpg","0476_Still_Life_of_Paintbrushes_in_a_Flowerpo_1145x823.jpg","170891"
"477","Vincent van Gogh","vincent-van-gogh","Still Life with Clogs and Pots","1884","1280","975","1.25","https://uploads5.wikiart.org/images/vincent-van-gogh/still-life-with-clogs-and-pots-1884.jpg","0477_Still_Life_with_Clogs_and_Pots_1280x975.jpg","226347"
"478","Vincent van Gogh","vincent-van-gogh","Still Life with Coffee Mill, Pipe Case and Jug","1884","1280","1017","1.3","https://uploads2.wikiart.org/images/vincent-van-gogh/still-life-with-coffee-mill-pipe-case-and-jug-1884.jpg","0478_Still_Life_with_Coffee_Mill,_Pipe_Case_a_1280x1017.jpg","199938"
"479","Vincent van Gogh","vincent-van-gogh","Still Life with Five Bottles","1884","750","648","0.49","https://uploads3.wikiart.org/images/vincent-van-gogh/still-life-with-five-bottles-1884.jpg","0479_Still_Life_with_Five_Bottles_750x648.jpg","79542"
"480","Vincent van Gogh","vincent-van-gogh","Still Life with Four Stone Bottles, Flask and White Cup","1884","3071","2394","7.35","https://uploads2.wikiart.org/images/vincent-van-gogh/still-life-with-four-stone-bottles-flask-and-white-cup-1884.jpg","0480_Still_Life_with_Four_Stone_Bottles,_Flas_3071x2394.jpg","1984313"
"481","Vincent van Gogh","vincent-van-gogh","Still Life with Two Sacks and a Bottle","1884","1141","848","0.97","https://uploads4.wikiart.org/images/vincent-van-gogh/still-life-with-two-sacks-and-a-bottle-1884.jpg","0481_Still_Life_with_Two_Sacks_and_a_Bottle_1141x848.jpg","219950"
"482","Vincent van Gogh","vincent-van-gogh","The Kingfisher","1884","1280","951","1.22","https://uploads7.wikiart.org/images/vincent-van-gogh/the-kingfisher-1884.jpg","0482_The_Kingfisher_1280x951.jpg","299335"
"483","Vincent van Gogh","vincent-van-gogh","The Old Tower","1884","1139","1024","1.17","https://uploads6.wikiart.org/images/vincent-van-gogh/the-old-tower-1884.jpg","0483_The_Old_Tower_1139x1024.jpg","1308988"
"484","Vincent van Gogh","vincent-van-gogh","The Old Tower in the Fields","1884","1280","969","1.24","https://uploads2.wikiart.org/images/vincent-van-gogh/the-old-tower-in-the-fields-1884.jpg","0484_The_Old_Tower_in_the_Fields_1280x969.jpg","400007"
"485","Vincent van Gogh","vincent-van-gogh","The Vicarage Garden","1884","1204","1024","1.23","https://uploads3.wikiart.org/images/vincent-van-gogh/the-vicarage-garden-1884.jpg","0485_The_Vicarage_Garden_1204x1024.jpg","338769"
"486","Vincent van Gogh","vincent-van-gogh","Three Hands","1884","628","1098","0.69","https://uploads8.wikiart.org/images/vincent-van-gogh/three-hands.jpg","0486_Three_Hands_628x1098.jpg","210112"
"487","Vincent van Gogh","vincent-van-gogh","Three Hands","1884","1040","637","0.66","https://uploads1.wikiart.org/images/vincent-van-gogh/three-hands-2.jpg","0487_Three_Hands_1040x637.jpg","202452"
"488","Vincent van Gogh","vincent-van-gogh","Three Hands","1884","657","1124","0.74","https://uploads1.wikiart.org/images/vincent-van-gogh/three-hands-3.jpg","0488_Three_Hands_657x1124.jpg","237998"
"489","Vincent van Gogh","vincent-van-gogh","Three Hands, Two Holding Forks","1884","1781","1108","1.97","https://uploads8.wikiart.org/images/vincent-van-gogh/three-hands-two-holding-forks.jpg","0489_Three_Hands,_Two_Holding_Forks_1781x1108.jpg","628703"
"490","Vincent van Gogh","vincent-van-gogh","Three Hands, Two with Knives","1884","1974","1189","2.35","https://uploads6.wikiart.org/images/vincent-van-gogh/three-hands-two-with-knives.jpg","0490_Three_Hands,_Two_with_Knives_1974x1189.jpg","734468"
"491","Vincent van Gogh","vincent-van-gogh","Three Woodcutters Walking","1884","713","1024","0.73","https://uploads0.wikiart.org/images/vincent-van-gogh/three-woodcutters-walking-1884.jpg","0491_Three_Woodcutters_Walking_713x1024.jpg","238120"
"492","Vincent van Gogh","vincent-van-gogh","Two Rats","1884","800","564","0.45","https://uploads1.wikiart.org/images/vincent-van-gogh/two-rats-1884.jpg","0492_Two_Rats_800x564.jpg","74901"
"493","Vincent van Gogh","vincent-van-gogh","Vase with Honesty","1884","926","1280","1.19","https://uploads1.wikiart.org/images/vincent-van-gogh/vase-with-honesty-1884.jpg","0493_Vase_with_Honesty_926x1280.jpg","381778"
"494","Vincent van Gogh","vincent-van-gogh","Vicarage at Nuenen","1884","1024","669","0.69","https://uploads2.wikiart.org/images/vincent-van-gogh/vicarage-at-nuenen-1884.jpg","0494_Vicarage_at_Nuenen_1024x669.jpg","194869"
"495","Vincent van Gogh","vincent-van-gogh","Village at sunset","1884","1145","778","0.89","https://uploads1.wikiart.org/images/vincent-van-gogh/village-at-sunset-1884.jpg","0495_Village_at_sunset_1145x778.jpg","113773"
"496","Vincent van Gogh","vincent-van-gogh","Water Wheels of Mill at Gennep","1884","1280","987","1.26","https://uploads5.wikiart.org/images/vincent-van-gogh/water-wheels-of-mill-at-gennep-1884.jpg","0496_Water_Wheels_of_Mill_at_Gennep_1280x987.jpg","1377309"
"497","Vincent van Gogh","vincent-van-gogh","Watermill at Gennep","1884","1024","660","0.68","https://uploads3.wikiart.org/images/vincent-van-gogh/watermill-at-gennep-1884.jpg","0497_Watermill_at_Gennep_1024x660.jpg","157723"
"498","Vincent van Gogh","vincent-van-gogh","Weaver","1884","2215","1504","3.33","https://uploads8.wikiart.org/images/vincent-van-gogh/weaver-1884.jpg","0498_Weaver_2215x1504.jpg","1086252"
"499","Vincent van Gogh","vincent-van-gogh","Weaver","1884","1899","1140","2.16","https://uploads1.wikiart.org/images/vincent-van-gogh/weaver-1884-1.jpg","0499_Weaver_1899x1140.jpg","667325"
"500","Vincent van Gogh","vincent-van-gogh","Weaver","1884","2186","1701","3.72","https://uploads1.wikiart.org/images/vincent-van-gogh/weaver-1884-2.jpg","0500_Weaver_2186x1701.jpg","1107262"
"501","Vincent van Gogh","vincent-van-gogh","Weaver","1884","1178","1515","1.78","https://uploads1.wikiart.org/images/vincent-van-gogh/weaver-1884-3.jpg","0501_Weaver_1178x1515.jpg","517160"
"502","Vincent van Gogh","vincent-van-gogh","Weaver","1884","2077","1601","3.33","https://uploads1.wikiart.org/images/vincent-van-gogh/weaver-1884-4.jpg","0502_Weaver_2077x1601.jpg","397847"
"503","Vincent van Gogh","vincent-van-gogh","Weaver","1884","1280","972","1.24","https://uploads1.wikiart.org/images/vincent-van-gogh/weaver-1884-5.jpg","0503_Weaver_1280x972.jpg","1518923"
"504","Vincent van Gogh","vincent-van-gogh","Weaver Facing Left","1884","750","524","0.39","https://uploads2.wikiart.org/images/vincent-van-gogh/weaver-facing-left-1884.jpg","0504_Weaver_Facing_Left_750x524.jpg","79425"
"505","Vincent van Gogh","vincent-van-gogh","Weaver Facing Left","1884","1024","644","0.66","https://uploads4.wikiart.org/images/vincent-van-gogh/weaver-facing-left-1884-1.jpg","0505_Weaver_Facing_Left_1024x644.jpg","311857"
"506","Vincent van Gogh","vincent-van-gogh","Weaver Facing Right","1884","750","519","0.39","https://uploads3.wikiart.org/images/vincent-van-gogh/weaver-facing-right-1884.jpg","0506_Weaver_Facing_Right_750x519.jpg","66091"
"507","Vincent van Gogh","vincent-van-gogh","Weaver Facing Right, Interior with One Window and High Chair","1884","1024","732","0.75","https://uploads7.wikiart.org/images/vincent-van-gogh/weaver-facing-right-interior-with-one-window-and-high-chair-1884.jpg","0507_Weaver_Facing_Right,_Interior_with_One_W_1024x732.jpg","226593"
"508","Vincent van Gogh","vincent-van-gogh","Weaver near an Open Window","1884","1280","931","1.19","https://uploads1.wikiart.org/images/vincent-van-gogh/weaver-near-an-open-window-1884.jpg","0508_Weaver_near_an_Open_Window_1280x931.jpg","1139910"
"509","Vincent van Gogh","vincent-van-gogh","Weaver Standing in Front of a Loom","1884","1072","753","0.81","https://uploads0.wikiart.org/images/vincent-van-gogh/weaver-standing-in-front-of-a-loom-1884.jpg","0509_Weaver_Standing_in_Front_of_a_Loom_1072x753.jpg","233193"
"510","Vincent van Gogh","vincent-van-gogh","Weaver with Other Figures in Front of Loom","1884","1024","768","0.79","https://uploads8.wikiart.org/images/vincent-van-gogh/weaver-with-other-figures-in-front-of-loom-1884.jpg","0510_Weaver_with_Other_Figures_in_Front_of_Lo_1024x768.jpg","287623"
"511","Vincent van Gogh","vincent-van-gogh","Weaver, Arranging Threads","1884","1024","737","0.75","https://uploads8.wikiart.org/images/vincent-van-gogh/weaver-arranging-threads-1884.jpg","0511_Weaver,_Arranging_Threads_1024x737.jpg","129126"
"512","Vincent van Gogh","vincent-van-gogh","Weaver, seen from the Front","1884","1686","1407","2.37","https://uploads1.wikiart.org/images/vincent-van-gogh/weaver-seen-from-the-front-1884.jpg","0512_Weaver,_seen_from_the_Front_1686x1407.jpg","276720"
"513","Vincent van Gogh","vincent-van-gogh","Weaver, with a Baby in a Highchair","1884","2209","1762","3.89","https://uploads8.wikiart.org/images/vincent-van-gogh/weaver-with-a-baby-in-a-highchair-1884.jpg","0513_Weaver,_with_a_Baby_in_a_Highchair_2209x1762.jpg","1153182"
"514","Vincent van Gogh","vincent-van-gogh","Wheat Harvest","1884","1024","632","0.65","https://uploads6.wikiart.org/images/vincent-van-gogh/wheat-harvest-1884.jpg","0514_Wheat_Harvest_1024x632.jpg","229240"
"515","Vincent van Gogh","vincent-van-gogh","Winter Garden","1884","1280","944","1.21","https://uploads6.wikiart.org/images/vincent-van-gogh/winter-garden-1884.jpg","0515_Winter_Garden_1280x944.jpg","267425"
"516","Vincent van Gogh","vincent-van-gogh","Woman Reeling Yarn","1884","1024","713","0.73","https://uploads2.wikiart.org/images/vincent-van-gogh/woman-reeling-yarn-1884.jpg","0516_Woman_Reeling_Yarn_1024x713.jpg","264149"
"517","Vincent van Gogh","vincent-van-gogh","Woman Reeling Yarn","1884","1024","711","0.73","https://uploads4.wikiart.org/images/vincent-van-gogh/woman-reeling-yarn-1884-1.jpg","0517_Woman_Reeling_Yarn_1024x711.jpg","307234"
"518","Vincent van Gogh","vincent-van-gogh","Woman with Wheelbarrow at Night","1884","605","1024","0.62","https://uploads6.wikiart.org/images/vincent-van-gogh/woman-with-wheelbarrow-at-night-1884.jpg","0518_Woman_with_Wheelbarrow_at_Night_605x1024.jpg","158037"
"519","Vincent van Gogh","vincent-van-gogh","Wood Gatherer, Figure Study","1884","789","1024","0.81","https://uploads1.wikiart.org/images/vincent-van-gogh/wood-gatherer-figure-study-1884.jpg","0519_Wood_Gatherer,_Figure_Study_789x1024.jpg","173954"
"520","Vincent van Gogh","vincent-van-gogh","Wood Gatherers In The Snow","1884","791","396","0.31","https://uploads1.wikiart.org/images/vincent-van-gogh/wood-gatherers-in-the-snow-1884.jpg","0520_Wood_Gatherers_In_The_Snow_791x396.jpg","32688"
"521","Vincent van Gogh","vincent-van-gogh","Young Man with a Pipe","1884","1658","2298","3.81","https://uploads5.wikiart.org/images/vincent-van-gogh/young-man-with-a-pipe-1884.jpg","0521_Young_Man_with_a_Pipe_1658x2298.jpg","1259996"
"522","Vincent van Gogh","vincent-van-gogh","Watermill in Kollen, near Nuenen","1884","2136","1644","3.51","https://uploads6.wikiart.org/images/vincent-van-gogh/watermill-in-kollen-near-nuenen-1884.jpg","0522_Watermill_in_Kollen,_near_Nuenen_2136x1644.jpg","922954"
"523","Vincent van Gogh","vincent-van-gogh","Landscape with windswept trees","1884","2000","1297","2.59","https://uploads5.wikiart.org/images/vincent-van-gogh/landscape-with-windswept-trees-1884.jpg","0523_Landscape_with_windswept_trees_2000x1297.jpg","1262020"
"524","Vincent van Gogh","vincent-van-gogh","Two Hands","1884","1096","641","0.7","https://uploads6.wikiart.org/images/vincent-van-gogh/two-hands.jpg","0524_Two_Hands_1096x641.jpg","209035"
"525","Vincent van Gogh","vincent-van-gogh","Interior with Woman Sewing","1884","1024","537","0.55","https://uploads5.wikiart.org/images/vincent-van-gogh/interior-with-woman-sewing.jpg","0525_Interior_with_Woman_Sewing_1024x537.jpg","330427"
"526","Vincent van Gogh","vincent-van-gogh","Autumn Landscape","1885","1280","961","1.23","https://uploads3.wikiart.org/images/vincent-van-gogh/autumn-landscape-1885(1).jpg","0526_Autumn_Landscape_1280x961.jpg","288781"
"527","Vincent van Gogh","vincent-van-gogh","Autumn Landscape at Dusk","1885","1774","1006","1.78","https://uploads2.wikiart.org/images/vincent-van-gogh/autumn-landscape-at-dusk-1885(1).jpg","0527_Autumn_Landscape_at_Dusk_1774x1006.jpg","547967"
"528","Vincent van Gogh","vincent-van-gogh","Autumn Landscape with Four Trees","1885","2237","1759","3.93","https://uploads1.wikiart.org/images/vincent-van-gogh/autumn-landscape-with-four-trees-1885(1).jpg","0528_Autumn_Landscape_with_Four_Trees_2237x1759.jpg","623485"
"529","Vincent van Gogh","vincent-van-gogh","Backyards of Old Houses in Antwerp in the Snow","1885","2399","3140","7.53","https://uploads3.wikiart.org/images/vincent-van-gogh/backyards-of-old-houses-in-antwerp-in-the-snow-1885.jpg","0529_Backyards_of_Old_Houses_in_Antwerp_in_th_2399x3140.jpg","6915108"
"530","Vincent van Gogh","vincent-van-gogh","Basket of Potatoes","1885","1521","1107","1.68","https://uploads5.wikiart.org/images/vincent-van-gogh/basket-of-potatoes-1885(1).jpg","0530_Basket_of_Potatoes_1521x1107.jpg","517832"
"531","Vincent van Gogh","vincent-van-gogh","Basket of Potatoes","1885","1396","1063","1.48","https://uploads7.wikiart.org/images/vincent-van-gogh/basket-of-potatoes-1885-1(1).jpg","0531_Basket_of_Potatoes_1396x1063.jpg","473932"
"532","Vincent van Gogh","vincent-van-gogh","Baskets of Potatoes","1885","1283","1065","1.37","https://uploads6.wikiart.org/images/vincent-van-gogh/baskets-of-potatoes-1885(1).jpg","0532_Baskets_of_Potatoes_1283x1065.jpg","416525"
"533","Vincent van Gogh","vincent-van-gogh","Beer Tankards","1885","1389","1022","1.42","https://uploads0.wikiart.org/images/vincent-van-gogh/beer-tankards-1885(1).jpg","0533_Beer_Tankards_1389x1022.jpg","444327"
"534","Vincent van Gogh","vincent-van-gogh","Bird's Nest","1885","1024","799","0.82","https://uploads7.wikiart.org/images/vincent-van-gogh/bird-s-nest-1885(1).jpg","0534_Bird's_Nest_1024x799.jpg","305574"
"535","Vincent van Gogh","vincent-van-gogh","Bobbin Winder","1885","1024","782","0.8","https://uploads0.wikiart.org/images/vincent-van-gogh/bobbin-winder-1885(1).jpg","0535_Bobbin_Winder_1024x782.jpg","241756"
"536","Vincent van Gogh","vincent-van-gogh","Building in Eindhoven (the Weigh-House)","1885","1024","598","0.61","https://uploads6.wikiart.org/images/vincent-van-gogh/building-in-eindhoven-the-weigh-house-1885(1).jpg","0536_Building_in_Eindhoven_(the_Weigh-House)_1024x598.jpg","217330"
"537","Vincent van Gogh","vincent-van-gogh","City View","1885","1666","915","1.52","https://uploads0.wikiart.org/images/vincent-van-gogh/city-view(1).jpg","0537_City_View_1666x915.jpg","480215"
"538","Vincent van Gogh","vincent-van-gogh","Clock, Clog with Cutlery and a Spoon Rack","1885","620","1024","0.63","https://uploads0.wikiart.org/images/vincent-van-gogh/clock-clog-with-cutlery-and-a-spoon-rack-1885(1).jpg","0538_Clock,_Clog_with_Cutlery_and_a_Spoon_Rac_620x1024.jpg","177642"
"539","Vincent van Gogh","vincent-van-gogh","Cottage and Woman with Goat","1885","2724","1905","5.19","https://uploads5.wikiart.org/images/vincent-van-gogh/cottage-and-woman-with-goat-1885(1).jpg","0539_Cottage_and_Woman_with_Goat_2724x1905.jpg","1537930"
"540","Vincent van Gogh","vincent-van-gogh","Cottage with Decrepit Barn and Stooping Woman","1885","1776","951","1.69","https://uploads5.wikiart.org/images/vincent-van-gogh/cottage-with-decrepit-barn-and-stooping-woman-1885(1).jpg","0540_Cottage_with_Decrepit_Barn_and_Stooping_1776x951.jpg","546195"
"541","Vincent van Gogh","vincent-van-gogh","Cottage with Peasant Coming Home","1885","1024","855","0.88","https://uploads1.wikiart.org/images/vincent-van-gogh/cottage-with-peasant-coming-home-1885(1).jpg","0541_Cottage_with_Peasant_Coming_Home_1024x855.jpg","207149"
"542","Vincent van Gogh","vincent-van-gogh","Cottage with Peasant Woman Digging","1885","1766","1372","2.42","https://uploads3.wikiart.org/images/vincent-van-gogh/cottage-with-peasant-woman-digging-1885(1).jpg","0542_Cottage_with_Peasant_Woman_Digging_1766x1372.jpg","806945"
"543","Vincent van Gogh","vincent-van-gogh","Cottage with Trees","1885","1024","682","0.7","https://uploads5.wikiart.org/images/vincent-van-gogh/cottage-with-trees-1885(1).jpg","0543_Cottage_with_Trees_1024x682.jpg","204598"
"544","Vincent van Gogh","vincent-van-gogh","Cottage with Trees","1885","1773","1284","2.28","https://uploads7.wikiart.org/images/vincent-van-gogh/cottage-with-trees-1885-1(1).jpg","0544_Cottage_with_Trees_1773x1284.jpg","688838"
"545","Vincent van Gogh","vincent-van-gogh","Cottage with Trees and Peasant Woman","1885","935","1024","0.96","https://uploads5.wikiart.org/images/vincent-van-gogh/cottage-with-trees-and-peasant-woman-1885(1).jpg","0545_Cottage_with_Trees_and_Peasant_Woman_935x1024.jpg","192309"
"546","Vincent van Gogh","vincent-van-gogh","Cottage with Woman Digging","1885","1280","931","1.19","https://uploads4.wikiart.org/images/vincent-van-gogh/cottage-with-woman-digging-1885(1).jpg","0546_Cottage_with_Woman_Digging_1280x931.jpg","209242"
"547","Vincent van Gogh","vincent-van-gogh","Country Churchyard and Old Church Tower","1885","2024","1611","3.26","https://uploads8.wikiart.org/images/vincent-van-gogh/country-churchyard-and-old-church-tower-1885(1).jpg","0547_Country_Churchyard_and_Old_Church_Tower_2024x1611.jpg","915386"
"548","Vincent van Gogh","vincent-van-gogh","Country Lane with Two Figures","1885","1773","1360","2.41","https://uploads7.wikiart.org/images/vincent-van-gogh/country-lane-with-two-figures-1885(1).jpg","0548_Country_Lane_with_Two_Figures_1773x1360.jpg","734430"
"549","Vincent van Gogh","vincent-van-gogh","Couple Dancing","1885","1284","754","0.97","https://uploads1.wikiart.org/images/vincent-van-gogh/couple-dancing-1885(1).jpg","0549_Couple_Dancing_1284x754.jpg","305633"
"550","Vincent van Gogh","vincent-van-gogh","Dance-hall","1885","1837","1041","1.91","https://uploads6.wikiart.org/images/vincent-van-gogh/dance-hall-1885(1).jpg","0550_Dance-hall_1837x1041.jpg","2215637"
"551","Vincent van Gogh","vincent-van-gogh","Digger in a Potato Field: February","1885","2129","2780","5.92","https://uploads2.wikiart.org/images/vincent-van-gogh/digger-in-a-potato-field-february-1885(1).jpg","0551_Digger_in_a_Potato_Field_February_2129x2780.jpg","1697191"
"552","Vincent van Gogh","vincent-van-gogh","Entrance to the Old Tower","1885","786","1273","1","https://uploads3.wikiart.org/images/vincent-van-gogh/entrance-to-the-old-tower-1885(1).jpg","0552_Entrance_to_the_Old_Tower_786x1273.jpg","302336"
"553","Vincent van Gogh","vincent-van-gogh","Feet","1885","1863","1334","2.49","https://uploads0.wikiart.org/images/vincent-van-gogh/feet-1885(1).jpg","0553_Feet_1863x1334.jpg","734543"
"554","Vincent van Gogh","vincent-van-gogh","Feet","1885","763","1024","0.78","https://uploads2.wikiart.org/images/vincent-van-gogh/feet-1885-1(1).jpg","0554_Feet_763x1024.jpg","116167"
"555","Vincent van Gogh","vincent-van-gogh","Five Persons at a Meal","1885","1024","591","0.61","https://uploads0.wikiart.org/images/vincent-van-gogh/five-persons-at-a-meal-1885(1).jpg","0555_Five_Persons_at_a_Meal_1024x591.jpg","210370"
"556","Vincent van Gogh","vincent-van-gogh","Four Hands","1885","1948","1141","2.22","https://uploads1.wikiart.org/images/vincent-van-gogh/four-hands(1).jpg","0556_Four_Hands_1948x1141.jpg","669466"
"557","Vincent van Gogh","vincent-van-gogh","Four Hands, Two Holding Bowls","1885","641","1084","0.69","https://uploads6.wikiart.org/images/vincent-van-gogh/four-hands-two-holding-bowls-1885(1).jpg","0557_Four_Hands,_Two_Holding_Bowls_641x1084.jpg","199717"
"558","Vincent van Gogh","vincent-van-gogh","Four Peasants at a Meal (Study for 'The Potato Eaters')","1885","1280","930","1.19","https://uploads2.wikiart.org/images/vincent-van-gogh/four-peasants-at-a-meal-study-for-the-potato-eaters-1885(1).jpg","0558_Four_Peasants_at_a_Meal_(Study_for_'The_1280x930.jpg","195967"
"559","Vincent van Gogh","vincent-van-gogh","Four People Sharing a Meal","1885","1923","1159","2.23","https://uploads4.wikiart.org/images/vincent-van-gogh/four-people-sharing-a-meal-1885(1).jpg","0559_Four_People_Sharing_a_Meal_1923x1159.jpg","709660"
"560","Vincent van Gogh","vincent-van-gogh","Garden in the Snow","1885","1024","574","0.59","https://uploads5.wikiart.org/images/vincent-van-gogh/garden-in-the-snow-1885(1).jpg","0560_Garden_in_the_Snow_1024x574.jpg","219762"
"561","Vincent van Gogh","vincent-van-gogh","Gordina de Groot, Head","1885","699","1024","0.72","https://uploads8.wikiart.org/images/vincent-van-gogh/gordina-de-groot-head-1885(1).jpg","0561_Gordina_de_Groot,_Head_699x1024.jpg","282525"
"562","Vincent van Gogh","vincent-van-gogh","Hand","1885","1024","795","0.81","https://uploads0.wikiart.org/images/vincent-van-gogh/hand-1885(1).jpg","0562_Hand_1024x795.jpg","128233"
"563","Vincent van Gogh","vincent-van-gogh","Hand","1885","1039","583","0.61","https://uploads2.wikiart.org/images/vincent-van-gogh/hand-1885-1(1).jpg","0563_Hand_1039x583.jpg","180338"
"564","Vincent van Gogh","vincent-van-gogh","Hand with a Pot, the Knob of a Chair and a Hunk of Bread","1885","1906","1117","2.13","https://uploads6.wikiart.org/images/vincent-van-gogh/hand-with-a-pot-the-knob-of-a-chair-and-a-hunk-of-bread-1885(1).jpg","0564_Hand_with_a_Pot,_the_Knob_of_a_Chair_and_1906x1117.jpg","632699"
"565","Vincent van Gogh","vincent-van-gogh","Hand with a Stick, and Four People Sharing a Meal","1885","1856","2303","4.27","https://uploads8.wikiart.org/images/vincent-van-gogh/hand-with-a-stick-and-four-people-sharing-a-meal-1885(1).jpg","0565_Hand_with_a_Stick,_and_Four_People_Shari_1856x2303.jpg","1361492"
"566","Vincent van Gogh","vincent-van-gogh","Hand with Bowl and a Cat","1885","1072","626","0.67","https://uploads2.wikiart.org/images/vincent-van-gogh/hand-with-bowl-and-a-cat-1885(1).jpg","0566_Hand_with_Bowl_and_a_Cat_1072x626.jpg","201919"
"567","Vincent van Gogh","vincent-van-gogh","Hands","1885","1024","772","0.79","https://uploads1.wikiart.org/images/vincent-van-gogh/hands-1885(1).jpg","0567_Hands_1024x772.jpg","148409"
"568","Vincent van Gogh","vincent-van-gogh","Hands","1885","1024","797","0.82","https://uploads3.wikiart.org/images/vincent-van-gogh/hands-1885-1(1).jpg","0568_Hands_1024x797.jpg","254650"
"569","Vincent van Gogh","vincent-van-gogh","Hands","1885","1024","756","0.77","https://uploads3.wikiart.org/images/vincent-van-gogh/hands-1885-2(1).jpg","0569_Hands_1024x756.jpg","167722"
"570","Vincent van Gogh","vincent-van-gogh","Hands with a Stick","1885","1457","1216","1.77","https://uploads5.wikiart.org/images/vincent-van-gogh/hands-with-a-stick-1885(1).jpg","0570_Hands_with_a_Stick_1457x1216.jpg","551594"
"571","Vincent van Gogh","vincent-van-gogh","Head of a Brabant Peasant Woman with Dark Cap","1885","1439","1885","2.71","https://uploads5.wikiart.org/images/vincent-van-gogh/head-of-a-brabant-peasant-woman-with-dark-cap-1885(1).jpg","0571_Head_of_a_Brabant_Peasant_Woman_with_Dar_1439x1885.jpg","845898"
"572","Vincent van Gogh","vincent-van-gogh","Head of a Man","1885","589","1024","0.6","https://uploads0.wikiart.org/images/vincent-van-gogh/head-of-a-man-1885(1).jpg","0572_Head_of_a_Man_589x1024.jpg","194964"
"573","Vincent van Gogh","vincent-van-gogh","Head of a Man","1885","737","1098","0.81","https://uploads6.wikiart.org/images/vincent-van-gogh/head-of-a-man-1(1).jpg","0573_Head_of_a_Man_737x1098.jpg","243497"
"574","Vincent van Gogh","vincent-van-gogh","Head of a Man","1885","579","1039","0.6","https://uploads6.wikiart.org/images/vincent-van-gogh/head-of-a-man-2(1).jpg","0574_Head_of_a_Man_579x1039.jpg","185591"
"575","Vincent van Gogh","vincent-van-gogh","Head of a Man with Cap","1885","589","1024","0.6","https://uploads0.wikiart.org/images/vincent-van-gogh/head-of-a-man-with-cap-1885(1).jpg","0575_Head_of_a_Man_with_Cap_589x1024.jpg","165372"
"576","Vincent van Gogh","vincent-van-gogh","Head of a Man with Straw Hat","1885","580","1024","0.59","https://uploads6.wikiart.org/images/vincent-van-gogh/head-of-a-man-with-straw-hat-1885(1).jpg","0576_Head_of_a_Man_with_Straw_Hat_580x1024.jpg","171746"
"577","Vincent van Gogh","vincent-van-gogh","Head of a Man, Bareheaded","1885","573","1024","0.59","https://uploads2.wikiart.org/images/vincent-van-gogh/head-of-a-man-bareheaded-1885(1).jpg","0577_Head_of_a_Man,_Bareheaded_573x1024.jpg","177143"
"578","Vincent van Gogh","vincent-van-gogh","Head of a Man, Bareheaded","1885","558","1024","0.57","https://uploads4.wikiart.org/images/vincent-van-gogh/head-of-a-man-bareheaded-1885-1(1).jpg","0578_Head_of_a_Man,_Bareheaded_558x1024.jpg","279819"
"579","Vincent van Gogh","vincent-van-gogh","Head of a Peasant","1885","1233","1976","2.44","https://uploads4.wikiart.org/images/vincent-van-gogh/head-of-a-peasant-1885(1).jpg","0579_Head_of_a_Peasant_1233x1976.jpg","740951"
"580","Vincent van Gogh","vincent-van-gogh","Head of a Peasant (Study for the Potato Eaters)","1885","784","1027","0.81","https://uploads5.wikiart.org/images/vincent-van-gogh/head-of-a-peasant-study-for-the-potato-eaters-1885(1).jpg","0580_Head_of_a_Peasant_(Study_for_the_Potato_784x1027.jpg","857273"
"581","Vincent van Gogh","vincent-van-gogh","Head of a Peasant with a Pipe","1885","1427","1982","2.83","https://uploads7.wikiart.org/images/vincent-van-gogh/head-of-a-peasant-with-a-pipe-1885(1).jpg","0581_Head_of_a_Peasant_with_a_Pipe_1427x1982.jpg","911003"
"582","Vincent van Gogh","vincent-van-gogh","Head of a Peasant Woman in a Green Shawl","1885","1375","1776","2.44","https://uploads0.wikiart.org/images/vincent-van-gogh/head-of-a-peasant-woman-in-a-green-shawl-1885(1).jpg","0582_Head_of_a_Peasant_Woman_in_a_Green_Shawl_1375x1776.jpg","789555"
"583","Vincent van Gogh","vincent-van-gogh","Head of a Peasant Woman with Brownish Cap","1885","1261","1750","2.21","https://uploads1.wikiart.org/images/vincent-van-gogh/head-of-a-peasant-woman-with-brownish-cap-1885(1).jpg","0583_Head_of_a_Peasant_Woman_with_Brownish_Ca_1261x1750.jpg","647327"
"584","Vincent van Gogh","vincent-van-gogh","Head of a Peasant Woman with Dark Cap","1885","728","1024","0.75","https://uploads6.wikiart.org/images/vincent-van-gogh/head-of-a-peasant-woman-with-dark-cap-1885(1).jpg","0584_Head_of_a_Peasant_Woman_with_Dark_Cap_728x1024.jpg","155464"
"585","Vincent van Gogh","vincent-van-gogh","Head of a Peasant Woman with Dark Cap","1885","1278","1844","2.36","https://uploads8.wikiart.org/images/vincent-van-gogh/head-of-a-peasant-woman-with-dark-cap-1885-1(1).jpg","0585_Head_of_a_Peasant_Woman_with_Dark_Cap_1278x1844.jpg","721437"
"586","Vincent van Gogh","vincent-van-gogh","Head of a Peasant Woman with Dark Cap","1885","698","1024","0.71","https://uploads8.wikiart.org/images/vincent-van-gogh/head-of-a-peasant-woman-with-dark-cap-1885-2(1).jpg","0586_Head_of_a_Peasant_Woman_with_Dark_Cap_698x1024.jpg","163766"
"587","Vincent van Gogh","vincent-van-gogh","Head of a Peasant Woman with Dark Cap","1885","1382","1839","2.54","https://uploads8.wikiart.org/images/vincent-van-gogh/head-of-a-peasant-woman-with-dark-cap-1885-3(1).jpg","0587_Head_of_a_Peasant_Woman_with_Dark_Cap_1382x1839.jpg","824978"
"588","Vincent van Gogh","vincent-van-gogh","Head of a Peasant Woman with Dark Cap","1885","855","1134","0.97","https://uploads8.wikiart.org/images/vincent-van-gogh/head-of-a-peasant-woman-with-dark-cap-1885-4(1).jpg","0588_Head_of_a_Peasant_Woman_with_Dark_Cap_855x1134.jpg","294705"
"589","Vincent van Gogh","vincent-van-gogh","Head of a Peasant Woman with Dark Cap","1885","672","1024","0.69","https://uploads8.wikiart.org/images/vincent-van-gogh/head-of-a-peasant-woman-with-dark-cap-1885-5(1).jpg","0589_Head_of_a_Peasant_Woman_with_Dark_Cap_672x1024.jpg","196609"
"590","Vincent van Gogh","vincent-van-gogh","Head of a Peasant Woman with Dark Cap","1885","1320","1964","2.59","https://uploads8.wikiart.org/images/vincent-van-gogh/head-of-a-peasant-woman-with-dark-cap-1885-6(1).jpg","0590_Head_of_a_Peasant_Woman_with_Dark_Cap_1320x1964.jpg","854546"
"591","Vincent van Gogh","vincent-van-gogh","Head of a Peasant Woman with Dark Cap","1885","1228","1878","2.31","https://uploads8.wikiart.org/images/vincent-van-gogh/head-of-a-peasant-woman-with-dark-cap-1885-7(1).jpg","0591_Head_of_a_Peasant_Woman_with_Dark_Cap_1228x1878.jpg","732942"
"592","Vincent van Gogh","vincent-van-gogh","Head of a Peasant Woman with Greenish Lace Cap","1885","1765","2717","4.8","https://uploads6.wikiart.org/images/vincent-van-gogh/head-of-a-peasant-woman-with-greenish-lace-cap-1885(1).jpg","0592_Head_of_a_Peasant_Woman_with_Greenish_La_1765x2717.jpg","1543821"
"593","Vincent van Gogh","vincent-van-gogh","Head of a Peasant Woman with White Cap","1885","1747","2343","4.09","https://uploads7.wikiart.org/images/vincent-van-gogh/head-of-a-peasant-woman-with-white-cap-1885(1).jpg","0593_Head_of_a_Peasant_Woman_with_White_Cap_1747x2343.jpg","1248536"
"594","Vincent van Gogh","vincent-van-gogh","Head of a Peasant Woman with White Cap","1885","1397","1746","2.44","https://uploads0.wikiart.org/images/vincent-van-gogh/head-of-a-peasant-woman-with-white-cap-1885-1(1).jpg","0594_Head_of_a_Peasant_Woman_with_White_Cap_1397x1746.jpg","703675"
"595","Vincent van Gogh","vincent-van-gogh","Head of a Peasant Woman with White Cap","1885","858","1162","1","https://uploads0.wikiart.org/images/vincent-van-gogh/head-of-a-peasant-woman-with-white-cap-1885-2(1).jpg","0595_Head_of_a_Peasant_Woman_with_White_Cap_858x1162.jpg","287579"
"596","Vincent van Gogh","vincent-van-gogh","Head of a Peasant Woman with White Cap","1885","860","1025","0.88","https://uploads0.wikiart.org/images/vincent-van-gogh/head-of-a-peasant-woman-with-white-cap-1885-3(1).jpg","0596_Head_of_a_Peasant_Woman_with_White_Cap_860x1025.jpg","283752"
"597","Vincent van Gogh","vincent-van-gogh","Head of a Peasant Woman with White Cap","1885","1268","1684","2.14","https://uploads0.wikiart.org/images/vincent-van-gogh/head-of-a-peasant-woman-with-white-cap-1885-4(1).jpg","0597_Head_of_a_Peasant_Woman_with_White_Cap_1268x1684.jpg","706809"
"598","Vincent van Gogh","vincent-van-gogh","Head of a Peasant Woman with White Cap","1885","1360","1692","2.3","https://uploads0.wikiart.org/images/vincent-van-gogh/head-of-a-peasant-woman-with-white-cap-1885-5(1).jpg","0598_Head_of_a_Peasant_Woman_with_White_Cap_1360x1692.jpg","754675"
"599","Vincent van Gogh","vincent-van-gogh","Head of a Peasant Woman with White Cap","1885","1770","2286","4.05","https://uploads6.wikiart.org/images/vincent-van-gogh/head-of-a-peasant-woman-with-white-cap-1885-6.jpg","0599_Head_of_a_Peasant_Woman_with_White_Cap_1770x2286.jpg","1291291"
"600","Vincent van Gogh","vincent-van-gogh","Head of a Woman","1885","742","1024","0.76","https://uploads8.wikiart.org/images/vincent-van-gogh/head-of-a-woman-1885.jpg","0600_Head_of_a_Woman_742x1024.jpg","242778"
"601","Vincent van Gogh","vincent-van-gogh","Head of a Woman","1885","758","1114","0.84","https://uploads5.wikiart.org/images/vincent-van-gogh/head-of-a-woman-4.jpg","0601_Head_of_a_Woman_758x1114.jpg","260790"
"602","Vincent van Gogh","vincent-van-gogh","Head of a Woman","1885","650","1024","0.67","https://uploads8.wikiart.org/images/vincent-van-gogh/head-of-a-woman-5(1).jpg","0602_Head_of_a_Woman_650x1024.jpg","217581"
"603","Vincent van Gogh","vincent-van-gogh","Head of a Woman","1885","598","1024","0.61","https://uploads8.wikiart.org/images/vincent-van-gogh/head-of-a-woman-6(1).jpg","0603_Head_of_a_Woman_598x1024.jpg","217281"
"604","Vincent van Gogh","vincent-van-gogh","Head of a Woman","1885","835","1024","0.86","https://uploads8.wikiart.org/images/vincent-van-gogh/head-of-a-woman-7(1).jpg","0604_Head_of_a_Woman_835x1024.jpg","296991"
"605","Vincent van Gogh","vincent-van-gogh","Head of a Woman","1885","758","1298","0.98","https://uploads5.wikiart.org/images/vincent-van-gogh/head-of-a-woman-8.jpg","0605_Head_of_a_Woman_758x1298.jpg","295428"
"606","Vincent van Gogh","vincent-van-gogh","Head of a Woman","1885","738","1303","0.96","https://uploads5.wikiart.org/images/vincent-van-gogh/head-of-a-woman-9.jpg","0606_Head_of_a_Woman_738x1303.jpg","286806"
"607","Vincent van Gogh","vincent-van-gogh","Head of a Woman","1885","766","1269","0.97","https://uploads6.wikiart.org/images/vincent-van-gogh/head-of-a-woman-10.jpg","0607_Head_of_a_Woman_766x1269.jpg","284385"
"608","Vincent van Gogh","vincent-van-gogh","Head of a Woman","1885","1301","2133","2.78","https://uploads6.wikiart.org/images/vincent-van-gogh/head-of-a-woman-11.jpg","0608_Head_of_a_Woman_1301x2133.jpg","853582"
"609","Vincent van Gogh","vincent-van-gogh","Head of a Woman","1885","1376","2309","3.18","https://uploads6.wikiart.org/images/vincent-van-gogh/head-of-a-woman-12.jpg","0609_Head_of_a_Woman_1376x2309.jpg","982542"
"610","Vincent van Gogh","vincent-van-gogh","Head of a Woman","1885","1873","2344","4.39","https://uploads6.wikiart.org/images/vincent-van-gogh/head-of-a-woman-13.jpg","0610_Head_of_a_Woman_1873x2344.jpg","1360259"
"611","Vincent van Gogh","vincent-van-gogh","Head of a Woman","1885","838","1024","0.86","https://uploads6.wikiart.org/images/vincent-van-gogh/head-of-a-woman-14.jpg","0611_Head_of_a_Woman_838x1024.jpg","274910"
"612","Vincent van Gogh","vincent-van-gogh","Head of a Woman","1885","764","1062","0.81","https://uploads6.wikiart.org/images/vincent-van-gogh/head-of-a-woman-15.jpg","0612_Head_of_a_Woman_764x1062.jpg","231971"
"613","Vincent van Gogh","vincent-van-gogh","Head of a Woman","1885","748","1170","0.88","https://uploads6.wikiart.org/images/vincent-van-gogh/head-of-a-woman-16.jpg","0613_Head_of_a_Woman_748x1170.jpg","259642"
"614","Vincent van Gogh","vincent-van-gogh","Head of a Woman","1885","1611","2141","3.45","https://uploads6.wikiart.org/images/vincent-van-gogh/head-of-a-woman-17.jpg","0614_Head_of_a_Woman_1611x2141.jpg","1138976"
"615","Vincent van Gogh","vincent-van-gogh","Head of a Woman with her Hair Loose","1885","667","1024","0.68","https://uploads4.wikiart.org/images/vincent-van-gogh/head-of-a-woman-with-her-hair-loose-1885(1).jpg","0615_Head_of_a_Woman_with_her_Hair_Loose_667x1024.jpg","717503"
"616","Vincent van Gogh","vincent-van-gogh","Head of a Young Man","1885","2037","3354","6.83","https://uploads1.wikiart.org/images/vincent-van-gogh/head-of-a-young-man(2).jpg","0616_Head_of_a_Young_Man_2037x3354.jpg","5278566"
"617","Vincent van Gogh","vincent-van-gogh","Head of a Young Man","1885","741","1208","0.9","https://uploads0.wikiart.org/images/vincent-van-gogh/head-of-a-young-man-1.jpg","0617_Head_of_a_Young_Man_741x1208.jpg","280850"
"618","Vincent van Gogh","vincent-van-gogh","Head of a Young Man","1885","769","1305","1","https://uploads0.wikiart.org/images/vincent-van-gogh/head-of-a-young-man-2.jpg","0618_Head_of_a_Young_Man_769x1305.jpg","288087"
"619","Vincent van Gogh","vincent-van-gogh","Head of a Young Man with a Pipe","1885","738","1251","0.92","https://uploads1.wikiart.org/images/vincent-van-gogh/head-of-a-young-man-with-a-pipe.jpg","0619_Head_of_a_Young_Man_with_a_Pipe_738x1251.jpg","275866"
"620","Vincent van Gogh","vincent-van-gogh","Head of a Young Peasant in a Peaked Cap","1885","1774","2333","4.14","https://uploads5.wikiart.org/images/vincent-van-gogh/head-of-a-young-peasant-in-a-peaked-cap-1885.jpg","0620_Head_of_a_Young_Peasant_in_a_Peaked_Cap_1774x2333.jpg","1292374"
"621","Vincent van Gogh","vincent-van-gogh","Head of a Young Peasant Woman with Dark Cap","1885","1417","2241","3.18","https://uploads0.wikiart.org/images/vincent-van-gogh/head-of-a-young-peasant-woman-with-dark-cap-1885.jpg","0621_Head_of_a_Young_Peasant_Woman_with_Dark_1417x2241.jpg","963358"
"622","Vincent van Gogh","vincent-van-gogh","Head of an Old Woman with White Cap The Midwife","1885","2448","3168","7.76","https://uploads7.wikiart.org/images/vincent-van-gogh/head-of-an-old-woman-with-white-cap-the-midwife-1885(2).jpg","0622_Head_of_an_Old_Woman_with_White_Cap_The_2448x3168.jpg","6362891"
"623","Vincent van Gogh","vincent-van-gogh","Honesty in a Vase","1885","738","1024","0.76","https://uploads1.wikiart.org/images/vincent-van-gogh/honesty-in-a-vase-1885.jpg","0623_Honesty_in_a_Vase_738x1024.jpg","222759"
"624","Vincent van Gogh","vincent-van-gogh","Interior with Peasant Woman Peeling Potatoes","1885","1445","1873","2.71","https://uploads1.wikiart.org/images/vincent-van-gogh/interior-with-peasant-woman-peeling-potatoes-1885.jpg","0624_Interior_with_Peasant_Woman_Peeling_Pota_1445x1873.jpg","830469"
"625","Vincent van Gogh","vincent-van-gogh","Interior with Peasant Woman Sewing","1885","902","1024","0.92","https://uploads0.wikiart.org/images/vincent-van-gogh/interior-with-peasant-woman-sewing-1885.jpg","0625_Interior_with_Peasant_Woman_Sewing_902x1024.jpg","242478"
"626","Vincent van Gogh","vincent-van-gogh","Interior with Peasant Woman Sewing","1885","749","1024","0.77","https://uploads2.wikiart.org/images/vincent-van-gogh/interior-with-peasant-woman-sewing-1885-1.jpg","0626_Interior_with_Peasant_Woman_Sewing_749x1024.jpg","185646"
"627","Vincent van Gogh","vincent-van-gogh","Interior with Peasant Woman Sewing","1885","863","1024","0.88","https://uploads2.wikiart.org/images/vincent-van-gogh/interior-with-peasant-woman-sewing-1885-2.jpg","0627_Interior_with_Peasant_Woman_Sewing_863x1024.jpg","248230"
"628","Vincent van Gogh","vincent-van-gogh","Interior with Peasant Woman Sewing","1885","636","1024","0.65","https://uploads2.wikiart.org/images/vincent-van-gogh/interior-with-peasant-woman-sewing-1885-3.jpg","0628_Interior_with_Peasant_Woman_Sewing_636x1024.jpg","283705"
"629","Vincent van Gogh","vincent-van-gogh","Interior with Peasant Woman Sewing","1885","626","1024","0.64","https://uploads2.wikiart.org/images/vincent-van-gogh/interior-with-peasant-woman-sewing-1885-4.jpg","0629_Interior_with_Peasant_Woman_Sewing_626x1024.jpg","168121"
"630","Vincent van Gogh","vincent-van-gogh","Interior with Peasant Woman Sitting near the Fireplace","1885","656","1024","0.67","https://uploads2.wikiart.org/images/vincent-van-gogh/interior-with-peasant-woman-sitting-near-the-fireplace-1885.jpg","0630_Interior_with_Peasant_Woman_Sitting_near_656x1024.jpg","168243"
"631","Vincent van Gogh","vincent-van-gogh","Interior with Peasant Woman Sitting near the Fireplace","1885","1024","771","0.79","https://uploads4.wikiart.org/images/vincent-van-gogh/interior-with-peasant-woman-sitting-near-the-fireplace-1885-1.jpg","0631_Interior_with_Peasant_Woman_Sitting_near_1024x771.jpg","186202"
"632","Vincent van Gogh","vincent-van-gogh","Kettle Over a Fire, and a Cottage by Night","1885","1353","2308","3.12","https://uploads7.wikiart.org/images/vincent-van-gogh/kettle-over-a-fire-and-a-cottage-by-night-1885.jpg","0632_Kettle_Over_a_Fire,_and_a_Cottage_by_Nig_1353x2308.jpg","958143"
"633","Vincent van Gogh","vincent-van-gogh","Landscape at Dusk","1885","1139","937","1.07","https://uploads1.wikiart.org/images/vincent-van-gogh/landscape-at-dusk-1885.jpg","0633_Landscape_at_Dusk_1139x937.jpg","241617"
"634","Vincent van Gogh","vincent-van-gogh","Landscape at Sunset","1885","1775","1229","2.18","https://uploads3.wikiart.org/images/vincent-van-gogh/landscape-at-sunset-1885.jpg","0634_Landscape_at_Sunset_1775x1229.jpg","656388"
"635","Vincent van Gogh","vincent-van-gogh","Landscape in Stormy Weather","1885","1605","2150","3.45","https://uploads2.wikiart.org/images/vincent-van-gogh/landscape-in-stormy-weather-1885.jpg","0635_Landscape_in_Stormy_Weather_1605x2150.jpg","1001762"
"636","Vincent van Gogh","vincent-van-gogh","Landscape with a Church and Houses","1885","1280","756","0.97","https://uploads0.wikiart.org/images/vincent-van-gogh/landscape-with-a-church-and-houses-1885.jpg","0636_Landscape_with_a_Church_and_Houses_1280x756.jpg","244549"
"637","Vincent van Gogh","vincent-van-gogh","Landscape with Cottages and a Mill","1885","1902","1441","2.74","https://uploads0.wikiart.org/images/vincent-van-gogh/landscape-with-cottages-and-a-mill-1885.jpg","0637_Landscape_with_Cottages_and_a_Mill_1902x1441.jpg","844378"
"638","Vincent van Gogh","vincent-van-gogh","Lane with poplars near Nuenen","1885","2232","1780","3.97","https://uploads4.wikiart.org/images/vincent-van-gogh/lane-with-poplars-near-nuenen-1885.jpg","0638_Lane_with_poplars_near_Nuenen_2232x1780.jpg","729226"
"639","Vincent van Gogh","vincent-van-gogh","Lap with Hands","1885","1916","1178","2.26","https://uploads2.wikiart.org/images/vincent-van-gogh/lap-with-hands.jpg","0639_Lap_with_Hands_1916x1178.jpg","675406"
"640","Vincent van Gogh","vincent-van-gogh","Lap with Hands and a Bowl","1885","1917","1135","2.18","https://uploads4.wikiart.org/images/vincent-van-gogh/lap-with-hands-and-a-bowl.jpg","0640_Lap_with_Hands_and_a_Bowl_1917x1135.jpg","622928"
"641","Vincent van Gogh","vincent-van-gogh","Man and Woman Sharing a Meal","1885","1829","1121","2.05","https://uploads3.wikiart.org/images/vincent-van-gogh/man-and-woman-sharing-a-meal-1885.jpg","0641_Man_and_Woman_Sharing_a_Meal_1829x1121.jpg","590835"
"642","Vincent van Gogh","vincent-van-gogh","Man Loading a Cart","1885","1024","626","0.64","https://uploads2.wikiart.org/images/vincent-van-gogh/man-loading-a-cart-1885.jpg","0642_Man_Loading_a_Cart_1024x626.jpg","122485"
"643","Vincent van Gogh","vincent-van-gogh","Man with Bowler","1885","608","1024","0.62","https://uploads8.wikiart.org/images/vincent-van-gogh/man-with-bowler-1885.jpg","0643_Man_with_Bowler_608x1024.jpg","180839"
"644","Vincent van Gogh","vincent-van-gogh","Parsonage Garden at Dusk","1885","1024","610","0.62","https://uploads8.wikiart.org/images/vincent-van-gogh/parsonage-garden-at-dusk-1885.jpg","0644_Parsonage_Garden_at_Dusk_1024x610.jpg","237620"
"645","Vincent van Gogh","vincent-van-gogh","Parsonage Garden in the Snow with Three Figures","1885","1350","1895","2.56","https://uploads4.wikiart.org/images/vincent-van-gogh/parsonage-garden-in-the-snow-with-three-figures-1885.jpg","0645_Parsonage_Garden_in_the_Snow_with_Three_1350x1895.jpg","761668"
"646","Vincent van Gogh","vincent-van-gogh","Peasant and Peasant Woman Planting Potatoes","1885","2720","2111","5.74","https://uploads0.wikiart.org/images/vincent-van-gogh/peasant-and-peasant-woman-planting-potatoes-1885.jpg","0646_Peasant_and_Peasant_Woman_Planting_Potat_2720x2111.jpg","4954774"
"647","Vincent van Gogh","vincent-van-gogh","Peasant Boy","1885","553","1024","0.57","https://uploads4.wikiart.org/images/vincent-van-gogh/peasant-boy-1885.jpg","0647_Peasant_Boy_553x1024.jpg","106543"
"648","Vincent van Gogh","vincent-van-gogh","Peasant Boy, Digging","1885","744","1024","0.76","https://uploads3.wikiart.org/images/vincent-van-gogh/peasant-boy-digging-1885.jpg","0648_Peasant_Boy,_Digging_744x1024.jpg","133659"
"649","Vincent van Gogh","vincent-van-gogh","Peasant Digging","1885","1214","1779","2.16","https://uploads8.wikiart.org/images/vincent-van-gogh/peasant-digging-1885.jpg","0649_Peasant_Digging_1214x1779.jpg","664485"
"650","Vincent van Gogh","vincent-van-gogh","Peasant Girl, Half-Figure","1885","599","1024","0.61","https://uploads1.wikiart.org/images/vincent-van-gogh/peasant-girl-half-figure-2-1885.jpg","0650_Peasant_Girl,_Half-Figure_599x1024.jpg","197213"
"651","Vincent van Gogh","vincent-van-gogh","Peasant Lifting Beet","1885","2125","2710","5.76","https://uploads4.wikiart.org/images/vincent-van-gogh/peasant-lifting-beet-1885.jpg","0651_Peasant_Lifting_Beet_2125x2710.jpg","1741641"
"652","Vincent van Gogh","vincent-van-gogh","Peasant Lifting Potatoes","1885","1923","1351","2.6","https://uploads8.wikiart.org/images/vincent-van-gogh/peasant-lifting-potatoes-1885.jpg","0652_Peasant_Lifting_Potatoes_1923x1351.jpg","856849"
"653","Vincent van Gogh","vincent-van-gogh","Peasant Lifting Potatoes","1885","1645","2176","3.58","https://uploads1.wikiart.org/images/vincent-van-gogh/peasant-lifting-potatoes-2-1885.jpg","0653_Peasant_Lifting_Potatoes_1645x2176.jpg","1090088"
"654","Vincent van Gogh","vincent-van-gogh","Peasant Man and Woman Planting Potatoes","1885","1024","755","0.77","https://uploads5.wikiart.org/images/vincent-van-gogh/peasant-man-and-woman-planting-potatoes-1885.jpg","0654_Peasant_Man_and_Woman_Planting_Potatoes_1024x755.jpg","182249"
"655","Vincent van Gogh","vincent-van-gogh","Peasant Man and Woman Planting Potatoes","1885","1251","1024","1.28","https://uploads7.wikiart.org/images/vincent-van-gogh/peasant-man-and-woman-planting-potatoes-1885-1.jpg","0655_Peasant_Man_and_Woman_Planting_Potatoes_1251x1024.jpg","280587"
"656","Vincent van Gogh","vincent-van-gogh","Peasant Man and Woman, Digging","1885","1024","636","0.65","https://uploads4.wikiart.org/images/vincent-van-gogh/peasant-man-and-woman-digging-1885.jpg","0656_Peasant_Man_and_Woman,_Digging_1024x636.jpg","256953"
"657","Vincent van Gogh","vincent-van-gogh","Peasant with Sickle","1885","2556","2016","5.15","https://uploads3.wikiart.org/images/vincent-van-gogh/peasant-with-sickle-1885.jpg","0657_Peasant_with_Sickle_2556x2016.jpg","1405429"
"658","Vincent van Gogh","vincent-van-gogh","Peasant with Sickle, Seen from the Back","1885","649","1024","0.66","https://uploads4.wikiart.org/images/vincent-van-gogh/peasant-with-sickle-seen-from-the-back-1885.jpg","0658_Peasant_with_Sickle,_Seen_from_the_Back_649x1024.jpg","128362"
"659","Vincent van Gogh","vincent-van-gogh","Peasant with Sickle, Seen from the Back","1885","630","1024","0.65","https://uploads6.wikiart.org/images/vincent-van-gogh/peasant-with-sickle-seen-from-the-back-1885-1.jpg","0659_Peasant_with_Sickle,_Seen_from_the_Back_630x1024.jpg","130666"
"660","Vincent van Gogh","vincent-van-gogh","Peasant with Sickle, Seen from the Back","1885","1024","830","0.85","https://uploads6.wikiart.org/images/vincent-van-gogh/peasant-with-sickle-seen-from-the-back-1885-2.jpg","0660_Peasant_with_Sickle,_Seen_from_the_Back_1024x830.jpg","189045"
"661","Vincent van Gogh","vincent-van-gogh","Peasant with Sickle, Seen from the Back","1885","715","1024","0.73","https://uploads6.wikiart.org/images/vincent-van-gogh/peasant-with-sickle-seen-from-the-back-1885-3.jpg","0661_Peasant_with_Sickle,_Seen_from_the_Back_715x1024.jpg","179562"
"662","Vincent van Gogh","vincent-van-gogh","Peasant with Sickle, Seen from the Back","1885","1024","762","0.78","https://uploads6.wikiart.org/images/vincent-van-gogh/peasant-with-sickle-seen-from-the-back-1885-4.jpg","0662_Peasant_with_Sickle,_Seen_from_the_Back_1024x762.jpg","181513"
"663","Vincent van Gogh","vincent-van-gogh","Peasant with Sickle, Seen from the Back","1885","790","1024","0.81","https://uploads6.wikiart.org/images/vincent-van-gogh/peasant-with-sickle-seen-from-the-back-1885-5.jpg","0663_Peasant_with_Sickle,_Seen_from_the_Back_790x1024.jpg","243895"
"664","Vincent van Gogh","vincent-van-gogh","Peasant with Walking Stick, and Little Sketch of the Same Figure","1885","607","1024","0.62","https://uploads2.wikiart.org/images/vincent-van-gogh/peasant-with-walking-stick-and-little-sketch-of-the-same-figure-1885.jpg","0664_Peasant_with_Walking_Stick,_and_Little_S_607x1024.jpg","104958"
"665","Vincent van Gogh","vincent-van-gogh","Peasant Woman","1885","618","1024","0.63","https://uploads6.wikiart.org/images/vincent-van-gogh/peasant-woman-1885.jpg","0665_Peasant_Woman_618x1024.jpg","117503"
"666","Vincent van Gogh","vincent-van-gogh","Peasant Woman at the Washtub","1885","800","1024","0.82","https://uploads3.wikiart.org/images/vincent-van-gogh/peasant-woman-at-the-washtub-1885.jpg","0666_Peasant_Woman_at_the_Washtub_800x1024.jpg","163452"
"667","Vincent van Gogh","vincent-van-gogh","Peasant Woman at the Washtub and Peasant Woman Hanging Up the Laundry","1885","811","1024","0.83","https://uploads8.wikiart.org/images/vincent-van-gogh/peasant-woman-at-the-washtub-and-peasant-woman-hanging-up-the-laundry-1885.jpg","0667_Peasant_Woman_at_the_Washtub_and_Peasant_811x1024.jpg","201805"
"668","Vincent van Gogh","vincent-van-gogh","Peasant Woman Bending Over","1885","843","1024","0.86","https://uploads1.wikiart.org/images/vincent-van-gogh/peasant-woman-bending-over-1885.jpg","0668_Peasant_Woman_Bending_Over_843x1024.jpg","318325"
"669","Vincent van Gogh","vincent-van-gogh","Peasant Woman Binding Sheaves","1885","2095","2679","5.61","https://uploads4.wikiart.org/images/vincent-van-gogh/peasant-woman-binding-sheaves-1885.jpg","0669_Peasant_Woman_Binding_Sheaves_2095x2679.jpg","1701788"
"670","Vincent van Gogh","vincent-van-gogh","Peasant Woman by the Hearth","1885","1142","826","0.94","https://uploads6.wikiart.org/images/vincent-van-gogh/peasant-woman-by-the-hearth.jpg","0670_Peasant_Woman_by_the_Hearth_1142x826.jpg","182673"
"671","Vincent van Gogh","vincent-van-gogh","Peasant Woman Digging","1885","1950","2755","5.37","https://uploads5.wikiart.org/images/vincent-van-gogh/peasant-woman-digging-1885.jpg","0671_Peasant_Woman_Digging_1950x2755.jpg","1681969"
"672","Vincent van Gogh","vincent-van-gogh","Peasant Woman Digging","1885","2205","2741","6.04","https://uploads7.wikiart.org/images/vincent-van-gogh/peasant-woman-digging-1885-1.jpg","0672_Peasant_Woman_Digging_2205x2741.jpg","1946173"
"673","Vincent van Gogh","vincent-van-gogh","Peasant Woman Digging","1885","900","1187","1.07","https://uploads7.wikiart.org/images/vincent-van-gogh/peasant-woman-digging-1885-2.jpg","0673_Peasant_Woman_Digging_900x1187.jpg","282904"
"674","Vincent van Gogh","vincent-van-gogh","Peasant Woman Gleaning","1885","880","1024","0.9","https://uploads6.wikiart.org/images/vincent-van-gogh/peasant-woman-gleaning-1885.jpg","0674_Peasant_Woman_Gleaning_880x1024.jpg","225926"
"675","Vincent van Gogh","vincent-van-gogh","Peasant Woman Gleaning","1885","826","1022","0.84","https://uploads8.wikiart.org/images/vincent-van-gogh/peasant-woman-gleaning-1885-1.jpg","0675_Peasant_Woman_Gleaning_826x1022.jpg","147620"
"676","Vincent van Gogh","vincent-van-gogh","Peasant Woman Lifting Potatoes","1885","1349","2283","3.08","https://uploads5.wikiart.org/images/vincent-van-gogh/peasant-woman-lifting-potatoes-1885.jpg","0676_Peasant_Woman_Lifting_Potatoes_1349x2283.jpg","906164"
"677","Vincent van Gogh","vincent-van-gogh","Peasant Woman Lifting Potatoes","1885","1329","2283","3.03","https://uploads7.wikiart.org/images/vincent-van-gogh/peasant-woman-lifting-potatoes-2-1885.jpg","0677_Peasant_Woman_Lifting_Potatoes_1329x2283.jpg","873525"
"678","Vincent van Gogh","vincent-van-gogh","Peasant Woman Lifting Potatoes","1885","1631","2109","3.44","https://uploads7.wikiart.org/images/vincent-van-gogh/peasant-woman-lifting-potatoes-3-1885.jpg","0678_Peasant_Woman_Lifting_Potatoes_1631x2109.jpg","1071926"
"679","Vincent van Gogh","vincent-van-gogh","Peasant Woman Lifting Potatoes","1885","1646","2070","3.41","https://uploads7.wikiart.org/images/vincent-van-gogh/peasant-woman-lifting-potatoes-4-1885.jpg","0679_Peasant_Woman_Lifting_Potatoes_1646x2070.jpg","1087425"
"680","Vincent van Gogh","vincent-van-gogh","Peasant Woman Lifting Potatoes","1885","2197","2708","5.95","https://uploads7.wikiart.org/images/vincent-van-gogh/peasant-woman-lifting-potatoes-5-1885.jpg","0680_Peasant_Woman_Lifting_Potatoes_2197x2708.jpg","1786777"
"681","Vincent van Gogh","vincent-van-gogh","Peasant Woman Lifting Potatoes","1885","2176","1933","4.21","https://uploads7.wikiart.org/images/vincent-van-gogh/peasant-woman-lifting-potatoes-6-1885.jpg","0681_Peasant_Woman_Lifting_Potatoes_2176x1933.jpg","1338944"
"682","Vincent van Gogh","vincent-van-gogh","Peasant Woman Peeling Potatoes","1885","776","1068","0.83","https://uploads5.wikiart.org/images/vincent-van-gogh/peasant-woman-peeling-potatoes-1885.jpg","0682_Peasant_Woman_Peeling_Potatoes_776x1068.jpg","103917"
"683","Vincent van Gogh","vincent-van-gogh","Peasant Woman Reeling Yarn","1885","1056","825","0.87","https://uploads1.wikiart.org/images/vincent-van-gogh/peasant-woman-reeling-yarn-1885.jpg","0683_Peasant_Woman_Reeling_Yarn_1056x825.jpg","289325"
"684","Vincent van Gogh","vincent-van-gogh","Peasant Woman Stooping and Gleaning","1885","822","1024","0.84","https://uploads1.wikiart.org/images/vincent-van-gogh/peasant-woman-stooping-and-gleaning-1885.jpg","0684_Peasant_Woman_Stooping_and_Gleaning_822x1024.jpg","303825"
"685","Vincent van Gogh","vincent-van-gogh","Peasant Woman Stooping and Gleaning","1885","729","1024","0.75","https://uploads3.wikiart.org/images/vincent-van-gogh/peasant-woman-stooping-and-gleaning-1885-1.jpg","0685_Peasant_Woman_Stooping_and_Gleaning_729x1024.jpg","137409"
"686","Vincent van Gogh","vincent-van-gogh","Peasant Woman with a Bucket","1885","594","1024","0.61","https://uploads2.wikiart.org/images/vincent-van-gogh/peasant-woman-with-a-bucket-1885.jpg","0686_Peasant_Woman_with_a_Bucket_594x1024.jpg","102667"
"687","Vincent van Gogh","vincent-van-gogh","Peasant Woman with a Child in Her Lap","1885","889","1123","1","https://uploads3.wikiart.org/images/vincent-van-gogh/peasant-woman-with-a-child-in-her-lap-1885.jpg","0687_Peasant_Woman_with_a_Child_in_Her_Lap_889x1123.jpg","135335"
"688","Vincent van Gogh","vincent-van-gogh","Peasant Woman with Broom","1885","614","1024","0.63","https://uploads8.wikiart.org/images/vincent-van-gogh/peasant-woman-with-broom-1885.jpg","0688_Peasant_Woman_with_Broom_614x1024.jpg","147498"
"689","Vincent van Gogh","vincent-van-gogh","Peasant Woman with Broom","1885","591","1024","0.61","https://uploads1.wikiart.org/images/vincent-van-gogh/peasant-woman-with-broom-1885-1.jpg","0689_Peasant_Woman_with_Broom_591x1024.jpg","118970"
"690","Vincent van Gogh","vincent-van-gogh","Peasant Woman with Shawl over her Head, Seen from the Back","1885","779","1331","1.04","https://uploads5.wikiart.org/images/vincent-van-gogh/peasant-woman-with-shawl-over-her-head-seen-from-the-back-1885.jpg","0690_Peasant_Woman_with_Shawl_over_her_Head,_779x1331.jpg","305638"
"691","Vincent van Gogh","vincent-van-gogh","Peasant Woman with Shawl over her Head, Seen from the Side","1885","597","1024","0.61","https://uploads5.wikiart.org/images/vincent-van-gogh/peasant-woman-with-shawl-over-her-head-seen-from-the-side-1885.jpg","0691_Peasant_Woman_with_Shawl_over_her_Head,_597x1024.jpg","131534"
"692","Vincent van Gogh","vincent-van-gogh","Peasant Woman with Shawl over her Head, Seen from the Side 2","1885","543","1024","0.56","https://uploads7.wikiart.org/images/vincent-van-gogh/peasant-woman-with-shawl-over-her-head-seen-from-the-side-2-1885.jpg","0692_Peasant_Woman_with_Shawl_over_her_Head,_543x1024.jpg","107078"
"693","Vincent van Gogh","vincent-van-gogh","Peasant Woman with Spade","1885","595","1024","0.61","https://uploads8.wikiart.org/images/vincent-van-gogh/peasant-woman-with-spade-1885.jpg","0693_Peasant_Woman_with_Spade_595x1024.jpg","228603"
"694","Vincent van Gogh","vincent-van-gogh","Peasant Woman, Binding a Sheaf of Grain","1885","804","1024","0.82","https://uploads4.wikiart.org/images/vincent-van-gogh/peasant-woman-binding-a-sheaf-of-grain-1885.jpg","0694_Peasant_Woman,_Binding_a_Sheaf_of_Grain_804x1024.jpg","206648"
"695","Vincent van Gogh","vincent-van-gogh","Peasant Woman, Carrying a Sheaf of Grain","1885","757","1024","0.78","https://uploads5.wikiart.org/images/vincent-van-gogh/peasant-woman-carrying-a-sheaf-of-grain-1885.jpg","0695_Peasant_Woman,_Carrying_a_Sheaf_of_Grain_757x1024.jpg","184415"
"696","Vincent van Gogh","vincent-van-gogh","Peasant Woman, Carrying Wheat in Her Apron","1885","674","1024","0.69","https://uploads7.wikiart.org/images/vincent-van-gogh/peasant-woman-carrying-wheat-in-her-apron-1885.jpg","0696_Peasant_Woman,_Carrying_Wheat_in_Her_Apr_674x1024.jpg","168344"
"697","Vincent van Gogh","vincent-van-gogh","Peasant Woman, Digging, Seen from the Side","1885","768","1025","0.79","https://uploads6.wikiart.org/images/vincent-van-gogh/peasant-woman-digging-seen-from-the-side-1885.jpg","0697_Peasant_Woman,_Digging,_Seen_from_the_Si_768x1025.jpg","252849"
"698","Vincent van Gogh","vincent-van-gogh","Peasant Woman, Head","1885","579","1024","0.59","https://uploads2.wikiart.org/images/vincent-van-gogh/peasant-woman-head-1885.jpg","0698_Peasant_Woman,_Head_579x1024.jpg","203807"
"699","Vincent van Gogh","vincent-van-gogh","Peasant Woman, Head","1885","591","1024","0.61","https://uploads4.wikiart.org/images/vincent-van-gogh/peasant-woman-head-1885-1.jpg","0699_Peasant_Woman,_Head_591x1024.jpg","259083"
"700","Vincent van Gogh","vincent-van-gogh","Peasant Woman, Head","1885","608","1024","0.62","https://uploads4.wikiart.org/images/vincent-van-gogh/peasant-woman-head-1885-2.jpg","0700_Peasant_Woman,_Head_608x1024.jpg","230494"
"701","Vincent van Gogh","vincent-van-gogh","Peasant Woman, Head","1885","604","1024","0.62","https://uploads4.wikiart.org/images/vincent-van-gogh/peasant-woman-head-1885-3.jpg","0701_Peasant_Woman,_Head_604x1024.jpg","209416"
"702","Vincent van Gogh","vincent-van-gogh","Peasant Woman, Head","1885","656","1024","0.67","https://uploads4.wikiart.org/images/vincent-van-gogh/peasant-woman-head-1885-4.jpg","0702_Peasant_Woman,_Head_656x1024.jpg","115643"
"703","Vincent van Gogh","vincent-van-gogh","Peasant Woman, Head","1885","667","1024","0.68","https://uploads4.wikiart.org/images/vincent-van-gogh/peasant-woman-head-1885-5.jpg","0703_Peasant_Woman,_Head_667x1024.jpg","148639"
"704","Vincent van Gogh","vincent-van-gogh","Peasant Woman, Kneeling with Chopper","1885","1024","929","0.95","https://uploads1.wikiart.org/images/vincent-van-gogh/peasant-woman-kneeling-with-chopper-1885.jpg","0704_Peasant_Woman,_Kneeling_with_Chopper_1024x929.jpg","205786"
"705","Vincent van Gogh","vincent-van-gogh","Peasant Woman, Kneeling, Possibly Digging Up Carrots","1885","1024","842","0.86","https://uploads7.wikiart.org/images/vincent-van-gogh/peasant-woman-kneeling-possibly-digging-up-carrots-1885.jpg","0705_Peasant_Woman,_Kneeling,_Possibly_Diggin_1024x842.jpg","168384"
"706","Vincent van Gogh","vincent-van-gogh","Peasant Woman, Kneeling, Seen from the Back","1885","1024","872","0.89","https://uploads7.wikiart.org/images/vincent-van-gogh/peasant-woman-kneeling-seen-from-the-back-1885.jpg","0706_Peasant_Woman,_Kneeling,_Seen_from_the_B_1024x872.jpg","229752"
"707","Vincent van Gogh","vincent-van-gogh","Peasant Woman, Picking Up a Sheaf of Grain","1885","1024","874","0.89","https://uploads7.wikiart.org/images/vincent-van-gogh/peasant-woman-picking-up-a-sheaf-of-grain-1885.jpg","0707_Peasant_Woman,_Picking_Up_a_Sheaf_of_Gra_1024x874.jpg","220027"
"708","Vincent van Gogh","vincent-van-gogh","Peasant Woman, Pitching Wheat or Hay","1885","789","1024","0.81","https://uploads1.wikiart.org/images/vincent-van-gogh/peasant-woman-pitching-wheat-or-hay-1885.jpg","0708_Peasant_Woman,_Pitching_Wheat_or_Hay_789x1024.jpg","160744"
"709","Vincent van Gogh","vincent-van-gogh","Peasant Woman, Pitching Wheat or Hay","1885","780","1024","0.8","https://uploads3.wikiart.org/images/vincent-van-gogh/peasant-woman-pitching-wheat-or-hay-1885-1.jpg","0709_Peasant_Woman,_Pitching_Wheat_or_Hay_780x1024.jpg","146912"
"710","Vincent van Gogh","vincent-van-gogh","Peasant Woman, Planting Beets","1885","802","1024","0.82","https://uploads3.wikiart.org/images/vincent-van-gogh/peasant-woman-planting-beets-1885.jpg","0710_Peasant_Woman,_Planting_Beets_802x1024.jpg","287531"
"711","Vincent van Gogh","vincent-van-gogh","Peasant Woman, Planting Beets","1885","1024","894","0.92","https://uploads5.wikiart.org/images/vincent-van-gogh/peasant-woman-planting-beets-2-1885.jpg","0711_Peasant_Woman,_Planting_Beets_1024x894.jpg","220947"
"712","Vincent van Gogh","vincent-van-gogh","Peasant Woman, Planting Potatoes","1885","1024","939","0.96","https://uploads6.wikiart.org/images/vincent-van-gogh/peasant-woman-planting-potatoes-1885.jpg","0712_Peasant_Woman,_Planting_Potatoes_1024x939.jpg","246868"
"713","Vincent van Gogh","vincent-van-gogh","Peasant Woman, Portrait of Gordina de Groot","1885","1418","1832","2.6","https://uploads8.wikiart.org/images/vincent-van-gogh/peasant-woman-portrait-of-gordina-de-groot-1885.jpg","0713_Peasant_Woman,_Portrait_of_Gordina_de_Gr_1418x1832.jpg","318759"
"714","Vincent van Gogh","vincent-van-gogh","Peasant Woman, Portrait of Gordina de Groot","1885","660","771","0.51","https://uploads1.wikiart.org/images/vincent-van-gogh/peasant-woman-portrait-of-gordina-de-groot-1885-1.jpg","0714_Peasant_Woman,_Portrait_of_Gordina_de_Gr_660x771.jpg","666271"
"715","Vincent van Gogh","vincent-van-gogh","Peasant Woman, Seated","1885","618","1117","0.69","https://uploads4.wikiart.org/images/vincent-van-gogh/peasant-woman-seated-1885.jpg","0715_Peasant_Woman,_Seated_618x1117.jpg","126179"
"716","Vincent van Gogh","vincent-van-gogh","Peasant Woman, Seen against the Window, Head and Whole Figure","1885","1024","826","0.85","https://uploads7.wikiart.org/images/vincent-van-gogh/peasant-woman-seen-against-the-window-head-and-whole-figure-1885.jpg","0716_Peasant_Woman,_Seen_against_the_Window,_1024x826.jpg","316817"
"717","Vincent van Gogh","vincent-van-gogh","Peasant Woman, Seen against the Window, Two Heads","1885","1024","795","0.81","https://uploads4.wikiart.org/images/vincent-van-gogh/peasant-woman-seen-against-the-window-two-heads-1885.jpg","0717_Peasant_Woman,_Seen_against_the_Window,_1024x795.jpg","190924"
"718","Vincent van Gogh","vincent-van-gogh","Peasant Woman, Sitting by the Fire","1885","1024","757","0.78","https://uploads8.wikiart.org/images/vincent-van-gogh/peasant-woman-sitting-by-the-fire-1885.jpg","0718_Peasant_Woman,_Sitting_by_the_Fire_1024x757.jpg","148017"
"719","Vincent van Gogh","vincent-van-gogh","Peasant Woman, Sitting with Chin in Hand","1885","592","1024","0.61","https://uploads5.wikiart.org/images/vincent-van-gogh/peasant-woman-sitting-with-chin-in-hand-1885.jpg","0719_Peasant_Woman,_Sitting_with_Chin_in_Hand_592x1024.jpg","294093"
"720","Vincent van Gogh","vincent-van-gogh","Peasant Woman, Standing near a Ditch or Pool","1885","610","1024","0.62","https://uploads0.wikiart.org/images/vincent-van-gogh/peasant-woman-standing-near-a-ditch-or-pool-1885.jpg","0720_Peasant_Woman,_Standing_near_a_Ditch_or_610x1024.jpg","128140"
"721","Vincent van Gogh","vincent-van-gogh","Peasant Woman, Stooping","1885","798","1024","0.82","https://uploads6.wikiart.org/images/vincent-van-gogh/peasant-woman-stooping-1885.jpg","0721_Peasant_Woman,_Stooping_798x1024.jpg","150771"
"722","Vincent van Gogh","vincent-van-gogh","Peasant Woman, Stooping","1885","791","1024","0.81","https://uploads8.wikiart.org/images/vincent-van-gogh/peasant-woman-stooping-2-1885.jpg","0722_Peasant_Woman,_Stooping_791x1024.jpg","140584"
"723","Vincent van Gogh","vincent-van-gogh","Peasant Woman, Stooping between Sheaves of Grain","1885","1070","690","0.74","https://uploads4.wikiart.org/images/vincent-van-gogh/peasant-woman-stooping-between-sheaves-of-grain-1885.jpg","0723_Peasant_Woman,_Stooping_between_Sheaves_1070x690.jpg","242921"
"724","Vincent van Gogh","vincent-van-gogh","Peasant Woman, Stooping with a Spade, Digging Up Carrots","1885","814","1024","0.83","https://uploads2.wikiart.org/images/vincent-van-gogh/peasant-woman-stooping-with-a-spade-digging-up-carrots-1885.jpg","0724_Peasant_Woman,_Stooping_with_a_Spade,_Di_814x1024.jpg","267629"
"725","Vincent van Gogh","vincent-van-gogh","Peasant Woman, Stooping with Spade, Possibly Digging Up Carrots","1885","817","1024","0.84","https://uploads4.wikiart.org/images/vincent-van-gogh/peasant-woman-stooping-with-spade-possibly-digging-up-carrots.jpg","0725_Peasant_Woman,_Stooping_with_Spade,_Poss_817x1024.jpg","165962"
"726","Vincent van Gogh","vincent-van-gogh","Peasant Woman, Stooping, Seen from the Back","1885","1661","1331","2.21","https://uploads7.wikiart.org/images/vincent-van-gogh/peasant-woman-stooping-seen-from-the-back-1885.jpg","0726_Peasant_Woman,_Stooping,_Seen_from_the_B_1661x1331.jpg","2021846"
"727","Vincent van Gogh","vincent-van-gogh","Peasant Woman, Tossing Hay, Seen from the Back","1885","795","1024","0.81","https://uploads1.wikiart.org/images/vincent-van-gogh/peasant-woman-tossing-hay-seen-from-the-back-1885.jpg","0727_Peasant_Woman,_Tossing_Hay,_Seen_from_th_795x1024.jpg","163077"
"728","Vincent van Gogh","vincent-van-gogh","Peasant Woman, Two Heads","1885","1024","673","0.69","https://uploads7.wikiart.org/images/vincent-van-gogh/peasant-woman-two-heads-1885.jpg","0728_Peasant_Woman,_Two_Heads_1024x673.jpg","230418"
"729","Vincent van Gogh","vincent-van-gogh","Peasant Woman, Walking","1885","572","1024","0.59","https://uploads5.wikiart.org/images/vincent-van-gogh/peasant-woman-walking-1885.jpg","0729_Peasant_Woman,_Walking_572x1024.jpg","201921"
"730","Vincent van Gogh","vincent-van-gogh","Peasant Woman, Working with a Long Stick","1885","704","1024","0.72","https://uploads5.wikiart.org/images/vincent-van-gogh/peasant-woman-working-with-a-long-stick-1885.jpg","0730_Peasant_Woman,_Working_with_a_Long_Stick_704x1024.jpg","174291"
"731","Vincent van Gogh","vincent-van-gogh","Peasant, Chopping","1885","766","1024","0.78","https://uploads0.wikiart.org/images/vincent-van-gogh/peasant-chopping-1885.jpg","0731_Peasant,_Chopping_766x1024.jpg","174367"
"732","Vincent van Gogh","vincent-van-gogh","Peasant, Chopping","1885","783","1024","0.8","https://uploads2.wikiart.org/images/vincent-van-gogh/peasant-chopping-1885-1.jpg","0732_Peasant,_Chopping_783x1024.jpg","247948"
"733","Vincent van Gogh","vincent-van-gogh","Peasant, Seen from the Back and Three Hands Holding a Stick","1885","574","1024","0.59","https://uploads6.wikiart.org/images/vincent-van-gogh/peasant-seen-from-the-back-and-three-hands-holding-a-stick-1885.jpg","0733_Peasant,_Seen_from_the_Back_and_Three_Ha_574x1024.jpg","108271"
"734","Vincent van Gogh","vincent-van-gogh","Peasant, Walking with a Wheelbarrow","1885","1024","603","0.62","https://uploads0.wikiart.org/images/vincent-van-gogh/peasant-walking-with-a-wheelbarrow-1885.jpg","0734_Peasant,_Walking_with_a_Wheelbarrow_1024x603.jpg","191380"
"735","Vincent van Gogh","vincent-van-gogh","People Walking in Eindhoven","1885","1024","642","0.66","https://uploads2.wikiart.org/images/vincent-van-gogh/people-walking-in-eindhoven-1885.jpg","0735_People_Walking_in_Eindhoven_1024x642.jpg","224053"
"736","Vincent van Gogh","vincent-van-gogh","Planting Beets","1885","1001","879","0.88","https://uploads7.wikiart.org/images/vincent-van-gogh/planting-beets-1885.jpg","0736_Planting_Beets_1001x879.jpg","1066775"
"737","Vincent van Gogh","vincent-van-gogh","Plate with Cutlery and a Kettle","1885","629","1077","0.68","https://uploads6.wikiart.org/images/vincent-van-gogh/plate-with-cutlery-and-a-kettle-1885.jpg","0737_Plate_with_Cutlery_and_a_Kettle_629x1077.jpg","211992"
"738","Vincent van Gogh","vincent-van-gogh","Portrait of a Woman","1885","1921","2514","4.83","https://uploads3.wikiart.org/images/vincent-van-gogh/portrait-of-a-woman-1885.jpg","0738_Portrait_of_a_Woman_1921x2514.jpg","1567824"
"739","Vincent van Gogh","vincent-van-gogh","Portrait of a Woman (Head of a peasant woman with bonnet)","1885","705","1024","0.72","https://uploads7.wikiart.org/images/vincent-van-gogh/portrait-of-a-woman-head-of-a-peasant-woman-with-bonnet.jpg","0739_Portrait_of_a_Woman_(Head_of_a_peasant_w_705x1024.jpg","205916"
"740","Vincent van Gogh","vincent-van-gogh","Portrait of a Woman with a Red Ribbon","1885","2215","2720","6.02","https://uploads3.wikiart.org/images/vincent-van-gogh/portrait-of-a-woman-with-a-red-ribbon-1885.jpg","0740_Portrait_of_a_Woman_with_a_Red_Ribbon_2215x2720.jpg","1879264"
"741","Vincent van Gogh","vincent-van-gogh","Portrait of an Old Man with Beard","1885","1381","1870","2.58","https://uploads8.wikiart.org/images/vincent-van-gogh/portrait-of-an-old-man-with-beard-1885.jpg","0741_Portrait_of_an_Old_Man_with_Beard_1381x1870.jpg","803797"
"742","Vincent van Gogh","vincent-van-gogh","Portrait of Woman in Blue","1885","2220","2730","6.06","https://uploads0.wikiart.org/images/vincent-van-gogh/portrait-of-woman-in-blue-1885.jpg","0742_Portrait_of_Woman_in_Blue_2220x2730.jpg","5362355"
"743","Vincent van Gogh","vincent-van-gogh","Quayside with Ships in Antwerp","1885","1280","965","1.24","https://uploads5.wikiart.org/images/vincent-van-gogh/quayside-with-ships-in-antwerp-1885.jpg","0743_Quayside_with_Ships_in_Antwerp_1280x965.jpg","329009"
"744","Vincent van Gogh","vincent-van-gogh","Reaper","1885","2144","1681","3.6","https://uploads8.wikiart.org/images/vincent-van-gogh/reaper-1885.jpg","0744_Reaper_2144x1681.jpg","1057186"
"745","Vincent van Gogh","vincent-van-gogh","Reaper","1885","2133","1708","3.64","https://uploads1.wikiart.org/images/vincent-van-gogh/reaper-1885-1.jpg","0745_Reaper_2133x1708.jpg","1086725"
"746","Vincent van Gogh","vincent-van-gogh","Reaper","1885","2155","2763","5.95","https://uploads1.wikiart.org/images/vincent-van-gogh/reaper-1885-2.jpg","0746_Reaper_2155x2763.jpg","1836628"
"747","Vincent van Gogh","vincent-van-gogh","Reaper","1885","2173","1730","3.76","https://uploads1.wikiart.org/images/vincent-van-gogh/reaper-1885-3.jpg","0747_Reaper_2173x1730.jpg","1155751"
"748","Vincent van Gogh","vincent-van-gogh","Sale of Building Scrap","1885","1947","1144","2.23","https://uploads6.wikiart.org/images/vincent-van-gogh/sale-of-building-scrap-1885.jpg","0748_Sale_of_Building_Scrap_1947x1144.jpg","694063"
"749","Vincent van Gogh","vincent-van-gogh","Seated Woman","1885","1361","2095","2.85","https://uploads5.wikiart.org/images/vincent-van-gogh/seated-woman-1885.jpg","0749_Seated_Woman_1361x2095.jpg","880596"
"750","Vincent van Gogh","vincent-van-gogh","Seated Woman","1885","1341","2211","2.96","https://uploads7.wikiart.org/images/vincent-van-gogh/seated-woman-2-1885.jpg","0750_Seated_Woman_1341x2211.jpg","963739"
"751","Vincent van Gogh","vincent-van-gogh","Seated Woman","1885","1301","2203","2.87","https://uploads7.wikiart.org/images/vincent-van-gogh/seated-woman-3-1885.jpg","0751_Seated_Woman_1301x2203.jpg","869972"
"752","Vincent van Gogh","vincent-van-gogh","Sheaves of Wheat in a Field","1885","855","1134","0.97","https://uploads2.wikiart.org/images/vincent-van-gogh/sheaves-of-wheat-in-a-field-1885.jpg","0752_Sheaves_of_Wheat_in_a_Field_855x1134.jpg","203799"
"753","Vincent van Gogh","vincent-van-gogh","Silhouette of a Man with a Rake","1885","612","1024","0.63","https://uploads1.wikiart.org/images/vincent-van-gogh/silhouette-of-a-man-with-a-rake.jpg","0753_Silhouette_of_a_Man_with_a_Rake_612x1024.jpg","172702"
"754","Vincent van Gogh","vincent-van-gogh","Silhouette of a Peasant Woman Digging Carrots","1885","601","1024","0.62","https://uploads6.wikiart.org/images/vincent-van-gogh/silhouette-of-a-peasant-woman-digging-carrots.jpg","0754_Silhouette_of_a_Peasant_Woman_Digging_Ca_601x1024.jpg","190620"
"755","Vincent van Gogh","vincent-van-gogh","Sketches for the Drawing of an Auction","1885","782","1290","1.01","https://uploads4.wikiart.org/images/vincent-van-gogh/sketches-for-the-drawing-of-an-auction-1885.jpg","0755_Sketches_for_the_Drawing_of_an_Auction_782x1290.jpg","310378"
"756","Vincent van Gogh","vincent-van-gogh","Sketches of a Man with a Ladder, Other Figures, and a Cemetery","1885","774","1231","0.95","https://uploads8.wikiart.org/images/vincent-van-gogh/sketches-of-a-man-with-a-ladder-other-figures-and-a-cemetery-1885.jpg","0756_Sketches_of_a_Man_with_a_Ladder,_Other_F_774x1231.jpg","310671"
"757","Vincent van Gogh","vincent-van-gogh","Sketches of the Old Tower and Figures","1885","782","1286","1.01","https://uploads3.wikiart.org/images/vincent-van-gogh/sketches-of-the-old-tower-and-figures-1885.jpg","0757_Sketches_of_the_Old_Tower_and_Figures_782x1286.jpg","300072"
"758","Vincent van Gogh","vincent-van-gogh","Skull with Burning Cigarette","1885","1986","2709","5.38","https://uploads3.wikiart.org/images/vincent-van-gogh/skull-with-burning-cigarette-1885.jpg","0758_Skull_with_Burning_Cigarette_1986x2709.jpg","1675444"
"759","Vincent van Gogh","vincent-van-gogh","Sower Facing Left","1885","594","1024","0.61","https://uploads5.wikiart.org/images/vincent-van-gogh/sower-facing-left.jpg","0759_Sower_Facing_Left_594x1024.jpg","195789"
"760","Vincent van Gogh","vincent-van-gogh","St. Catharina's Church at Eindhoven","1885","583","1024","0.6","https://uploads0.wikiart.org/images/vincent-van-gogh/st-catharina-s-church-at-eindhoven-1885.jpg","0760_St._Catharina's_Church_at_Eindhoven_583x1024.jpg","207421"
"761","Vincent van Gogh","vincent-van-gogh","St. Martin's Church at Tongelre","1885","1024","613","0.63","https://uploads5.wikiart.org/images/vincent-van-gogh/st-martin-s-church-at-tongelre-1885.jpg","0761_St._Martin's_Church_at_Tongelre_1024x613.jpg","225079"
"762","Vincent van Gogh","vincent-van-gogh","Still life with a basket of apples","1885","661","416","0.27","https://uploads0.wikiart.org/images/vincent-van-gogh/still-life-with-a-basket-of-apples-1885.jpg","0762_Still_life_with_a_basket_of_apples_661x416.jpg","45875"
"763","Vincent van Gogh","vincent-van-gogh","Still life with a basket of apples and two pumpkins","1885","617","431","0.27","https://uploads8.wikiart.org/images/vincent-van-gogh/still-life-with-a-basket-of-apples-and-two-pumpkins-1885.jpg","0763_Still_life_with_a_basket_of_apples_and_t_617x431.jpg","16043"
"764","Vincent van Gogh","vincent-van-gogh","Still life with a basket of vegetables","1885","596","428","0.26","https://uploads4.wikiart.org/images/vincent-van-gogh/still-life-with-a-basket-of-vegetables-1885.jpg","0764_Still_life_with_a_basket_of_vegetables_596x428.jpg","53433"
"765","Vincent van Gogh","vincent-van-gogh","Still life with an Earthern bowl and pears","1885","574","451","0.26","https://uploads8.wikiart.org/images/vincent-van-gogh/still-life-with-an-earthern-bowl-and-pears-1885.jpg","0765_Still_life_with_an_Earthern_bowl_and_pea_574x451.jpg","22993"
"766","Vincent van Gogh","vincent-van-gogh","Still life with an Earthern bowl and potatoes","1885","617","488","0.3","https://uploads2.wikiart.org/images/vincent-van-gogh/still-life-with-an-earthern-bowl-and-potatoes-1885.jpg","0766_Still_life_with_an_Earthern_bowl_and_pot_617x488.jpg","38752"
"767","Vincent van Gogh","vincent-van-gogh","Still Life with Basket of Apples","1885","1280","965","1.24","https://uploads7.wikiart.org/images/vincent-van-gogh/still-life-with-basket-of-apples-1885.jpg","0767_Still_Life_with_Basket_of_Apples_1280x965.jpg","210329"
"768","Vincent van Gogh","vincent-van-gogh","Still Life with Bible","1885","1226","1024","1.26","https://uploads0.wikiart.org/images/vincent-van-gogh/still-life-with-bible.jpg","0768_Still_Life_with_Bible_1226x1024.jpg","262348"
"769","Vincent van Gogh","vincent-van-gogh","Still Life with Earthenware, Bottle and Clogs","1885","1142","1080","1.23","https://uploads1.wikiart.org/images/vincent-van-gogh/still-life-with-earthenware-bottle-and-clogs-1885.jpg","0769_Still_Life_with_Earthenware,_Bottle_and_1142x1080.jpg","180870"
"770","Vincent van Gogh","vincent-van-gogh","Still Life with Three Birds Nests","1885","991","749","0.74","https://uploads8.wikiart.org/images/vincent-van-gogh/still-life-with-three-birds-nests-1885.jpg","0770_Still_Life_with_Three_Birds_Nests_991x749.jpg","840334"
"771","Vincent van Gogh","vincent-van-gogh","Still Life with Two Jars and Two Pumpkins","1885","1145","775","0.89","https://uploads7.wikiart.org/images/vincent-van-gogh/still-life-with-two-jars-and-two-pumpkins-1885.jpg","0771_Still_Life_with_Two_Jars_and_Two_Pumpkin_1145x775.jpg","116273"
"772","Vincent van Gogh","vincent-van-gogh","Still Life with Vegetables and Fruit","1885","1142","833","0.95","https://uploads2.wikiart.org/images/vincent-van-gogh/still-life-with-vegetables-and-fruit-1885.jpg","0772_Still_Life_with_Vegetables_and_Fruit_1142x833.jpg","138351"
"773","Vincent van Gogh","vincent-van-gogh","Still Life with Yellow Hat","1885","1145","797","0.91","https://uploads1.wikiart.org/images/vincent-van-gogh/still-life-with-yellow-hat-1885.jpg","0773_Still_Life_with_Yellow_Hat_1145x797.jpg","125786"
"774","Vincent van Gogh","vincent-van-gogh","Stocky Man","1885","606","1024","0.62","https://uploads3.wikiart.org/images/vincent-van-gogh/stocky-man-1885.jpg","0774_Stocky_Man_606x1024.jpg","222770"
"775","Vincent van Gogh","vincent-van-gogh","Stocky Man","1885","607","1024","0.62","https://uploads5.wikiart.org/images/vincent-van-gogh/stocky-man-1885-1.jpg","0775_Stocky_Man_607x1024.jpg","247239"
"776","Vincent van Gogh","vincent-van-gogh","Stooks and a Mill","1885","1636","1251","2.05","https://uploads1.wikiart.org/images/vincent-van-gogh/stooks-and-a-mill-1885.jpg","0776_Stooks_and_a_Mill_1636x1251.jpg","666436"
"777","Vincent van Gogh","vincent-van-gogh","Stooks and a Peasant Stacking Sheaves","1885","1670","987","1.65","https://uploads3.wikiart.org/images/vincent-van-gogh/stooks-and-a-peasant-stacking-sheaves-1885.jpg","0777_Stooks_and_a_Peasant_Stacking_Sheaves_1670x987.jpg","493102"
"778","Vincent van Gogh","vincent-van-gogh","The cottage","1885","1898","1596","3.03","https://uploads2.wikiart.org/images/vincent-van-gogh/straw-hats-at-dusk-1885.jpg","0778_The_cottage_1898x1596.jpg","344149"
"779","Vincent van Gogh","vincent-van-gogh","Studies for Figures Carrying Bundles of Wood","1885","2153","1371","2.95","https://uploads1.wikiart.org/images/vincent-van-gogh/studies-for-figures-carrying-bundles-of-wood-1885.jpg","0779_Studies_for_Figures_Carrying_Bundles_of_2153x1371.jpg","861145"
"780","Vincent van Gogh","vincent-van-gogh","Studies of a Dead Sparrow","1885","1024","775","0.79","https://uploads0.wikiart.org/images/vincent-van-gogh/studies-of-a-dead-sparrow-1885.jpg","0780_Studies_of_a_Dead_Sparrow_1024x775.jpg","218271"
"781","Vincent van Gogh","vincent-van-gogh","Studies of the Interior of a Cottage, and a Sketch of The Potato Eaters","1885","1937","1170","2.27","https://uploads0.wikiart.org/images/vincent-van-gogh/studies-of-the-interior-of-a-cottage-and-a-sketch-of-the-potato-eaters-1885.jpg","0781_Studies_of_the_Interior_of_a_Cottage,_an_1937x1170.jpg","700780"
"782","Vincent van Gogh","vincent-van-gogh","Studies of Three Peasants and a Head","1885","1024","682","0.7","https://uploads2.wikiart.org/images/vincent-van-gogh/studies-of-three-peasants-and-a-head-1885.jpg","0782_Studies_of_Three_Peasants_and_a_Head_1024x682.jpg","141690"
"783","Vincent van Gogh","vincent-van-gogh","Study of Three Peasants, One Sitting","1885","628","1024","0.64","https://uploads1.wikiart.org/images/vincent-van-gogh/study-of-three-peasants-one-sitting-1885.jpg","0783_Study_of_Three_Peasants,_One_Sitting_628x1024.jpg","129196"
"784","Vincent van Gogh","vincent-van-gogh","Study of Two Peasants","1885","1024","622","0.64","https://uploads5.wikiart.org/images/vincent-van-gogh/study-of-two-peasants-1885.jpg","0784_Study_of_Two_Peasants_1024x622.jpg","134968"
"785","Vincent van Gogh","vincent-van-gogh","Study of Two Peasants","1885","626","1024","0.64","https://uploads7.wikiart.org/images/vincent-van-gogh/study-of-two-peasants-1885-1.jpg","0785_Study_of_Two_Peasants_626x1024.jpg","122660"
"786","Vincent van Gogh","vincent-van-gogh","Study Sheet with Seven Hands","1885","755","1024","0.77","https://uploads3.wikiart.org/images/vincent-van-gogh/study-sheet-with-seven-hands-1885.jpg","0786_Study_Sheet_with_Seven_Hands_755x1024.jpg","244018"
"787","Vincent van Gogh","vincent-van-gogh","The Grote Markt","1885","1923","1461","2.81","https://uploads8.wikiart.org/images/vincent-van-gogh/the-grote-markt-1885.jpg","0787_The_Grote_Markt_1923x1461.jpg","845737"
"788","Vincent van Gogh","vincent-van-gogh","The Old Cemetery Tower at Nuenen in the Snow","1885","750","544","0.41","https://uploads1.wikiart.org/images/vincent-van-gogh/the-old-cemetery-tower-at-nuenen-in-the-snow-1885.jpg","0788_The_Old_Cemetery_Tower_at_Nuenen_in_the_750x544.jpg","62083"
"789","Vincent van Gogh","vincent-van-gogh","The Old Station at Eindhoven","1885","750","417","0.31","https://uploads3.wikiart.org/images/vincent-van-gogh/the-old-station-at-eindhoven-1885.jpg","0789_The_Old_Station_at_Eindhoven_750x417.jpg","87483"
"790","Vincent van Gogh","vincent-van-gogh","The Old Tower in the Snow","1885","1024","601","0.62","https://uploads0.wikiart.org/images/vincent-van-gogh/the-old-tower-in-the-snow-1885.jpg","0790_The_Old_Tower_in_the_Snow_1024x601.jpg","195759"
"791","Vincent van Gogh","vincent-van-gogh","The Parsonage Garden at Nuenen in the Snow","1885","1145","763","0.87","https://uploads8.wikiart.org/images/vincent-van-gogh/the-parsonage-garden-at-nuenen-in-the-snow-1885.jpg","0791_The_Parsonage_Garden_at_Nuenen_in_the_Sn_1145x763.jpg","189745"
"792","Vincent van Gogh","vincent-van-gogh","The Parsonage Garden at Nuenen in the Snow","1885","1280","932","1.19","https://uploads1.wikiart.org/images/vincent-van-gogh/the-parsonage-garden-at-nuenen-in-the-snow-1885-1.jpg","0792_The_Parsonage_Garden_at_Nuenen_in_the_Sn_1280x932.jpg","333453"
"793","Vincent van Gogh","vincent-van-gogh","The Parsonage Garden at Nuenen with Pond and Figures","1885","1772","1357","2.4","https://uploads0.wikiart.org/images/vincent-van-gogh/the-parsonage-garden-at-nuenen-with-pond-and-figures-1885.jpg","0793_The_Parsonage_Garden_at_Nuenen_with_Pond_1772x1357.jpg","773439"
"794","Vincent van Gogh","vincent-van-gogh","The Parsonage Garden in the Snow","1885","1024","589","0.6","https://uploads7.wikiart.org/images/vincent-van-gogh/the-parsonage-garden-in-the-snow-1885.jpg","0794_The_Parsonage_Garden_in_the_Snow_1024x589.jpg","198927"
"795","Vincent van Gogh","vincent-van-gogh","The Potato Eaters (preliminary oil sketch)","1885","1142","858","0.98","https://uploads1.wikiart.org/images/vincent-van-gogh/the-potato-eaters-1885.jpg","0795_The_Potato_Eaters_(preliminary_oil_sketc_1142x858.jpg","149417"
"796","Vincent van Gogh","vincent-van-gogh","The Spire of the Church of Our Lady","1885","1333","1802","2.4","https://uploads1.wikiart.org/images/vincent-van-gogh/the-spire-of-the-church-of-our-lady-1885.jpg","0796_The_Spire_of_the_Church_of_Our_Lady_1333x1802.jpg","777445"
"797","Vincent van Gogh","vincent-van-gogh","The Vicarage at Nuenen","1885","1280","940","1.2","https://uploads6.wikiart.org/images/vincent-van-gogh/the-vicarage-at-nuenen-1885.jpg","0797_The_Vicarage_at_Nuenen_1280x940.jpg","1005180"
"798","Vincent van Gogh","vincent-van-gogh","Three People Sharing a Meal","1885","1831","1138","2.08","https://uploads2.wikiart.org/images/vincent-van-gogh/three-people-sharing-a-meal-1885.jpg","0798_Three_People_Sharing_a_Meal_1831x1138.jpg","626917"
"799","Vincent van Gogh","vincent-van-gogh","Three Persons Sitting at the Window","1885","1024","836","0.86","https://uploads1.wikiart.org/images/vincent-van-gogh/three-persons-sitting-at-the-window-1885.jpg","0799_Three_Persons_Sitting_at_the_Window_1024x836.jpg","339633"
"800","Vincent van Gogh","vincent-van-gogh","Three Studies of a Woman with a Shawl","1885","1923","1191","2.29","https://uploads3.wikiart.org/images/vincent-van-gogh/three-studies-of-a-woman-with-a-shawl-1885.jpg","0800_Three_Studies_of_a_Woman_with_a_Shawl_1923x1191.jpg","714938"
"801","Vincent van Gogh","vincent-van-gogh","Two peasant women digging potatoes","1885","635","468","0.3","https://uploads0.wikiart.org/images/vincent-van-gogh/two-peasant-women-digging-potatoes-1885.jpg","0801_Two_peasant_women_digging_potatoes_635x468.jpg","52592"
"802","Vincent van Gogh","vincent-van-gogh","Two Studies of a Cottage","1885","1334","2212","2.95","https://uploads8.wikiart.org/images/vincent-van-gogh/two-studies-of-a-cottage-1885.jpg","0802_Two_Studies_of_a_Cottage_1334x2212.jpg","964156"
"803","Vincent van Gogh","vincent-van-gogh","Two Women in a Balcony Box","1885","1324","745","0.99","https://uploads1.wikiart.org/images/vincent-van-gogh/two-women-in-a-balcony-box-1885.jpg","0803_Two_Women_in_a_Balcony_Box_1324x745.jpg","324358"
"804","Vincent van Gogh","vincent-van-gogh","Two Women Talking to Each Other While Digging","1885","1024","549","0.56","https://uploads2.wikiart.org/images/vincent-van-gogh/two-women-talking-to-each-other-while-digging-1885.jpg","0804_Two_Women_Talking_to_Each_Other_While_Di_1024x549.jpg","101070"
"805","Vincent van Gogh","vincent-van-gogh","Vicarage at Nuenen","1885","1024","764","0.78","https://uploads2.wikiart.org/images/vincent-van-gogh/vicarage-at-nuenen-1885.jpg","0805_Vicarage_at_Nuenen_1024x764.jpg","262509"
"806","Vincent van Gogh","vincent-van-gogh","View of Het Steen","1885","1620","987","1.6","https://uploads1.wikiart.org/images/vincent-van-gogh/view-of-het-steen-1885.jpg","0806_View_of_Het_Steen_1620x987.jpg","467353"
"807","Vincent van Gogh","vincent-van-gogh","View of Het Steen","1885","1631","921","1.5","https://uploads3.wikiart.org/images/vincent-van-gogh/view-of-het-steen-1885-1.jpg","0807_View_of_Het_Steen_1631x921.jpg","475931"
"808","Vincent van Gogh","vincent-van-gogh","View on the Singel in Amsterdam","1885","1280","960","1.23","https://uploads6.wikiart.org/images/vincent-van-gogh/view-on-the-singel-in-amsterdam-1885.jpg","0808_View_on_the_Singel_in_Amsterdam_1280x960.jpg","1293567"
"809","Vincent van Gogh","vincent-van-gogh","Wheat Field with Mower and a Stooping Peasant Woman","1885","1024","746","0.76","https://uploads8.wikiart.org/images/vincent-van-gogh/wheat-field-with-mower-and-a-stooping-peasant-woman-1885.jpg","0809_Wheat_Field_with_Mower_and_a_Stooping_Pe_1024x746.jpg","230055"
"810","Vincent van Gogh","vincent-van-gogh","Wheat Field with Sheaves and a Windmill","1885","2234","1696","3.79","https://uploads5.wikiart.org/images/vincent-van-gogh/wheat-field-with-sheaves-and-a-windmill-1885.jpg","0810_Wheat_Field_with_Sheaves_and_a_Windmill_2234x1696.jpg","1135526"
"811","Vincent van Gogh","vincent-van-gogh","Wheat Field with Trees and Mower","1885","1024","760","0.78","https://uploads7.wikiart.org/images/vincent-van-gogh/wheat-field-with-trees-and-mower-1885.jpg","0811_Wheat_Field_with_Trees_and_Mower_1024x760.jpg","248254"
"812","Vincent van Gogh","vincent-van-gogh","Wheatfield with a Stook and a Mill","1885","1882","1371","2.58","https://uploads0.wikiart.org/images/vincent-van-gogh/wheatfield-with-a-stook-and-a-mill-1885.jpg","0812_Wheatfield_with_a_Stook_and_a_Mill_1882x1371.jpg","754380"
"813","Vincent van Gogh","vincent-van-gogh","Wheatfield with Reaper and Peasant Woman Binding Sheaves","1885","1024","704","0.72","https://uploads4.wikiart.org/images/vincent-van-gogh/wheatfield-with-reaper-and-peasant-woman-binding-sheaves-1885.jpg","0813_Wheatfield_with_Reaper_and_Peasant_Woman_1024x704.jpg","355357"
"814","Vincent van Gogh","vincent-van-gogh","Woman by a Hearth","1885","1887","2265","4.27","https://uploads1.wikiart.org/images/vincent-van-gogh/woman-by-a-hearth-1885.jpg","0814_Woman_by_a_Hearth_1887x2265.jpg","1298074"
"815","Vincent van Gogh","vincent-van-gogh","Woman by a Hearth","1885","1361","1791","2.44","https://uploads3.wikiart.org/images/vincent-van-gogh/woman-by-a-hearth-1885-1.jpg","0815_Woman_by_a_Hearth_1361x1791.jpg","794294"
"816","Vincent van Gogh","vincent-van-gogh","Woman by the Fireplace","1885","1024","749","0.77","https://uploads6.wikiart.org/images/vincent-van-gogh/woman-by-the-fireplace-1885.jpg","0816_Woman_by_the_Fireplace_1024x749.jpg","187579"
"817","Vincent van Gogh","vincent-van-gogh","Woman by the Wash Tub in the Garden","1885","1024","1237","1.27","https://uploads1.wikiart.org/images/vincent-van-gogh/woman-by-the-wash-tub-in-the-garden-1885.jpg","0817_Woman_by_the_Wash_Tub_in_the_Garden_1024x1237.jpg","1468175"
"818","Vincent van Gogh","vincent-van-gogh","Woman Cutting Bread","1885","1643","2211","3.63","https://uploads3.wikiart.org/images/vincent-van-gogh/woman-cutting-bread-1885.jpg","0818_Woman_Cutting_Bread_1643x2211.jpg","1189595"
"819","Vincent van Gogh","vincent-van-gogh","Woman Peeling Potatoes","1885","1637","2107","3.45","https://uploads6.wikiart.org/images/vincent-van-gogh/woman-peeling-potatoes-1885.jpg","0819_Woman_Peeling_Potatoes_1637x2107.jpg","1097990"
"820","Vincent van Gogh","vincent-van-gogh","Woman Preparing a Meal","1885","1899","1577","2.99","https://uploads6.wikiart.org/images/vincent-van-gogh/woman-preparing-a-meal-1885.jpg","0820_Woman_Preparing_a_Meal_1899x1577.jpg","911807"
"821","Vincent van Gogh","vincent-van-gogh","Woman Sewing","1885","1880","1492","2.8","https://uploads5.wikiart.org/images/vincent-van-gogh/woman-sewing-1885.jpg","0821_Woman_Sewing_1880x1492.jpg","873293"
"822","Vincent van Gogh","vincent-van-gogh","Woman Sewing","1885","1641","2271","3.73","https://uploads7.wikiart.org/images/vincent-van-gogh/woman-sewing-1885-1.jpg","0822_Woman_Sewing_1641x2271.jpg","1149232"
"823","Vincent van Gogh","vincent-van-gogh","Woman Shelling Peas","1885","1599","2598","4.15","https://uploads3.wikiart.org/images/vincent-van-gogh/woman-shelling-peas-1885.jpg","0823_Woman_Shelling_Peas_1599x2598.jpg","1190585"
"824","Vincent van Gogh","vincent-van-gogh","Woman Winding Yarn","1885","1638","2150","3.52","https://uploads2.wikiart.org/images/vincent-van-gogh/woman-winding-yarn-1885.jpg","0824_Woman_Winding_Yarn_1638x2150.jpg","1126219"
"825","Vincent van Gogh","vincent-van-gogh","Woman with a Mourning Shawl","1885","1342","2313","3.1","https://uploads2.wikiart.org/images/vincent-van-gogh/woman-with-a-mourning-shawl-1885.jpg","0825_Woman_with_a_Mourning_Shawl_1342x2313.jpg","930330"
"826","Vincent van Gogh","vincent-van-gogh","Woman with Her Left Arm Raised","1885","752","1302","0.98","https://uploads5.wikiart.org/images/vincent-van-gogh/woman-with-her-left-arm-raised-1885.jpg","0826_Woman_with_Her_Left_Arm_Raised_752x1302.jpg","307685"
"827","Vincent van Gogh","vincent-van-gogh","Woman with Kettle by the Fireplace","1885","752","1024","0.77","https://uploads0.wikiart.org/images/vincent-van-gogh/woman-with-kettle-by-the-fireplace-1885.jpg","0827_Woman_with_Kettle_by_the_Fireplace_752x1024.jpg","158221"
"828","Vincent van Gogh","vincent-van-gogh","Woman, Sitting by the Fire, Peeling Potatoes","1885","949","1024","0.97","https://uploads8.wikiart.org/images/vincent-van-gogh/woman-sitting-by-the-fire-peeling-potatoes-1885.jpg","0828_Woman,_Sitting_by_the_Fire,_Peeling_Pota_949x1024.jpg","239839"
"829","Vincent van Gogh","vincent-van-gogh","Woman, Sitting by the Fire, Peeling Potatoes, Sketch of a Second Figure","1885","1024","733","0.75","https://uploads7.wikiart.org/images/vincent-van-gogh/woman-sitting-by-the-fire-peeling-potatoes-sketch-of-a-second-figure-1885.jpg","0829_Woman,_Sitting_by_the_Fire,_Peeling_Pota_1024x733.jpg","201898"
"830","Vincent van Gogh","vincent-van-gogh","Woodcutter","1885","2111","1690","3.57","https://uploads3.wikiart.org/images/vincent-van-gogh/woodcutter-1885.jpg","0830_Woodcutter_2111x1690.jpg","1127177"
"831","Vincent van Gogh","vincent-van-gogh","The Potato Eaters","1885","1280","903","1.16","https://uploads3.wikiart.org/images/vincent-van-gogh/the-potato-eaters-1885-1.jpg","0831_The_Potato_Eaters_1280x903.jpg","229086"
"832","Vincent van Gogh","vincent-van-gogh","Head of a Man","1885","577","1024","0.59","https://uploads6.wikiart.org/images/vincent-van-gogh/head-of-a-man-3(1).jpg","0832_Head_of_a_Man_577x1024.jpg","175063"
"833","Vincent van Gogh","vincent-van-gogh","Head of a Peasant Woman","1885","852","1052","0.9","https://uploads5.wikiart.org/images/vincent-van-gogh/head-of-a-peasant-woman(1).jpg","0833_Head_of_a_Peasant_Woman_852x1052.jpg","266575"
"834","Vincent van Gogh","vincent-van-gogh","Head of a Peasant Woman, Bareheaded","1885","615","1024","0.63","https://uploads4.wikiart.org/images/vincent-van-gogh/head-of-a-peasant-woman-bareheaded.jpg","0834_Head_of_a_Peasant_Woman,_Bareheaded_615x1024.jpg","210557"
"835","Vincent van Gogh","vincent-van-gogh","Head of an Old Man","1885","1038","1859","1.93","https://uploads6.wikiart.org/images/vincent-van-gogh/head-of-an-old-man.jpg","0835_Head_of_an_Old_Man_1038x1859.jpg","560523"
"836","Vincent van Gogh","vincent-van-gogh","Lane with Poplars","1885","1024","773","0.79","https://uploads5.wikiart.org/images/vincent-van-gogh/lane-with-poplars.jpg","0836_Lane_with_Poplars_1024x773.jpg","324332"
"837","Vincent van Gogh","vincent-van-gogh","Peasant","1885","598","1024","0.61","https://uploads4.wikiart.org/images/vincent-van-gogh/peasant.jpg","0837_Peasant_598x1024.jpg","178455"
"838","Vincent van Gogh","vincent-van-gogh","Peasant Girl, Half-Figure","1885","582","1024","0.6","https://uploads3.wikiart.org/images/vincent-van-gogh/peasant-girl-half-figure.jpg","0838_Peasant_Girl,_Half-Figure_582x1024.jpg","205308"
"839","Vincent van Gogh","vincent-van-gogh","Two Hands","1885","644","1065","0.69","https://uploads8.wikiart.org/images/vincent-van-gogh/two-hands-2.jpg","0839_Two_Hands_644x1065.jpg","201424"
"840","Vincent van Gogh","vincent-van-gogh","Two Hands","1885","634","1061","0.67","https://uploads8.wikiart.org/images/vincent-van-gogh/two-hands-3.jpg","0840_Two_Hands_634x1061.jpg","215558"
"841","Vincent van Gogh","vincent-van-gogh","Two Hands and a Woman s Head","1885","594","1067","0.63","https://uploads7.wikiart.org/images/vincent-van-gogh/two-hands-and-a-woman-s-head.jpg","0841_Two_Hands_and_a_Woman_s_Head_594x1067.jpg","192600"
"842","Vincent van Gogh","vincent-van-gogh","Two Hands and Two Arms","1885","1071","651","0.7","https://uploads1.wikiart.org/images/vincent-van-gogh/two-hands-and-two-arms.jpg","0842_Two_Hands_and_Two_Arms_1071x651.jpg","207482"
"843","Vincent van Gogh","vincent-van-gogh","Two Hands with a Stick","1885","1039","651","0.68","https://uploads1.wikiart.org/images/vincent-van-gogh/two-hands-with-a-stick.jpg","0843_Two_Hands_with_a_Stick_1039x651.jpg","207721"
"844","Vincent van Gogh","vincent-van-gogh","A Sunday in Eindhoven","1885","1927","1361","2.62","https://uploads3.wikiart.org/images/vincent-van-gogh/a-sunday-in-eindhoven(1).jpg","0844_A_Sunday_in_Eindhoven_1927x1361.jpg","783999"
"845","Vincent van Gogh","vincent-van-gogh","Cottage","1885","1763","1323","2.33","https://uploads7.wikiart.org/images/vincent-van-gogh/cottage(1).jpg","0845_Cottage_1763x1323.jpg","696794"
"846","Vincent van Gogh","vincent-van-gogh","Head of a Man","1885","1060","1930","2.05","https://uploads4.wikiart.org/images/vincent-van-gogh/head-of-a-man(1).jpg","0846_Head_of_a_Man_1060x1930.jpg","587849"
"847","Vincent van Gogh","vincent-van-gogh","Head of a Peasant with Cap","1885","602","1024","0.62","https://uploads8.wikiart.org/images/vincent-van-gogh/head-of-a-peasant-with-cap(1).jpg","0847_Head_of_a_Peasant_with_Cap_602x1024.jpg","177211"
"848","Vincent van Gogh","vincent-van-gogh","Head of a Young Man, Bareheaded","1885","604","1024","0.62","https://uploads0.wikiart.org/images/vincent-van-gogh/head-of-a-young-man-bareheaded.jpg","0848_Head_of_a_Young_Man,_Bareheaded_604x1024.jpg","152374"
"849","Vincent van Gogh","vincent-van-gogh","Lamp in front of a Window","1885","1066","616","0.66","https://uploads4.wikiart.org/images/vincent-van-gogh/lamp-in-front-of-a-window.jpg","0849_Lamp_in_front_of_a_Window_1066x616.jpg","194791"
"850","Vincent van Gogh","vincent-van-gogh","Peasant Woman, Head","1885","619","1024","0.63","https://uploads8.wikiart.org/images/vincent-van-gogh/peasant-woman-head-9.jpg","0850_Peasant_Woman,_Head_619x1024.jpg","238170"
"851","Vincent van Gogh","vincent-van-gogh","Two Heads Man with Beard and Hat Peasant with Cap","1885","593","1024","0.61","https://uploads1.wikiart.org/images/vincent-van-gogh/two-heads-man-with-beard-and-hat-peasant-with-cap.jpg","0851_Two_Heads_Man_with_Beard_and_Hat_Peasant_593x1024.jpg","201071"
"852","Vincent van Gogh","vincent-van-gogh","Two Heads of Men","1885","600","1024","0.61","https://uploads4.wikiart.org/images/vincent-van-gogh/two-heads-of-men.jpg","0852_Two_Heads_of_Men_600x1024.jpg","212226"
"853","Vincent van Gogh","vincent-van-gogh","peasant woman","1885","1920","2969","5.7","https://uploads6.wikiart.org/00215/images/vincent-van-gogh/vvg.jpg","0853_peasant_woman_1920x2969.jpg","421280"
"854","Vincent van Gogh","vincent-van-gogh","A Man and a Woman Seen from the Back","1886","710","1121","0.8","https://uploads5.wikiart.org/images/vincent-van-gogh/a-man-and-a-woman-seen-from-the-back-1886(1).jpg","0854_A_Man_and_a_Woman_Seen_from_the_Back_710x1121.jpg","248863"
"855","Vincent van Gogh","vincent-van-gogh","A Pair of Shoes","1886","1229","1024","1.26","https://uploads2.wikiart.org/images/vincent-van-gogh/a-pair-of-shoes-1886(1).jpg","0855_A_Pair_of_Shoes_1229x1024.jpg","1842919"
"856","Vincent van Gogh","vincent-van-gogh","A Public Garden with People Walking in the Rain","1886","1078","813","0.88","https://uploads7.wikiart.org/images/vincent-van-gogh/a-public-garden-with-people-walking-in-the-rain-1886(1).jpg","0856_A_Public_Garden_with_People_Walking_in_t_1078x813.jpg","288741"
"857","Vincent van Gogh","vincent-van-gogh","A Square in Paris","1886","1024","556","0.57","https://uploads4.wikiart.org/images/vincent-van-gogh/a-square-in-paris-1886(1).jpg","0857_A_Square_in_Paris_1024x556.jpg","265246"
"858","Vincent van Gogh","vincent-van-gogh","A View of Paris with the Op","1886","1899","1465","2.78","https://uploads5.wikiart.org/images/vincent-van-gogh/a-view-of-paris-with-the-op-1886(1).jpg","0858_A_View_of_Paris_with_the_Op_1899x1465.jpg","914807"
"859","Vincent van Gogh","vincent-van-gogh","Basket of Carnations and Zinnias","1886","1024","1231","1.26","https://uploads1.wikiart.org/images/vincent-van-gogh/basket-of-carnations-and-zinnias-1886(1).jpg","0859_Basket_of_Carnations_and_Zinnias_1024x1231.jpg","150541"
"860","Vincent van Gogh","vincent-van-gogh","Belvedere Overlooking Montmartre","1886","1341","1776","2.38","https://uploads1.wikiart.org/images/vincent-van-gogh/belvedere-overlooking-montmartre-1886(1).jpg","0860_Belvedere_Overlooking_Montmartre_1341x1776.jpg","301045"
"861","Vincent van Gogh","vincent-van-gogh","Bowl with Peonies and Roses","1886","1243","1024","1.27","https://uploads5.wikiart.org/images/vincent-van-gogh/bowl-with-peonies-and-roses-1886(1).jpg","0861_Bowl_with_Peonies_and_Roses_1243x1024.jpg","311132"
"862","Vincent van Gogh","vincent-van-gogh","Coleus Plant in a Flowerpot","1886","522","1024","0.53","https://uploads5.wikiart.org/images/vincent-van-gogh/coleus-plant-in-a-flowerpot-1886(1).jpg","0862_Coleus_Plant_in_a_Flowerpot_522x1024.jpg","188910"
"863","Vincent van Gogh","vincent-van-gogh","Female Nude, Seated","1886","1024","567","0.58","https://uploads5.wikiart.org/images/vincent-van-gogh/female-nude-seated-1886(1).jpg","0863_Female_Nude,_Seated_1024x567.jpg","273819"
"864","Vincent van Gogh","vincent-van-gogh","Female Nude, Seated","1886","699","1388","0.97","https://uploads7.wikiart.org/images/vincent-van-gogh/female-nude-seated-1886-1(1).jpg","0864_Female_Nude,_Seated_699x1388.jpg","283060"
"865","Vincent van Gogh","vincent-van-gogh","Female Nude, Standing","1886","730","1388","1.01","https://uploads7.wikiart.org/images/vincent-van-gogh/female-nude-standing-1886(1).jpg","0865_Female_Nude,_Standing_730x1388.jpg","321858"
"866","Vincent van Gogh","vincent-van-gogh","Figures in a Park","1886","1325","818","1.08","https://uploads4.wikiart.org/images/vincent-van-gogh/figures-in-a-park-1886(1).jpg","0866_Figures_in_a_Park_1325x818.jpg","318284"
"867","Vincent van Gogh","vincent-van-gogh","Flower Pot with Asters","1886","1992","2454","4.89","https://uploads0.wikiart.org/images/vincent-van-gogh/flower-pot-with-asters-1886(1).jpg","0867_Flower_Pot_with_Asters_1992x2454.jpg","2724739"
"868","Vincent van Gogh","vincent-van-gogh","Flying Fox","1886","2720","1407","3.83","https://uploads6.wikiart.org/images/vincent-van-gogh/flying-fox-1886(1).jpg","0868_Flying_Fox_2720x1407.jpg","1107441"
"869","Vincent van Gogh","vincent-van-gogh","Four Sketches of a Foot","1886","1024","774","0.79","https://uploads1.wikiart.org/images/vincent-van-gogh/four-sketches-of-a-foot-1886(1).jpg","0869_Four_Sketches_of_a_Foot_1024x774.jpg","141422"
"870","Vincent van Gogh","vincent-van-gogh","Geranium in a Flowerpot","1886","475","606","0.29","https://uploads1.wikiart.org/images/vincent-van-gogh/geranium-in-a-flowerpot-1886(1).jpg","0870_Geranium_in_a_Flowerpot_475x606.jpg","63127"
"871","Vincent van Gogh","vincent-van-gogh","Glass with Roses","1886","802","1048","0.84","https://uploads3.wikiart.org/images/vincent-van-gogh/glass-with-roses-1886(1).jpg","0871_Glass_with_Roses_802x1048.jpg","181470"
"872","Vincent van Gogh","vincent-van-gogh","Guinguette","1886","2211","1609","3.56","https://uploads6.wikiart.org/images/vincent-van-gogh/guinguette-1886(1).jpg","0872_Guinguette_2211x1609.jpg","1143956"
"873","Vincent van Gogh","vincent-van-gogh","Gypsum Torso","1886","993","1280","1.27","https://uploads8.wikiart.org/images/vincent-van-gogh/gypsum-torso-1886(1).jpg","0873_Gypsum_Torso_993x1280.jpg","640444"
"874","Vincent van Gogh","vincent-van-gogh","Head of a Man","1886","565","1024","0.58","https://uploads0.wikiart.org/images/vincent-van-gogh/head-of-a-man-1886(1).jpg","0874_Head_of_a_Man_565x1024.jpg","267400"
"875","Vincent van Gogh","vincent-van-gogh","Head of a Man","1886","701","1024","0.72","https://uploads2.wikiart.org/images/vincent-van-gogh/head-of-a-man-1886-1(1).jpg","0875_Head_of_a_Man_701x1024.jpg","167398"
"876","Vincent van Gogh","vincent-van-gogh","Head of a Man with Cap (Lithographer's Shade)","1886","572","1024","0.59","https://uploads3.wikiart.org/images/vincent-van-gogh/head-of-a-man-with-cap-lithographer-s-shade-1886(1).jpg","0876_Head_of_a_Man_with_Cap_(Lithographer's_S_572x1024.jpg","221436"
"877","Vincent van Gogh","vincent-van-gogh","Head of a Man with Hat","1886","762","1252","0.95","https://uploads0.wikiart.org/images/vincent-van-gogh/head-of-a-man-with-hat-1886(1).jpg","0877_Head_of_a_Man_with_Hat_762x1252.jpg","306806"
"878","Vincent van Gogh","vincent-van-gogh","Head of a Woman","1886","1024","790","0.81","https://uploads8.wikiart.org/images/vincent-van-gogh/head-of-a-woman-1886.jpg","0878_Head_of_a_Woman_1024x790.jpg","167572"
"879","Vincent van Gogh","vincent-van-gogh","Head of a Woman","1886","791","1024","0.81","https://uploads1.wikiart.org/images/vincent-van-gogh/head-of-a-woman-1886-1.jpg","0879_Head_of_a_Woman_791x1024.jpg","330666"
"880","Vincent van Gogh","vincent-van-gogh","Head of a Woman with Her Hair Loose","1886","1024","914","0.94","https://uploads1.wikiart.org/images/vincent-van-gogh/head-of-a-woman-with-her-hair-loose-1886.jpg","0880_Head_of_a_Woman_with_Her_Hair_Loose_1024x914.jpg","208069"
"881","Vincent van Gogh","vincent-van-gogh","Idol","1886","1380","2140","2.95","https://uploads1.wikiart.org/images/vincent-van-gogh/idol.jpg","0881_Idol_1380x2140.jpg","848122"
"882","Vincent van Gogh","vincent-van-gogh","Idol","1886","1359","2160","2.94","https://uploads3.wikiart.org/images/vincent-van-gogh/idol-1.jpg","0882_Idol_1359x2160.jpg","904877"
"883","Vincent van Gogh","vincent-van-gogh","Idol","1886","1311","2153","2.82","https://uploads3.wikiart.org/images/vincent-van-gogh/idol-2.jpg","0883_Idol_1311x2153.jpg","925745"
"884","Vincent van Gogh","vincent-van-gogh","Idol","1886","1292","2121","2.74","https://uploads3.wikiart.org/images/vincent-van-gogh/idol-3.jpg","0884_Idol_1292x2121.jpg","835104"
"885","Vincent van Gogh","vincent-van-gogh","Idol","1886","1351","2150","2.9","https://uploads3.wikiart.org/images/vincent-van-gogh/idol-4.jpg","0885_Idol_1351x2150.jpg","848523"
"886","Vincent van Gogh","vincent-van-gogh","Idol and Sketches of Venus","1886","1388","1904","2.64","https://uploads5.wikiart.org/images/vincent-van-gogh/idol-and-sketches-of-venus.jpg","0886_Idol_and_Sketches_of_Venus_1388x1904.jpg","838645"
"887","Vincent van Gogh","vincent-van-gogh","Le Moulin de la Galette","1886","782","1076","0.84","https://uploads7.wikiart.org/images/vincent-van-gogh/le-moulin-de-la-galette-1886.jpg","0887_Le_Moulin_de_la_Galette_782x1076.jpg","268470"
"888","Vincent van Gogh","vincent-van-gogh","Le Moulin de la Galette","1886","1263","1024","1.29","https://uploads0.wikiart.org/images/vincent-van-gogh/le-moulin-de-la-galette-1886-1.jpg","0888_Le_Moulin_de_la_Galette_1263x1024.jpg","302634"
"889","Vincent van Gogh","vincent-van-gogh","Le Moulin de la Galette 4","1886","1024","1249","1.28","https://uploads0.wikiart.org/images/vincent-van-gogh/le-moulin-de-la-galette-4-1886.jpg","0889_Le_Moulin_de_la_Galette_4_1024x1249.jpg","191579"
"890","Vincent van Gogh","vincent-van-gogh","Le Moulin de la Gallette 3","1886","1576","1881","2.96","https://uploads1.wikiart.org/images/vincent-van-gogh/le-moulin-de-la-gallette-3-1886.jpg","0890_Le_Moulin_de_la_Gallette_3_1576x1881.jpg","776647"
"891","Vincent van Gogh","vincent-van-gogh","Man on a Bench","1886","1607","992","1.59","https://uploads7.wikiart.org/images/vincent-van-gogh/man-on-a-bench-1886.jpg","0891_Man_on_a_Bench_1607x992.jpg","507685"
"892","Vincent van Gogh","vincent-van-gogh","Man, Drawing or Writing","1886","586","1024","0.6","https://uploads6.wikiart.org/images/vincent-van-gogh/man-drawing-or-writing-1886.jpg","0892_Man,_Drawing_or_Writing_586x1024.jpg","229160"
"893","Vincent van Gogh","vincent-van-gogh","Montmartre the Quarry and  Windmills","1886","1280","764","0.98","https://uploads1.wikiart.org/images/vincent-van-gogh/montmartre-the-quarry-and-windmills-1886.jpg","0893_Montmartre_the_Quarry_and_Windmills_1280x764.jpg","206249"
"894","Vincent van Gogh","vincent-van-gogh","Montmartre the Quarry and  Windmills","1886","1280","1002","1.28","https://uploads3.wikiart.org/images/vincent-van-gogh/montmartre-the-quarry-and-windmills-1886-1.jpg","0894_Montmartre_the_Quarry_and_Windmills_1280x1002.jpg","246100"
"895","Vincent van Gogh","vincent-van-gogh","Moulin de la Galette","1886","783","1135","0.89","https://uploads4.wikiart.org/images/vincent-van-gogh/moulin-de-la-galette-1886.jpg","0895_Moulin_de_la_Galette_783x1135.jpg","242059"
"896","Vincent van Gogh","vincent-van-gogh","Park with Figures","1886","1261","702","0.89","https://uploads5.wikiart.org/images/vincent-van-gogh/park-with-figures.jpg","0896_Park_with_Figures_1261x702.jpg","272590"
"897","Vincent van Gogh","vincent-van-gogh","People Walking in Front of the Palais du Luxembourg","1886","1024","575","0.59","https://uploads8.wikiart.org/images/vincent-van-gogh/people-walking-in-front-of-the-palais-du-luxembourg-1886.jpg","0897_People_Walking_in_Front_of_the_Palais_du_1024x575.jpg","165774"
"898","Vincent van Gogh","vincent-van-gogh","People Walking on a Street in the Evening","1886","1637","987","1.62","https://uploads7.wikiart.org/images/vincent-van-gogh/people-walking-on-a-street-in-the-evening-1886.jpg","0898_People_Walking_on_a_Street_in_the_Evenin_1637x987.jpg","475935"
"899","Vincent van Gogh","vincent-van-gogh","Plaster Statuette","1886","578","1024","0.59","https://uploads1.wikiart.org/images/vincent-van-gogh/plaster-statuette-1886.jpg","0899_Plaster_Statuette_578x1024.jpg","289997"
"900","Vincent van Gogh","vincent-van-gogh","Plaster Statuette","1886","579","1024","0.59","https://uploads3.wikiart.org/images/vincent-van-gogh/plaster-statuette-1886-1.jpg","0900_Plaster_Statuette_579x1024.jpg","251999"
"901","Vincent van Gogh","vincent-van-gogh","Plaster Statuette of a Female Torso","1886","1467","1813","2.66","https://uploads1.wikiart.org/images/vincent-van-gogh/plaster-statuette-of-a-female-torso-1886.jpg","0901_Plaster_Statuette_of_a_Female_Torso_1467x1813.jpg","852360"
"902","Vincent van Gogh","vincent-van-gogh","Plaster Statuette of a Female Torso","1886","1354","1652","2.24","https://uploads3.wikiart.org/images/vincent-van-gogh/plaster-statuette-of-a-female-torso-1886-1.jpg","0902_Plaster_Statuette_of_a_Female_Torso_1354x1652.jpg","678401"
"903","Vincent van Gogh","vincent-van-gogh","Plaster Statuette of a Female Torso","1886","1333","1775","2.37","https://uploads3.wikiart.org/images/vincent-van-gogh/plaster-statuette-of-a-female-torso-1886-2.jpg","0903_Plaster_Statuette_of_a_Female_Torso_1333x1775.jpg","735708"
"904","Vincent van Gogh","vincent-van-gogh","Plaster Statuette of a Female Torso","1886","1173","1812","2.13","https://uploads3.wikiart.org/images/vincent-van-gogh/plaster-statuette-of-a-female-torso-1886-3.jpg","0904_Plaster_Statuette_of_a_Female_Torso_1173x1812.jpg","674021"
"905","Vincent van Gogh","vincent-van-gogh","Plaster Statuette of a Female Torso","1886","2060","2609","5.37","https://uploads3.wikiart.org/images/vincent-van-gogh/plaster-statuette-of-a-female-torso-1886-4.jpg","0905_Plaster_Statuette_of_a_Female_Torso_2060x2609.jpg","5588476"
"906","Vincent van Gogh","vincent-van-gogh","Plaster Statuette of a Female Torso","1886","737","1024","0.75","https://uploads3.wikiart.org/images/vincent-van-gogh/plaster-statuette-of-a-female-torso-1886-5.jpg","0906_Plaster_Statuette_of_a_Female_Torso_737x1024.jpg","296321"
"907","Vincent van Gogh","vincent-van-gogh","Plaster Statuette of a Horse","1886","2721","2165","5.89","https://uploads3.wikiart.org/images/vincent-van-gogh/plaster-statuette-of-a-horse-1886.jpg","0907_Plaster_Statuette_of_a_Horse_2721x2165.jpg","1849556"
"908","Vincent van Gogh","vincent-van-gogh","Plaster Statuette of a Kneeling Man","1886","1326","1770","2.35","https://uploads1.wikiart.org/images/vincent-van-gogh/plaster-statuette-of-a-kneeling-man-1886.jpg","0908_Plaster_Statuette_of_a_Kneeling_Man_1326x1770.jpg","770602"
"909","Vincent van Gogh","vincent-van-gogh","Plaster Statuette of a Male Torso","1886","762","998","0.76","https://uploads8.wikiart.org/images/vincent-van-gogh/plaster-statuette-of-a-male-torso-1886.jpg","0909_Plaster_Statuette_of_a_Male_Torso_762x998.jpg","799953"
"910","Vincent van Gogh","vincent-van-gogh","Plaster Torso of a Woman","1886","785","1024","0.8","https://uploads8.wikiart.org/images/vincent-van-gogh/plaster-torso-of-a-woman-1886.jpg","0910_Plaster_Torso_of_a_Woman_785x1024.jpg","151113"
"911","Vincent van Gogh","vincent-van-gogh","Plaster Torso of a Woman, Seen from the Side","1886","789","1024","0.81","https://uploads0.wikiart.org/images/vincent-van-gogh/plaster-torso-of-a-woman-seen-from-the-side-1886.jpg","0911_Plaster_Torso_of_a_Woman,_Seen_from_the_789x1024.jpg","146480"
"912","Vincent van Gogh","vincent-van-gogh","Restaurant Menu","1886","1024","497","0.51","https://uploads8.wikiart.org/images/vincent-van-gogh/restaurant-menu-1886.jpg","0912_Restaurant_Menu_1024x497.jpg","193186"
"913","Vincent van Gogh","vincent-van-gogh","Seated Female Nude","1886","1666","2580","4.3","https://uploads6.wikiart.org/images/vincent-van-gogh/seated-female-nude.jpg","0913_Seated_Female_Nude_1666x2580.jpg","1301593"
"914","Vincent van Gogh","vincent-van-gogh","Seated Girl and Venus","1886","2224","1775","3.95","https://uploads0.wikiart.org/images/vincent-van-gogh/seated-girl-and-venus.jpg","0914_Seated_Girl_and_Venus_2224x1775.jpg","1315326"
"915","Vincent van Gogh","vincent-van-gogh","Seated Girl Seen from the Front","1886","1320","1748","2.31","https://uploads1.wikiart.org/images/vincent-van-gogh/seated-girl-seen-from-the-front.jpg","0915_Seated_Girl_Seen_from_the_Front_1320x1748.jpg","671564"
"916","Vincent van Gogh","vincent-van-gogh","Seated Male Nude Seen from the Back","1886","2085","2764","5.76","https://uploads5.wikiart.org/images/vincent-van-gogh/seated-male-nude-seen-from-the-back.jpg","0916_Seated_Male_Nude_Seen_from_the_Back_2085x2764.jpg","1694866"
"917","Vincent van Gogh","vincent-van-gogh","Seated Man with a Beard","1886","1917","2541","4.87","https://uploads7.wikiart.org/images/vincent-van-gogh/seated-man-with-a-beard-1886.jpg","0917_Seated_Man_with_a_Beard_1917x2541.jpg","1410578"
"918","Vincent van Gogh","vincent-van-gogh","Seated Man with a Beard","1886","2129","2713","5.78","https://uploads0.wikiart.org/images/vincent-van-gogh/seated-man-with-a-beard-1886-1.jpg","0918_Seated_Man_with_a_Beard_2129x2713.jpg","1872888"
"919","Vincent van Gogh","vincent-van-gogh","Seated Man with a Moustache and Cap","1886","2050","2740","5.62","https://uploads1.wikiart.org/images/vincent-van-gogh/seated-man-with-a-moustache-and-cap-1886.jpg","0919_Seated_Man_with_a_Moustache_and_Cap_2050x2740.jpg","1815768"
"920","Vincent van Gogh","vincent-van-gogh","Self-Portrait","1886","2100","2751","5.78","https://uploads6.wikiart.org/images/vincent-van-gogh/self-portrait-1886.jpg","0920_Self-Portrait_2100x2751.jpg","958159"
"921","Vincent van Gogh","vincent-van-gogh","Self-Portrait","1886","1677","1506","2.53","https://uploads8.wikiart.org/images/vincent-van-gogh/self-portrait-1886-1.jpg","0921_Self-Portrait_1677x1506.jpg","829594"
"922","Vincent van Gogh","vincent-van-gogh","Self-Portrait with Cap","1886","637","1024","0.65","https://uploads6.wikiart.org/images/vincent-van-gogh/self-portrait-with-cap-1886.jpg","0922_Self-Portrait_with_Cap_637x1024.jpg","357942"
"923","Vincent van Gogh","vincent-van-gogh","Self-Portrait with Dark Felt Hat","1886","2086","2709","5.65","https://uploads7.wikiart.org/images/vincent-van-gogh/self-portrait-with-dark-felt-hat-1886.jpg","0923_Self-Portrait_with_Dark_Felt_Hat_2086x2709.jpg","1761569"
"924","Vincent van Gogh","vincent-van-gogh","Self-Portrait with Dark Felt Hat at the Easel","1886","2725","3301","9","https://uploads5.wikiart.org/images/vincent-van-gogh/self-portrait-with-dark-felt-hat-at-the-easel-1886(1).jpg","0924_Self-Portrait_with_Dark_Felt_Hat_at_the_2725x3301.jpg","9226662"
"925","Vincent van Gogh","vincent-van-gogh","Self-Portrait with Pipe","1886","1217","1805","2.2","https://uploads7.wikiart.org/images/vincent-van-gogh/self-portrait-with-pipe-1886.jpg","0925_Self-Portrait_with_Pipe_1217x1805.jpg","656616"
"926","Vincent van Gogh","vincent-van-gogh","Self-Portrait with Pipe","1886","1261","1697","2.14","https://uploads0.wikiart.org/images/vincent-van-gogh/self-portrait-with-pipe-1886-1.jpg","0926_Self-Portrait_with_Pipe_1261x1697.jpg","670969"
"927","Vincent van Gogh","vincent-van-gogh","Skeleton","1886","678","1238","0.84","https://uploads5.wikiart.org/images/vincent-van-gogh/skeleton.jpg","0927_Skeleton_678x1238.jpg","272474"
"928","Vincent van Gogh","vincent-van-gogh","Sketch of a Foot","1886","1024","783","0.8","https://uploads0.wikiart.org/images/vincent-van-gogh/sketch-of-a-foot-1886.jpg","0928_Sketch_of_a_Foot_1024x783.jpg","131647"
"929","Vincent van Gogh","vincent-van-gogh","Sketch of a Knee","1886","951","1024","0.97","https://uploads0.wikiart.org/images/vincent-van-gogh/sketch-of-a-knee-1886.jpg","0929_Sketch_of_a_Knee_951x1024.jpg","312475"
"930","Vincent van Gogh","vincent-van-gogh","Sketch of a Knee","1886","810","1024","0.83","https://uploads2.wikiart.org/images/vincent-van-gogh/sketch-of-a-knee-1886-1.jpg","0930_Sketch_of_a_Knee_810x1024.jpg","173652"
"931","Vincent van Gogh","vincent-van-gogh","Sketch of a Left Hand","1886","790","1024","0.81","https://uploads5.wikiart.org/images/vincent-van-gogh/sketch-of-a-left-hand-1886.jpg","0931_Sketch_of_a_Left_Hand_790x1024.jpg","130978"
"932","Vincent van Gogh","vincent-van-gogh","Sketch of a Left Hand","1886","798","1024","0.82","https://uploads7.wikiart.org/images/vincent-van-gogh/sketch-of-a-left-hand-1886-1.jpg","0932_Sketch_of_a_Left_Hand_798x1024.jpg","132504"
"933","Vincent van Gogh","vincent-van-gogh","Sketch of a Right Arm and Shoulder","1886","822","1024","0.84","https://uploads0.wikiart.org/images/vincent-van-gogh/sketch-of-a-right-arm-and-shoulder-1886.jpg","0933_Sketch_of_a_Right_Arm_and_Shoulder_822x1024.jpg","146217"
"934","Vincent van Gogh","vincent-van-gogh","Sloping Path in Montmartre","1886","1959","2709","5.31","https://uploads1.wikiart.org/images/vincent-van-gogh/sloping-path-in-montmartre-1886.jpg","0934_Sloping_Path_in_Montmartre_1959x2709.jpg","1650238"
"935","Vincent van Gogh","vincent-van-gogh","Standing Female Nude Seen from the Back","1886","1483","2280","3.38","https://uploads0.wikiart.org/images/vincent-van-gogh/standing-female-nude-seen-from-the-back.jpg","0935_Standing_Female_Nude_Seen_from_the_Back_1483x2280.jpg","1070410"
"936","Vincent van Gogh","vincent-van-gogh","Standing Female Nude Seen from the Back","1886","1920","2541","4.88","https://uploads2.wikiart.org/images/vincent-van-gogh/standing-female-nude-seen-from-the-back-1.jpg","0936_Standing_Female_Nude_Seen_from_the_Back_1920x2541.jpg","1419655"
"937","Vincent van Gogh","vincent-van-gogh","Standing Female Nude Seen from the Front","1886","1876","2514","4.72","https://uploads6.wikiart.org/images/vincent-van-gogh/standing-female-nude-seen-from-the-front-1886.jpg","0937_Standing_Female_Nude_Seen_from_the_Front_1876x2514.jpg","1465603"
"938","Vincent van Gogh","vincent-van-gogh","Standing Female Nude Seen from the Side","1886","1896","2520","4.78","https://uploads5.wikiart.org/images/vincent-van-gogh/standing-female-nude-seen-from-the-side-1886.jpg","0938_Standing_Female_Nude_Seen_from_the_Side_1896x2520.jpg","1487199"
"939","Vincent van Gogh","vincent-van-gogh","Standing Male Nude Seen from the Front","1886","1312","2081","2.73","https://uploads8.wikiart.org/images/vincent-van-gogh/standing-male-nude-seen-from-the-front.jpg","0939_Standing_Male_Nude_Seen_from_the_Front_1312x2081.jpg","824544"
"940","Vincent van Gogh","vincent-van-gogh","Standing Male Nude Seen from the Front","1886","1331","2089","2.78","https://uploads1.wikiart.org/images/vincent-van-gogh/standing-male-nude-seen-from-the-front-1.jpg","0940_Standing_Male_Nude_Seen_from_the_Front_1331x2089.jpg","870990"
"941","Vincent van Gogh","vincent-van-gogh","Standing Male Nude Seen from the Front","1886","1101","1777","1.96","https://uploads1.wikiart.org/images/vincent-van-gogh/standing-male-nude-seen-from-the-front-2.jpg","0941_Standing_Male_Nude_Seen_from_the_Front_1101x1777.jpg","602519"
"942","Vincent van Gogh","vincent-van-gogh","Standing Man Seen from the Back","1886","1883","2496","4.7","https://uploads6.wikiart.org/images/vincent-van-gogh/standing-man-seen-from-the-back-1886.jpg","0942_Standing_Man_Seen_from_the_Back_1883x2496.jpg","1442123"
"943","Vincent van Gogh","vincent-van-gogh","Still LIfe - Vase with Red Gladiolas","1886","1256","2071","2.6","https://uploads0.wikiart.org/images/vincent-van-gogh/still-life-vase-with-red-gladiolas-1886.jpg","0943_Still_LIfe_-_Vase_with_Red_Gladiolas_1256x2071.jpg","490125"
"944","Vincent van Gogh","vincent-van-gogh","Still Life with Apples, Meat and a Roll","1886","1145","944","1.08","https://uploads4.wikiart.org/images/vincent-van-gogh/still-life-with-apples-meat-and-a-roll-1886.jpg","0944_Still_Life_with_Apples,_Meat_and_a_Roll_1145x944.jpg","188066"
"945","Vincent van Gogh","vincent-van-gogh","Still Life with Bloaters","1886","1771","2153","3.81","https://uploads8.wikiart.org/images/vincent-van-gogh/still-life-with-bloaters-1886.jpg","0945_Still_Life_with_Bloaters_1771x2153.jpg","1161950"
"946","Vincent van Gogh","vincent-van-gogh","Still Life with Bloaters","1886","2731","1323","3.61","https://uploads1.wikiart.org/images/vincent-van-gogh/still-life-with-bloaters-1886-1.jpg","0946_Still_Life_with_Bloaters_2731x1323.jpg","1046728"
"947","Vincent van Gogh","vincent-van-gogh","Still Life with Mackerels, Lemons and Tomatoes","1886","1142","845","0.96","https://uploads2.wikiart.org/images/vincent-van-gogh/still-life-with-mackerels-lemons-and-tomatoes-1886.jpg","0947_Still_Life_with_Mackerels,_Lemons_and_To_1142x845.jpg","198397"
"948","Vincent van Gogh","vincent-van-gogh","Still Life with Mussels and Shrimp","1886","1280","984","1.26","https://uploads0.wikiart.org/images/vincent-van-gogh/still-life-with-mussels-and-shrimp-1886.jpg","0948_Still_Life_with_Mussels_and_Shrimp_1280x984.jpg","316047"
"949","Vincent van Gogh","vincent-van-gogh","Still Life with Roses and Sunflowers","1886","2468","2021","4.99","https://uploads2.wikiart.org/images/vincent-van-gogh/still-life-with-roses-and-sunflowers-1886.jpg","0949_Still_Life_with_Roses_and_Sunflowers_2468x2021.jpg","661553"
"950","Vincent van Gogh","vincent-van-gogh","Still Life with Scabiosa and Ranunculus","1886","854","1121","0.96","https://uploads5.wikiart.org/images/vincent-van-gogh/still-life-with-scabiosa-and-ranunculus-1886.jpg","0950_Still_Life_with_Scabiosa_and_Ranunculus_854x1121.jpg","292759"
"951","Vincent van Gogh","vincent-van-gogh","Tabernacle in the heath","1886","2024","1583","3.2","https://uploads2.wikiart.org/images/vincent-van-gogh/tabernacle-in-the-heath.jpg","0951_Tabernacle_in_the_heath_2024x1583.jpg","351481"
"952","Vincent van Gogh","vincent-van-gogh","Tambourine with Pansies","1886","1769","1479","2.62","https://uploads7.wikiart.org/images/vincent-van-gogh/tambourine-with-pansies-1886.jpg","0952_Tambourine_with_Pansies_1769x1479.jpg","836032"
"953","Vincent van Gogh","vincent-van-gogh","Terrace in the Luxembourg Garden","1886","704","393","0.28","https://uploads7.wikiart.org/images/vincent-van-gogh/terrace-in-the-luxembourg-garden-1886.jpg","0953_Terrace_in_the_Luxembourg_Garden_704x393.jpg","38869"
"954","Vincent van Gogh","vincent-van-gogh","Terrace of a Cafe on Montmartre ""La Guinguette""","1886","2702","2097","5.67","https://uploads2.wikiart.org/images/vincent-van-gogh/terrace-of-a-cafe-on-montmartre-la-guinguette-1886.jpg","0954_Terrace_of_a_Cafe_on_Montmartre_La_Guing_2702x2097.jpg","4971251"
"955","Vincent van Gogh","vincent-van-gogh","The Bois de Boulogne with People Walking","1886","1770","1415","2.5","https://uploads6.wikiart.org/images/vincent-van-gogh/the-bois-de-boulogne-with-people-walking-1886.jpg","0955_The_Bois_de_Boulogne_with_People_Walking_1770x1415.jpg","788105"
"956","Vincent van Gogh","vincent-van-gogh","The Discus Thrower","1886","1875","2511","4.71","https://uploads2.wikiart.org/images/vincent-van-gogh/the-discus-thrower-1886.jpg","0956_The_Discus_Thrower_1875x2511.jpg","1359035"
"957","Vincent van Gogh","vincent-van-gogh","The Fourteenth of July Celebration in Paris","1886","2079","2468","5.13","https://uploads0.wikiart.org/images/vincent-van-gogh/the-fourteenth-of-july-celebration-in-paris-1886.jpg","0957_The_Fourteenth_of_July_Celebration_in_Pa_2079x2468.jpg","1539359"
"958","Vincent van Gogh","vincent-van-gogh","The Green Parrot","1886","1773","2023","3.59","https://uploads0.wikiart.org/images/vincent-van-gogh/the-green-parrot-1886.jpg","0958_The_Green_Parrot_1773x2023.jpg","1094085"
"959","Vincent van Gogh","vincent-van-gogh","The Hill of Montmartre with Quarry","1886","862","768","0.66","https://uploads0.wikiart.org/images/vincent-van-gogh/the-hill-of-montmartre-with-quarry-1886.jpg","0959_The_Hill_of_Montmartre_with_Quarry_862x768.jpg","104581"
"960","Vincent van Gogh","vincent-van-gogh","The Kingfisher","1886","2024","1457","2.95","https://uploads7.wikiart.org/images/vincent-van-gogh/the-kingfisher-1886.jpg","0960_The_Kingfisher_2024x1457.jpg","1328438"
"961","Vincent van Gogh","vincent-van-gogh","The Mill of Blute End","1886","884","1087","0.96","https://uploads5.wikiart.org/images/vincent-van-gogh/the-mill-of-blute-end-1886.jpg","0961_The_Mill_of_Blute_End_884x1087.jpg","238667"
"962","Vincent van Gogh","vincent-van-gogh","The Moulin de la Galette","1886","1417","1137","1.61","https://uploads8.wikiart.org/images/vincent-van-gogh/the-moulin-de-la-galette-1886.jpg","0962_The_Moulin_de_la_Galette_1417x1137.jpg","314746"
"963","Vincent van Gogh","vincent-van-gogh","The Outskirts of Paris","1886","1262","1024","1.29","https://uploads6.wikiart.org/images/vincent-van-gogh/the-outskirts-of-paris-1886.jpg","0963_The_Outskirts_of_Paris_1262x1024.jpg","240027"
"964","Vincent van Gogh","vincent-van-gogh","The Pont du Carrousel and the Louvre","1886","1775","1240","2.2","https://uploads2.wikiart.org/images/vincent-van-gogh/the-pont-du-carrousel-and-the-louvre-1886.jpg","0964_The_Pont_du_Carrousel_and_the_Louvre_1775x1240.jpg","649259"
"965","Vincent van Gogh","vincent-van-gogh","The Roofs of Paris","1886","1280","960","1.23","https://uploads2.wikiart.org/images/vincent-van-gogh/the-roofs-of-paris-1886.jpg","0965_The_Roofs_of_Paris_1280x960.jpg","1638886"
"966","Vincent van Gogh","vincent-van-gogh","The Roofs of Paris and Notre-Dame","1886","1024","785","0.8","https://uploads8.wikiart.org/images/vincent-van-gogh/the-roofs-of-paris-and-notre-dame-1886.jpg","0966_The_Roofs_of_Paris_and_Notre-Dame_1024x785.jpg","212461"
"967","Vincent van Gogh","vincent-van-gogh","The Terrace of the Tuileries with People Walking","1886","1024","534","0.55","https://uploads5.wikiart.org/images/vincent-van-gogh/the-terrace-of-the-tuileries-with-people-walking-1886.jpg","0967_The_Terrace_of_the_Tuileries_with_People_1024x534.jpg","279511"
"968","Vincent van Gogh","vincent-van-gogh","Three Pairs of Shoes","1886","2729","1778","4.85","https://uploads4.wikiart.org/images/vincent-van-gogh/three-pairs-of-shoes-1886.jpg","0968_Three_Pairs_of_Shoes_2729x1778.jpg","1467082"
"969","Vincent van Gogh","vincent-van-gogh","Torso of Venus","1886","1329","1899","2.52","https://uploads2.wikiart.org/images/vincent-van-gogh/torso-of-venus.jpg","0969_Torso_of_Venus_1329x1899.jpg","761642"
"970","Vincent van Gogh","vincent-van-gogh","Torso of Venus","1886","1371","2131","2.92","https://uploads4.wikiart.org/images/vincent-van-gogh/torso-of-venus-1.jpg","0970_Torso_of_Venus_1371x2131.jpg","917828"
"971","Vincent van Gogh","vincent-van-gogh","Torso of Venus","1886","1704","2616","4.46","https://uploads4.wikiart.org/images/vincent-van-gogh/torso-of-venus-2.jpg","0971_Torso_of_Venus_1704x2616.jpg","1428651"
"972","Vincent van Gogh","vincent-van-gogh","Torso of Venus","1886","1371","2161","2.96","https://uploads4.wikiart.org/images/vincent-van-gogh/torso-of-venus-3.jpg","0972_Torso_of_Venus_1371x2161.jpg","926991"
"973","Vincent van Gogh","vincent-van-gogh","Torso of Venus","1886","755","1024","0.77","https://uploads4.wikiart.org/images/vincent-van-gogh/torso-of-venus-4.jpg","0973_Torso_of_Venus_755x1024.jpg","204861"
"974","Vincent van Gogh","vincent-van-gogh","Torso of Venus","1886","1350","2131","2.88","https://uploads4.wikiart.org/images/vincent-van-gogh/torso-of-venus-5.jpg","0974_Torso_of_Venus_1350x2131.jpg","891835"
"975","Vincent van Gogh","vincent-van-gogh","Two Self-Portraits and Several Details","1886","1350","1778","2.4","https://uploads4.wikiart.org/images/vincent-van-gogh/two-self-portraits-and-several-details-1886.jpg","0975_Two_Self-Portraits_and_Several_Details_1350x1778.jpg","776763"
"976","Vincent van Gogh","vincent-van-gogh","Vase of Hollyhocks","1886","1217","2265","2.76","https://uploads2.wikiart.org/images/vincent-van-gogh/vase-of-hollyhocks-1886.jpg","0976_Vase_of_Hollyhocks_1217x2265.jpg","457243"
"977","Vincent van Gogh","vincent-van-gogh","Vase with Asters and Phlox","1886","1267","1739","2.2","https://uploads1.wikiart.org/images/vincent-van-gogh/vase-with-asters-and-phlox-1886.jpg","0977_Vase_with_Asters_and_Phlox_1267x1739.jpg","644693"
"978","Vincent van Gogh","vincent-van-gogh","Vase with Asters, Salvia and Other Flowers","1886","851","1770","1.51","https://uploads7.wikiart.org/images/vincent-van-gogh/vase-with-asters-salvia-and-other-flowers-1886.jpg","0978_Vase_with_Asters,_Salvia_and_Other_Flowe_851x1770.jpg","472341"
"979","Vincent van Gogh","vincent-van-gogh","Vase with Carnations","1886","1774","2216","3.93","https://uploads4.wikiart.org/images/vincent-van-gogh/vase-with-carnations-1886.jpg","0979_Vase_with_Carnations_1774x2216.jpg","1144108"
"980","Vincent van Gogh","vincent-van-gogh","Vase with Carnations","1886","834","1024","0.85","https://uploads6.wikiart.org/images/vincent-van-gogh/vase-with-carnations-1886-1.jpg","0980_Vase_with_Carnations_834x1024.jpg","295444"
"981","Vincent van Gogh","vincent-van-gogh","Vase with Carnations","1886","1383","1705","2.36","https://uploads6.wikiart.org/images/vincent-van-gogh/vase-with-carnations-1886-2.jpg","0981_Vase_with_Carnations_1383x1705.jpg","768972"
"982","Vincent van Gogh","vincent-van-gogh","Vase with Carnations and Bottle","1886","777","993","0.77","https://uploads6.wikiart.org/images/vincent-van-gogh/vase-with-carnations-and-bottle-1886.jpg","0982_Vase_with_Carnations_and_Bottle_777x993.jpg","952846"
"983","Vincent van Gogh","vincent-van-gogh","Vase with Carnations and Other Flowers","1886","1822","3071","5.6","https://uploads4.wikiart.org/images/vincent-van-gogh/vase-with-carnations-and-other-flowers-1886.jpg","0983_Vase_with_Carnations_and_Other_Flowers_1822x3071.jpg","1791537"
"984","Vincent van Gogh","vincent-van-gogh","Vase with Flowers","1886","825","1024","0.84","https://uploads5.wikiart.org/images/vincent-van-gogh/vase-with-flowers.jpg","0984_Vase_with_Flowers_825x1024.jpg","219041"
"985","Vincent van Gogh","vincent-van-gogh","Vase with Gladioli","1886","1620","2018","3.27","https://uploads2.wikiart.org/images/vincent-van-gogh/vase-with-gladioli-1886.jpg","0985_Vase_with_Gladioli_1620x2018.jpg","978286"
"986","Vincent van Gogh","vincent-van-gogh","Vase with Gladioli and Carnations","1886","847","1779","1.51","https://uploads8.wikiart.org/images/vincent-van-gogh/vase-with-gladioli-and-carnations-1886.jpg","0986_Vase_with_Gladioli_and_Carnations_847x1779.jpg","460966"
"987","Vincent van Gogh","vincent-van-gogh","Vase with Gladioli and Carnations","1886","1347","2593","3.49","https://uploads1.wikiart.org/images/vincent-van-gogh/vase-with-gladioli-and-carnations-1886-1.jpg","0987_Vase_with_Gladioli_and_Carnations_1347x2593.jpg","1078483"
"988","Vincent van Gogh","vincent-van-gogh","Vase with Gladioli and Lilac","1886","843","1775","1.5","https://uploads3.wikiart.org/images/vincent-van-gogh/vase-with-gladioli-and-lilac-1886.jpg","0988_Vase_with_Gladioli_and_Lilac_843x1775.jpg","444953"
"989","Vincent van Gogh","vincent-van-gogh","Vase with Myosotis and Peonies","1886","1305","1638","2.14","https://uploads5.wikiart.org/images/vincent-van-gogh/vase-with-myosotis-and-peonies-1886.jpg","0989_Vase_with_Myosotis_and_Peonies_1305x1638.jpg","661785"
"990","Vincent van Gogh","vincent-van-gogh","Vase with Peonies","1886","1364","1633","2.23","https://uploads1.wikiart.org/images/vincent-van-gogh/vase-with-peonies-1886.jpg","0990_Vase_with_Peonies_1364x1633.jpg","678572"
"991","Vincent van Gogh","vincent-van-gogh","Vase with Poppies, Cornflowers, Peonies and Chrysanthemums","1886","828","1023","0.85","https://uploads4.wikiart.org/images/vincent-van-gogh/vase-with-poppies-cornflowers-peonies-and-chrysanthemums-1886.jpg","0991_Vase_with_Poppies,_Cornflowers,_Peonies_828x1023.jpg","601105"
"992","Vincent van Gogh","vincent-van-gogh","Vase with Red and White Carnations on a Yellow Background","1886","2024","1552","3.14","https://uploads5.wikiart.org/images/vincent-van-gogh/vase-with-red-and-white-carnations-on-a-yellow-background-1886.jpg","0992_Vase_with_Red_and_White_Carnations_on_a_2024x1552.jpg","857266"
"993","Vincent van Gogh","vincent-van-gogh","Vase with Red Gladioli","1886","1284","1703","2.19","https://uploads6.wikiart.org/images/vincent-van-gogh/vase-with-red-gladioli-1886.jpg","0993_Vase_with_Red_Gladioli_1284x1703.jpg","650810"
"994","Vincent van Gogh","vincent-van-gogh","Vase with Red Gladioli","1886","1031","2021","2.08","https://uploads8.wikiart.org/images/vincent-van-gogh/vase-with-red-gladioli-1886-1.jpg","0994_Vase_with_Red_Gladioli_1031x2021.jpg","658910"
"995","Vincent van Gogh","vincent-van-gogh","Vase with Red Poppies","1886","1760","2161","3.8","https://uploads5.wikiart.org/images/vincent-van-gogh/vase-with-red-poppies-1886.jpg","0995_Vase_with_Red_Poppies_1760x2161.jpg","1165887"
"996","Vincent van Gogh","vincent-van-gogh","Vase with Zinnias","1886","1766","2396","4.23","https://uploads1.wikiart.org/images/vincent-van-gogh/vase-with-zinnias-1886.jpg","0996_Vase_with_Zinnias_1766x2396.jpg","1277190"
"997","Vincent van Gogh","vincent-van-gogh","Vase with Zinnias and Geraniums","1886","1757","2389","4.2","https://uploads6.wikiart.org/images/vincent-van-gogh/vase-with-zinnias-and-geraniums-1886.jpg","0997_Vase_with_Zinnias_and_Geraniums_1757x2389.jpg","1370822"
"998","Vincent van Gogh","vincent-van-gogh","Vase with Zinnias and Other Flowers","1886","1658","1390","2.3","https://uploads1.wikiart.org/images/vincent-van-gogh/vase-with-zinnias-and-other-flowers-1886.jpg","0998_Vase_with_Zinnias_and_Other_Flowers_1658x1390.jpg","320511"
"999","Vincent van Gogh","vincent-van-gogh","View of Montmartre","1886","1024","614","0.63","https://uploads2.wikiart.org/images/vincent-van-gogh/view-of-montmartre-1886.jpg","0999_View_of_Montmartre_1024x614.jpg","283747"
"1000","Vincent van Gogh","vincent-van-gogh","View of Paris from Montmartre","1886","2734","1692","4.63","https://uploads4.wikiart.org/images/vincent-van-gogh/view-of-paris-from-montmartre-1886.jpg","1000_View_of_Paris_from_Montmartre_2734x1692.jpg","1342357"
"1001","Vincent van Gogh","vincent-van-gogh","View of Paris from near Montmartre","1886","1024","1239","1.27","https://uploads0.wikiart.org/images/vincent-van-gogh/view-of-paris-from-near-montmartre-1886.jpg","1001_View_of_Paris_from_near_Montmartre_1024x1239.jpg","1362008"
"1002","Vincent van Gogh","vincent-van-gogh","View of Paris with Notre-Dame and the Pantheon","1886","1883","1458","2.75","https://uploads3.wikiart.org/images/vincent-van-gogh/view-of-paris-with-notre-dame-and-the-pantheon-1886.jpg","1002_View_of_Paris_with_Notre-Dame_and_the_Pa_1883x1458.jpg","837076"
"1003","Vincent van Gogh","vincent-van-gogh","View of Paris, with the Hôtel de Ville and the Tour-Saint-Jacques","1886","1856","1502","2.79","https://uploads3.wikiart.org/images/vincent-van-gogh/view-of-paris-with-the-hôtel-de-ville-and-the-tour-saint-jacques-1886.jpg","1003_View_of_Paris,_with_the_Hôtel_de_Ville_a_1856x1502.jpg","852076"
"1004","Vincent van Gogh","vincent-van-gogh","View of Roofs and Backs of Houses","1886","1766","1310","2.31","https://uploads8.wikiart.org/images/vincent-van-gogh/view-of-roofs-and-backs-of-houses-1886.jpg","1004_View_of_Roofs_and_Backs_of_Houses_1766x1310.jpg","730709"
"1005","Vincent van Gogh","vincent-van-gogh","Walking Couple","1886","875","1024","0.9","https://uploads7.wikiart.org/images/vincent-van-gogh/walking-couple-1886.jpg","1005_Walking_Couple_875x1024.jpg","167075"
"1006","Vincent van Gogh","vincent-van-gogh","Windmill at Montmartre","1886","543","1030","0.56","https://uploads6.wikiart.org/images/vincent-van-gogh/windmill-at-montmartre-1886.jpg","1006_Windmill_at_Montmartre_543x1030.jpg","170799"
"1007","Vincent van Gogh","vincent-van-gogh","Windmill on Montmartre","1886","846","1024","0.87","https://uploads6.wikiart.org/images/vincent-van-gogh/windmill-on-montmartre-1886.jpg","1007_Windmill_on_Montmartre_846x1024.jpg","329747"
"1008","Vincent van Gogh","vincent-van-gogh","Windmills at Montmartre","1886","1024","580","0.59","https://uploads7.wikiart.org/images/vincent-van-gogh/windmills-at-montmartre-1886.jpg","1008_Windmills_at_Montmartre_1024x580.jpg","302991"
"1009","Vincent van Gogh","vincent-van-gogh","Woman in Dark Dress, Walking","1886","591","1024","0.61","https://uploads2.wikiart.org/images/vincent-van-gogh/woman-in-dark-dress-walking-1886.jpg","1009_Woman_in_Dark_Dress,_Walking_591x1024.jpg","168964"
"1010","Vincent van Gogh","vincent-van-gogh","Woman Walking Her Dog","1886","1047","1740","1.82","https://uploads5.wikiart.org/images/vincent-van-gogh/woman-walking-her-dog-1886.jpg","1010_Woman_Walking_Her_Dog_1047x1740.jpg","577056"
"1011","Vincent van Gogh","vincent-van-gogh","Woman with Hat, Half-Length","1886","772","1024","0.79","https://uploads1.wikiart.org/images/vincent-van-gogh/woman-with-hat-half-length-1886.jpg","1011_Woman_with_Hat,_Half-Length_772x1024.jpg","175707"
"1012","Vincent van Gogh","vincent-van-gogh","Still life with meadow flowers and roses","1886","800","984","0.79","https://uploads6.wikiart.org/images/vincent-van-gogh/still-life-with-meadow-flowers-and-roses-1886.jpg","1012_Still_life_with_meadow_flowers_and_roses_800x984.jpg","170849"
"1013","Vincent van Gogh","vincent-van-gogh","Plaster Statuette of a Female Torso","1886","2116","2717","5.75","https://uploads5.wikiart.org/images/vincent-van-gogh/plaster-statuette-of-a-female-torso.jpg","1013_Plaster_Statuette_of_a_Female_Torso_2116x2717.jpg","1860839"
"1014","Vincent van Gogh","vincent-van-gogh","Head of a Man","1886","563","1024","0.58","https://uploads6.wikiart.org/images/vincent-van-gogh/head-of-a-man-4(1).jpg","1014_Head_of_a_Man_563x1024.jpg","207924"
"1015","Vincent van Gogh","vincent-van-gogh","Skull of a Skeleton with Burning Cigarette","1886","2481","3289","8.16","https://uploads7.wikiart.org/00371/images/vincent-van-gogh/vincent-van-gogh-head-of-a-skeleton-with-a-burning-cigarette-google-art-project.jpg","1015_Skull_of_a_Skeleton_with_Burning_Cigaret_2481x3289.jpg","2278243"
"1016","Vincent van Gogh","vincent-van-gogh","Nude Woman on a Bed","1887","598","488","0.29","https://uploads1.wikiart.org/00373/images/vincent-van-gogh/nude-woman-on-a-bed.jpg","1016_Nude_Woman_on_a_Bed_598x488.jpg","127912"
"1017","Vincent van Gogh","vincent-van-gogh","A Pair of Shoes","1887","2434","1943","4.73","https://uploads2.wikiart.org/images/vincent-van-gogh/a-pair-of-shoes-1887(1).jpg","1017_A_Pair_of_Shoes_2434x1943.jpg","777469"
"1018","Vincent van Gogh","vincent-van-gogh","A Pair of Shoes","1887","1244","1024","1.27","https://uploads4.wikiart.org/images/vincent-van-gogh/a-pair-of-shoes-1887-1(1).jpg","1018_A_Pair_of_Shoes_1244x1024.jpg","1383108"
"1019","Vincent van Gogh","vincent-van-gogh","A woman walking in garden","1887","595","484","0.29","https://uploads3.wikiart.org/images/vincent-van-gogh/a-woman-walking-in-garden-1887(1).jpg","1019_A_woman_walking_in_garden_595x484.jpg","76812"
"1020","Vincent van Gogh","vincent-van-gogh","Absinthe","1887","902","1280","1.15","https://uploads4.wikiart.org/images/vincent-van-gogh/absinthe-1887(1).jpg","1020_Absinthe_902x1280.jpg","246557"
"1021","Vincent van Gogh","vincent-van-gogh","Avenue in Voyer d'Argenson Park at Asnieres","1887","740","600","0.44","https://uploads3.wikiart.org/images/vincent-van-gogh/avenue-in-voyer-d-argenson-park-at-asnieres-1887(1).jpg","1021_Avenue_in_Voyer_d'Argenson_Park_at_Asnie_740x600.jpg","151546"
"1022","Vincent van Gogh","vincent-van-gogh","Banks of the Seine in the spring","1887","1231","1016","1.25","https://uploads1.wikiart.org/images/vincent-van-gogh/banks-of-the-seine-in-the-spring-1887(1).jpg","1022_Banks_of_the_Seine_in_the_spring_1231x1016.jpg","1484108"
"1023","Vincent van Gogh","vincent-van-gogh","Banks of the Seine near Pont de Clichy","1887","594","473","0.28","https://uploads7.wikiart.org/images/vincent-van-gogh/banks-of-the-seine-near-pont-de-clichy-1887(1).jpg","1023_Banks_of_the_Seine_near_Pont_de_Clichy_594x473.jpg","64804"
"1024","Vincent van Gogh","vincent-van-gogh","Barn Owl Viewed from the Front","1887","1272","1750","2.23","https://uploads8.wikiart.org/images/vincent-van-gogh/barn-owl-viewed-from-the-front-1887(1).jpg","1024_Barn_Owl_Viewed_from_the_Front_1272x1750.jpg","649735"
"1025","Vincent van Gogh","vincent-van-gogh","Barn Owl Viewed from the Side","1887","1297","1749","2.27","https://uploads7.wikiart.org/images/vincent-van-gogh/barn-owl-viewed-from-the-side-1887(1).jpg","1025_Barn_Owl_Viewed_from_the_Side_1297x1749.jpg","681834"
"1026","Vincent van Gogh","vincent-van-gogh","Basket of Sprouting Bulbs","1887","750","497","0.37","https://uploads3.wikiart.org/images/vincent-van-gogh/basket-of-sprouting-bulbs-1887(1).jpg","1026_Basket_of_Sprouting_Bulbs_750x497.jpg","72879"
"1027","Vincent van Gogh","vincent-van-gogh","Bathing Float on the Seine at Asnieres","1887","1280","890","1.14","https://uploads7.wikiart.org/images/vincent-van-gogh/bathing-float-on-the-seine-at-asnieres-1887(1).jpg","1027_Bathing_Float_on_the_Seine_at_Asnieres_1280x890.jpg","288163"
"1028","Vincent van Gogh","vincent-van-gogh","Boulevard de Clichy","1887","2024","1662","3.36","https://uploads6.wikiart.org/images/vincent-van-gogh/boulevard-de-clichy-1887(1).jpg","1028_Boulevard_de_Clichy_2024x1662.jpg","904270"
"1029","Vincent van Gogh","vincent-van-gogh","Bridges across the Seine at Asnieres","1887","1261","1024","1.29","https://uploads5.wikiart.org/images/vincent-van-gogh/bridges-across-the-seine-at-asnieres-1887(1).jpg","1029_Bridges_across_the_Seine_at_Asnieres_1261x1024.jpg","2427464"
"1030","Vincent van Gogh","vincent-van-gogh","Chestnut Tree in Blossom","1887","1576","1921","3.03","https://uploads2.wikiart.org/images/vincent-van-gogh/chestnut-tree-in-blossom-1887(1).jpg","1030_Chestnut_Tree_in_Blossom_1576x1921.jpg","1547120"
"1031","Vincent van Gogh","vincent-van-gogh","Clarinetist and Piccolo Player","1887","1938","1448","2.81","https://uploads8.wikiart.org/images/vincent-van-gogh/clarinetist-and-piccolo-player-1887(1).jpg","1031_Clarinetist_and_Piccolo_Player_1938x1448.jpg","886505"
"1032","Vincent van Gogh","vincent-van-gogh","Couple Out for a Stroll","1887","1750","1123","1.97","https://uploads1.wikiart.org/images/vincent-van-gogh/couple-out-for-a-stroll-1887(1).jpg","1032_Couple_Out_for_a_Stroll_1750x1123.jpg","588558"
"1033","Vincent van Gogh","vincent-van-gogh","Double-Bass Player","1887","1313","1785","2.34","https://uploads5.wikiart.org/images/vincent-van-gogh/double-bass-player-1887(1).jpg","1033_Double-Bass_Player_1313x1785.jpg","702300"
"1034","Vincent van Gogh","vincent-van-gogh","Dying Slave and Figures at a Table","1887","1362","1869","2.55","https://uploads3.wikiart.org/images/vincent-van-gogh/dying-slave-and-figures-at-a-table-1887(1).jpg","1034_Dying_Slave_and_Figures_at_a_Table_1362x1869.jpg","800308"
"1035","Vincent van Gogh","vincent-van-gogh","Edge of a Wheatfield with Poppies","1887","768","946","0.73","https://uploads2.wikiart.org/images/vincent-van-gogh/edge-of-a-wheatfield-with-poppies-1887(1).jpg","1035_Edge_of_a_Wheatfield_with_Poppies_768x946.jpg","166337"
"1036","Vincent van Gogh","vincent-van-gogh","Entrance to the Moulin de la Galette","1887","2630","3461","9.1","https://uploads2.wikiart.org/images/vincent-van-gogh/entrance-to-the-moulin-de-la-galette-1887.jpg","1036_Entrance_to_the_Moulin_de_la_Galette_2630x3461.jpg","9630782"
"1037","Vincent van Gogh","vincent-van-gogh","Entrance to the Voyer-d'Argenson Park at Asnieres","1887","1246","1024","1.28","https://uploads0.wikiart.org/images/vincent-van-gogh/entrance-to-the-voyer-d-argenson-park-at-asnieres-1887(1).jpg","1037_Entrance_to_the_Voyer-d'Argenson_Park_at_1246x1024.jpg","832593"
"1038","Vincent van Gogh","vincent-van-gogh","Exterior of a Restaurant at Asnieres","1887","2161","1456","3.15","https://uploads5.wikiart.org/images/vincent-van-gogh/exterior-of-a-restaurant-at-asnieres-1887(1).jpg","1038_Exterior_of_a_Restaurant_at_Asnieres_2161x1456.jpg","1352622"
"1039","Vincent van Gogh","vincent-van-gogh","Factories at Asnieres, Seen from the Quai de Clichy","1887","1280","956","1.22","https://uploads1.wikiart.org/images/vincent-van-gogh/factories-at-asnieres-seen-from-the-quai-de-clichy-1887(1).jpg","1039_Factories_at_Asnieres,_Seen_from_the_Qua_1280x956.jpg","1612796"
"1040","Vincent van Gogh","vincent-van-gogh","Factories Seen from a Hillside in Moonlight","1887","848","381","0.32","https://uploads3.wikiart.org/images/vincent-van-gogh/factories-seen-from-a-hillside-in-moonlight-1887(1).jpg","1040_Factories_Seen_from_a_Hillside_in_Moonli_848x381.jpg","49133"
"1041","Vincent van Gogh","vincent-van-gogh","Fishing in the Spring","1887","1221","1024","1.25","https://uploads8.wikiart.org/images/vincent-van-gogh/fishing-in-the-spring-1887(1).jpg","1041_Fishing_in_the_Spring_1221x1024.jpg","404687"
"1042","Vincent van Gogh","vincent-van-gogh","Flowerpot with Chives","1887","1584","2320","3.67","https://uploads8.wikiart.org/images/vincent-van-gogh/flowerpot-with-chives-1887(1).jpg","1042_Flowerpot_with_Chives_1584x2320.jpg","1102338"
"1043","Vincent van Gogh","vincent-van-gogh","Fortifications of Paris with Houses","1887","2529","1859","4.7","https://uploads4.wikiart.org/images/vincent-van-gogh/fortifications-of-paris-with-houses-1887(1).jpg","1043_Fortifications_of_Paris_with_Houses_2529x1859.jpg","4641528"
"1044","Vincent van Gogh","vincent-van-gogh","Four Swifts with Landscape Sketches","1887","1916","1450","2.78","https://uploads4.wikiart.org/images/vincent-van-gogh/four-swifts-with-landscape-sketches-1887(1).jpg","1044_Four_Swifts_with_Landscape_Sketches_1916x1450.jpg","852048"
"1045","Vincent van Gogh","vincent-van-gogh","Fritillaries in a Copper Vase","1887","1658","2021","3.35","https://uploads7.wikiart.org/images/vincent-van-gogh/fritillaries-in-a-copper-vase-1887(1).jpg","1045_Fritillaries_in_a_Copper_Vase_1658x2021.jpg","605667"
"1046","Vincent van Gogh","vincent-van-gogh","Gardens on Montmartre and the Blute-Fin Windmill","1887","2214","1641","3.63","https://uploads8.wikiart.org/images/vincent-van-gogh/gardens-on-montmartre-and-the-blute-fin-windmill-1887(1).jpg","1046_Gardens_on_Montmartre_and_the_Blute-Fin_2214x1641.jpg","1143327"
"1047","Vincent van Gogh","vincent-van-gogh","Gate in the Paris Ramparts","1887","2443","1758","4.29","https://uploads4.wikiart.org/images/vincent-van-gogh/gate-in-the-paris-ramparts-1887(1).jpg","1047_Gate_in_the_Paris_Ramparts_2443x1758.jpg","1306778"
"1048","Vincent van Gogh","vincent-van-gogh","Head of a Man (Possibly Theo van Gogh)","1887","1365","1829","2.5","https://uploads5.wikiart.org/images/vincent-van-gogh/head-of-a-man-possibly-theo-van-gogh-1887(1).jpg","1048_Head_of_a_Man_(Possibly_Theo_van_Gogh)_1365x1829.jpg","758246"
"1049","Vincent van Gogh","vincent-van-gogh","Head of a Man with a Top Hat","1887","1987","1481","2.94","https://uploads6.wikiart.org/images/vincent-van-gogh/head-of-a-man-with-a-top-hat-1887(1).jpg","1049_Head_of_a_Man_with_a_Top_Hat_1987x1481.jpg","904302"
"1050","Vincent van Gogh","vincent-van-gogh","House with sunflowers","1887","700","520","0.36","https://uploads5.wikiart.org/images/vincent-van-gogh/house-with-sunflowers-1887.jpg","1050_House_with_sunflowers_700x520.jpg","50516"
"1051","Vincent van Gogh","vincent-van-gogh","Interior of a Restaurant","1887","1675","1390","2.33","https://uploads8.wikiart.org/images/vincent-van-gogh/interior-of-a-restaurant-1887.jpg","1051_Interior_of_a_Restaurant_1675x1390.jpg","416990"
"1052","Vincent van Gogh","vincent-van-gogh","Interior of a Restaurant","1887","1232","1024","1.26","https://uploads1.wikiart.org/images/vincent-van-gogh/interior-of-a-restaurant-1887-1.jpg","1052_Interior_of_a_Restaurant_1232x1024.jpg","1120630"
"1053","Vincent van Gogh","vincent-van-gogh","Italian Woman (Agostina Segatori)","1887","1662","2231","3.71","https://uploads6.wikiart.org/images/vincent-van-gogh/italian-woman-agostina-segatori-1887.jpg","1053_Italian_Woman_(Agostina_Segatori)_1662x2231.jpg","601106"
"1054","Vincent van Gogh","vincent-van-gogh","Japanese art","1887","491","665","0.33","https://uploads5.wikiart.org/images/vincent-van-gogh/japanese-art-1887.jpg","1054_Japanese_art_491x665.jpg","33363"
"1055","Vincent van Gogh","vincent-van-gogh","Japonaiserie Oiran (after Kesai Eisen)","1887","1409","2368","3.34","https://uploads2.wikiart.org/images/vincent-van-gogh/japonaiserie-oiran-after-kesai-eisen-1887.jpg","1055_Japonaiserie_Oiran_(after_Kesai_Eisen)_1409x2368.jpg","530490"
"1056","Vincent van Gogh","vincent-van-gogh","Kneeling Ecorche","1887","1371","1823","2.5","https://uploads0.wikiart.org/images/vincent-van-gogh/kneeling-ecorche-1887.jpg","1056_Kneeling_Ecorche_1371x1823.jpg","785932"
"1057","Vincent van Gogh","vincent-van-gogh","Lane in Voyer d'Argenson Park at Asnieres","1887","1280","936","1.2","https://uploads7.wikiart.org/images/vincent-van-gogh/lane-in-voyer-d-argenson-park-at-asnieres-1887.jpg","1057_Lane_in_Voyer_d'Argenson_Park_at_Asniere_1280x936.jpg","342328"
"1058","Vincent van Gogh","vincent-van-gogh","Le Moulin de la Gallette","1887","886","1090","0.97","https://uploads8.wikiart.org/images/vincent-van-gogh/le-moulin-de-la-gallette-1887.jpg","1058_Le_Moulin_de_la_Gallette_886x1090.jpg","219481"
"1059","Vincent van Gogh","vincent-van-gogh","L'Ecorche","1887","1024","809","0.83","https://uploads2.wikiart.org/images/vincent-van-gogh/l-ecorche-1887.jpg","1059_L'Ecorche_1024x809.jpg","372476"
"1060","Vincent van Gogh","vincent-van-gogh","L'Ecorche and Borghese Gladiator","1887","2179","1689","3.68","https://uploads7.wikiart.org/images/vincent-van-gogh/l-ecorche-and-borghese-gladiator-1887.jpg","1060_L'Ecorche_and_Borghese_Gladiator_2179x1689.jpg","1150072"
"1061","Vincent van Gogh","vincent-van-gogh","Lilacs","1887","775","600","0.46","https://uploads8.wikiart.org/images/vincent-van-gogh/lilacs-1887.jpg","1061_Lilacs_775x600.jpg","117469"
"1062","Vincent van Gogh","vincent-van-gogh","Luxembourg Garden in Paris","1887","1337","832","1.11","https://uploads5.wikiart.org/images/vincent-van-gogh/luxembourg-garden-in-paris.jpg","1062_Luxembourg_Garden_in_Paris_1337x832.jpg","359036"
"1063","Vincent van Gogh","vincent-van-gogh","Male Torso and Study for Portrait of a Woman with Flowers","1887","990","1249","1.24","https://uploads5.wikiart.org/images/vincent-van-gogh/male-torso-and-study-for-portrait-of-a-woman-with-flowers-1887.jpg","1063_Male_Torso_and_Study_for_Portrait_of_a_W_990x1249.jpg","409380"
"1064","Vincent van Gogh","vincent-van-gogh","Man with Spade in a Suburb of Paris","1887","1280","846","1.08","https://uploads1.wikiart.org/images/vincent-van-gogh/man-with-spade-in-a-suburb-of-paris-1887.jpg","1064_Man_with_Spade_in_a_Suburb_of_Paris_1280x846.jpg","1763755"
"1065","Vincent van Gogh","vincent-van-gogh","Montmartre Path with Sunflowers","1887","750","981","0.74","https://uploads6.wikiart.org/images/vincent-van-gogh/montmartre-path-with-sunflowers-1887.jpg","1065_Montmartre_Path_with_Sunflowers_750x981.jpg","134757"
"1066","Vincent van Gogh","vincent-van-gogh","Moored Boats","1887","1144","889","1.02","https://uploads5.wikiart.org/images/vincent-van-gogh/moored-boats-1887.jpg","1066_Moored_Boats_1144x889.jpg","242058"
"1067","Vincent van Gogh","vincent-van-gogh","Nude Woman Reclining, Seen from the Back","1887","2452","1456","3.57","https://uploads5.wikiart.org/images/vincent-van-gogh/nude-woman-reclining-seen-from-the-back-1887.jpg","1067_Nude_Woman_Reclining,_Seen_from_the_Back_2452x1456.jpg","1248101"
"1068","Vincent van Gogh","vincent-van-gogh","Nude Woman Squatting Over a Basin","1887","1080","1699","1.83","https://uploads8.wikiart.org/images/vincent-van-gogh/nude-woman-squatting-over-a-basin-1887.jpg","1068_Nude_Woman_Squatting_Over_a_Basin_1080x1699.jpg","568403"
"1069","Vincent van Gogh","vincent-van-gogh","On the Outskirts of Paris","1887","3071","2489","7.64","https://uploads0.wikiart.org/images/vincent-van-gogh/on-the-outskirts-of-paris-1887.jpg","1069_On_the_Outskirts_of_Paris_3071x2489.jpg","2112277"
"1070","Vincent van Gogh","vincent-van-gogh","Outskirts of Paris near Montmartre","1887","1757","1290","2.27","https://uploads2.wikiart.org/images/vincent-van-gogh/outskirts-of-paris-near-montmartre-1887-1.jpg","1070_Outskirts_of_Paris_near_Montmartre_1757x1290.jpg","707919"
"1071","Vincent van Gogh","vincent-van-gogh","Park at Asnieres in Spring","1887","1019","768","0.78","https://uploads1.wikiart.org/images/vincent-van-gogh/park-at-asnieres-in-spring-1887.jpg","1071_Park_at_Asnieres_in_Spring_1019x768.jpg","258771"
"1072","Vincent van Gogh","vincent-van-gogh","Park View","1887","1899","1318","2.5","https://uploads6.wikiart.org/images/vincent-van-gogh/park-view.jpg","1072_Park_View_1899x1318.jpg","779796"
"1073","Vincent van Gogh","vincent-van-gogh","Pasture in Bloom","1887","1280","959","1.23","https://uploads0.wikiart.org/images/vincent-van-gogh/pasture-in-bloom-1887.jpg","1073_Pasture_in_Bloom_1280x959.jpg","971378"
"1074","Vincent van Gogh","vincent-van-gogh","Path in the Woods","1887","1024","1224","1.25","https://uploads1.wikiart.org/images/vincent-van-gogh/path-in-the-woods-1887.jpg","1074_Path_in_the_Woods_1024x1224.jpg","806181"
"1075","Vincent van Gogh","vincent-van-gogh","Pianist","1887","1959","1434","2.81","https://uploads0.wikiart.org/images/vincent-van-gogh/pianist-1887.jpg","1075_Pianist_1959x1434.jpg","929214"
"1076","Vincent van Gogh","vincent-van-gogh","Plaster Statuette of a Female Torso","1887","852","1155","0.98","https://uploads1.wikiart.org/images/vincent-van-gogh/plaster-statuette-of-a-female-torso-1887.jpg","1076_Plaster_Statuette_of_a_Female_Torso_852x1155.jpg","301228"
"1077","Vincent van Gogh","vincent-van-gogh","Portrait of a Man","1887","1024","815","0.83","https://uploads5.wikiart.org/images/vincent-van-gogh/portrait-of-a-man.jpg","1077_Portrait_of_a_Man_1024x815.jpg","295543"
"1078","Vincent van Gogh","vincent-van-gogh","Portrait of a Man with a Skull Cap","1887","1332","1642","2.19","https://uploads4.wikiart.org/images/vincent-van-gogh/portrait-of-a-man-with-a-skull-cap.jpg","1078_Portrait_of_a_Man_with_a_Skull_Cap_1332x1642.jpg","713928"
"1079","Vincent van Gogh","vincent-van-gogh","Portrait of a Woman","1887","885","1116","0.99","https://uploads3.wikiart.org/images/vincent-van-gogh/portrait-of-a-woman-1887.jpg","1079_Portrait_of_a_Woman_885x1116.jpg","158568"
"1080","Vincent van Gogh","vincent-van-gogh","Portrait of a Woman (Madame Tanguy)","1887","1762","2201","3.88","https://uploads3.wikiart.org/images/vincent-van-gogh/portrait-of-a-woman-madame-tanguy.jpg","1080_Portrait_of_a_Woman_(Madame_Tanguy)_1762x2201.jpg","1264327"
"1081","Vincent van Gogh","vincent-van-gogh","Portrait of Alexander Reid","1887","900","1112","1","https://uploads1.wikiart.org/images/vincent-van-gogh/portrait-of-alexander-reid-1887.jpg","1081_Portrait_of_Alexander_Reid_900x1112.jpg","1445225"
"1082","Vincent van Gogh","vincent-van-gogh","Portrait of Père Tanguy","1887","1078","1708","1.84","https://uploads7.wikiart.org/images/vincent-van-gogh/portrait-of-père-tanguy-1887.jpg","1082_Portrait_of_Père_Tanguy_1078x1708.jpg","570315"
"1083","Vincent van Gogh","vincent-van-gogh","Portrait of Père Tanguy","1887","1764","2368","4.18","https://uploads2.wikiart.org/images/vincent-van-gogh/portrait-of-père-tanguy.jpg","1083_Portrait_of_Père_Tanguy_1764x2368.jpg","1198900"
"1084","Vincent van Gogh","vincent-van-gogh","Portrait of the Art Dealer Alexander Reid, Sitting in an Easy Chair","1887","802","1024","0.82","https://uploads0.wikiart.org/images/vincent-van-gogh/portrait-of-the-art-dealer-alexander-reid-sitting-in-an-easy-chair.jpg","1084_Portrait_of_the_Art_Dealer_Alexander_Rei_802x1024.jpg","199455"
"1085","Vincent van Gogh","vincent-van-gogh","Restaurant de la Sirene at Asnieres","1887","2526","1842","4.65","https://uploads1.wikiart.org/images/vincent-van-gogh/restaurant-de-la-sirene-at-asnieres-1887.jpg","1085_Restaurant_de_la_Sirene_at_Asnieres_2526x1842.jpg","3927183"
"1086","Vincent van Gogh","vincent-van-gogh","Restaurant de la Sirene at Asnieres","1887","2725","2261","6.16","https://uploads3.wikiart.org/images/vincent-van-gogh/restaurant-de-la-sirene-at-asnieres-1887-1.jpg","1086_Restaurant_de_la_Sirene_at_Asnieres_2725x2261.jpg","1841803"
"1087","Vincent van Gogh","vincent-van-gogh","Road Running Beside the Paris Ramparts","1887","2183","1607","3.51","https://uploads4.wikiart.org/images/vincent-van-gogh/road-running-beside-the-paris-ramparts-1887.jpg","1087_Road_Running_Beside_the_Paris_Ramparts_2183x1607.jpg","1054521"
"1088","Vincent van Gogh","vincent-van-gogh","Roadway with Underpass The Viaduct","1887","2713","2174","5.9","https://uploads0.wikiart.org/images/vincent-van-gogh/roadway-with-underpass-the-viaduct-1887.jpg","1088_Roadway_with_Underpass_The_Viaduct_2713x2174.jpg","1741310"
"1089","Vincent van Gogh","vincent-van-gogh","Sailing Boat on the Seine at Asnieres","1887","1940","2668","5.18","https://uploads3.wikiart.org/images/vincent-van-gogh/sailing-boat-on-the-seine-at-asnieres-1887.jpg","1089_Sailing_Boat_on_the_Seine_at_Asnieres_1940x2668.jpg","1612380"
"1090","Vincent van Gogh","vincent-van-gogh","Seated Woman","1887","1375","1792","2.46","https://uploads7.wikiart.org/images/vincent-van-gogh/seated-woman-4-1887.jpg","1090_Seated_Woman_1375x1792.jpg","808141"
"1091","Vincent van Gogh","vincent-van-gogh","Self Portrait","1887","1778","2317","4.12","https://uploads6.wikiart.org/images/vincent-van-gogh/self-portrait-1887.jpg","1091_Self_Portrait_1778x2317.jpg","630182"
"1092","Vincent van Gogh","vincent-van-gogh","Self Portrait with a Grey Felt Hat","1887","4346","5474","23.79","https://uploads0.wikiart.org/00213/images/vincent-van-gogh/antique-3840757.jpg","1092_Self_Portrait_with_a_Grey_Felt_Hat_4346x5474.jpg","4986260"
"1093","Vincent van Gogh","vincent-van-gogh","Self Portrait with Felt Hat","1887","1024","1223","1.25","https://uploads6.wikiart.org/images/vincent-van-gogh/self-portrait-with-felt-hat.jpg","1093_Self_Portrait_with_Felt_Hat_1024x1223.jpg","1705135"
"1094","Vincent van Gogh","vincent-van-gogh","Self-portrait","1887","509","729","0.37","https://uploads8.wikiart.org/images/vincent-van-gogh/self-portrait-1887-1.jpg","1094_Self-portrait_509x729.jpg","43885"
"1095","Vincent van Gogh","vincent-van-gogh","Self-Portrait","1887","1754","2309","4.05","https://uploads8.wikiart.org/images/vincent-van-gogh/self-portrait-1887-2.jpg","1095_Self-Portrait_1754x2309.jpg","1235193"
"1096","Vincent van Gogh","vincent-van-gogh","Self-Portrait","1887","1758","2346","4.12","https://uploads8.wikiart.org/images/vincent-van-gogh/self-portrait-1887-3.jpg","1096_Self-Portrait_1758x2346.jpg","1273488"
"1097","Vincent van Gogh","vincent-van-gogh","Self-Portrait","1887","1759","2253","3.96","https://uploads8.wikiart.org/images/vincent-van-gogh/self-portrait-1887-4.jpg","1097_Self-Portrait_1759x2253.jpg","1154369"
"1098","Vincent van Gogh","vincent-van-gogh","Self-Portrait","1887","1326","1917","2.54","https://uploads8.wikiart.org/images/vincent-van-gogh/self-portrait-1887-5.jpg","1098_Self-Portrait_1326x1917.jpg","794517"
"1099","Vincent van Gogh","vincent-van-gogh","Self-Portrait","1887","1767","2197","3.88","https://uploads8.wikiart.org/images/vincent-van-gogh/self-portrait-1887-6.jpg","1099_Self-Portrait_1767x2197.jpg","1225874"
"1100","Vincent van Gogh","vincent-van-gogh","Self-Portrait","1887","1764","2315","4.08","https://uploads8.wikiart.org/images/vincent-van-gogh/self-portrait-1887-7.jpg","1100_Self-Portrait_1764x2315.jpg","1259250"
"1101","Vincent van Gogh","vincent-van-gogh","Self-Portrait","1887","2201","2719","5.98","https://uploads8.wikiart.org/images/vincent-van-gogh/self-portrait-1887-8.jpg","1101_Self-Portrait_2201x2719.jpg","1932121"
"1102","Vincent van Gogh","vincent-van-gogh","Self-Portrait","1887","1758","2186","3.84","https://uploads8.wikiart.org/images/vincent-van-gogh/self-portrait-1887-9.jpg","1102_Self-Portrait_1758x2186.jpg","1123439"
"1103","Vincent van Gogh","vincent-van-gogh","Self-Portrait with a Japanese Print","1887","470","593","0.28","https://uploads1.wikiart.org/images/vincent-van-gogh/self-portrait-with-a-japanese-print-1887.jpg","1103_Self-Portrait_with_a_Japanese_Print_470x593.jpg","61167"
"1104","Vincent van Gogh","vincent-van-gogh","Self-Portrait with Gray Felt Hat","1887","1345","1854","2.49","https://uploads7.wikiart.org/images/vincent-van-gogh/self-portrait-with-gray-felt-hat-1887.jpg","1104_Self-Portrait_with_Gray_Felt_Hat_1345x1854.jpg","725778"
"1105","Vincent van Gogh","vincent-van-gogh","Self-Portrait with Pipe and Glass","1887","1325","1643","2.18","https://uploads8.wikiart.org/images/vincent-van-gogh/self-portrait-with-pipe-and-glass-1887.jpg","1105_Self-Portrait_with_Pipe_and_Glass_1325x1643.jpg","653806"
"1106","Vincent van Gogh","vincent-van-gogh","Self-Portrait with Straw Hat","1887","2019","2483","5.01","https://uploads3.wikiart.org/images/vincent-van-gogh/self-portrait-with-straw-hat-1887.jpg","1106_Self-Portrait_with_Straw_Hat_2019x2483.jpg","1459326"
"1107","Vincent van Gogh","vincent-van-gogh","Self-Portrait with Straw Hat","1887","1306","1857","2.43","https://uploads5.wikiart.org/images/vincent-van-gogh/self-portrait-with-straw-hat-1887-1.jpg","1107_Self-Portrait_with_Straw_Hat_1306x1857.jpg","795268"
"1108","Vincent van Gogh","vincent-van-gogh","Self-Portrait with Straw Hat","1887","1761","2320","4.09","https://uploads5.wikiart.org/images/vincent-van-gogh/self-portrait-with-straw-hat-1887-2.jpg","1108_Self-Portrait_with_Straw_Hat_1761x2320.jpg","1177427"
"1109","Vincent van Gogh","vincent-van-gogh","Self-Portrait with Straw Hat","1887","2759","3372","9.3","https://uploads0.wikiart.org/00213/images/vincent-van-gogh/antique-3840752.jpg","1109_Self-Portrait_with_Straw_Hat_2759x3372.jpg","1887208"
"1110","Vincent van Gogh","vincent-van-gogh","Self-Portrait with Straw Hat and Pipe","1887","1764","2348","4.14","https://uploads3.wikiart.org/images/vincent-van-gogh/self-portrait-with-straw-hat-and-pipe-1887.jpg","1110_Self-Portrait_with_Straw_Hat_and_Pipe_1764x2348.jpg","1220370"
"1111","Vincent van Gogh","vincent-van-gogh","Shed with Sunflowers","1887","1374","1824","2.51","https://uploads4.wikiart.org/images/vincent-van-gogh/shed-with-sunflowers-1887.jpg","1111_Shed_with_Sunflowers_1374x1824.jpg","764455"
"1112","Vincent van Gogh","vincent-van-gogh","Skull","1887","1320","1792","2.37","https://uploads2.wikiart.org/images/vincent-van-gogh/skull.jpg","1112_Skull_1320x1792.jpg","720072"
"1113","Vincent van Gogh","vincent-van-gogh","Skull","1887","1320","1795","2.37","https://uploads4.wikiart.org/images/vincent-van-gogh/skull-1.jpg","1113_Skull_1320x1795.jpg","734133"
"1114","Vincent van Gogh","vincent-van-gogh","Sorrowing Woman","1887","1046","1270","1.33","https://uploads8.wikiart.org/images/vincent-van-gogh/sorrowing-woman-1887.jpg","1114_Sorrowing_Woman_1046x1270.jpg","429378"
"1115","Vincent van Gogh","vincent-van-gogh","Standing Male and Seated Female Nudes","1887","1058","1466","1.55","https://uploads7.wikiart.org/images/vincent-van-gogh/standing-male-and-seated-female-nudes.jpg","1115_Standing_Male_and_Seated_Female_Nudes_1058x1466.jpg","491690"
"1116","Vincent van Gogh","vincent-van-gogh","Standing Male Nude","1887","615","1024","0.63","https://uploads2.wikiart.org/images/vincent-van-gogh/standing-male-nude-1887.jpg","1116_Standing_Male_Nude_615x1024.jpg","312577"
"1117","Vincent van Gogh","vincent-van-gogh","Still Life with a Basket of Crocuses","1887","1773","1364","2.42","https://uploads2.wikiart.org/images/vincent-van-gogh/still-life-with-a-basket-of-crocuses-1887.jpg","1117_Still_Life_with_a_Basket_of_Crocuses_1773x1364.jpg","746019"
"1118","Vincent van Gogh","vincent-van-gogh","Still Life with Apples","1887","1779","1270","2.26","https://uploads6.wikiart.org/images/vincent-van-gogh/still-life-with-apples-1887.jpg","1118_Still_Life_with_Apples_1779x1270.jpg","663809"
"1119","Vincent van Gogh","vincent-van-gogh","Still Life with Apples, Pears, Lemons and Grapes","1887","1216","1024","1.25","https://uploads3.wikiart.org/images/vincent-van-gogh/still-life-with-apples-pears-lemons-and-grapes-1887.jpg","1119_Still_Life_with_Apples,_Pears,_Lemons_an_1216x1024.jpg","782243"
"1120","Vincent van Gogh","vincent-van-gogh","Still Life with Basket of Apples","1887","2716","2304","6.26","https://uploads7.wikiart.org/images/vincent-van-gogh/still-life-with-basket-of-apples-1887.jpg","1120_Still_Life_with_Basket_of_Apples_2716x2304.jpg","2005544"
"1121","Vincent van Gogh","vincent-van-gogh","Still Life with Basket of Apples (to Lucien Pissarro)","1887","2727","2317","6.32","https://uploads8.wikiart.org/images/vincent-van-gogh/still-life-with-basket-of-apples-to-lucien-pissarro-1887.jpg","1121_Still_Life_with_Basket_of_Apples_(to_Luc_2727x2317.jpg","1908848"
"1122","Vincent van Gogh","vincent-van-gogh","Still Life with Bloaters and Garlic","1887","1144","938","1.07","https://uploads1.wikiart.org/images/vincent-van-gogh/still-life-with-bloaters-and-garlic-1887.jpg","1122_Still_Life_with_Bloaters_and_Garlic_1144x938.jpg","269581"
"1123","Vincent van Gogh","vincent-van-gogh","Still Life with Decanter and Lemons on a Plate","1887","932","1141","1.06","https://uploads3.wikiart.org/images/vincent-van-gogh/still-life-with-decanter-and-lemons-on-a-plate-1887.jpg","1123_Still_Life_with_Decanter_and_Lemons_on_a_932x1141.jpg","304344"
"1124","Vincent van Gogh","vincent-van-gogh","Still Life with Four Sunflowers","1887","2374","1441","3.42","https://uploads6.wikiart.org/images/vincent-van-gogh/still-life-with-four-sunflowers-1887.jpg","1124_Still_Life_with_Four_Sunflowers_2374x1441.jpg","569776"
"1125","Vincent van Gogh","vincent-van-gogh","Still Life with Grapes","1887","1768","1235","2.18","https://uploads6.wikiart.org/images/vincent-van-gogh/still-life-with-grapes-1887.jpg","1125_Still_Life_with_Grapes_1768x1235.jpg","714040"
"1126","Vincent van Gogh","vincent-van-gogh","Still Life with Grapes, Pears and Lemons","1887","1372","1018","1.4","https://uploads5.wikiart.org/images/vincent-van-gogh/still-life-with-grapes-pears-and-lemons-1887.jpg","1126_Still_Life_with_Grapes,_Pears_and_Lemons_1372x1018.jpg","404276"
"1127","Vincent van Gogh","vincent-van-gogh","Still life with grapes,pears and lemons","1887","1611","1297","2.09","https://uploads7.wikiart.org/images/vincent-van-gogh/still-life-with-grapes-pears-and-lemons-1887-1.jpg","1127_Still_life_with_grapes,pears_and_lemons_1611x1297.jpg","332782"
"1128","Vincent van Gogh","vincent-van-gogh","Still Life with Lemons on a Plate","1887","2720","2125","5.78","https://uploads8.wikiart.org/images/vincent-van-gogh/still-life-with-lemons-on-a-plate-1887.jpg","1128_Still_Life_with_Lemons_on_a_Plate_2720x2125.jpg","1672856"
"1129","Vincent van Gogh","vincent-van-gogh","Still Life with Plaster Statuette, a Rose and Two Novels","1887","998","1275","1.27","https://uploads3.wikiart.org/images/vincent-van-gogh/still-life-with-plaster-statuette-a-rose-and-two-novels-1887.jpg","1129_Still_Life_with_Plaster_Statuette,_a_Ros_998x1275.jpg","956174"
"1130","Vincent van Gogh","vincent-van-gogh","Still Life with Red Cabbages and Onions","1887","1765","1374","2.43","https://uploads5.wikiart.org/images/vincent-van-gogh/still-life-with-red-cabbages-and-onions-1887.jpg","1130_Still_Life_with_Red_Cabbages_and_Onions_1765x1374.jpg","736584"
"1131","Vincent van Gogh","vincent-van-gogh","Still Life with Three Books","1887","2005","1200","2.41","https://uploads2.wikiart.org/images/vincent-van-gogh/still-life-with-three-books-1887.jpg","1131_Still_Life_with_Three_Books_2005x1200.jpg","687523"
"1132","Vincent van Gogh","vincent-van-gogh","Still Life with Two Sunflowers","1887","1650","1385","2.29","https://uploads5.wikiart.org/images/vincent-van-gogh/still-life-with-two-sunflowers-1887.jpg","1132_Still_Life_with_Two_Sunflowers_1650x1385.jpg","471506"
"1133","Vincent van Gogh","vincent-van-gogh","Still Life with Two Sunflowers","1887","3748","2624","9.83","https://uploads1.wikiart.org/00220/images/vincent-van-gogh/antique-3937521.jpg","1133_Still_Life_with_Two_Sunflowers_3748x2624.jpg","5583923"
"1134","Vincent van Gogh","vincent-van-gogh","Still Life: Vase with Cornflowers and Poppies","1887","720","1024","0.74","https://uploads1.wikiart.org/images/vincent-van-gogh/still-life-vase-with-cornflowers-and-poppies-1887.jpg","1134_Still_Life_Vase_with_Cornflowers_and_Pop_720x1024.jpg","233945"
"1135","Vincent van Gogh","vincent-van-gogh","Strollers and Onlookers at a Place of Entertainment","1887","1666","1155","1.92","https://uploads8.wikiart.org/images/vincent-van-gogh/strollers-and-onlookers-at-a-place-of-entertainment-1887.jpg","1135_Strollers_and_Onlookers_at_a_Place_of_En_1666x1155.jpg","609558"
"1136","Vincent van Gogh","vincent-van-gogh","Study for Reclining Female Nude","1887","1696","1278","2.17","https://uploads6.wikiart.org/images/vincent-van-gogh/study-for-reclining-female-nude-1887.jpg","1136_Study_for_Reclining_Female_Nude_1696x1278.jpg","642043"
"1137","Vincent van Gogh","vincent-van-gogh","Study for Woman Sitting by a Cradle","1887","1346","1839","2.48","https://uploads1.wikiart.org/images/vincent-van-gogh/study-for-woman-sitting-by-a-cradle-1887.jpg","1137_Study_for_Woman_Sitting_by_a_Cradle_1346x1839.jpg","793565"
"1138","Vincent van Gogh","vincent-van-gogh","Suburbs of Paris","1887","630","411","0.26","https://uploads0.wikiart.org/images/vincent-van-gogh/suburbs-of-paris-1887.jpg","1138_Suburbs_of_Paris_630x411.jpg","36629"
"1139","Vincent van Gogh","vincent-van-gogh","Swift","1887","1967","1458","2.87","https://uploads7.wikiart.org/images/vincent-van-gogh/swift-1887.jpg","1139_Swift_1967x1458.jpg","892679"
"1140","Vincent van Gogh","vincent-van-gogh","The Allotments at Montmartre","1887","1658","880","1.46","https://uploads3.wikiart.org/images/vincent-van-gogh/the-allotments-at-montmartre-1887.jpg","1140_The_Allotments_at_Montmartre_1658x880.jpg","215246"
"1141","Vincent van Gogh","vincent-van-gogh","The Banks of the Seine","1887","2531","1734","4.39","https://uploads6.wikiart.org/images/vincent-van-gogh/the-banks-of-the-seine-1887.jpg","1141_The_Banks_of_the_Seine_2531x1734.jpg","5002201"
"1142","Vincent van Gogh","vincent-van-gogh","The Banks of the Seine with Boats","1887","1024","863","0.88","https://uploads8.wikiart.org/images/vincent-van-gogh/the-banks-of-the-seine-with-boats-1887.jpg","1142_The_Banks_of_the_Seine_with_Boats_1024x863.jpg","325497"
"1143","Vincent van Gogh","vincent-van-gogh","The Boulevard de Clichy","1887","2212","1620","3.58","https://uploads7.wikiart.org/images/vincent-van-gogh/the-boulevard-de-clichy-1887.jpg","1143_The_Boulevard_de_Clichy_2212x1620.jpg","1091014"
"1144","Vincent van Gogh","vincent-van-gogh","The Brothel","1887","1560","1295","2.02","https://uploads4.wikiart.org/images/vincent-van-gogh/the-brothel-1887.jpg","1144_The_Brothel_1560x1295.jpg","612662"
"1145","Vincent van Gogh","vincent-van-gogh","The Factory at Asnieres","1887","950","768","0.73","https://uploads7.wikiart.org/images/vincent-van-gogh/the-factory-at-asnieres-1887.jpg","1145_The_Factory_at_Asnieres_950x768.jpg","106490"
"1146","Vincent van Gogh","vincent-van-gogh","The Garden with Sunflower","1887","1724","2319","4","https://uploads0.wikiart.org/images/vincent-van-gogh/the-garden-with-sunflower-1887.jpg","1146_The_Garden_with_Sunflower_1724x2319.jpg","1873443"
"1147","Vincent van Gogh","vincent-van-gogh","The Restaurant de la Sirene at Asnieres","1887","1280","1019","1.3","https://uploads5.wikiart.org/images/vincent-van-gogh/the-restaurant-de-la-sirene-at-asnieres-1887.jpg","1147_The_Restaurant_de_la_Sirene_at_Asnieres_1280x1019.jpg","349648"
"1148","Vincent van Gogh","vincent-van-gogh","The Rispal Restaurant at Asnieres","1887","1776","2191","3.89","https://uploads8.wikiart.org/images/vincent-van-gogh/the-rispal-restaurant-at-asnieres-1887.jpg","1148_The_Rispal_Restaurant_at_Asnieres_1776x2191.jpg","1228469"
"1149","Vincent van Gogh","vincent-van-gogh","The Seine Bridge at Asnieres","1887","1746","1302","2.27","https://uploads3.wikiart.org/images/vincent-van-gogh/the-seine-bridge-at-asnieres-1887.jpg","1149_The_Seine_Bridge_at_Asnieres_1746x1302.jpg","1508043"
"1150","Vincent van Gogh","vincent-van-gogh","The Seine with a Rowing Boat","1887","1024","870","0.89","https://uploads3.wikiart.org/images/vincent-van-gogh/the-seine-with-a-rowing-boat-1887.jpg","1150_The_Seine_with_a_Rowing_Boat_1024x870.jpg","328704"
"1151","Vincent van Gogh","vincent-van-gogh","The Seine with the Pont de Clichy","1887","1003","1024","1.03","https://uploads8.wikiart.org/images/vincent-van-gogh/the-seine-with-the-pont-de-clichy-1887.jpg","1151_The_Seine_with_the_Pont_de_Clichy_1003x1024.jpg","244270"
"1152","Vincent van Gogh","vincent-van-gogh","The Seine with the Pont de Clichy","1887","856","1028","0.88","https://uploads1.wikiart.org/images/vincent-van-gogh/the-seine-with-the-pont-de-clichy-1887-1.jpg","1152_The_Seine_with_the_Pont_de_Clichy_856x1028.jpg","265169"
"1153","Vincent van Gogh","vincent-van-gogh","The Seine with the Pont de la Grande Jette","1887","2556","2062","5.27","https://uploads8.wikiart.org/images/vincent-van-gogh/the-seine-with-the-pont-de-la-grande-jette-1887.jpg","1153_The_Seine_with_the_Pont_de_la_Grande_Jet_2556x2062.jpg","5554593"
"1154","Vincent van Gogh","vincent-van-gogh","The Voyer d'Argenson Park in Asnieres","1887","1280","866","1.11","https://uploads3.wikiart.org/images/vincent-van-gogh/the-voyer-d-argenson-park-in-asnieres-1887.jpg","1154_The_Voyer_d'Argenson_Park_in_Asnieres_1280x866.jpg","1910313"
"1155","Vincent van Gogh","vincent-van-gogh","Torso of Venus","1887","1370","1756","2.41","https://uploads7.wikiart.org/images/vincent-van-gogh/torso-of-venus-1887.jpg","1155_Torso_of_Venus_1370x1756.jpg","769335"
"1156","Vincent van Gogh","vincent-van-gogh","Torso of Venus","1887","1396","1852","2.59","https://uploads0.wikiart.org/images/vincent-van-gogh/torso-of-venus-1887-1.jpg","1156_Torso_of_Venus_1396x1852.jpg","764602"
"1157","Vincent van Gogh","vincent-van-gogh","Torso of Venus","1887","1401","1819","2.55","https://uploads0.wikiart.org/images/vincent-van-gogh/torso-of-venus-1887-2.jpg","1157_Torso_of_Venus_1401x1819.jpg","756444"
"1158","Vincent van Gogh","vincent-van-gogh","Torso of Venus","1887","1086","1671","1.81","https://uploads0.wikiart.org/images/vincent-van-gogh/torso-of-venus-1887-3.jpg","1158_Torso_of_Venus_1086x1671.jpg","566021"
"1159","Vincent van Gogh","vincent-van-gogh","Torso of Venus","1887","1320","2089","2.76","https://uploads0.wikiart.org/images/vincent-van-gogh/torso-of-venus-1887-4.jpg","1159_Torso_of_Venus_1320x2089.jpg","876341"
"1160","Vincent van Gogh","vincent-van-gogh","Torso of Venus and a Landscape","1887","1369","1838","2.52","https://uploads5.wikiart.org/images/vincent-van-gogh/torso-of-venus-and-a-landscape-1887.jpg","1160_Torso_of_Venus_and_a_Landscape_1369x1838.jpg","751116"
"1161","Vincent van Gogh","vincent-van-gogh","Trees and Undergrowth","1887","1234","1024","1.26","https://uploads5.wikiart.org/images/vincent-van-gogh/trees-and-undergrowth-1887.jpg","1161_Trees_and_Undergrowth_1234x1024.jpg","908245"
"1162","Vincent van Gogh","vincent-van-gogh","Trees and Undergrowth","1887","2203","2716","5.98","https://uploads7.wikiart.org/images/vincent-van-gogh/trees-and-undergrowth-1887-1.jpg","1162_Trees_and_Undergrowth_2203x2716.jpg","1986731"
"1163","Vincent van Gogh","vincent-van-gogh","Trees in a Field on a Sunny Day","1887","2543","2079","5.29","https://uploads6.wikiart.org/images/vincent-van-gogh/trees-in-a-field-on-a-sunny-day-1887.jpg","1163_Trees_in_a_Field_on_a_Sunny_Day_2543x2079.jpg","4574146"
"1164","Vincent van Gogh","vincent-van-gogh","Two Cut Sunflowers","1887","2731","2111","5.77","https://uploads2.wikiart.org/images/vincent-van-gogh/two-cut-sunflowers-1887.jpg","1164_Two_Cut_Sunflowers_2731x2111.jpg","1813339"
"1165","Vincent van Gogh","vincent-van-gogh","Undergrowth","1887","1767","2116","3.74","https://uploads4.wikiart.org/images/vincent-van-gogh/undergrowth-1887.jpg","1165_Undergrowth_1767x2116.jpg","1138643"
"1166","Vincent van Gogh","vincent-van-gogh","Undergrowth","1887","1280","904","1.16","https://uploads6.wikiart.org/images/vincent-van-gogh/undergrowth-1887-1.jpg","1166_Undergrowth_1280x904.jpg","705448"
"1167","Vincent van Gogh","vincent-van-gogh","Vase with Daisies","1887","1024","746","0.76","https://uploads1.wikiart.org/images/vincent-van-gogh/vase-with-daisies-1887.jpg","1167_Vase_with_Daisies_1024x746.jpg","280765"
"1168","Vincent van Gogh","vincent-van-gogh","Vase with Daisies and Anemones","1887","1810","2723","4.93","https://uploads5.wikiart.org/images/vincent-van-gogh/vase-with-daisies-and-anemones-1887.jpg","1168_Vase_with_Daisies_and_Anemones_1810x2723.jpg","1492256"
"1169","Vincent van Gogh","vincent-van-gogh","Vase with Flowers, Coffeepot and Fruit","1887","1764","1860","3.28","https://uploads3.wikiart.org/images/vincent-van-gogh/vase-with-flowers-coffeepot-and-fruit-1887.jpg","1169_Vase_with_Flowers,_Coffeepot_and_Fruit_1764x1860.jpg","996388"
"1170","Vincent van Gogh","vincent-van-gogh","Vase with Lilacs, Daisies and Anemones","1887","2245","2713","6.09","https://uploads3.wikiart.org/images/vincent-van-gogh/vase-with-lilacs-daisies-and-anemones-1887.jpg","1170_Vase_with_Lilacs,_Daisies_and_Anemones_2245x2713.jpg","1938775"
"1171","Vincent van Gogh","vincent-van-gogh","Vase with White and Red Carnations","1887","816","1024","0.84","https://uploads0.wikiart.org/images/vincent-van-gogh/vase-with-white-and-red-carnations-1887.jpg","1171_Vase_with_White_and_Red_Carnations_816x1024.jpg","314349"
"1172","Vincent van Gogh","vincent-van-gogh","Vegetable Gardens in Montmartre","1887","1868","1513","2.83","https://uploads6.wikiart.org/images/vincent-van-gogh/vegetable-gardens-in-montmartre-1887.jpg","1172_Vegetable_Gardens_in_Montmartre_1868x1513.jpg","483396"
"1173","Vincent van Gogh","vincent-van-gogh","Vegetable Gardens in Montmartre","1887","1280","696","0.89","https://uploads8.wikiart.org/images/vincent-van-gogh/vegetable-gardens-in-montmartre-1887-1.jpg","1173_Vegetable_Gardens_in_Montmartre_1280x696.jpg","241694"
"1174","Vincent van Gogh","vincent-van-gogh","Vegetable Gardens in Montmartre","1887","1280","975","1.25","https://uploads8.wikiart.org/images/vincent-van-gogh/vegetable-gardens-in-montmartre-1887-2.jpg","1174_Vegetable_Gardens_in_Montmartre_1280x975.jpg","2058501"
"1175","Vincent van Gogh","vincent-van-gogh","Venus","1887","1899","2529","4.8","https://uploads2.wikiart.org/images/vincent-van-gogh/venus.jpg","1175_Venus_1899x2529.jpg","1569167"
"1176","Vincent van Gogh","vincent-van-gogh","Venus","1887","1328","2077","2.76","https://uploads4.wikiart.org/images/vincent-van-gogh/venus-1.jpg","1176_Venus_1328x2077.jpg","859412"
"1177","Vincent van Gogh","vincent-van-gogh","Venus in a Top Hat","1887","791","1569","1.24","https://uploads6.wikiart.org/images/vincent-van-gogh/venus-in-a-top-hat.jpg","1177_Venus_in_a_Top_Hat_791x1569.jpg","370523"
"1178","Vincent van Gogh","vincent-van-gogh","View from the Apartment in the Rue Lepic","1887","2291","1689","3.87","https://uploads6.wikiart.org/images/vincent-van-gogh/view-from-the-apartment-in-the-rue-lepic-1887.jpg","1178_View_from_the_Apartment_in_the_Rue_Lepic_2291x1689.jpg","1236406"
"1179","Vincent van Gogh","vincent-van-gogh","View from Vincent's room in the Rue Lepic","1887","1753","2174","3.81","https://uploads7.wikiart.org/images/vincent-van-gogh/view-from-vincent-s-room-in-the-rue-lepic-1887.jpg","1179_View_from_Vincent's_room_in_the_Rue_Lepi_1753x2174.jpg","1172334"
"1180","Vincent van Gogh","vincent-van-gogh","View of Paris from Vincent's Room in the Rue Lepic","1887","1576","1891","2.98","https://uploads7.wikiart.org/images/vincent-van-gogh/view-of-paris-from-vincent-s-room-in-the-rue-lepic-1887.jpg","1180_View_of_Paris_from_Vincent's_Room_in_the_1576x1891.jpg","1262753"
"1181","Vincent van Gogh","vincent-van-gogh","Violinist Seen from the Back","1887","1325","1799","2.38","https://uploads3.wikiart.org/images/vincent-van-gogh/violinist-seen-from-the-back-1887.jpg","1181_Violinist_Seen_from_the_Back_1325x1799.jpg","698898"
"1182","Vincent van Gogh","vincent-van-gogh","Violinist Seen from the Front","1887","1949","1428","2.78","https://uploads4.wikiart.org/images/vincent-van-gogh/violinist-seen-from-the-front-1887.jpg","1182_Violinist_Seen_from_the_Front_1949x1428.jpg","853929"
"1183","Vincent van Gogh","vincent-van-gogh","Walk Along the Banks of the Seine Near Asnieres","1887","1776","1316","2.34","https://uploads4.wikiart.org/images/vincent-van-gogh/walk-along-the-banks-of-the-seine-near-asnieres-1887.jpg","1183_Walk_Along_the_Banks_of_the_Seine_Near_A_1776x1316.jpg","745360"
"1184","Vincent van Gogh","vincent-van-gogh","Wheat Field with a Lark","1887","2760","2280","6.29","https://uploads1.wikiart.org/images/vincent-van-gogh/wheat-field-with-a-lark-1887(1).jpg","1184_Wheat_Field_with_a_Lark_2760x2280.jpg","6663663"
"1185","Vincent van Gogh","vincent-van-gogh","Window in the Bataille Restaurant","1887","1951","2634","5.14","https://uploads8.wikiart.org/images/vincent-van-gogh/window-in-the-bataille-restaurant-1887.jpg","1185_Window_in_the_Bataille_Restaurant_1951x2634.jpg","1505676"
"1186","Vincent van Gogh","vincent-van-gogh","Woman in the 'Cafe Tambourin'","1887","862","1136","0.98","https://uploads2.wikiart.org/images/vincent-van-gogh/woman-in-the-cafe-tambourin-1887.jpg","1186_Woman_in_the_'Cafe_Tambourin'_862x1136.jpg","312052"
"1187","Vincent van Gogh","vincent-van-gogh","Woman Pianist and a Violinist","1887","1698","1114","1.89","https://uploads4.wikiart.org/images/vincent-van-gogh/woman-pianist-and-a-violinist-1887.jpg","1187_Woman_Pianist_and_a_Violinist_1698x1114.jpg","616928"
"1188","Vincent van Gogh","vincent-van-gogh","Woman Sitting by a Cradle","1887","2076","2698","5.6","https://uploads0.wikiart.org/images/vincent-van-gogh/woman-sitting-by-a-cradle-1887.jpg","1188_Woman_Sitting_by_a_Cradle_2076x2698.jpg","1693588"
"1189","Vincent van Gogh","vincent-van-gogh","Woman Sitting in the Grass","1887","1354","1664","2.25","https://uploads1.wikiart.org/images/vincent-van-gogh/woman-sitting-in-the-grass-1887.jpg","1189_Woman_Sitting_in_the_Grass_1354x1664.jpg","742536"
"1190","Vincent van Gogh","vincent-van-gogh","Young Slave","1887","1393","1815","2.53","https://uploads4.wikiart.org/images/vincent-van-gogh/young-slave-1887.jpg","1190_Young_Slave_1393x1815.jpg","797933"
"1191","Vincent van Gogh","vincent-van-gogh","Way in the Voyer d'Argenson Park in Asnieres","1887","1280","991","1.27","https://uploads1.wikiart.org/images/vincent-van-gogh/way-in-the-voyer-d-argenson-park-in-asnieres-1887.jpg","1191_Way_in_the_Voyer_d'Argenson_Park_in_Asni_1280x991.jpg","331168"
"1192","Vincent van Gogh","vincent-van-gogh","A Woman s Legs","1887","1024","520","0.53","https://uploads5.wikiart.org/images/vincent-van-gogh/a-woman-s-legs(1).jpg","1192_A_Woman_s_Legs_1024x520.jpg","78674"
"1193","Vincent van Gogh","vincent-van-gogh","Apartment Blocks and Miscellaneous Studies","1887","2279","1425","3.25","https://uploads6.wikiart.org/images/vincent-van-gogh/apartment-blocks-and-miscellaneous-studies(1).jpg","1193_Apartment_Blocks_and_Miscellaneous_Studi_2279x1425.jpg","1078158"
"1194","Vincent van Gogh","vincent-van-gogh","A Fishing Boat at Sea","1888","1024","771","0.79","https://uploads8.wikiart.org/images/vincent-van-gogh/a-fishing-boat-at-sea-1888(1).jpg","1194_A_Fishing_Boat_at_Sea_1024x771.jpg","333423"
"1195","Vincent van Gogh","vincent-van-gogh","A Fishing Boat at Sea","1888","1024","787","0.81","https://uploads1.wikiart.org/images/vincent-van-gogh/a-fishing-boat-at-sea-1888-1(1).jpg","1195_A_Fishing_Boat_at_Sea_1024x787.jpg","290692"
"1196","Vincent van Gogh","vincent-van-gogh","A Fishing Boat at Sea","1888","1024","786","0.8","https://uploads1.wikiart.org/images/vincent-van-gogh/a-fishing-boat-at-sea-1888-2(1).jpg","1196_A_Fishing_Boat_at_Sea_1024x786.jpg","381129"
"1197","Vincent van Gogh","vincent-van-gogh","A Fishing Boat at Sea","1888","1024","794","0.81","https://uploads1.wikiart.org/images/vincent-van-gogh/a-fishing-boat-at-sea-1888-3(1).jpg","1197_A_Fishing_Boat_at_Sea_1024x794.jpg","340116"
"1198","Vincent van Gogh","vincent-van-gogh","A Lane in the Public Garden with Benches","1888","1024","786","0.8","https://uploads0.wikiart.org/images/vincent-van-gogh/a-lane-in-the-public-garden-with-benches-1888(1).jpg","1198_A_Lane_in_the_Public_Garden_with_Benches_1024x786.jpg","331216"
"1199","Vincent van Gogh","vincent-van-gogh","A Lane near Arles","1888","2242","2725","6.11","https://uploads4.wikiart.org/images/vincent-van-gogh/a-lane-near-arles-1888(1).jpg","1199_A_Lane_near_Arles_2242x2725.jpg","1826474"
"1200","Vincent van Gogh","vincent-van-gogh","A Lane of Cypresses with a Couple Walking","1888","1024","878","0.9","https://uploads1.wikiart.org/images/vincent-van-gogh/a-lane-of-cypresses-with-a-couple-walking-1888(1).jpg","1200_A_Lane_of_Cypresses_with_a_Couple_Walkin_1024x878.jpg","337153"
"1201","Vincent van Gogh","vincent-van-gogh","La mousme","1888","1916","2372","4.54","https://uploads4.wikiart.org/images/vincent-van-gogh/a-mousme-1888(1).jpg","1201_La_mousme_1916x2372.jpg","480618"
"1202","Vincent van Gogh","vincent-van-gogh","A mousmé, half-Figure","1888","772","1024","0.79","https://uploads7.wikiart.org/images/vincent-van-gogh/a-mousmé-half-figure-1888(1).jpg","1202_A_mousmé,_half-Figure_772x1024.jpg","275626"
"1203","Vincent van Gogh","vincent-van-gogh","A mousmé, sitting","1888","726","1024","0.74","https://uploads3.wikiart.org/images/vincent-van-gogh/a-mousmé-sitting-1888(1).jpg","1203_A_mousmé,_sitting_726x1024.jpg","220082"
"1204","Vincent van Gogh","vincent-van-gogh","A mousmé, sitting","1888","1516","1968","2.98","https://uploads5.wikiart.org/images/vincent-van-gogh/a-mousmé-sitting-1888-1(1).jpg","1204_A_mousmé,_sitting_1516x1968.jpg","2360859"
"1205","Vincent van Gogh","vincent-van-gogh","A Pair of Leather Clogs","1888","2730","2190","5.98","https://uploads1.wikiart.org/images/vincent-van-gogh/a-pair-of-leather-clogs-1888(1).jpg","1205_A_Pair_of_Leather_Clogs_2730x2190.jpg","1348447"
"1206","Vincent van Gogh","vincent-van-gogh","Two Lovers, Arles (Fragment)","1888","410","595","0.24","https://uploads0.wikiart.org/images/vincent-van-gogh/a-pair-of-lovers-arles-1888(1).jpg","1206_Two_Lovers,_Arles_(Fragment)_410x595.jpg","36291"
"1207","Vincent van Gogh","vincent-van-gogh","A Pair of Shoes","1888","1505","1251","1.88","https://uploads2.wikiart.org/images/vincent-van-gogh/a-pair-of-shoes-1888(1).jpg","1207_A_Pair_of_Shoes_1505x1251.jpg","584357"
"1208","Vincent van Gogh","vincent-van-gogh","A Pork-Butcher's Shop Seen from a Window","1888","1770","2179","3.86","https://uploads0.wikiart.org/images/vincent-van-gogh/a-pork-butcher-s-shop-seen-from-a-window-1888(1).jpg","1208_A_Pork-Butcher's_Shop_Seen_from_a_Window_1770x2179.jpg","1158793"
"1209","Vincent van Gogh","vincent-van-gogh","Almond Tree in Blossom","1888","1697","2320","3.94","https://uploads0.wikiart.org/images/vincent-van-gogh/almond-tree-in-blossom-1888(1).jpg","1209_Almond_Tree_in_Blossom_1697x2320.jpg","711820"
"1210","Vincent van Gogh","vincent-van-gogh","Alychamps","1888","1409","1785","2.52","https://uploads5.wikiart.org/images/vincent-van-gogh/alychamps-1888(1).jpg","1210_Alychamps_1409x1785.jpg","844414"
"1211","Vincent van Gogh","vincent-van-gogh","Alychamps, Autumn","1888","1624","1270","2.06","https://uploads3.wikiart.org/images/vincent-van-gogh/alychamps-autumn-1888(1).jpg","1211_Alychamps,_Autumn_1624x1270.jpg","781546"
"1212","Vincent van Gogh","vincent-van-gogh","An Old Woman of Arles","1888","750","1045","0.78","https://uploads8.wikiart.org/images/vincent-van-gogh/an-old-woman-of-arles-1888(1).jpg","1212_An_Old_Woman_of_Arles_750x1045.jpg","161894"
"1213","Vincent van Gogh","vincent-van-gogh","Apricot Trees in Blossom","1888","2340","1921","4.5","https://uploads2.wikiart.org/images/vincent-van-gogh/apricot-trees-in-blossom-1888(1).jpg","1213_Apricot_Trees_in_Blossom_2340x1921.jpg","1310461"
"1214","Vincent van Gogh","vincent-van-gogh","Arles View from the Wheat Fields","1888","2253","2725","6.14","https://uploads1.wikiart.org/images/vincent-van-gogh/arles-view-from-the-wheat-fields-1888(1).jpg","1214_Arles_View_from_the_Wheat_Fields_2253x2725.jpg","1881049"
"1215","Vincent van Gogh","vincent-van-gogh","Avenue in the Park","1888","1280","1023","1.31","https://uploads5.wikiart.org/images/vincent-van-gogh/avenue-in-the-park-1888(1).jpg","1215_Avenue_in_the_Park_1280x1023.jpg","2169812"
"1216","Vincent van Gogh","vincent-van-gogh","Avenue of Plane Trees near Arles Station","1888","1139","1007","1.15","https://uploads0.wikiart.org/images/vincent-van-gogh/avenue-of-plane-trees-near-arles-station-1888(1).jpg","1216_Avenue_of_Plane_Trees_near_Arles_Station_1139x1007.jpg","487827"
"1217","Vincent van Gogh","vincent-van-gogh","Bank of the Rhone at Arles","1888","2505","1605","4.02","https://uploads4.wikiart.org/images/vincent-van-gogh/bank-of-the-rhone-at-arles-1888(1).jpg","1217_Bank_of_the_Rhone_at_Arles_2505x1605.jpg","3153296"
"1218","Vincent van Gogh","vincent-van-gogh","Beach, Sea, and Fishing Boats","1888","1024","574","0.59","https://uploads5.wikiart.org/images/vincent-van-gogh/beach-sea-and-fishing-boats-1888(1).jpg","1218_Beach,_Sea,_and_Fishing_Boats_1024x574.jpg","197255"
"1219","Vincent van Gogh","vincent-van-gogh","Blossoming Almond Branch in a Glass","1888","1494","1908","2.85","https://uploads4.wikiart.org/images/vincent-van-gogh/blossoming-almond-branch-in-a-glass-1888(1).jpg","1219_Blossoming_Almond_Branch_in_a_Glass_1494x1908.jpg","867316"
"1220","Vincent van Gogh","vincent-van-gogh","Blossoming Almond Branch in a Glass with a Book","1888","807","1024","0.83","https://uploads7.wikiart.org/images/vincent-van-gogh/blossoming-almond-branch-in-a-glass-with-a-book-1888(1).jpg","1220_Blossoming_Almond_Branch_in_a_Glass_with_807x1024.jpg","317452"
"1221","Vincent van Gogh","vincent-van-gogh","Breton Women","1888","1628","1252","2.04","https://uploads8.wikiart.org/images/vincent-van-gogh/breton-women-1888(1).jpg","1221_Breton_Women_1628x1252.jpg","652605"
"1222","Vincent van Gogh","vincent-van-gogh","Bush in the Park at Arles","1888","1280","998","1.28","https://uploads3.wikiart.org/images/vincent-van-gogh/bush-in-the-park-at-arles-1888(1).jpg","1222_Bush_in_the_Park_at_Arles_1280x998.jpg","677915"
"1223","Vincent van Gogh","vincent-van-gogh","Café Terrace at Night (Place du Forum, Arles)","1888","1761","2235","3.94","https://uploads2.wikiart.org/images/vincent-van-gogh/cafe-terrace-place-du-forum-arles-1888(1).jpg","1223_Café_Terrace_at_Night_(Place_du_Forum,_A_1761x2235.jpg","657271"
"1224","Vincent van Gogh","vincent-van-gogh","Canal with Bridge and Women Washing","1888","1024","761","0.78","https://uploads4.wikiart.org/images/vincent-van-gogh/canal-with-bridge-and-women-washing-1888(1).jpg","1224_Canal_with_Bridge_and_Women_Washing_1024x761.jpg","287054"
"1225","Vincent van Gogh","vincent-van-gogh","Coal Barges","1888","1276","1024","1.31","https://uploads7.wikiart.org/images/vincent-van-gogh/coal-barges-1888(1).jpg","1225_Coal_Barges_1276x1024.jpg","1951669"
"1226","Vincent van Gogh","vincent-van-gogh","Coal Barges","1888","1206","1024","1.23","https://uploads0.wikiart.org/images/vincent-van-gogh/coal-barges-1888-1(1).jpg","1226_Coal_Barges_1206x1024.jpg","473318"
"1227","Vincent van Gogh","vincent-van-gogh","Cottages in Saintes-Maries","1888","1024","600","0.61","https://uploads4.wikiart.org/images/vincent-van-gogh/cottages-in-saintes-maries-1888(1).jpg","1227_Cottages_in_Saintes-Maries_1024x600.jpg","267152"
"1228","Vincent van Gogh","vincent-van-gogh","Drawbridge with Lady with Parasol","1888","1024","780","0.8","https://uploads2.wikiart.org/images/vincent-van-gogh/drawbridge-with-lady-with-parasol-1888(1).jpg","1228_Drawbridge_with_Lady_with_Parasol_1024x780.jpg","318169"
"1229","Vincent van Gogh","vincent-van-gogh","Drawbridge with Walking Couple","1888","1024","769","0.79","https://uploads8.wikiart.org/images/vincent-van-gogh/drawbridge-with-walking-couple-1888(1).jpg","1229_Drawbridge_with_Walking_Couple_1024x769.jpg","377318"
"1230","Vincent van Gogh","vincent-van-gogh","Encampment of Gypsies with Caravans","1888","1065","953","1.01","https://uploads4.wikiart.org/images/vincent-van-gogh/encampment-of-gypsies-with-caravans-1888(1).jpg","1230_Encampment_of_Gypsies_with_Caravans_1065x953.jpg","535020"
"1231","Vincent van Gogh","vincent-van-gogh","Entrance Gate to a Farm with Haystacks","1888","1024","782","0.8","https://uploads7.wikiart.org/images/vincent-van-gogh/entrance-gate-to-a-farm-with-haystacks-1888(1).jpg","1231_Entrance_Gate_to_a_Farm_with_Haystacks_1024x782.jpg","392878"
"1232","Vincent van Gogh","vincent-van-gogh","Entrance to the Public Garden in Arles","1888","1277","1024","1.31","https://uploads7.wikiart.org/images/vincent-van-gogh/entrance-to-the-public-garden-in-arles-1888(1).jpg","1232_Entrance_to_the_Public_Garden_in_Arles_1277x1024.jpg","384105"
"1233","Vincent van Gogh","vincent-van-gogh","Farmer with straw hat","1888","1749","2343","4.1","https://uploads8.wikiart.org/images/vincent-van-gogh/farmer-with-straw-hat-1888(1).jpg","1233_Farmer_with_straw_hat_1749x2343.jpg","1190833"
"1234","Vincent van Gogh","vincent-van-gogh","Farmers Working in the Field","1888","2550","1869","4.77","https://uploads6.wikiart.org/images/vincent-van-gogh/farmers-working-in-the-field-1888(1).jpg","1234_Farmers_Working_in_the_Field_2550x1869.jpg","3607072"
"1235","Vincent van Gogh","vincent-van-gogh","Farmhouse in a Wheat Field","1888","2024","1484","3","https://uploads4.wikiart.org/images/vincent-van-gogh/farmhouse-in-a-wheat-field-1888(1).jpg","1235_Farmhouse_in_a_Wheat_Field_2024x1484.jpg","418309"
"1236","Vincent van Gogh","vincent-van-gogh","Farmhouse in a Wheat Field","1888","1145","1025","1.17","https://uploads6.wikiart.org/images/vincent-van-gogh/farmhouse-in-a-wheat-field-1888-1(1).jpg","1236_Farmhouse_in_a_Wheat_Field_1145x1025.jpg","372916"
"1237","Vincent van Gogh","vincent-van-gogh","Farmhouse in Provence","1888","2349","1756","4.12","https://uploads8.wikiart.org/images/vincent-van-gogh/farmhouse-in-provence-1888(1).jpg","1237_Farmhouse_in_Provence_2349x1756.jpg","1256827"
"1238","Vincent van Gogh","vincent-van-gogh","Farmhouse with Wheat Field along a Road and Field with Flowers","1888","663","1024","0.68","https://uploads4.wikiart.org/images/vincent-van-gogh/farmhouse-with-wheat-field-along-a-road-and-field-with-flowers-1888(1).jpg","1238_Farmhouse_with_Wheat_Field_along_a_Road_663x1024.jpg","296762"
"1239","Vincent van Gogh","vincent-van-gogh","Farmhouses in a Wheat Field Near Arles","1888","1515","1013","1.53","https://uploads7.wikiart.org/images/vincent-van-gogh/farmhouses-in-a-wheat-field-near-arles-1888(1).jpg","1239_Farmhouses_in_a_Wheat_Field_Near_Arles_1515x1013.jpg","473264"
"1240","Vincent van Gogh","vincent-van-gogh","Field with Factory","1888","1024","758","0.78","https://uploads5.wikiart.org/images/vincent-van-gogh/field-with-factory-1888(1).jpg","1240_Field_with_Factory_1024x758.jpg","236156"
"1241","Vincent van Gogh","vincent-van-gogh","Field with Flowers","1888","2987","2439","7.29","https://uploads5.wikiart.org/images/vincent-van-gogh/field-with-flowers-1888(1).jpg","1241_Field_with_Flowers_2987x2439.jpg","5714389"
"1242","Vincent van Gogh","vincent-van-gogh","Field with Houses under a Sky with Sun Disk","1888","1024","739","0.76","https://uploads3.wikiart.org/images/vincent-van-gogh/field-with-houses-under-a-sky-with-sun-disk-1888(1).jpg","1242_Field_with_Houses_under_a_Sky_with_Sun_D_1024x739.jpg","321194"
"1243","Vincent van Gogh","vincent-van-gogh","Fishing Boats at Sea","1888","1024","696","0.71","https://uploads7.wikiart.org/images/vincent-van-gogh/fishing-boats-at-sea-1888(1).jpg","1243_Fishing_Boats_at_Sea_1024x696.jpg","308198"
"1244","Vincent van Gogh","vincent-van-gogh","Fishing Boats at Sea","1888","1922","1590","3.06","https://uploads0.wikiart.org/images/vincent-van-gogh/fishing-boats-at-sea-1888-1(1).jpg","1244_Fishing_Boats_at_Sea_1922x1590.jpg","548637"
"1245","Vincent van Gogh","vincent-van-gogh","Fishing Boats on the Beach","1888","1024","501","0.51","https://uploads4.wikiart.org/images/vincent-van-gogh/fishing-boats-on-the-beach-1888(1).jpg","1245_Fishing_Boats_on_the_Beach_1024x501.jpg","272778"
"1246","Vincent van Gogh","vincent-van-gogh","Fishing boats on the Beach at Les Saintes-Maries-de-la-Mer","1888","1898","1002","1.9","https://uploads0.wikiart.org/00197/images/vincent-van-gogh/preuzmi.png","1246_Fishing_boats_on_the_Beach_at_Les_Sainte_1898x1002.png","4355695"
"1247","Vincent van Gogh","vincent-van-gogh","Fishing boats on the Beach at Les Saintes-Maries-de-la-Mer","1888","1066","797","0.85","https://uploads2.wikiart.org/images/vincent-van-gogh/fishing-boats-on-the-beach-at-les-saintes-maries-de-la-mer-1888-1(1).jpg","1247_Fishing_boats_on_the_Beach_at_Les_Sainte_1066x797.jpg","462406"
"1248","Vincent van Gogh","vincent-van-gogh","Fishing Boats on the Beach at Saintes-Maries-de-la-Mer","1888","1024","756","0.77","https://uploads5.wikiart.org/images/vincent-van-gogh/fishing-boats-on-the-beach-at-saintes-maries-de-la-mer-1888(1).jpg","1248_Fishing_Boats_on_the_Beach_at_Saintes-Ma_1024x756.jpg","270260"
"1249","Vincent van Gogh","vincent-van-gogh","Flowering Garden","1888","1001","1280","1.28","https://uploads3.wikiart.org/images/vincent-van-gogh/flowering-garden-1888(1).jpg","1249_Flowering_Garden_1001x1280.jpg","780725"
"1250","Vincent van Gogh","vincent-van-gogh","Garden Behind a House","1888","2198","2704","5.94","https://uploads8.wikiart.org/images/vincent-van-gogh/garden-behind-a-house-1888(1).jpg","1250_Garden_Behind_a_House_2198x2704.jpg","1850409"
"1251","Vincent van Gogh","vincent-van-gogh","Garden with Flowers","1888","1024","770","0.79","https://uploads6.wikiart.org/images/vincent-van-gogh/garden-with-flowers-1888(1).jpg","1251_Garden_with_Flowers_1024x770.jpg","367270"
"1252","Vincent van Gogh","vincent-van-gogh","Garden with Flowers","1888","1796","1434","2.58","https://uploads8.wikiart.org/images/vincent-van-gogh/garden-with-flowers-1888-1(1).jpg","1252_Garden_with_Flowers_1796x1434.jpg","480595"
"1253","Vincent van Gogh","vincent-van-gogh","Garden with Flowers","1888","1062","859","0.91","https://uploads8.wikiart.org/images/vincent-van-gogh/garden-with-flowers-1888-2(1).jpg","1253_Garden_with_Flowers_1062x859.jpg","705474"
"1254","Vincent van Gogh","vincent-van-gogh","Garden with Weeping Willow","1888","1217","1024","1.25","https://uploads4.wikiart.org/images/vincent-van-gogh/garden-with-weeping-willow-1888(1).jpg","1254_Garden_with_Weeping_Willow_1217x1024.jpg","1660104"
"1255","Vincent van Gogh","vincent-van-gogh","Girl with Ruffled Hair (The Mudlark)","1888","698","1024","0.71","https://uploads3.wikiart.org/images/vincent-van-gogh/girl-with-ruffled-hair-the-mudlark-1888(1).jpg","1255_Girl_with_Ruffled_Hair_(The_Mudlark)_698x1024.jpg","291081"
"1256","Vincent van Gogh","vincent-van-gogh","Green Ears of Wheat","1888","1254","1024","1.28","https://uploads6.wikiart.org/images/vincent-van-gogh/green-ears-of-wheat-1888(1).jpg","1256_Green_Ears_of_Wheat_1254x1024.jpg","604736"
"1257","Vincent van Gogh","vincent-van-gogh","Gypsies at Saintes-Maries","1888","1024","799","0.82","https://uploads3.wikiart.org/images/vincent-van-gogh/gypsies-at-saintes-maries-1888(1).jpg","1257_Gypsies_at_Saintes-Maries_1024x799.jpg","231642"
"1258","Vincent van Gogh","vincent-van-gogh","Harvest at La Crau, with Montmajour in the Background","1888","2886","2285","6.59","https://uploads0.wikiart.org/images/vincent-van-gogh/harvest-at-la-crau-with-montmajour-in-the-background-1888.jpg","1258_Harvest_at_La_Crau,_with_Montmajour_in_t_2886x2285.jpg","7201227"
"1259","Vincent van Gogh","vincent-van-gogh","Harvest in Provence","1888","1024","808","0.83","https://uploads6.wikiart.org/images/vincent-van-gogh/harvest-in-provence-1888(1).jpg","1259_Harvest_in_Provence_1024x808.jpg","341993"
"1260","Vincent van Gogh","vincent-van-gogh","Harvest in Provence, at the Left Montmajour","1888","1280","962","1.23","https://uploads2.wikiart.org/images/vincent-van-gogh/harvest-in-provence-at-the-left-montmajour-1888(1).jpg","1260_Harvest_in_Provence,_at_the_Left_Montmaj_1280x962.jpg","673537"
"1261","Vincent van Gogh","vincent-van-gogh","Harvest Landscape","1888","1024","778","0.8","https://uploads4.wikiart.org/images/vincent-van-gogh/harvest-landscape-1888(1).jpg","1261_Harvest_Landscape_1024x778.jpg","325699"
"1262","Vincent van Gogh","vincent-van-gogh","Harvest Landscape","1888","1024","731","0.75","https://uploads6.wikiart.org/images/vincent-van-gogh/harvest-landscape-1888-1(1).jpg","1262_Harvest_Landscape_1024x731.jpg","319654"
"1263","Vincent van Gogh","vincent-van-gogh","Haystacks in Provence","1888","2838","2287","6.49","https://uploads5.wikiart.org/images/vincent-van-gogh/haystacks-in-provence-1888.jpg","1263_Haystacks_in_Provence_2838x2287.jpg","6935883"
"1264","Vincent van Gogh","vincent-van-gogh","Haystacks near a Farm","1888","1024","779","0.8","https://uploads8.wikiart.org/images/vincent-van-gogh/haystacks-near-a-farm-1888(1).jpg","1264_Haystacks_near_a_Farm_1024x779.jpg","454458"
"1265","Vincent van Gogh","vincent-van-gogh","Haystacks near a Farm","1888","641","487","0.31","https://uploads1.wikiart.org/images/vincent-van-gogh/haystacks-near-a-farm-1888-1(1).jpg","1265_Haystacks_near_a_Farm_641x487.jpg","313557"
"1266","Vincent van Gogh","vincent-van-gogh","Head of a Girl","1888","887","1024","0.91","https://uploads1.wikiart.org/images/vincent-van-gogh/head-of-a-girl-1888(1).jpg","1266_Head_of_a_Girl_887x1024.jpg","378407"
"1267","Vincent van Gogh","vincent-van-gogh","Hill with Bushes","1888","1024","669","0.69","https://uploads0.wikiart.org/images/vincent-van-gogh/hill-with-bushes-1888.jpg","1267_Hill_with_Bushes_1024x669.jpg","263242"
"1268","Vincent van Gogh","vincent-van-gogh","Hill with the Ruins of Montmajour","1888","1918","1531","2.94","https://uploads8.wikiart.org/images/vincent-van-gogh/hill-with-the-ruins-of-montmajour-1888.jpg","1268_Hill_with_the_Ruins_of_Montmajour_1918x1531.jpg","451028"
"1269","Vincent van Gogh","vincent-van-gogh","Interior of a Restaurant in Arles","1888","1137","937","1.07","https://uploads8.wikiart.org/images/vincent-van-gogh/interior-of-a-restaurant-in-arles-1888.jpg","1269_Interior_of_a_Restaurant_in_Arles_1137x937.jpg","313375"
"1270","Vincent van Gogh","vincent-van-gogh","Joseph Roulin, Sitting in a Cane Chair, Three-Quarter-Length","1888","785","1024","0.8","https://uploads6.wikiart.org/images/vincent-van-gogh/joseph-roulin-sitting-in-a-cane-chair-three-quarter-length-1888.jpg","1270_Joseph_Roulin,_Sitting_in_a_Cane_Chair,_785x1024.jpg","313742"
"1271","Vincent van Gogh","vincent-van-gogh","Joseph Roulin, Three-Quarter-Length","1888","738","1024","0.76","https://uploads0.wikiart.org/images/vincent-van-gogh/joseph-roulin-three-quarter-length-1888.jpg","1271_Joseph_Roulin,_Three-Quarter-Length_738x1024.jpg","227536"
"1272","Vincent van Gogh","vincent-van-gogh","La Crau","1888","2261","1456","3.29","https://uploads0.wikiart.org/images/vincent-van-gogh/la-crau-1888.jpg","1272_La_Crau_2261x1456.jpg","291852"
"1273","Vincent van Gogh","vincent-van-gogh","La Crau Seen from Montmajour","1888","1280","968","1.24","https://uploads3.wikiart.org/images/vincent-van-gogh/la-crau-seen-from-montmajour-1888.jpg","1273_La_Crau_Seen_from_Montmajour_1280x968.jpg","707623"
"1274","Vincent van Gogh","vincent-van-gogh","La Crau with Peach Trees in Bloom","1888","1024","638","0.65","https://uploads8.wikiart.org/images/vincent-van-gogh/la-crau-with-peach-trees-in-bloom-1888.jpg","1274_La_Crau_with_Peach_Trees_in_Bloom_1024x638.jpg","274913"
"1275","Vincent van Gogh","vincent-van-gogh","Ladies of Arles (Memories of the Garden at Etten)","1888","2145","1646","3.53","https://uploads4.wikiart.org/images/vincent-van-gogh/ladies-of-arles-memories-of-the-garden-at-etten-1888.jpg","1275_Ladies_of_Arles_(Memories_of_the_Garden_2145x1646.jpg","693030"
"1276","Vincent van Gogh","vincent-van-gogh","Landscape near Montmajour with Train","1888","750","604","0.45","https://uploads2.wikiart.org/images/vincent-van-gogh/landscape-near-montmajour-with-train-1888.jpg","1276_Landscape_near_Montmajour_with_Train_750x604.jpg","131622"
"1277","Vincent van Gogh","vincent-van-gogh","Landscape under a Stormy Sky","1888","2000","1579","3.16","https://uploads2.wikiart.org/00380/images/vincent-van-gogh/1.png","1277_Landscape_under_a_Stormy_Sky_2000x1579.png","7118116"
"1278","Vincent van Gogh","vincent-van-gogh","Landscape with a Tree in the Foreground","1888","1024","751","0.77","https://uploads5.wikiart.org/images/vincent-van-gogh/landscape-with-a-tree-in-the-foreground-1888.jpg","1278_Landscape_with_a_Tree_in_the_Foreground_1024x751.jpg","329540"
"1279","Vincent van Gogh","vincent-van-gogh","Landscape with a Tree in the Foreground","1888","1024","643","0.66","https://uploads7.wikiart.org/images/vincent-van-gogh/landscape-with-a-tree-in-the-foreground-1888-1.jpg","1279_Landscape_with_a_Tree_in_the_Foreground_1024x643.jpg","248848"
"1280","Vincent van Gogh","vincent-van-gogh","Landscape with Alphonse Daudet's Windmill","1888","1024","755","0.77","https://uploads7.wikiart.org/images/vincent-van-gogh/landscape-with-alphonse-daudet-s-windmill-1888.jpg","1280_Landscape_with_Alphonse_Daudet's_Windmil_1024x755.jpg","318710"
"1281","Vincent van Gogh","vincent-van-gogh","Landscape with Hut in the Camargue","1888","734","1024","0.75","https://uploads0.wikiart.org/images/vincent-van-gogh/landscape-with-hut-in-the-camargue-1888.jpg","1281_Landscape_with_Hut_in_the_Camargue_734x1024.jpg","368593"
"1282","Vincent van Gogh","vincent-van-gogh","Landscape with Olive Tree and Mountains in the Background","1888","1024","849","0.87","https://uploads5.wikiart.org/images/vincent-van-gogh/landscape-with-olive-tree-and-mountains-in-the-background-1888.jpg","1282_Landscape_with_Olive_Tree_and_Mountains_1024x849.jpg","426880"
"1283","Vincent van Gogh","vincent-van-gogh","Landscape with Path and Pollard Trees","1888","1024","756","0.77","https://uploads3.wikiart.org/images/vincent-van-gogh/landscape-with-path-and-pollard-trees-1888.jpg","1283_Landscape_with_Path_and_Pollard_Trees_1024x756.jpg","338576"
"1284","Vincent van Gogh","vincent-van-gogh","Landscape with Snow","1888","1246","1024","1.28","https://uploads3.wikiart.org/images/vincent-van-gogh/landscape-with-snow-1888.jpg","1284_Landscape_with_Snow_1246x1024.jpg","292760"
"1285","Vincent van Gogh","vincent-van-gogh","Landscape with the Wall of a Farm","1888","1024","718","0.74","https://uploads8.wikiart.org/images/vincent-van-gogh/landscape-with-the-wall-of-a-farm-1888.jpg","1285_Landscape_with_the_Wall_of_a_Farm_1024x718.jpg","315085"
"1286","Vincent van Gogh","vincent-van-gogh","L'Arlesienne, Portrait of Madame Ginoux","1888","1024","548","0.56","https://uploads4.wikiart.org/images/vincent-van-gogh/l-arlesienne-portrait-of-madame-ginoux-1888.jpg","1286_L'Arlesienne,_Portrait_of_Madame_Ginoux_1024x548.jpg","294022"
"1287","Vincent van Gogh","vincent-van-gogh","L'Arlesienne, Portrait of Madame Ginoux","1888","803","1001","0.8","https://uploads6.wikiart.org/images/vincent-van-gogh/l-arlesienne-portrait-of-madame-ginoux-1888-1.jpg","1287_L'Arlesienne,_Portrait_of_Madame_Ginoux_803x1001.jpg","878091"
"1288","Vincent van Gogh","vincent-van-gogh","Les Alyscamps","1888","2430","3121","7.58","https://uploads0.wikiart.org/images/vincent-van-gogh/les-alyscamps-1888(2).jpg","1288_Les_Alyscamps_2430x3121.jpg","8185396"
"1289","Vincent van Gogh","vincent-van-gogh","Meadow with Flowers","1888","1024","757","0.78","https://uploads3.wikiart.org/images/vincent-van-gogh/meadow-with-flowers-1888.jpg","1289_Meadow_with_Flowers_1024x757.jpg","292360"
"1290","Vincent van Gogh","vincent-van-gogh","Memory of the Garden at Etten","1888","1024","915","0.94","https://uploads4.wikiart.org/images/vincent-van-gogh/memory-of-the-garden-at-etten-1888.jpg","1290_Memory_of_the_Garden_at_Etten_1024x915.jpg","461909"
"1291","Vincent van Gogh","vincent-van-gogh","Montmajour","1888","2331","1860","4.34","https://uploads3.wikiart.org/images/vincent-van-gogh/montmajour-1888.jpg","1291_Montmajour_2331x1860.jpg","1429452"
"1292","Vincent van Gogh","vincent-van-gogh","Mother Roulin with Her Baby","1888","1325","1706","2.26","https://uploads2.wikiart.org/images/vincent-van-gogh/mother-roulin-with-her-baby-1888.jpg","1292_Mother_Roulin_with_Her_Baby_1325x1706.jpg","674231"
"1293","Vincent van Gogh","vincent-van-gogh","Mother Roulin with Her Baby","1888","1440","1833","2.64","https://uploads4.wikiart.org/images/vincent-van-gogh/mother-roulin-with-her-baby-1888-1.jpg","1293_Mother_Roulin_with_Her_Baby_1440x1833.jpg","594425"
"1294","Vincent van Gogh","vincent-van-gogh","Newly Mowed Lawn with Weeping Tree","1888","1024","758","0.78","https://uploads0.wikiart.org/images/vincent-van-gogh/newly-mowed-lawn-with-weeping-tree-1888.jpg","1294_Newly_Mowed_Lawn_with_Weeping_Tree_1024x758.jpg","510921"
"1295","Vincent van Gogh","vincent-van-gogh","Oleanders and Books","1888","3740","3061","11.45","https://uploads3.wikiart.org/00220/images/vincent-van-gogh/antique-3937525-1.jpg","1295_Oleanders_and_Books_3740x3061.jpg","4689246"
"1296","Vincent van Gogh","vincent-van-gogh","Olive Trees","1888","750","603","0.45","https://uploads4.wikiart.org/images/vincent-van-gogh/olive-trees-1888.jpg","1296_Olive_Trees_750x603.jpg","151996"
"1297","Vincent van Gogh","vincent-van-gogh","Orchard and House with Orange Roof","1888","1022","1024","1.05","https://uploads0.wikiart.org/images/vincent-van-gogh/orchard-and-house-with-orange-roof-1888.jpg","1297_Orchard_and_House_with_Orange_Roof_1022x1024.jpg","463153"
"1298","Vincent van Gogh","vincent-van-gogh","Orchard and House with Orange Roof","1888","1024","950","0.97","https://uploads2.wikiart.org/images/vincent-van-gogh/orchard-and-house-with-orange-roof-1888-1.jpg","1298_Orchard_and_House_with_Orange_Roof_1024x950.jpg","248434"
"1299","Vincent van Gogh","vincent-van-gogh","Orchard in Blossom","1888","1491","2022","3.01","https://uploads2.wikiart.org/images/vincent-van-gogh/orchard-in-blossom-1888.jpg","1299_Orchard_in_Blossom_1491x2022.jpg","1003039"
"1300","Vincent van Gogh","vincent-van-gogh","Orchard in Blossom","1888","1191","1485","1.77","https://uploads4.wikiart.org/images/vincent-van-gogh/orchard-in-blossom-1888-1.jpg","1300_Orchard_in_Blossom_1191x1485.jpg","574979"
"1301","Vincent van Gogh","vincent-van-gogh","Orchard in Blossom","1888","1280","1002","1.28","https://uploads4.wikiart.org/images/vincent-van-gogh/orchard-in-blossom-1888-2.jpg","1301_Orchard_in_Blossom_1280x1002.jpg","422999"
"1302","Vincent van Gogh","vincent-van-gogh","Orchard in Blossom (Plum Trees)","1888","1139","900","1.03","https://uploads4.wikiart.org/images/vincent-van-gogh/orchard-in-blossom-plum-trees-1888.jpg","1302_Orchard_in_Blossom_(Plum_Trees)_1139x900.jpg","310791"
"1303","Vincent van Gogh","vincent-van-gogh","Orchard in Blossom with Two Figures Spring","1888","1229","640","0.79","https://uploads8.wikiart.org/images/vincent-van-gogh/orchard-in-blossom-with-two-figures-spring-1888.jpg","1303_Orchard_in_Blossom_with_Two_Figures_Spri_1229x640.jpg","243918"
"1304","Vincent van Gogh","vincent-van-gogh","Orchard in Blossom, Bordered by Cypresses","1888","1132","900","1.02","https://uploads6.wikiart.org/images/vincent-van-gogh/orchard-in-blossom-bordered-by-cypresses-1888.jpg","1304_Orchard_in_Blossom,_Bordered_by_Cypresse_1132x900.jpg","341775"
"1305","Vincent van Gogh","vincent-van-gogh","Orchard in Blossom, Bordered by Cypresses","1888","2168","1840","3.99","https://uploads8.wikiart.org/images/vincent-van-gogh/orchard-in-blossom-bordered-by-cypresses-1888-1.jpg","1305_Orchard_in_Blossom,_Bordered_by_Cypresse_2168x1840.jpg","1370673"
"1306","Vincent van Gogh","vincent-van-gogh","Orchard Surrounded by Cypresses","1888","1024","655","0.67","https://uploads6.wikiart.org/images/vincent-van-gogh/orchard-surrounded-by-cypresses-1888.jpg","1306_Orchard_Surrounded_by_Cypresses_1024x655.jpg","363389"
"1307","Vincent van Gogh","vincent-van-gogh","Orchard with Arles in the Background","1888","766","1024","0.78","https://uploads2.wikiart.org/images/vincent-van-gogh/orchard-with-arles-in-the-background-1888.jpg","1307_Orchard_with_Arles_in_the_Background_766x1024.jpg","242973"
"1308","Vincent van Gogh","vincent-van-gogh","Orchard with Blossoming Apricot Trees","1888","1280","1024","1.31","https://uploads3.wikiart.org/images/vincent-van-gogh/orchard-with-blossoming-apricot-trees-1888.jpg","1308_Orchard_with_Blossoming_Apricot_Trees_1280x1024.jpg","2055733"
"1309","Vincent van Gogh","vincent-van-gogh","Orchard with Blossoming Plum Trees","1888","1280","956","1.22","https://uploads0.wikiart.org/images/vincent-van-gogh/orchard-with-blossoming-plum-trees-1888.jpg","1309_Orchard_with_Blossoming_Plum_Trees_1280x956.jpg","1945461"
"1310","Vincent van Gogh","vincent-van-gogh","Orchard with Blossoming Plum Trees (The White Orchard)","1888","538","396","0.21","https://uploads0.wikiart.org/images/vincent-van-gogh/orchard-with-blossoming-plum-trees-the-white-orchard-1888.jpg","1310_Orchard_with_Blossoming_Plum_Trees_(The_538x396.jpg","133044"
"1311","Vincent van Gogh","vincent-van-gogh","Orchard with Peach Trees in Blossom","1888","1249","1024","1.28","https://uploads1.wikiart.org/images/vincent-van-gogh/orchard-with-peach-trees-in-blossom-1888.jpg","1311_Orchard_with_Peach_Trees_in_Blossom_1249x1024.jpg","2117711"
"1312","Vincent van Gogh","vincent-van-gogh","Path in the Park at Arles","1888","1280","1009","1.29","https://uploads0.wikiart.org/images/vincent-van-gogh/path-in-the-park-at-arles-1888.jpg","1312_Path_in_the_Park_at_Arles_1280x1009.jpg","783224"
"1313","Vincent van Gogh","vincent-van-gogh","Path Through a Field with Willows","1888","2552","2073","5.29","https://uploads8.wikiart.org/images/vincent-van-gogh/path-through-a-field-with-willows-1888.jpg","1313_Path_Through_a_Field_with_Willows_2552x2073.jpg","4416705"
"1314","Vincent van Gogh","vincent-van-gogh","Paul Gauguin (Man in a Red Beret)","1888","1350","1544","2.08","https://uploads6.wikiart.org/images/vincent-van-gogh/paul-gauguin-man-in-a-red-beret-1888.jpg","1314_Paul_Gauguin_(Man_in_a_Red_Beret)_1350x1544.jpg","682644"
"1315","Vincent van Gogh","vincent-van-gogh","Paul Gauguin's Armchair","1888","2173","2728","5.93","https://uploads7.wikiart.org/images/vincent-van-gogh/paul-gauguin-s-armchair-1888.jpg","1315_Paul_Gauguin's_Armchair_2173x2728.jpg","1818256"
"1316","Vincent van Gogh","vincent-van-gogh","Peach Tree in Bloom (in memory of Mauve)","1888","2024","2556","5.17","https://uploads4.wikiart.org/images/vincent-van-gogh/peach-tree-in-bloom-in-memory-of-mauve-1888.jpg","1316_Peach_Tree_in_Bloom_(in_memory_of_Mauve)_2024x2556.jpg","816342"
"1317","Vincent van Gogh","vincent-van-gogh","Peach Trees in Blossom","1888","1333","1805","2.41","https://uploads6.wikiart.org/images/vincent-van-gogh/peach-trees-in-blossom-1888.jpg","1317_Peach_Trees_in_Blossom_1333x1805.jpg","529998"
"1318","Vincent van Gogh","vincent-van-gogh","Pear Tree in Blossom","1888","1624","2565","4.17","https://uploads4.wikiart.org/images/vincent-van-gogh/pear-tree-in-blossom-1888.jpg","1318_Pear_Tree_in_Blossom_1624x2565.jpg","604499"
"1319","Vincent van Gogh","vincent-van-gogh","Père Tanguy","1888","1576","2034","3.21","https://uploads8.wikiart.org/images/vincent-van-gogh/père-tanguy.jpg","1319_Père_Tanguy_1576x2034.jpg","1245815"
"1320","Vincent van Gogh","vincent-van-gogh","Pink Peach Trees","1888","960","1464","1.41","https://uploads0.wikiart.org/images/vincent-van-gogh/pink-peach-trees-1888.jpg","1320_Pink_Peach_Trees_960x1464.jpg","1215540"
"1321","Vincent van Gogh","vincent-van-gogh","Ploughman in the Fields near Arles","1888","1024","753","0.77","https://uploads0.wikiart.org/images/vincent-van-gogh/ploughman-in-the-fields-near-arles-1888.jpg","1321_Ploughman_in_the_Fields_near_Arles_1024x753.jpg","212280"
"1322","Vincent van Gogh","vincent-van-gogh","Pollard Willows and Setting Sun","1888","1092","1024","1.12","https://uploads6.wikiart.org/images/vincent-van-gogh/pollard-willows-and-setting-sun-1888.jpg","1322_Pollard_Willows_and_Setting_Sun_1092x1024.jpg","1797987"
"1323","Vincent van Gogh","vincent-van-gogh","Portrait of a Man","1888","1362","1613","2.2","https://uploads1.wikiart.org/images/vincent-van-gogh/portrait-of-a-man-1888.jpg","1323_Portrait_of_a_Man_1362x1613.jpg","586635"
"1324","Vincent van Gogh","vincent-van-gogh","Portrait of a One-Eyed Man","1888","1168","1862","2.17","https://uploads1.wikiart.org/images/vincent-van-gogh/portrait-of-a-one-eyed-man-1888.jpg","1324_Portrait_of_a_One-Eyed_Man_1168x1862.jpg","693772"
"1325","Vincent van Gogh","vincent-van-gogh","Portrait of Armand Roulin","1888","1740","2113","3.68","https://uploads0.wikiart.org/images/vincent-van-gogh/portrait-of-armand-roulin-1888.jpg","1325_Portrait_of_Armand_Roulin_1740x2113.jpg","1151907"
"1326","Vincent van Gogh","vincent-van-gogh","Portrait of Armand Roulin","1888","1024","1268","1.3","https://uploads2.wikiart.org/images/vincent-van-gogh/portrait-of-armand-roulin-1888-1.jpg","1326_Portrait_of_Armand_Roulin_1024x1268.jpg","686067"
"1327","Vincent van Gogh","vincent-van-gogh","Portrait of Camille Roulin","1888","1320","1622","2.14","https://uploads1.wikiart.org/images/vincent-van-gogh/portrait-of-camille-roulin-1888.jpg","1327_Portrait_of_Camille_Roulin_1320x1622.jpg","704654"
"1328","Vincent van Gogh","vincent-van-gogh","Portrait of Camille Roulin","1888","518","647","0.34","https://uploads3.wikiart.org/images/vincent-van-gogh/portrait-of-camille-roulin-1888-1.jpg","1328_Portrait_of_Camille_Roulin_518x647.jpg","223601"
"1329","Vincent van Gogh","vincent-van-gogh","Portrait of Eugene Boch","1888","2201","3079","6.78","https://uploads7.wikiart.org/images/vincent-van-gogh/portrait-of-eugene-boch-1888.jpg","1329_Portrait_of_Eugene_Boch_2201x3079.jpg","2009873"
"1330","Vincent van Gogh","vincent-van-gogh","Portrait of Madame Augustine Roulin","1888","2024","1662","3.36","https://uploads1.wikiart.org/images/vincent-van-gogh/portrait-of-madame-augustine-roulin-1888.jpg","1330_Portrait_of_Madame_Augustine_Roulin_2024x1662.jpg","1296386"
"1331","Vincent van Gogh","vincent-van-gogh","Portrait of Madame Ginoux (L'Arlesienne)","1888","1208","1488","1.8","https://uploads4.wikiart.org/images/vincent-van-gogh/portrait-of-madame-ginoux-l-arlesienne-1888.jpg","1331_Portrait_of_Madame_Ginoux_(L'Arlesienne)_1208x1488.jpg","205761"
"1332","Vincent van Gogh","vincent-van-gogh","Portrait of Madame Ginoux (L'Arlesienne)","1888","1628","2097","3.41","https://uploads6.wikiart.org/images/vincent-van-gogh/portrait-of-madame-ginoux-l-arlesienne-1888-1.jpg","1332_Portrait_of_Madame_Ginoux_(L'Arlesienne)_1628x2097.jpg","536679"
"1333","Vincent van Gogh","vincent-van-gogh","Portrait of Milliet, Second Lieutnant of the Zouaves","1888","900","1096","0.99","https://uploads8.wikiart.org/images/vincent-van-gogh/portrait-of-milliet-second-lieutnant-of-the-zouaves-1888.jpg","1333_Portrait_of_Milliet,_Second_Lieutnant_of_900x1096.jpg","504270"
"1334","Vincent van Gogh","vincent-van-gogh","Portrait of Patience Escalier","1888","1170","1535","1.8","https://uploads4.wikiart.org/images/vincent-van-gogh/portrait-of-patience-escalier-1888.jpg","1334_Portrait_of_Patience_Escalier_1170x1535.jpg","563272"
"1335","Vincent van Gogh","vincent-van-gogh","Portrait of Patience Escalier","1888","2110","2725","5.75","https://uploads6.wikiart.org/images/vincent-van-gogh/portrait-of-patience-escalier-1888-1.jpg","1335_Portrait_of_Patience_Escalier_2110x2725.jpg","1821311"
"1336","Vincent van Gogh","vincent-van-gogh","Portrait of Patience Escalier, Shepherd in Provence","1888","1499","1760","2.64","https://uploads7.wikiart.org/images/vincent-van-gogh/portrait-of-patience-escalier-shepherd-in-provence-1888.jpg","1336_Portrait_of_Patience_Escalier,_Shepherd_1499x1760.jpg","827848"
"1337","Vincent van Gogh","vincent-van-gogh","Portrait of Père Tanguy","1888","1658","2145","3.56","https://uploads7.wikiart.org/images/vincent-van-gogh/portrait-of-père-tanguy-1888.jpg","1337_Portrait_of_Père_Tanguy_1658x2145.jpg","507900"
"1338","Vincent van Gogh","vincent-van-gogh","Portrait of Postman Roulin","1888","1497","1973","2.95","https://uploads1.wikiart.org/images/vincent-van-gogh/portrait-of-postman-roulin-1888.jpg","1338_Portrait_of_Postman_Roulin_1497x1973.jpg","901345"
"1339","Vincent van Gogh","vincent-van-gogh","Portrait of the Artist's Mother","1888","2124","2712","5.76","https://uploads6.wikiart.org/images/vincent-van-gogh/portrait-of-the-artist-s-mother-1888.jpg","1339_Portrait_of_the_Artist's_Mother_2124x2712.jpg","1837968"
"1340","Vincent van Gogh","vincent-van-gogh","Portrait of the Postman Joseph Roulin","1888","4402","5684","25.02","https://uploads1.wikiart.org/00220/images/vincent-van-gogh/antique-3937522.jpg","1340_Portrait_of_the_Postman_Joseph_Roulin_4402x5684.jpg","10227849"
"1341","Vincent van Gogh","vincent-van-gogh","Postman Joseph Roulin","1888","900","1107","1","https://uploads5.wikiart.org/images/vincent-van-gogh/postman-joseph-roulin-1888.jpg","1341_Postman_Joseph_Roulin_900x1107.jpg","1184287"
"1342","Vincent van Gogh","vincent-van-gogh","Public Garden with a Corner of the Yellow House","1888","750","1006","0.75","https://uploads4.wikiart.org/images/vincent-van-gogh/public-garden-with-a-corner-of-the-yellow-house-1888.jpg","1342_Public_Garden_with_a_Corner_of_the_Yello_750x1006.jpg","197337"
"1343","Vincent van Gogh","vincent-van-gogh","Public Garden with a Couple and a Blue Fir Tree","1888","1024","771","0.79","https://uploads4.wikiart.org/images/vincent-van-gogh/public-garden-with-a-couple-and-a-blue-fir-tree-1888.jpg","1343_Public_Garden_with_a_Couple_and_a_Blue_F_1024x771.jpg","384948"
"1344","Vincent van Gogh","vincent-van-gogh","Public Garden with Benches","1888","1024","738","0.76","https://uploads1.wikiart.org/images/vincent-van-gogh/public-garden-with-benches-1888.jpg","1344_Public_Garden_with_Benches_1024x738.jpg","297999"
"1345","Vincent van Gogh","vincent-van-gogh","Public Garden with Couple and Blue Fir Tree (The Poet s Garden III)","1888","1641","1282","2.1","https://uploads4.wikiart.org/images/vincent-van-gogh/public-garden-with-couple-and-blue-fir-tree-the-poet-s-garden-iii-1888.jpg","1345_Public_Garden_with_Couple_and_Blue_Fir_T_1641x1282.jpg","702705"
"1346","Vincent van Gogh","vincent-van-gogh","Public Garden with Fence","1888","786","1024","0.8","https://uploads8.wikiart.org/images/vincent-van-gogh/public-garden-with-fence-1888.jpg","1346_Public_Garden_with_Fence_786x1024.jpg","501554"
"1347","Vincent van Gogh","vincent-van-gogh","Public Garden with Vincent s House in the Background","1888","750","483","0.36","https://uploads0.wikiart.org/images/vincent-van-gogh/public-garden-with-vincent-s-house-in-the-background-1888.jpg","1347_Public_Garden_with_Vincent_s_House_in_th_750x483.jpg","116534"
"1348","Vincent van Gogh","vincent-van-gogh","Public Park with Weeping Willow The Poet s Garden I","1888","1957","1486","2.91","https://uploads8.wikiart.org/images/vincent-van-gogh/public-park-with-weeping-willow-the-poet-s-garden-i-1888.jpg","1348_Public_Park_with_Weeping_Willow_The_Poet_1957x1486.jpg","752775"
"1349","Vincent van Gogh","vincent-van-gogh","Quay with Men Unloading Sand Barges","1888","1024","822","0.84","https://uploads1.wikiart.org/images/vincent-van-gogh/quay-with-men-unloading-sand-barges-1888.jpg","1349_Quay_with_Men_Unloading_Sand_Barges_1024x822.jpg","429740"
"1350","Vincent van Gogh","vincent-van-gogh","Quay with Men Unloading Sand Barges","1888","1240","1024","1.27","https://uploads3.wikiart.org/images/vincent-van-gogh/quay-with-men-unloading-sand-barges-1888-1.jpg","1350_Quay_with_Men_Unloading_Sand_Barges_1240x1024.jpg","636144"
"1351","Vincent van Gogh","vincent-van-gogh","Railway Carriages","1888","1114","900","1","https://uploads1.wikiart.org/images/vincent-van-gogh/railway-carriages-1888.jpg","1351_Railway_Carriages_1114x900.jpg","220954"
"1352","Vincent van Gogh","vincent-van-gogh","Red Vineyards at Arles","1888","2001","1560","3.12","https://uploads6.wikiart.org/images/vincent-van-gogh/red-vineyards-at-arles-1888.jpg","1352_Red_Vineyards_at_Arles_2001x1560.jpg","951279"
"1353","Vincent van Gogh","vincent-van-gogh","Rhone with Boats and a Bridge","1888","2024","1473","2.98","https://uploads4.wikiart.org/images/vincent-van-gogh/rhone-with-boats-and-a-bridge-1888.jpg","1353_Rhone_with_Boats_and_a_Bridge_2024x1473.jpg","440963"
"1354","Vincent van Gogh","vincent-van-gogh","Road with Telegraph Pole and Crane","1888","1024","778","0.8","https://uploads0.wikiart.org/images/vincent-van-gogh/road-with-telegraph-pole-and-crane-1888.jpg","1354_Road_with_Telegraph_Pole_and_Crane_1024x778.jpg","316892"
"1355","Vincent van Gogh","vincent-van-gogh","Road with Trees","1888","1024","720","0.74","https://uploads8.wikiart.org/images/vincent-van-gogh/road-with-trees-1888.jpg","1355_Road_with_Trees_1024x720.jpg","237124"
"1356","Vincent van Gogh","vincent-van-gogh","Rocks with Oak Tree","1888","1024","757","0.78","https://uploads3.wikiart.org/images/vincent-van-gogh/rocks-with-oak-tree-1888.jpg","1356_Rocks_with_Oak_Tree_1024x757.jpg","304793"
"1357","Vincent van Gogh","vincent-van-gogh","Round Clipped Shrub in the Public Garden","1888","1024","686","0.7","https://uploads6.wikiart.org/images/vincent-van-gogh/round-clipped-shrub-in-the-public-garden-1888.jpg","1357_Round_Clipped_Shrub_in_the_Public_Garden_1024x686.jpg","319172"
"1358","Vincent van Gogh","vincent-van-gogh","Row of Cottages in Saintes-Maries","1888","1024","676","0.69","https://uploads8.wikiart.org/images/vincent-van-gogh/row-of-cottages-in-saintes-maries-1888.jpg","1358_Row_of_Cottages_in_Saintes-Maries_1024x676.jpg","320854"
"1359","Vincent van Gogh","vincent-van-gogh","Ruins of Montmajour","1888","658","1024","0.67","https://uploads3.wikiart.org/images/vincent-van-gogh/ruins-of-montmajour-1888.jpg","1359_Ruins_of_Montmajour_658x1024.jpg","257522"
"1360","Vincent van Gogh","vincent-van-gogh","Ruins of Montmajour","1888","2670","1809","4.83","https://uploads5.wikiart.org/images/vincent-van-gogh/ruins-of-montmajour-1888-1.jpg","1360_Ruins_of_Montmajour_2670x1809.jpg","2899103"
"1361","Vincent van Gogh","vincent-van-gogh","Seascape at Saintes-Maries","1888","1520","1192","1.81","https://uploads1.wikiart.org/images/vincent-van-gogh/seascape-at-saintes-maries-1888.jpg","1361_Seascape_at_Saintes-Maries_1520x1192.jpg","554003"
"1362","Vincent van Gogh","vincent-van-gogh","Self Portrait","1888","1686","2104","3.55","https://uploads6.wikiart.org/images/vincent-van-gogh/self-portrait-1888.jpg","1362_Self_Portrait_1686x2104.jpg","948679"
"1363","Vincent van Gogh","vincent-van-gogh","Self Portrait","1888","1099","1551","1.7","https://uploads8.wikiart.org/images/vincent-van-gogh/self-portrait-1888-1.jpg","1363_Self_Portrait_1099x1551.jpg","533059"
"1364","Vincent van Gogh","vincent-van-gogh","Self Portrait as an Artist","1888","1812","2412","4.37","https://uploads1.wikiart.org/images/vincent-van-gogh/self-portrait-as-an-artist-1888.jpg","1364_Self_Portrait_as_an_Artist_1812x2412.jpg","837382"
"1365","Vincent van Gogh","vincent-van-gogh","Self Portrait Dedicated to Paul Gauguin","1888","1700","2128","3.62","https://uploads5.wikiart.org/images/vincent-van-gogh/self-portrait-dedicated-to-paul-gauguin-1888.jpg","1365_Self_Portrait_Dedicated_to_Paul_Gauguin_1700x2128.jpg","707431"
"1366","Vincent van Gogh","vincent-van-gogh","Self-Portrait","1888","1360","1791","2.44","https://uploads8.wikiart.org/images/vincent-van-gogh/self-portrait-1888-2.jpg","1366_Self-Portrait_1360x1791.jpg","795338"
"1367","Vincent van Gogh","vincent-van-gogh","Selfportrait on the Road to Tarascon (The Painter on His Way to Work)","1888","1684","1840","3.1","https://uploads6.wikiart.org/images/vincent-van-gogh/selfportrait-on-the-road-to-tarascon-the-painter-on-his-way-to-work-1888.jpg","1367_Selfportrait_on_the_Road_to_Tarascon_(Th_1684x1840.jpg","1422100"
"1368","Vincent van Gogh","vincent-van-gogh","Sketch of a Seated Woman","1888","454","600","0.27","https://uploads8.wikiart.org/images/vincent-van-gogh/sketch-of-a-seated-woman-1888.jpg","1368_Sketch_of_a_Seated_Woman_454x600.jpg","54229"
"1369","Vincent van Gogh","vincent-van-gogh","Snowy Landscape with Arles in the Background","1888","2085","1701","3.55","https://uploads1.wikiart.org/images/vincent-van-gogh/snowy-landscape-with-arles-in-the-background-1888.jpg","1369_Snowy_Landscape_with_Arles_in_the_Backgr_2085x1701.jpg","1178159"
"1370","Vincent van Gogh","vincent-van-gogh","Snowy Landscape with Arles in the Background","1888","1212","1024","1.24","https://uploads3.wikiart.org/images/vincent-van-gogh/snowy-landscape-with-arles-in-the-background-1888-1.jpg","1370_Snowy_Landscape_with_Arles_in_the_Backgr_1212x1024.jpg","1555297"
"1371","Vincent van Gogh","vincent-van-gogh","Sower","1888","2908","2297","6.68","https://uploads7.wikiart.org/images/vincent-van-gogh/sower-1888.jpg","1371_Sower_2908x2297.jpg","6444167"
"1372","Vincent van Gogh","vincent-van-gogh","Sower","1888","1882","1524","2.87","https://uploads0.wikiart.org/images/vincent-van-gogh/sower-1888-1.jpg","1372_Sower_1882x1524.jpg","864224"
"1373","Vincent van Gogh","vincent-van-gogh","Sower and Trunk of an Old Yew Tree","1888","725","1024","0.74","https://uploads0.wikiart.org/images/vincent-van-gogh/sower-and-trunk-of-an-old-yew-tree-1888.jpg","1373_Sower_and_Trunk_of_an_Old_Yew_Tree_725x1024.jpg","314211"
"1374","Vincent van Gogh","vincent-van-gogh","Sower with Setting Sun","1888","1024","802","0.82","https://uploads6.wikiart.org/images/vincent-van-gogh/sower-with-setting-sun-1888.jpg","1374_Sower_with_Setting_Sun_1024x802.jpg","419836"
"1375","Vincent van Gogh","vincent-van-gogh","Sower with Setting Sun","1888","1024","937","0.96","https://uploads8.wikiart.org/images/vincent-van-gogh/sower-with-setting-sun-1888-1.jpg","1375_Sower_with_Setting_Sun_1024x937.jpg","420219"
"1376","Vincent van Gogh","vincent-van-gogh","Sower with Setting Sun","1888","1024","779","0.8","https://uploads8.wikiart.org/images/vincent-van-gogh/sower-with-setting-sun-1888-2.jpg","1376_Sower_with_Setting_Sun_1024x779.jpg","368425"
"1377","Vincent van Gogh","vincent-van-gogh","Sower with Setting Sun","1888","1269","1024","1.3","https://uploads8.wikiart.org/images/vincent-van-gogh/sower-with-setting-sun-1888-3.jpg","1377_Sower_with_Setting_Sun_1269x1024.jpg","728388"
"1378","Vincent van Gogh","vincent-van-gogh","Spectators in the Arena at Arles","1888","2221","1691","3.76","https://uploads7.wikiart.org/images/vincent-van-gogh/spectators-in-the-arena-at-arles-1888.jpg","1378_Spectators_in_the_Arena_at_Arles_2221x1691.jpg","698650"
"1379","Vincent van Gogh","vincent-van-gogh","Still Life - French Novels","1888","1280","947","1.21","https://uploads3.wikiart.org/images/vincent-van-gogh/still-life-french-novels.jpg","1379_Still_Life_-_French_Novels_1280x947.jpg","499691"
"1380","Vincent van Gogh","vincent-van-gogh","Still Life - French Novels and Rose","1888","2024","1659","3.36","https://uploads3.wikiart.org/images/vincent-van-gogh/still-life-french-novels-and-rose.jpg","1380_Still_Life_-_French_Novels_and_Rose_2024x1659.jpg","1308055"
"1381","Vincent van Gogh","vincent-van-gogh","Still Life - Vase with Fifteen Sunflowers","1888","2301","3071","7.07","https://uploads5.wikiart.org/images/vincent-van-gogh/still-life-vase-with-fifteen-sunflowers-1888.jpg","1381_Still_Life_-_Vase_with_Fifteen_Sunflower_2301x3071.jpg","1591971"
"1382","Vincent van Gogh","vincent-van-gogh","Still Life - Vase with Fifteen Sunflowers","1888","2040","2591","5.29","https://uploads7.wikiart.org/images/vincent-van-gogh/still-life-vase-with-fifteen-sunflowers-1888-1.jpg","1382_Still_Life_-_Vase_with_Fifteen_Sunflower_2040x2591.jpg","824563"
"1383","Vincent van Gogh","vincent-van-gogh","Still Life Bottle, Lemons and Oranges","1888","1491","1242","1.85","https://uploads2.wikiart.org/images/vincent-van-gogh/still-life-bottle-lemons-and-oranges-1888.jpg","1383_Still_Life_Bottle,_Lemons_and_Oranges_1491x1242.jpg","581265"
"1384","Vincent van Gogh","vincent-van-gogh","Still Life Bowl with Daisies","1888","1024","803","0.82","https://uploads3.wikiart.org/images/vincent-van-gogh/still-life-bowl-with-daisies-1888.jpg","1384_Still_Life_Bowl_with_Daisies_1024x803.jpg","262275"
"1385","Vincent van Gogh","vincent-van-gogh","Still Life Majolica Jug with Wildflowers","1888","835","1024","0.86","https://uploads6.wikiart.org/images/vincent-van-gogh/still-life-majolica-jug-with-wildflowers-1888.jpg","1385_Still_Life_Majolica_Jug_with_Wildflowers_835x1024.jpg","319921"
"1386","Vincent van Gogh","vincent-van-gogh","Still Life Potatoes in a Yellow Dish","1888","1509","1256","1.9","https://uploads2.wikiart.org/images/vincent-van-gogh/still-life-potatoes-in-a-yellow-dish-1888.jpg","1386_Still_Life_Potatoes_in_a_Yellow_Dish_1509x1256.jpg","576331"
"1387","Vincent van Gogh","vincent-van-gogh","Still Life Vase with Five Sunflowers","1888","698","1024","0.71","https://uploads2.wikiart.org/images/vincent-van-gogh/still-life-vase-with-five-sunflowers-1888.jpg","1387_Still_Life_Vase_with_Five_Sunflowers_698x1024.jpg","280320"
"1388","Vincent van Gogh","vincent-van-gogh","Still Life Vase with Oleanders","1888","730","1024","0.75","https://uploads5.wikiart.org/images/vincent-van-gogh/still-life-vase-with-oleanders-1888.jpg","1388_Still_Life_Vase_with_Oleanders_730x1024.jpg","208516"
"1389","Vincent van Gogh","vincent-van-gogh","Still Life Vase with Zinnias","1888","754","1024","0.77","https://uploads3.wikiart.org/images/vincent-van-gogh/still-life-vase-with-zinnias-1888.jpg","1389_Still_Life_Vase_with_Zinnias_754x1024.jpg","258031"
"1390","Vincent van Gogh","vincent-van-gogh","Still Life with Basket and Six Oranges","1888","1363","1133","1.54","https://uploads4.wikiart.org/images/vincent-van-gogh/still-life-with-basket-and-six-oranges-1888.jpg","1390_Still_Life_with_Basket_and_Six_Oranges_1363x1133.jpg","444166"
"1391","Vincent van Gogh","vincent-van-gogh","Still Life with Blue Enamel Coffeepot, Earthenware and Fruit","1888","2315","1764","4.08","https://uploads7.wikiart.org/images/vincent-van-gogh/still-life-with-blue-enamel-coffeepot-earthenware-and-fruit-1888.jpg","1391_Still_Life_with_Blue_Enamel_Coffeepot,_E_2315x1764.jpg","1199570"
"1392","Vincent van Gogh","vincent-van-gogh","Still Life with Coffee Pot","1888","1024","943","0.97","https://uploads1.wikiart.org/images/vincent-van-gogh/still-life-with-coffee-pot-1888.jpg","1392_Still_Life_with_Coffee_Pot_1024x943.jpg","298727"
"1393","Vincent van Gogh","vincent-van-gogh","Still Life with Coffee Pot","1888","1024","587","0.6","https://uploads3.wikiart.org/images/vincent-van-gogh/still-life-with-coffee-pot-2-1888.jpg","1393_Still_Life_with_Coffee_Pot_1024x587.jpg","303770"
"1394","Vincent van Gogh","vincent-van-gogh","Still Life with Pears","1888","2024","1618","3.27","https://uploads0.wikiart.org/images/vincent-van-gogh/still-life-with-pears.jpg","1394_Still_Life_with_Pears_2024x1618.jpg","920216"
"1395","Vincent van Gogh","vincent-van-gogh","Street in Saintes-Maries","1888","1024","795","0.81","https://uploads8.wikiart.org/images/vincent-van-gogh/street-in-saintes-maries-1888.jpg","1395_Street_in_Saintes-Maries_1024x795.jpg","394560"
"1396","Vincent van Gogh","vincent-van-gogh","Street in Saintes-Maries","1888","1280","819","1.05","https://uploads1.wikiart.org/images/vincent-van-gogh/street-in-saintes-maries-1888-1.jpg","1396_Street_in_Saintes-Maries_1280x819.jpg","511712"
"1397","Vincent van Gogh","vincent-van-gogh","Street in Saintes-Maries","1888","1206","1024","1.23","https://uploads1.wikiart.org/images/vincent-van-gogh/street-in-saintes-maries-1888-2.jpg","1397_Street_in_Saintes-Maries_1206x1024.jpg","1790246"
"1398","Vincent van Gogh","vincent-van-gogh","Summer Evening, Wheatfield with Setting sun","1888","1274","1024","1.3","https://uploads8.wikiart.org/images/vincent-van-gogh/summer-evening-wheatfield-with-setting-sun-1888.jpg","1398_Summer_Evening,_Wheatfield_with_Setting_1274x1024.jpg","1883885"
"1399","Vincent van Gogh","vincent-van-gogh","Sunflowers","1888","1547","1990","3.08","https://uploads6.wikiart.org/00161/images/vincent-van-gogh/vincent-van-gogh-three-sunflowers-in-a-vase.Jpg","1399_Sunflowers_1547x1990.Jpg","551917"
"1400","Vincent van Gogh","vincent-van-gogh","Sunny Lawn in a Public Park","1888","2337","1879","4.39","https://uploads2.wikiart.org/images/vincent-van-gogh/sunny-lawn-in-a-public-park-1888.jpg","1400_Sunny_Lawn_in_a_Public_Park_2337x1879.jpg","1447392"
"1401","Vincent van Gogh","vincent-van-gogh","The Artist's House in Arles","1888","1280","844","1.08","https://uploads2.wikiart.org/images/vincent-van-gogh/the-artist-s-house-in-arles-1888.jpg","1401_The_Artist's_House_in_Arles_1280x844.jpg","495890"
"1402","Vincent van Gogh","vincent-van-gogh","The Baby Marcelle Roulin","1888","1573","2389","3.76","https://uploads8.wikiart.org/images/vincent-van-gogh/the-baby-marcelle-roulin-1888.jpg","1402_The_Baby_Marcelle_Roulin_1573x2389.jpg","589364"
"1403","Vincent van Gogh","vincent-van-gogh","The Baby Marcelle Roulin","1888","514","784","0.4","https://uploads1.wikiart.org/images/vincent-van-gogh/the-baby-marcelle-roulin-1888-1.jpg","1403_The_Baby_Marcelle_Roulin_514x784.jpg","196087"
"1404","Vincent van Gogh","vincent-van-gogh","The ballroom at Arles","1888","2173","1685","3.66","https://uploads5.wikiart.org/images/vincent-van-gogh/the-ballroom-at-arles-1888.jpg","1404_The_ballroom_at_Arles_2173x1685.jpg","542807"
"1405","Vincent van Gogh","vincent-van-gogh","The Bridge at Trinquetaille","1888","1273","1024","1.3","https://uploads2.wikiart.org/images/vincent-van-gogh/the-bridge-at-trinquetaille-1888.jpg","1405_The_Bridge_at_Trinquetaille_1273x1024.jpg","583408"
"1406","Vincent van Gogh","vincent-van-gogh","The Cafe Terrace on the Place du Forum, Arles, at Night","1888","773","1024","0.79","https://uploads1.wikiart.org/images/vincent-van-gogh/the-cafe-terrace-on-the-place-du-forum-arles-at-night-1888.jpg","1406_The_Cafe_Terrace_on_the_Place_du_Forum,_773x1024.jpg","389027"
"1407","Vincent van Gogh","vincent-van-gogh","The Corner of the Park","1888","770","1024","0.79","https://uploads6.wikiart.org/images/vincent-van-gogh/the-corner-of-the-park-1888.jpg","1407_The_Corner_of_the_Park_770x1024.jpg","430317"
"1408","Vincent van Gogh","vincent-van-gogh","The Garden with Flowers","1888","1023","1280","1.31","https://uploads7.wikiart.org/images/vincent-van-gogh/the-garden-with-flowers-1888.jpg","1408_The_Garden_with_Flowers_1023x1280.jpg","768327"
"1409","Vincent van Gogh","vincent-van-gogh","The Gleize Bridge over the Vigneyret Canal","1888","1510","1381","2.09","https://uploads8.wikiart.org/images/vincent-van-gogh/the-gleize-bridge-over-the-vigneyret-canal-1888.jpg","1409_The_Gleize_Bridge_over_the_Vigneyret_Can_1510x1381.jpg","641824"
"1410","Vincent van Gogh","vincent-van-gogh","The Green Vinyard","1888","1280","1016","1.3","https://uploads1.wikiart.org/images/vincent-van-gogh/the-green-vinyard-1888.jpg","1410_The_Green_Vinyard_1280x1016.jpg","2160353"
"1411","Vincent van Gogh","vincent-van-gogh","The Langlois Bridge","1888","987","767","0.76","https://uploads3.wikiart.org/images/vincent-van-gogh/the-langlois-bridge-1888.jpg","1411_The_Langlois_Bridge_987x767.jpg","928947"
"1412","Vincent van Gogh","vincent-van-gogh","The Langlois Bridge at Arles","1888","2482","1687","4.19","https://uploads3.wikiart.org/images/vincent-van-gogh/the-langlois-bridge-at-arles-1888.jpg","1412_The_Langlois_Bridge_at_Arles_2482x1687.jpg","642098"
"1413","Vincent van Gogh","vincent-van-gogh","The Langlois Bridge at Arles","1888","1167","1024","1.2","https://uploads5.wikiart.org/images/vincent-van-gogh/the-langlois-bridge-at-arles-1888-1.jpg","1413_The_Langlois_Bridge_at_Arles_1167x1024.jpg","442923"
"1414","Vincent van Gogh","vincent-van-gogh","The Langlois Bridge at Arles","1888","1521","1510","2.3","https://uploads5.wikiart.org/images/vincent-van-gogh/the-langlois-bridge-at-arles-1888-2.jpg","1414_The_Langlois_Bridge_at_Arles_1521x1510.jpg","677040"
"1415","Vincent van Gogh","vincent-van-gogh","The Langlois Bridge at Arles with Road Alongside the Canal","1888","1520","1210","1.84","https://uploads6.wikiart.org/images/vincent-van-gogh/the-langlois-bridge-at-arles-with-road-alongside-the-canal-1888.jpg","1415_The_Langlois_Bridge_at_Arles_with_Road_A_1520x1210.jpg","542834"
"1416","Vincent van Gogh","vincent-van-gogh","The Langlois Bridge at Arles with Women Washing","1888","2870","2609","7.49","https://uploads7.wikiart.org/images/vincent-van-gogh/the-langlois-bridge-at-arles-with-women-washing-1888(1).jpg","1416_The_Langlois_Bridge_at_Arles_with_Women_2870x2609.jpg","8288607"
"1417","Vincent van Gogh","vincent-van-gogh","The Langlois Bridge at Arles with Women Washing","1888","1637","1377","2.25","https://uploads6.wikiart.org/images/vincent-van-gogh/the-langlois-bridge-at-arles-with-women-washing-1888-1.jpg","1417_The_Langlois_Bridge_at_Arles_with_Women_1637x1377.jpg","341144"
"1418","Vincent van Gogh","vincent-van-gogh","The Lovers The Poet s Garden IV","1888","1024","813","0.83","https://uploads6.wikiart.org/images/vincent-van-gogh/the-lovers-the-poet-s-garden-iv-1888.jpg","1418_The_Lovers_The_Poet_s_Garden_IV_1024x813.jpg","320296"
"1419","Vincent van Gogh","vincent-van-gogh","The Mill of Alphonse Daudet at Fontevieille","1888","1280","792","1.01","https://uploads0.wikiart.org/images/vincent-van-gogh/the-mill-of-alphonse-daudet-at-fontevieille-1888.jpg","1419_The_Mill_of_Alphonse_Daudet_at_Fonteviei_1280x792.jpg","592108"
"1420","Vincent van Gogh","vincent-van-gogh","The Night Cafe","1888","1997","1573","3.14","https://uploads7.wikiart.org/images/vincent-van-gogh/the-night-cafe-1888.jpg","1420_The_Night_Cafe_1997x1573.jpg","952584"
"1421","Vincent van Gogh","vincent-van-gogh","The Novel Reader","1888","1653","1331","2.2","https://uploads2.wikiart.org/images/vincent-van-gogh/the-novel-reader-1888-1.jpg","1421_The_Novel_Reader_1653x1331.jpg","554234"
"1422","Vincent van Gogh","vincent-van-gogh","The old mill","1888","831","1027","0.85","https://uploads5.wikiart.org/images/vincent-van-gogh/the-old-mill-1888.jpg","1422_The_old_mill_831x1027.jpg","189488"
"1423","Vincent van Gogh","vincent-van-gogh","The Old Peasant Patience Escalier with Walking Stick, Half-Figure","1888","979","1024","1","https://uploads3.wikiart.org/images/vincent-van-gogh/the-old-peasant-patience-escalier-with-walking-stick-half-figure-1888.jpg","1423_The_Old_Peasant_Patience_Escalier_with_W_979x1024.jpg","314677"
"1424","Vincent van Gogh","vincent-van-gogh","The Olive Trees","1888","1024","834","0.85","https://uploads8.wikiart.org/images/vincent-van-gogh/the-olive-trees-1888.jpg","1424_The_Olive_Trees_1024x834.jpg","328284"
"1425","Vincent van Gogh","vincent-van-gogh","The Park at Arles with the Entrance Seen through the Trees","1888","850","1024","0.87","https://uploads6.wikiart.org/images/vincent-van-gogh/the-park-at-arles-with-the-entrance-seen-through-the-trees-1888.jpg","1425_The_Park_at_Arles_with_the_Entrance_Seen_850x1024.jpg","394356"
"1426","Vincent van Gogh","vincent-van-gogh","The Ploughed Field","1888","1275","1024","1.31","https://uploads2.wikiart.org/images/vincent-van-gogh/the-ploughed-field-1888.jpg","1426_The_Ploughed_Field_1275x1024.jpg","1909384"
"1427","Vincent van Gogh","vincent-van-gogh","The Railway Bridge over Avenue Montmajour","1888","1280","1004","1.29","https://uploads7.wikiart.org/images/vincent-van-gogh/the-railway-bridge-over-avenue-montmajour-1888.jpg","1427_The_Railway_Bridge_over_Avenue_Montmajou_1280x1004.jpg","1887205"
"1428","Vincent van Gogh","vincent-van-gogh","The Rhone with Boats and a Bridge","1888","1024","759","0.78","https://uploads8.wikiart.org/images/vincent-van-gogh/the-rhone-with-boats-and-a-bridge-1888.jpg","1428_The_Rhone_with_Boats_and_a_Bridge_1024x759.jpg","283146"
"1429","Vincent van Gogh","vincent-van-gogh","The Road to Tarascon","1888","1024","784","0.8","https://uploads4.wikiart.org/images/vincent-van-gogh/the-road-to-tarascon-1888.jpg","1429_The_Road_to_Tarascon_1024x784.jpg","411654"
"1430","Vincent van Gogh","vincent-van-gogh","The Road to Tarascon","1888","1024","744","0.76","https://uploads6.wikiart.org/images/vincent-van-gogh/the-road-to-tarascon-1888-1.jpg","1430_The_Road_to_Tarascon_1024x744.jpg","434914"
"1431","Vincent van Gogh","vincent-van-gogh","The Rocks with Oak tree","1888","1220","1024","1.25","https://uploads7.wikiart.org/images/vincent-van-gogh/the-rocks-with-oak-tree-1888.jpg","1431_The_Rocks_with_Oak_tree_1220x1024.jpg","400815"
"1432","Vincent van Gogh","vincent-van-gogh","The Roubine du Roi Canal with Washerwomen","1888","1024","1222","1.25","https://uploads7.wikiart.org/images/vincent-van-gogh/the-roubine-du-roi-canal-with-washerwomen-1888.jpg","1432_The_Roubine_du_Roi_Canal_with_Washerwome_1024x1222.jpg","636131"
"1433","Vincent van Gogh","vincent-van-gogh","The Schoolboy (Camille Roulin)","1888","1762","2094","3.69","https://uploads3.wikiart.org/images/vincent-van-gogh/the-schoolboy-camille-roulin-1888.jpg","1433_The_Schoolboy_(Camille_Roulin)_1762x2094.jpg","1180850"
"1434","Vincent van Gogh","vincent-van-gogh","The Smoker (Peasant)","1888","539","720","0.39","https://uploads2.wikiart.org/images/vincent-van-gogh/the-smoker-peasant-1888.jpg","1434_The_Smoker_(Peasant)_539x720.jpg","103012"
"1435","Vincent van Gogh","vincent-van-gogh","The Sower (Sower with Setting Sun)","1888","1971","1572","3.1","https://uploads7.wikiart.org/images/vincent-van-gogh/the-sower-sower-with-setting-sun-1888.jpg","1435_The_Sower_(Sower_with_Setting_Sun)_1971x1572.jpg","563169"
"1436","Vincent van Gogh","vincent-van-gogh","The Sower Outskirts of Arles in the Background","1888","1637","1304","2.13","https://uploads3.wikiart.org/images/vincent-van-gogh/the-sower-outskirts-of-arles-in-the-background-1888.jpg","1436_The_Sower_Outskirts_of_Arles_in_the_Back_1637x1304.jpg","615174"
"1437","Vincent van Gogh","vincent-van-gogh","The Starry Night","1888","1024","652","0.67","https://uploads0.wikiart.org/images/vincent-van-gogh/the-starry-night-1888.jpg","1437_The_Starry_Night_1024x652.jpg","349365"
"1438","Vincent van Gogh","vincent-van-gogh","The Starry Night","1888","1024","707","0.72","https://uploads2.wikiart.org/images/vincent-van-gogh/the-starry-night-1888-1.jpg","1438_The_Starry_Night_1024x707.jpg","381188"
"1439","Vincent van Gogh","vincent-van-gogh","Starry Night Over the Rhone","1888","5407","4191","22.66","https://uploads0.wikiart.org/00175/images/vincent-van-gogh/starry-night-over-the-rhone.jpg","1439_Starry_Night_Over_the_Rhone_5407x4191.jpg","6788239"
"1440","Vincent van Gogh","vincent-van-gogh","The Tarascon Diligence","1888","1280","1004","1.29","https://uploads6.wikiart.org/images/vincent-van-gogh/the-tarascon-diligence-1888.jpg","1440_The_Tarascon_Diligence_1280x1004.jpg","1798022"
"1441","Vincent van Gogh","vincent-van-gogh","The Tarascon Stagecoach","1888","1024","706","0.72","https://uploads7.wikiart.org/images/vincent-van-gogh/the-tarascon-stagecoach-1888.jpg","1441_The_Tarascon_Stagecoach_1024x706.jpg","306911"
"1442","Vincent van Gogh","vincent-van-gogh","The Trinquetaille Bridge","1888","1779","1434","2.55","https://uploads8.wikiart.org/images/vincent-van-gogh/the-trinquetaille-bridge-1888.jpg","1442_The_Trinquetaille_Bridge_1779x1434.jpg","410562"
"1443","Vincent van Gogh","vincent-van-gogh","The Viaduct and the Trinquetaille Bridge","1888","653","1024","0.67","https://uploads6.wikiart.org/images/vincent-van-gogh/the-viaduct-and-the-trinquetaille-bridge-1888.jpg","1443_The_Viaduct_and_the_Trinquetaille_Bridge_653x1024.jpg","363755"
"1444","Vincent van Gogh","vincent-van-gogh","The Yellow House","1888","1950","1537","3","https://uploads0.wikiart.org/images/vincent-van-gogh/the-yellow-house-1888.jpg","1444_The_Yellow_House_1950x1537.jpg","647239"
"1445","Vincent van Gogh","vincent-van-gogh","The Zouave Half Length","1888","783","1024","0.8","https://uploads6.wikiart.org/images/vincent-van-gogh/the-zouave-half-length-1888.jpg","1445_The_Zouave_Half_Length_783x1024.jpg","283093"
"1446","Vincent van Gogh","vincent-van-gogh","Thistles","1888","835","1024","0.86","https://uploads1.wikiart.org/images/vincent-van-gogh/thistles-1888.jpg","1446_Thistles_835x1024.jpg","459194"
"1447","Vincent van Gogh","vincent-van-gogh","Thistles Along the Roadside","1888","1024","797","0.82","https://uploads2.wikiart.org/images/vincent-van-gogh/thistles-along-the-roadside-1888.jpg","1447_Thistles_Along_the_Roadside_1024x797.jpg","452742"
"1448","Vincent van Gogh","vincent-van-gogh","Three Cottages in Saintes-Maries","1888","1410","891","1.26","https://uploads7.wikiart.org/images/vincent-van-gogh/three-cottages-in-saintes-maries-1888.jpg","1448_Three_Cottages_in_Saintes-Maries_1410x891.jpg","1332877"
"1449","Vincent van Gogh","vincent-van-gogh","Three White Cottages in Saintes-Maries","1888","1244","1024","1.27","https://uploads4.wikiart.org/images/vincent-van-gogh/three-white-cottages-in-saintes-maries-1888.jpg","1449_Three_White_Cottages_in_Saintes-Maries_1244x1024.jpg","653475"
"1450","Vincent van Gogh","vincent-van-gogh","Tiled Roof with Chimneys and Church Tower","1888","1024","749","0.77","https://uploads7.wikiart.org/images/vincent-van-gogh/tiled-roof-with-chimneys-and-church-tower-1888.jpg","1450_Tiled_Roof_with_Chimneys_and_Church_Towe_1024x749.jpg","285129"
"1451","Vincent van Gogh","vincent-van-gogh","Trunk of an Old Yew Tree","1888","1302","1795","2.34","https://uploads8.wikiart.org/images/vincent-van-gogh/trunk-of-an-old-yew-tree-1888.jpg","1451_Trunk_of_an_Old_Yew_Tree_1302x1795.jpg","514225"
"1452","Vincent van Gogh","vincent-van-gogh","Two Thistles","1888","816","1024","0.84","https://uploads5.wikiart.org/images/vincent-van-gogh/two-thistles-1888.jpg","1452_Two_Thistles_816x1024.jpg","302844"
"1453","Vincent van Gogh","vincent-van-gogh","View of a River, Quay, and Bridge","1888","1024","765","0.78","https://uploads6.wikiart.org/images/vincent-van-gogh/view-of-a-river-quay-and-bridge-1888.jpg","1453_View_of_a_River,_Quay,_and_Bridge_1024x765.jpg","322531"
"1454","Vincent van Gogh","vincent-van-gogh","View of Arles from a Hill","1888","1024","830","0.85","https://uploads0.wikiart.org/images/vincent-van-gogh/view-of-arles-from-a-hill-1888.jpg","1454_View_of_Arles_from_a_Hill_1024x830.jpg","430836"
"1455","Vincent van Gogh","vincent-van-gogh","View of Arles with Irises in the Foreground","1888","2518","2123","5.35","https://uploads0.wikiart.org/images/vincent-van-gogh/view-of-arles-with-irises-in-the-foreground-1888.jpg","1455_View_of_Arles_with_Irises_in_the_Foregro_2518x2123.jpg","5415015"
"1456","Vincent van Gogh","vincent-van-gogh","View of Arles with Trees in Blossom","1888","2024","1621","3.28","https://uploads1.wikiart.org/images/vincent-van-gogh/view-of-arles-with-trees-in-blossom-1888.jpg","1456_View_of_Arles_with_Trees_in_Blossom_2024x1621.jpg","1219896"
"1457","Vincent van Gogh","vincent-van-gogh","View of Saintes-Maries","1888","900","1074","0.97","https://uploads6.wikiart.org/images/vincent-van-gogh/view-of-saintes-maries-1888.jpg","1457_View_of_Saintes-Maries_900x1074.jpg","1305500"
"1458","Vincent van Gogh","vincent-van-gogh","View of Saintes-Maries with Cemetery","1888","1024","651","0.67","https://uploads2.wikiart.org/images/vincent-van-gogh/view-of-saintes-maries-with-cemetery-1888.jpg","1458_View_of_Saintes-Maries_with_Cemetery_1024x651.jpg","287396"
"1459","Vincent van Gogh","vincent-van-gogh","View of Saintes-Maries with Church and Ramparts","1888","1280","906","1.16","https://uploads4.wikiart.org/images/vincent-van-gogh/view-of-saintes-maries-with-church-and-ramparts-1888.jpg","1459_View_of_Saintes-Maries_with_Church_and_R_1280x906.jpg","568233"
"1460","Vincent van Gogh","vincent-van-gogh","Vincent's Bedroom","1888","1024","984","1.01","https://uploads1.wikiart.org/images/vincent-van-gogh/vincent-s-bedroom-1888.jpg","1460_Vincent's_Bedroom_1024x984.jpg","415315"
"1461","Vincent van Gogh","vincent-van-gogh","Vincent's Bedroom in Arles","1888","1607","1287","2.07","https://uploads1.wikiart.org/images/vincent-van-gogh/vincent-s-bedroom-in-arles-1888.jpg","1461_Vincent's_Bedroom_in_Arles_1607x1287.jpg","627718"
"1462","Vincent van Gogh","vincent-van-gogh","Vincent's Bedroom in Arles","1888","1024","636","0.65","https://uploads3.wikiart.org/images/vincent-van-gogh/vincent-s-bedroom-in-arles-1888-1.jpg","1462_Vincent's_Bedroom_in_Arles_1024x636.jpg","312557"
"1463","Vincent van Gogh","vincent-van-gogh","Vincent's House","1888","1024","662","0.68","https://uploads8.wikiart.org/images/vincent-van-gogh/vincent-s-house-1888.jpg","1463_Vincent's_House_1024x662.jpg","216660"
"1464","Vincent van Gogh","vincent-van-gogh","Vincent's House in Arles (The Yellow House)","1888","1470","1180","1.73","https://uploads7.wikiart.org/images/vincent-van-gogh/vincent-s-house-in-arles-the-yellow-house-1888.jpg","1464_Vincent's_House_in_Arles_(The_Yellow_Hou_1470x1180.jpg","511745"
"1465","Vincent van Gogh","vincent-van-gogh","Wheat Field","1888","1024","796","0.82","https://uploads4.wikiart.org/images/vincent-van-gogh/wheat-field-1888.jpg","1465_Wheat_Field_1024x796.jpg","338224"
"1466","Vincent van Gogh","vincent-van-gogh","Wheat Field","1888","1509","1240","1.87","https://uploads6.wikiart.org/images/vincent-van-gogh/wheat-field-1888-1.jpg","1466_Wheat_Field_1509x1240.jpg","614151"
"1467","Vincent van Gogh","vincent-van-gogh","Wheat Field with Setting Sun","1888","750","574","0.43","https://uploads3.wikiart.org/images/vincent-van-gogh/wheat-field-with-setting-sun-1888.jpg","1467_Wheat_Field_with_Setting_Sun_750x574.jpg","154454"
"1468","Vincent van Gogh","vincent-van-gogh","Wheat Field with Sheaves","1888","1024","778","0.8","https://uploads8.wikiart.org/images/vincent-van-gogh/wheat-field-with-sheaves-1888.jpg","1468_Wheat_Field_with_Sheaves_1024x778.jpg","418071"
"1469","Vincent van Gogh","vincent-van-gogh","Wheat Field with Sheaves","1888","1024","816","0.84","https://uploads1.wikiart.org/images/vincent-van-gogh/wheat-field-with-sheaves-1888-1.jpg","1469_Wheat_Field_with_Sheaves_1024x816.jpg","410122"
"1470","Vincent van Gogh","vincent-van-gogh","Wheat Field with Sheaves and Arles in the Background","1888","781","1024","0.8","https://uploads0.wikiart.org/images/vincent-van-gogh/wheat-field-with-sheaves-and-arles-in-the-background-1888.jpg","1470_Wheat_Field_with_Sheaves_and_Arles_in_th_781x1024.jpg","405270"
"1471","Vincent van Gogh","vincent-van-gogh","Wheat Field with Sheaves and Arles in the Background","1888","2300","3050","7.02","https://uploads2.wikiart.org/images/vincent-van-gogh/wheat-field-with-sheaves-and-arles-in-the-background-1888-1.jpg","1471_Wheat_Field_with_Sheaves_and_Arles_in_th_2300x3050.jpg","2255845"
"1472","Vincent van Gogh","vincent-van-gogh","Wheat Field with the Alpilles Foothills in the Background","1888","1216","1024","1.25","https://uploads5.wikiart.org/images/vincent-van-gogh/wheat-field-with-the-alpilles-foothills-in-the-background-1888.jpg","1472_Wheat_Field_with_the_Alpilles_Foothills_1216x1024.jpg","818494"
"1473","Vincent van Gogh","vincent-van-gogh","Wheat Fields with Stacks","1888","1265","1024","1.3","https://uploads8.wikiart.org/images/vincent-van-gogh/wheat-fields-with-stacks-1888.jpg","1473_Wheat_Fields_with_Stacks_1265x1024.jpg","583481"
"1474","Vincent van Gogh","vincent-van-gogh","Wheat Stacks with Reaper","1888","1260","1024","1.29","https://uploads8.wikiart.org/images/vincent-van-gogh/wheat-stacks-with-reaper-1888.jpg","1474_Wheat_Stacks_with_Reaper_1260x1024.jpg","656470"
"1475","Vincent van Gogh","vincent-van-gogh","Wheatfield with Sheaves","1888","1215","1024","1.24","https://uploads7.wikiart.org/images/vincent-van-gogh/wheatfield-with-sheaves-1888.jpg","1475_Wheatfield_with_Sheaves_1215x1024.jpg","696259"
"1476","Vincent van Gogh","vincent-van-gogh","Woman Reading a Novel","1888","1024","478","0.49","https://uploads5.wikiart.org/images/vincent-van-gogh/woman-reading-a-novel-1888.jpg","1476_Woman_Reading_a_Novel_1024x478.jpg","227477"
"1477","Vincent van Gogh","vincent-van-gogh","Young Man with a Hat","1888","1433","1858","2.66","https://uploads4.wikiart.org/images/vincent-van-gogh/young-man-with-a-hat-1888.jpg","1477_Young_Man_with_a_Hat_1433x1858.jpg","826680"
"1478","Vincent van Gogh","vincent-van-gogh","Zouave","1888","1229","1450","1.78","https://uploads2.wikiart.org/images/vincent-van-gogh/zouave-1888(1).jpg","1478_Zouave_1229x1450.jpg","202064"
"1479","Vincent van Gogh","vincent-van-gogh","Zouave","1888","2165","2703","5.85","https://uploads4.wikiart.org/images/vincent-van-gogh/zouave-1888-1(1).jpg","1479_Zouave_2165x2703.jpg","1778374"
"1480","Vincent van Gogh","vincent-van-gogh","Zouave Sitting, Whole Figure","1888","750","602","0.45","https://uploads2.wikiart.org/images/vincent-van-gogh/zouave-sitting-whole-figure-1888.jpg","1480_Zouave_Sitting,_Whole_Figure_750x602.jpg","86394"
"1481","Vincent van Gogh","vincent-van-gogh","Zouave, Half-Figure","1888","776","1024","0.79","https://uploads2.wikiart.org/images/vincent-van-gogh/zouave-half-figure-1888.jpg","1481_Zouave,_Half-Figure_776x1024.jpg","394351"
"1482","Vincent van Gogh","vincent-van-gogh","Trees in the garden of the Hospital Saint-Paul","1888","481","599","0.29","https://uploads3.wikiart.org/images/vincent-van-gogh/trees-in-the-garden-of-the-hospital-saint-paul-1888.jpg","1482_Trees_in_the_garden_of_the_Hospital_Sain_481x599.jpg","139582"
"1483","Vincent van Gogh","vincent-van-gogh","Sunset at Montmajour","1888","640","505","0.32","https://uploads4.wikiart.org/images/vincent-van-gogh/sunset-at-montmajour-1888.jpg","1483_Sunset_at_Montmajour_640x505.jpg","156721"
"1484","Vincent van Gogh","vincent-van-gogh","Interior of a Restaurant","1888","1024","642","0.66","https://uploads3.wikiart.org/images/vincent-van-gogh/interior-of-a-restaurant.jpg","1484_Interior_of_a_Restaurant_1024x642.jpg","128369"
"1485","Vincent van Gogh","vincent-van-gogh","Portrait of the Postman Joseph Roulin","1888","1322","1606","2.12","https://uploads7.wikiart.org/images/vincent-van-gogh/portrait-of-the-postman-joseph-roulin.jpg","1485_Portrait_of_the_Postman_Joseph_Roulin_1322x1606.jpg","643426"
"1486","Vincent van Gogh","vincent-van-gogh","Wheat Field with Rising Sun","1889","564","454","0.26","https://uploads6.wikiart.org/00289/images/vincent-van-gogh/wheat-field-with-rising-sun-1889.jpg","1486_Wheat_Field_with_Rising_Sun_564x454.jpg","96973"
"1487","Vincent van Gogh","vincent-van-gogh","Laboureur dans un Champ","1889","3200","2463","7.88","https://uploads8.wikiart.org/00246/images/vincent-van-gogh/2017-nyr-15004-0028a-000-vincent-van-gogh-laboureur-dans-un-champ.jpg","1487_Laboureur_dans_un_Champ_3200x2463.jpg","1143601"
"1488","Vincent van Gogh","vincent-van-gogh","Women Picking Olives","1889","1091","897","0.98","https://uploads0.wikiart.org/00244/images/vincent-van-gogh/29hidden-1-superjumbo.jpg","1488_Women_Picking_Olives_1091x897.jpg","337622"
"1489","Vincent van Gogh","vincent-van-gogh","Self-portrait without beard","1889","1256","1576","1.98","https://uploads6.wikiart.org/00221/images/vincent-van-gogh/vincent-willem-van-gogh-102-1.jpg","1489_Self-portrait_without_beard_1256x1576.jpg","243924"
"1490","Vincent van Gogh","vincent-van-gogh","A Bare Treetop in the Garden of the Asylum","1889","621","1024","0.64","https://uploads2.wikiart.org/images/vincent-van-gogh/a-bare-treetop-in-the-garden-of-the-asylum-1889(1).jpg","1490_A_Bare_Treetop_in_the_Garden_of_the_Asyl_621x1024.jpg","216067"
"1491","Vincent van Gogh","vincent-van-gogh","A Corner of the Asylum and the Garden with a Heavy, sawn-off Tree","1889","1024","791","0.81","https://uploads6.wikiart.org/images/vincent-van-gogh/a-corner-of-the-asylum-and-the-garden-with-a-heavy-sawn-off-tree-1889(1).jpg","1491_A_Corner_of_the_Asylum_and_the_Garden_wi_1024x791.jpg","280592"
"1492","Vincent van Gogh","vincent-van-gogh","A Field of Yellow Flowers","1889","1280","788","1.01","https://uploads3.wikiart.org/images/vincent-van-gogh/a-field-of-yellow-flowers-1889(1).jpg","1492_A_Field_of_Yellow_Flowers_1280x788.jpg","639247"
"1493","Vincent van Gogh","vincent-van-gogh","A Group of Pine Trees","1889","1024","818","0.84","https://uploads8.wikiart.org/images/vincent-van-gogh/a-group-of-pine-trees-1889(1).jpg","1493_A_Group_of_Pine_Trees_1024x818.jpg","261781"
"1494","Vincent van Gogh","vincent-van-gogh","A Group of Pine Trees near a House","1889","1024","832","0.85","https://uploads3.wikiart.org/images/vincent-van-gogh/a-group-of-pine-trees-near-a-house-1889(1).jpg","1494_A_Group_of_Pine_Trees_near_a_House_1024x832.jpg","290236"
"1495","Vincent van Gogh","vincent-van-gogh","A Meadow in the Mountains:  Le Mas de Saint-Paul","1889","1280","1024","1.31","https://uploads3.wikiart.org/images/vincent-van-gogh/a-meadow-in-the-mountains-1889(1).jpg","1495_A_Meadow_in_the_Mountains_Le_Mas_de_Sain_1280x1024.jpg","805408"
"1496","Vincent van Gogh","vincent-van-gogh","A Pine Tree and Cypresses in the Garden of the Asylum","1889","786","1024","0.8","https://uploads4.wikiart.org/images/vincent-van-gogh/a-pine-tree-and-cypresses-in-the-garden-of-the-asylum-1889(1).jpg","1496_A_Pine_Tree_and_Cypresses_in_the_Garden_786x1024.jpg","227113"
"1497","Vincent van Gogh","vincent-van-gogh","A Road in St. Remy with Female Figures","1889","1781","1354","2.41","https://uploads6.wikiart.org/images/vincent-van-gogh/a-road-in-st-remy-with-female-figures-1889(1).jpg","1497_A_Road_in_St._Remy_with_Female_Figures_1781x1354.jpg","749154"
"1498","Vincent van Gogh","vincent-van-gogh","A Row of Bare Trees","1889","1024","825","0.84","https://uploads6.wikiart.org/images/vincent-van-gogh/a-row-of-bare-trees-1889(1).jpg","1498_A_Row_of_Bare_Trees_1024x825.jpg","328824"
"1499","Vincent van Gogh","vincent-van-gogh","A Weather-Beaten Pine Tree","1889","783","1024","0.8","https://uploads4.wikiart.org/images/vincent-van-gogh/a-weather-beaten-pine-tree-1889(1).jpg","1499_A_Weather-Beaten_Pine_Tree_783x1024.jpg","249460"
"1500","Vincent van Gogh","vincent-van-gogh","At the Foot of the Mountains","1889","865","1024","0.89","https://uploads6.wikiart.org/images/vincent-van-gogh/at-the-foot-of-the-mountains-1889(1).jpg","1500_At_the_Foot_of_the_Mountains_865x1024.jpg","330646"
"1501","Vincent van Gogh","vincent-van-gogh","Avenue with Flowering Chestnut Trees at Arles","1889","1274","1024","1.3","https://uploads5.wikiart.org/images/vincent-van-gogh/avenue-with-flowering-chestnut-trees-at-arles-1889(1).jpg","1501_Avenue_with_Flowering_Chestnut_Trees_at_1274x1024.jpg","1954077"
"1502","Vincent van Gogh","vincent-van-gogh","Bird's Eye View of Saint-Remy","1889","1024","790","0.81","https://uploads7.wikiart.org/images/vincent-van-gogh/bird-s-eye-view-of-saint-remy-1889(1).jpg","1502_Bird's_Eye_View_of_Saint-Remy_1024x790.jpg","220469"
"1503","Vincent van Gogh","vincent-van-gogh","Bloaters on a Piece of Yellow Paper","1889","1770","1418","2.51","https://uploads4.wikiart.org/images/vincent-van-gogh/bloaters-on-a-piece-of-yellow-paper-1889(1).jpg","1503_Bloaters_on_a_Piece_of_Yellow_Paper_1770x1418.jpg","772178"
"1504","Vincent van Gogh","vincent-van-gogh","Clumps of Grass","1889","1088","1024","1.11","https://uploads2.wikiart.org/images/vincent-van-gogh/clumps-of-grass-1889(1).jpg","1504_Clumps_of_Grass_1088x1024.jpg","690106"
"1505","Vincent van Gogh","vincent-van-gogh","Corridor in the asylum","1889","2843","3699","10.52","https://uploads1.wikiart.org/00220/images/vincent-van-gogh/antique-3937518.jpg","1505_Corridor_in_the_asylum_2843x3699.jpg","4151090"
"1506","Vincent van Gogh","vincent-van-gogh","Crab on It`s Back","1889","1229","1024","1.26","https://uploads4.wikiart.org/images/vincent-van-gogh/crab-on-it-s-back-1889(1).jpg","1506_Crab_on_It`s_Back_1229x1024.jpg","567083"
"1507","Vincent van Gogh","vincent-van-gogh","Cypresses","1889","1766","2238","3.95","https://uploads5.wikiart.org/images/vincent-van-gogh/cypresses-1889(1).jpg","1507_Cypresses_1766x2238.jpg","1235123"
"1508","Vincent van Gogh","vincent-van-gogh","Cypresses","1889","1576","2092","3.3","https://uploads7.wikiart.org/images/vincent-van-gogh/cypresses-1889-1(1).jpg","1508_Cypresses_1576x2092.jpg","550125"
"1509","Vincent van Gogh","vincent-van-gogh","Cypresses","1889","1719","2321","3.99","https://uploads7.wikiart.org/images/vincent-van-gogh/cypresses-1889-2(1).jpg","1509_Cypresses_1719x2321.jpg","772848"
"1510","Vincent van Gogh","vincent-van-gogh","Cypresses","1889","701","876","0.61","https://uploads7.wikiart.org/images/vincent-van-gogh/cypresses-1889-3(1).jpg","1510_Cypresses_701x876.jpg","314723"
"1511","Vincent van Gogh","vincent-van-gogh","Cypresses with Two Women","1889","1024","1272","1.3","https://uploads2.wikiart.org/images/vincent-van-gogh/cypresses-with-two-women-1889(1).jpg","1511_Cypresses_with_Two_Women_1024x1272.jpg","1741156"
"1512","Vincent van Gogh","vincent-van-gogh","Death's Head Moth","1889","1024","651","0.67","https://uploads4.wikiart.org/images/vincent-van-gogh/death-s-head-moth-1889(1).jpg","1512_Death's_Head_Moth_1024x651.jpg","118900"
"1513","Vincent van Gogh","vincent-van-gogh","Enclosed Field","1889","1024","811","0.83","https://uploads1.wikiart.org/images/vincent-van-gogh/enclosed-field-1889(1).jpg","1513_Enclosed_Field_1024x811.jpg","294743"
"1514","Vincent van Gogh","vincent-van-gogh","Enclosed Field behind Saint-Paul Hospital","1889","2739","2080","5.7","https://uploads1.wikiart.org/images/vincent-van-gogh/enclosed-field-behind-saint-paul-hospital-1889(1).jpg","1514_Enclosed_Field_behind_Saint-Paul_Hospita_2739x2080.jpg","1728347"
"1515","Vincent van Gogh","vincent-van-gogh","Enclosed Field with a Sower in the Rain","1889","1024","889","0.91","https://uploads8.wikiart.org/images/vincent-van-gogh/enclosed-field-with-a-sower-in-the-rain-1889(1).jpg","1515_Enclosed_Field_with_a_Sower_in_the_Rain_1024x889.jpg","354708"
"1516","Vincent van Gogh","vincent-van-gogh","Enclosed Field with a Sower in the Rain","1889","1024","762","0.78","https://uploads1.wikiart.org/images/vincent-van-gogh/enclosed-field-with-a-sower-in-the-rain-1889-1(1).jpg","1516_Enclosed_Field_with_a_Sower_in_the_Rain_1024x762.jpg","279690"
"1517","Vincent van Gogh","vincent-van-gogh","Enclosed Field with Peasant","1889","1280","1022","1.31","https://uploads5.wikiart.org/images/vincent-van-gogh/enclosed-field-with-peasant-1889(1).jpg","1517_Enclosed_Field_with_Peasant_1280x1022.jpg","2229130"
"1518","Vincent van Gogh","vincent-van-gogh","Enclosed Field with Ploughman","1889","1020","1024","1.04","https://uploads7.wikiart.org/images/vincent-van-gogh/enclosed-field-with-ploughman-1889(1).jpg","1518_Enclosed_Field_with_Ploughman_1020x1024.jpg","405267"
"1519","Vincent van Gogh","vincent-van-gogh","Enclosed Field with Ploughman","1889","1280","963","1.23","https://uploads0.wikiart.org/images/vincent-van-gogh/enclosed-field-with-ploughman-1889-1(1).jpg","1519_Enclosed_Field_with_Ploughman_1280x963.jpg","641940"
"1520","Vincent van Gogh","vincent-van-gogh","Enclosed field with rising sun","1889","985","793","0.78","https://uploads8.wikiart.org/images/vincent-van-gogh/enclosed-field-with-rising-sun-1889(1).jpg","1520_Enclosed_field_with_rising_sun_985x793.jpg","1056140"
"1521","Vincent van Gogh","vincent-van-gogh","Enclosed Wheat Field with Reaper","1889","1024","804","0.82","https://uploads1.wikiart.org/images/vincent-van-gogh/enclosed-wheat-field-with-reaper-1889(1).jpg","1521_Enclosed_Wheat_Field_with_Reaper_1024x804.jpg","234002"
"1522","Vincent van Gogh","vincent-van-gogh","Entrance to a Quarry","1889","2736","2209","6.04","https://uploads7.wikiart.org/images/vincent-van-gogh/entrance-to-a-quarry-1889(1).jpg","1522_Entrance_to_a_Quarry_2736x2209.jpg","5911720"
"1523","Vincent van Gogh","vincent-van-gogh","Entrance to a Quarry near Saint Remy","1889","1859","1416","2.63","https://uploads5.wikiart.org/images/vincent-van-gogh/entrance-to-a-quarry-near-saint-remy-1889(1).jpg","1523_Entrance_to_a_Quarry_near_Saint_Remy_1859x1416.jpg","944147"
"1524","Vincent van Gogh","vincent-van-gogh","Evening - The End of the Day (after Millet)","1889","1280","983","1.26","https://uploads8.wikiart.org/images/vincent-van-gogh/evening-the-end-of-the-day-after-millet-1889(1).jpg","1524_Evening_-_The_End_of_the_Day_(after_Mill_1280x983.jpg","737889"
"1525","Vincent van Gogh","vincent-van-gogh","Evening - The Watch (after Millet)","1889","1280","997","1.28","https://uploads8.wikiart.org/images/vincent-van-gogh/evening-the-watch-after-millet-1889(1).jpg","1525_Evening_-_The_Watch_(after_Millet)_1280x997.jpg","841197"
"1526","Vincent van Gogh","vincent-van-gogh","Evening Landscape with Rising Moon","1889","1280","1013","1.3","https://uploads3.wikiart.org/images/vincent-van-gogh/evening-landscape-with-rising-moon-1889(1).jpg","1526_Evening_Landscape_with_Rising_Moon_1280x1013.jpg","793509"
"1527","Vincent van Gogh","vincent-van-gogh","Field and Ploughman and Mill","1889","1279","1024","1.31","https://uploads6.wikiart.org/images/vincent-van-gogh/field-and-ploughman-and-mill-1889(1).jpg","1527_Field_and_Ploughman_and_Mill_1279x1024.jpg","711579"
"1528","Vincent van Gogh","vincent-van-gogh","Field of Spring Wheat at Sunrise","1889","2726","2145","5.85","https://uploads1.wikiart.org/images/vincent-van-gogh/field-of-spring-wheat-at-sunrise-1889(1).jpg","1528_Field_of_Spring_Wheat_at_Sunrise_2726x2145.jpg","1853121"
"1529","Vincent van Gogh","vincent-van-gogh","Field with Poppies","1889","1789","1428","2.55","https://uploads5.wikiart.org/images/vincent-van-gogh/field-with-poppies-1889(1).jpg","1529_Field_with_Poppies_1789x1428.jpg","468864"
"1530","Vincent van Gogh","vincent-van-gogh","Field with Two Rabbits","1889","1280","1021","1.31","https://uploads0.wikiart.org/images/vincent-van-gogh/field-with-two-rabbits-1889(1).jpg","1530_Field_with_Two_Rabbits_1280x1021.jpg","696969"
"1531","Vincent van Gogh","vincent-van-gogh","Flowering Shrubs","1889","781","1024","0.8","https://uploads3.wikiart.org/images/vincent-van-gogh/flowering-shrubs-1889(1).jpg","1531_Flowering_Shrubs_781x1024.jpg","321159"
"1532","Vincent van Gogh","vincent-van-gogh","Fountain in the Garden of Saint-Paul Hospital","1889","942","997","0.94","https://uploads5.wikiart.org/images/vincent-van-gogh/fountain-in-the-garden-of-saint-paul-hospital-1889(1).jpg","1532_Fountain_in_the_Garden_of_Saint-Paul_Hos_942x997.jpg","605695"
"1533","Vincent van Gogh","vincent-van-gogh","Garden of the Asylum","1889","750","578","0.43","https://uploads7.wikiart.org/images/vincent-van-gogh/garden-of-the-asylum-1889(1).jpg","1533_Garden_of_the_Asylum_750x578.jpg","117638"
"1534","Vincent van Gogh","vincent-van-gogh","Garden of the Asylum and Tree Trunks and a Stone Bench","1889","1024","715","0.73","https://uploads5.wikiart.org/images/vincent-van-gogh/garden-of-the-asylum-and-tree-trunks-and-a-stone-bench-1889(1).jpg","1534_Garden_of_the_Asylum_and_Tree_Trunks_and_1024x715.jpg","237756"
"1535","Vincent van Gogh","vincent-van-gogh","Great Peacock Moth","1889","873","1226","1.07","https://uploads5.wikiart.org/images/vincent-van-gogh/great-peacock-moth-1889(1).jpg","1535_Great_Peacock_Moth_873x1226.jpg","344058"
"1536","Vincent van Gogh","vincent-van-gogh","Green Wheat Field with Cypress","1889","1793","1438","2.58","https://uploads1.wikiart.org/images/vincent-van-gogh/green-wheat-field-with-cypress-1889-1(1).jpg","1536_Green_Wheat_Field_with_Cypress_1793x1438.jpg","377991"
"1537","Vincent van Gogh","vincent-van-gogh","Head of an Angel, after Rembrandt","1889","1224","1024","1.25","https://uploads7.wikiart.org/images/vincent-van-gogh/head-of-an-angel-after-rembrandt-1889.jpg","1537_Head_of_an_Angel,_after_Rembrandt_1224x1024.jpg","743205"
"1538","Vincent van Gogh","vincent-van-gogh","Irises","1889","5000","3926","19.63","https://uploads0.wikiart.org/00213/images/vincent-van-gogh/antique-3840759.jpg","1538_Irises_5000x3926.jpg","4890896"
"1539","Vincent van Gogh","vincent-van-gogh","Joseph-Etienne Roulin","1889","4000","4830","19.32","https://uploads0.wikiart.org/00213/images/vincent-van-gogh/antique-3840760.jpg","1539_Joseph-Etienne_Roulin_4000x4830.jpg","7696390"
"1540","Vincent van Gogh","vincent-van-gogh","Landscape with House and Ploughman","1889","1280","1015","1.3","https://uploads3.wikiart.org/images/vincent-van-gogh/landscape-with-house-and-ploughman-1889(2).jpg","1540_Landscape_with_House_and_Ploughman_1280x1015.jpg","605764"
"1541","Vincent van Gogh","vincent-van-gogh","Landscape with Trees and Figures","1889","1280","985","1.26","https://uploads7.wikiart.org/images/vincent-van-gogh/landscape-with-trees-and-figures-1889.jpg","1541_Landscape_with_Trees_and_Figures_1280x985.jpg","807947"
"1542","Vincent van Gogh","vincent-van-gogh","Large Plane Trees","1889","2002","1578","3.16","https://uploads1.wikiart.org/images/vincent-van-gogh/large-plane-trees-1889.jpg","1542_Large_Plane_Trees_2002x1578.jpg","630131"
"1543","Vincent van Gogh","vincent-van-gogh","Les Alpilles, Mountain Landscape near South-Reme","1889","2024","1638","3.32","https://uploads4.wikiart.org/images/vincent-van-gogh/les-alpilles-mountain-landscape-near-south-reme-1889.jpg","1543_Les_Alpilles,_Mountain_Landscape_near_So_2024x1638.jpg","1130361"
"1544","Vincent van Gogh","vincent-van-gogh","Lilac Bush","1889","1929","1515","2.92","https://uploads3.wikiart.org/images/vincent-van-gogh/lilac-bush-1889.jpg","1544_Lilac_Bush_1929x1515.jpg","631999"
"1545","Vincent van Gogh","vincent-van-gogh","Madame Augustine Roulin","1889","1333","1722","2.3","https://uploads7.wikiart.org/images/vincent-van-gogh/madame-augustine-roulin-1889.jpg","1545_Madame_Augustine_Roulin_1333x1722.jpg","713200"
"1546","Vincent van Gogh","vincent-van-gogh","Madame Roulin Rocking the Cradle (A Lullaby)","1889","1747","2259","3.95","https://uploads8.wikiart.org/images/vincent-van-gogh/madame-roulin-rocking-the-cradle-a-lullaby-1889.jpg","1546_Madame_Roulin_Rocking_the_Cradle_(A_Lull_1747x2259.jpg","534238"
"1547","Vincent van Gogh","vincent-van-gogh","Madame Roulin Rocking the Cradle (A lullaby)","1889","2102","2720","5.72","https://uploads1.wikiart.org/images/vincent-van-gogh/madame-roulin-rocking-the-cradle-a-lullaby-1889-1.jpg","1547_Madame_Roulin_Rocking_the_Cradle_(A_lull_2102x2720.jpg","1704310"
"1548","Vincent van Gogh","vincent-van-gogh","Madame Roulin Rocking the Cradle (A lullaby)","1889","751","945","0.71","https://uploads1.wikiart.org/images/vincent-van-gogh/madame-roulin-rocking-the-cradle-a-lullaby-1889-2.jpg","1548_Madame_Roulin_Rocking_the_Cradle_(A_lull_751x945.jpg","863533"
"1549","Vincent van Gogh","vincent-van-gogh","Mask of an Egyptian Mummy","1889","697","1024","0.71","https://uploads0.wikiart.org/images/vincent-van-gogh/mask-of-an-egyptian-mummy-1889.jpg","1549_Mask_of_an_Egyptian_Mummy_697x1024.jpg","165670"
"1550","Vincent van Gogh","vincent-van-gogh","Mask of an Egyptian Mummy 2","1889","683","1024","0.7","https://uploads2.wikiart.org/images/vincent-van-gogh/mask-of-an-egyptian-mummy-2-1889.jpg","1550_Mask_of_an_Egyptian_Mummy_2_683x1024.jpg","162196"
"1551","Vincent van Gogh","vincent-van-gogh","Mask of an Egyptian Mummy 3","1889","663","1024","0.68","https://uploads2.wikiart.org/images/vincent-van-gogh/mask-of-an-egyptian-mummy-3-1889.jpg","1551_Mask_of_an_Egyptian_Mummy_3_663x1024.jpg","115524"
"1552","Vincent van Gogh","vincent-van-gogh","Mask of an Egyptian Mummy 4","1889","772","1024","0.79","https://uploads2.wikiart.org/images/vincent-van-gogh/mask-of-an-egyptian-mummy-4-1889.jpg","1552_Mask_of_an_Egyptian_Mummy_4_772x1024.jpg","168967"
"1553","Vincent van Gogh","vincent-van-gogh","Mount Gaussier with the Mas de Saint-Paul","1889","1024","780","0.8","https://uploads7.wikiart.org/images/vincent-van-gogh/mount-gaussier-with-the-mas-de-saint-paul-1889.jpg","1553_Mount_Gaussier_with_the_Mas_de_Saint-Pau_1024x780.jpg","294563"
"1554","Vincent van Gogh","vincent-van-gogh","Mountain Landscape Seen across the Walls","1889","750","579","0.43","https://uploads6.wikiart.org/images/vincent-van-gogh/mountain-landscape-seen-across-the-walls-1889.jpg","1554_Mountain_Landscape_Seen_across_the_Walls_750x579.jpg","104314"
"1555","Vincent van Gogh","vincent-van-gogh","Mountain Landscape Seen across the Walls 2","1889","750","961","0.72","https://uploads8.wikiart.org/images/vincent-van-gogh/mountain-landscape-seen-across-the-walls-2-1889.jpg","1555_Mountain_Landscape_Seen_across_the_Walls_750x961.jpg","137142"
"1556","Vincent van Gogh","vincent-van-gogh","Mountains at Saint-Remy with Dark Cottage","1889","2738","2160","5.91","https://uploads7.wikiart.org/images/vincent-van-gogh/mountains-at-saint-remy-with-dark-cottage-1889.jpg","1556_Mountains_at_Saint-Remy_with_Dark_Cottag_2738x2160.jpg","4753861"
"1557","Vincent van Gogh","vincent-van-gogh","Mulberry Tree","1889","1207","1024","1.24","https://uploads6.wikiart.org/images/vincent-van-gogh/mulberry-tree-1889.jpg","1557_Mulberry_Tree_1207x1024.jpg","1973783"
"1558","Vincent van Gogh","vincent-van-gogh","Oleanders, the Hospital Garden at Saint-Remy","1889","768","1024","0.79","https://uploads0.wikiart.org/images/vincent-van-gogh/oleanders-the-hospital-garden-at-saint-remy-1889.jpg","1558_Oleanders,_the_Hospital_Garden_at_Saint-_768x1024.jpg","326303"
"1559","Vincent van Gogh","vincent-van-gogh","Olive Grove","1889","1968","1586","3.12","https://uploads4.wikiart.org/images/vincent-van-gogh/olive-grove-1889.jpg","1559_Olive_Grove_1968x1586.jpg","686595"
"1560","Vincent van Gogh","vincent-van-gogh","Olive Grove","1889","943","759","0.72","https://uploads6.wikiart.org/images/vincent-van-gogh/olive-grove-1889-1.jpg","1560_Olive_Grove_943x759.jpg","1027113"
"1561","Vincent van Gogh","vincent-van-gogh","Olive Grove - Bright Blue Sky","1889","1067","844","0.9","https://uploads2.wikiart.org/images/vincent-van-gogh/olive-grove-bright-blue-sky-1889.jpg","1561_Olive_Grove_-_Bright_Blue_Sky_1067x844.jpg","554468"
"1562","Vincent van Gogh","vincent-van-gogh","Olive Grove - Bright Blue Sky","1889","1200","886","1.06","https://uploads4.wikiart.org/images/vincent-van-gogh/olive-grove-bright-blue-sky-1889-1.jpg","1562_Olive_Grove_-_Bright_Blue_Sky_1200x886.jpg","688770"
"1563","Vincent van Gogh","vincent-van-gogh","Olive Grove - Orange Sky","1889","1618","1301","2.11","https://uploads6.wikiart.org/images/vincent-van-gogh/olive-grove-orange-sky-1889.jpg","1563_Olive_Grove_-_Orange_Sky_1618x1301.jpg","394981"
"1564","Vincent van Gogh","vincent-van-gogh","Olive Grove - Pale Blue Sky","1889","1280","1004","1.29","https://uploads0.wikiart.org/images/vincent-van-gogh/olive-grove-pale-blue-sky-1889.jpg","1564_Olive_Grove_-_Pale_Blue_Sky_1280x1004.jpg","817482"
"1565","Vincent van Gogh","vincent-van-gogh","Olive Grove with Picking Figures","1889","1280","985","1.26","https://uploads7.wikiart.org/images/vincent-van-gogh/olive-grove-with-picking-figures-1889.jpg","1565_Olive_Grove_with_Picking_Figures_1280x985.jpg","862950"
"1566","Vincent van Gogh","vincent-van-gogh","Olive Picking","1889","1024","874","0.89","https://uploads6.wikiart.org/images/vincent-van-gogh/olive-picking-1889.jpg","1566_Olive_Picking_1024x874.jpg","250189"
"1567","Vincent van Gogh","vincent-van-gogh","Olive Picking","1889","1273","1024","1.3","https://uploads8.wikiart.org/images/vincent-van-gogh/olive-picking-1889-1.jpg","1567_Olive_Picking_1273x1024.jpg","747925"
"1568","Vincent van Gogh","vincent-van-gogh","Olive Picking","1889","1280","991","1.27","https://uploads8.wikiart.org/images/vincent-van-gogh/olive-picking-1889-2.jpg","1568_Olive_Picking_1280x991.jpg","897103"
"1569","Vincent van Gogh","vincent-van-gogh","Olive Trees","1889","1776","1455","2.58","https://uploads4.wikiart.org/images/vincent-van-gogh/olive-trees-1889.jpg","1569_Olive_Trees_1776x1455.jpg","816306"
"1570","Vincent van Gogh","vincent-van-gogh","Olive Trees against a Slope of a Hill","1889","1270","1024","1.3","https://uploads3.wikiart.org/images/vincent-van-gogh/olive-trees-against-a-slope-of-a-hill-1889.jpg","1570_Olive_Trees_against_a_Slope_of_a_Hill_1270x1024.jpg","717535"
"1571","Vincent van Gogh","vincent-van-gogh","Olive Trees Bright Blue Sky","1889","1024","773","0.79","https://uploads2.wikiart.org/images/vincent-van-gogh/olive-trees-bright-blue-sky-1889.jpg","1571_Olive_Trees_Bright_Blue_Sky_1024x773.jpg","312917"
"1572","Vincent van Gogh","vincent-van-gogh","Olive Trees in a Mountain Landscape","1889","1024","769","0.79","https://uploads1.wikiart.org/images/vincent-van-gogh/olive-trees-in-a-mountain-landscape-1889.jpg","1572_Olive_Trees_in_a_Mountain_Landscape_1024x769.jpg","239226"
"1573","Vincent van Gogh","vincent-van-gogh","Olive Trees in a Mountain Landscape","1889","1024","789","0.81","https://uploads3.wikiart.org/images/vincent-van-gogh/olive-trees-in-a-mountain-landscape-1889-1.jpg","1573_Olive_Trees_in_a_Mountain_Landscape_1024x789.jpg","301915"
"1574","Vincent van Gogh","vincent-van-gogh","Olive Trees with Yellow Sky and Sun","1889","1984","1546","3.07","https://uploads1.wikiart.org/images/vincent-van-gogh/olive-trees-with-yellow-sky-and-sun-1889.jpg","1574_Olive_Trees_with_Yellow_Sky_and_Sun_1984x1546.jpg","556966"
"1575","Vincent van Gogh","vincent-van-gogh","Orchard in Bloom with Poplars","1889","1280","1007","1.29","https://uploads4.wikiart.org/images/vincent-van-gogh/orchard-in-bloom-with-poplars-1889.jpg","1575_Orchard_in_Bloom_with_Poplars_1280x1007.jpg","638327"
"1576","Vincent van Gogh","vincent-van-gogh","Orchard in Bloom with View of Arles","1889","920","1024","0.94","https://uploads1.wikiart.org/images/vincent-van-gogh/orchard-in-bloom-with-view-of-arles-1889.jpg","1576_Orchard_in_Bloom_with_View_of_Arles_920x1024.jpg","342562"
"1577","Vincent van Gogh","vincent-van-gogh","Park at Arles","1889","2024","1554","3.15","https://uploads6.wikiart.org/images/vincent-van-gogh/park-at-arles-1889.jpg","1577_Park_at_Arles_2024x1554.jpg","471057"
"1578","Vincent van Gogh","vincent-van-gogh","Path between Pine Trees","1889","1024","697","0.71","https://uploads7.wikiart.org/images/vincent-van-gogh/path-between-pine-trees-1889.jpg","1578_Path_between_Pine_Trees_1024x697.jpg","332149"
"1579","Vincent van Gogh","vincent-van-gogh","Peach Trees in Blossom","1889","1235","1024","1.26","https://uploads6.wikiart.org/images/vincent-van-gogh/peach-trees-in-blossom-1889.jpg","1579_Peach_Trees_in_Blossom_1235x1024.jpg","2088773"
"1580","Vincent van Gogh","vincent-van-gogh","Peasant Woman Binding Sheaves after Millet","1889","2031","2730","5.54","https://uploads8.wikiart.org/images/vincent-van-gogh/peasant-woman-binding-sheaves-after-millet-1889.jpg","1580_Peasant_Woman_Binding_Sheaves_after_Mill_2031x2730.jpg","1439519"
"1581","Vincent van Gogh","vincent-van-gogh","Peasant Woman Cutting Straw after Millet","1889","1286","1977","2.54","https://uploads6.wikiart.org/images/vincent-van-gogh/peasant-woman-cutting-straw-after-millet-1889.jpg","1581_Peasant_Woman_Cutting_Straw_after_Millet_1286x1977.jpg","810258"
"1582","Vincent van Gogh","vincent-van-gogh","Peasant Woman with a Rake after Millet","1889","621","1024","0.64","https://uploads4.wikiart.org/images/vincent-van-gogh/peasant-woman-with-a-rake-after-millet-1889.jpg","1582_Peasant_Woman_with_a_Rake_after_Millet_621x1024.jpg","258618"
"1583","Vincent van Gogh","vincent-van-gogh","Pieta","1889","1767","2143","3.79","https://uploads7.wikiart.org/images/vincent-van-gogh/pieta-1889.jpg","1583_Pieta_1767x2143.jpg","1149621"
"1584","Vincent van Gogh","vincent-van-gogh","Pine Trees against a Red Sky with Setting Sun","1889","1024","1270","1.3","https://uploads2.wikiart.org/images/vincent-van-gogh/pine-trees-against-a-red-sky-with-setting-sun-1889.jpg","1584_Pine_Trees_against_a_Red_Sky_with_Settin_1024x1270.jpg","2103412"
"1585","Vincent van Gogh","vincent-van-gogh","Pine Trees along a Road to a House","1889","1024","758","0.78","https://uploads0.wikiart.org/images/vincent-van-gogh/pine-trees-along-a-road-to-a-house-1889.jpg","1585_Pine_Trees_along_a_Road_to_a_House_1024x758.jpg","298549"
"1586","Vincent van Gogh","vincent-van-gogh","Pine Trees in Front of the Wall of the Asylum","1889","1024","821","0.84","https://uploads2.wikiart.org/images/vincent-van-gogh/pine-trees-in-front-of-the-wall-of-the-asylum-1889.jpg","1586_Pine_Trees_in_Front_of_the_Wall_of_the_A_1024x821.jpg","206268"
"1587","Vincent van Gogh","vincent-van-gogh","Pine Trees in Front of the Wall of the Asylum","1889","1024","779","0.8","https://uploads4.wikiart.org/images/vincent-van-gogh/pine-trees-in-front-of-the-wall-of-the-asylum-1889-1.jpg","1587_Pine_Trees_in_Front_of_the_Wall_of_the_A_1024x779.jpg","214339"
"1588","Vincent van Gogh","vincent-van-gogh","Pine Trees in Front of the Wall of the Asylum 4","1889","785","1024","0.8","https://uploads4.wikiart.org/images/vincent-van-gogh/pine-trees-in-front-of-the-wall-of-the-asylum-4-1889.jpg","1588_Pine_Trees_in_Front_of_the_Wall_of_the_A_785x1024.jpg","379227"
"1589","Vincent van Gogh","vincent-van-gogh","Pine Trees in the Garden of the Asylum","1889","712","1024","0.73","https://uploads4.wikiart.org/images/vincent-van-gogh/pine-trees-in-the-garden-of-the-asylum-1889.jpg","1589_Pine_Trees_in_the_Garden_of_the_Asylum_712x1024.jpg","289930"
"1590","Vincent van Gogh","vincent-van-gogh","Pine Trees near the Wall of the Asylum","1889","1024","827","0.85","https://uploads4.wikiart.org/images/vincent-van-gogh/pine-trees-near-the-wall-of-the-asylum-1889.jpg","1590_Pine_Trees_near_the_Wall_of_the_Asylum_1024x827.jpg","396580"
"1591","Vincent van Gogh","vincent-van-gogh","Pine Trees near the Wall of the Asylum","1889","605","1024","0.62","https://uploads6.wikiart.org/images/vincent-van-gogh/pine-trees-near-the-wall-of-the-asylum-1889-1.jpg","1591_Pine_Trees_near_the_Wall_of_the_Asylum_605x1024.jpg","139320"
"1592","Vincent van Gogh","vincent-van-gogh","Pine Trees near the Wall of the Asylum","1889","775","1024","0.79","https://uploads6.wikiart.org/images/vincent-van-gogh/pine-trees-near-the-wall-of-the-asylum-1889-2.jpg","1592_Pine_Trees_near_the_Wall_of_the_Asylum_775x1024.jpg","392636"
"1593","Vincent van Gogh","vincent-van-gogh","Pine Trees Seen against the Wall of the Asylum","1889","683","1024","0.7","https://uploads3.wikiart.org/images/vincent-van-gogh/pine-trees-seen-against-the-wall-of-the-asylum-1889.jpg","1593_Pine_Trees_Seen_against_the_Wall_of_the_683x1024.jpg","342515"
"1594","Vincent van Gogh","vincent-van-gogh","Pine Trees Seen against the Wall of the Asylum","1889","648","1024","0.66","https://uploads5.wikiart.org/images/vincent-van-gogh/pine-trees-seen-against-the-wall-of-the-asylum-1889-1.jpg","1594_Pine_Trees_Seen_against_the_Wall_of_the_648x1024.jpg","164842"
"1595","Vincent van Gogh","vincent-van-gogh","Pine Trees Seen against the Wall of the Asylum","1889","1024","696","0.71","https://uploads5.wikiart.org/images/vincent-van-gogh/pine-trees-seen-against-the-wall-of-the-asylum-1889-2.jpg","1595_Pine_Trees_Seen_against_the_Wall_of_the_1024x696.jpg","211416"
"1596","Vincent van Gogh","vincent-van-gogh","Pine Trees with Figure in the Garden of Saint-Paul Hospital","1889","867","1200","1.04","https://uploads7.wikiart.org/images/vincent-van-gogh/pine-trees-with-figure-in-the-garden-of-saint-paul-hospital-1889.jpg","1596_Pine_Trees_with_Figure_in_the_Garden_of_867x1200.jpg","608209"
"1597","Vincent van Gogh","vincent-van-gogh","Pollard Willows","1889","1226","1024","1.26","https://uploads8.wikiart.org/images/vincent-van-gogh/pollard-willows-1889.jpg","1597_Pollard_Willows_1226x1024.jpg","626894"
"1598","Vincent van Gogh","vincent-van-gogh","Portrait of a Patient in Saint-Paul Hospital","1889","1759","2498","4.39","https://uploads1.wikiart.org/images/vincent-van-gogh/portrait-of-a-patient-in-saint-paul-hospital-1889.jpg","1598_Portrait_of_a_Patient_in_Saint-Paul_Hosp_1759x2498.jpg","1387060"
"1599","Vincent van Gogh","vincent-van-gogh","Portrait of a Young Peasant","1889","1778","2174","3.87","https://uploads2.wikiart.org/images/vincent-van-gogh/portrait-of-a-young-peasant-1889.jpg","1599_Portrait_of_a_Young_Peasant_1778x2174.jpg","1260880"
"1600","Vincent van Gogh","vincent-van-gogh","Portrait of Dr. Felix Rey","1889","1767","2171","3.84","https://uploads8.wikiart.org/images/vincent-van-gogh/portrait-of-dr-felix-rey-1889.jpg","1600_Portrait_of_Dr._Felix_Rey_1767x2171.jpg","1138697"
"1601","Vincent van Gogh","vincent-van-gogh","Portrait of Madame Trabuc","1889","846","1158","0.98","https://uploads0.wikiart.org/images/vincent-van-gogh/portrait-of-madame-trabuc-1889.jpg","1601_Portrait_of_Madame_Trabuc_846x1158.jpg","244837"
"1602","Vincent van Gogh","vincent-van-gogh","Portrait of the postman Joseph Roulin","1889","1323","1572","2.08","https://uploads3.wikiart.org/images/vincent-van-gogh/portrait-of-the-postman-joseph-roulin-1889.jpg","1602_Portrait_of_the_postman_Joseph_Roulin_1323x1572.jpg","611885"
"1603","Vincent van Gogh","vincent-van-gogh","Portrait of the Postman Joseph Roulin","1889","1325","1552","2.06","https://uploads5.wikiart.org/images/vincent-van-gogh/portrait-of-the-postman-joseph-roulin-1889-1.jpg","1603_Portrait_of_the_Postman_Joseph_Roulin_1325x1552.jpg","626876"
"1604","Vincent van Gogh","vincent-van-gogh","Portrait of Trabuc, an Attendant at Saint-Paul Hospital","1889","2033","2715","5.52","https://uploads2.wikiart.org/images/vincent-van-gogh/portrait-of-trabuc-an-attendant-at-saint-paul-hospital-1889.jpg","1604_Portrait_of_Trabuc,_an_Attendant_at_Sain_2033x2715.jpg","1784991"
"1605","Vincent van Gogh","vincent-van-gogh","Reaper with Sickle (after Millet)","1889","1334","1761","2.35","https://uploads6.wikiart.org/images/vincent-van-gogh/reaper-with-sickle-after-millet-1889.jpg","1605_Reaper_with_Sickle_(after_Millet)_1334x1761.jpg","672456"
"1606","Vincent van Gogh","vincent-van-gogh","Rocky Ground at Montmajour","1889","1199","900","1.08","https://uploads5.wikiart.org/images/vincent-van-gogh/rocky-ground-at-montmajour.jpg","1606_Rocky_Ground_at_Montmajour_1199x900.jpg","156903"
"1607","Vincent van Gogh","vincent-van-gogh","Rosebush in Blossom","1889","1769","1367","2.42","https://uploads3.wikiart.org/images/vincent-van-gogh/rosebush-in-blossom-1889.jpg","1607_Rosebush_in_Blossom_1769x1367.jpg","752816"
"1608","Vincent van Gogh","vincent-van-gogh","Self Portrait","1889","1762","2251","3.97","https://uploads6.wikiart.org/images/vincent-van-gogh/self-portrait-1889.jpg","1608_Self_Portrait_1762x2251.jpg","1302366"
"1609","Vincent van Gogh","vincent-van-gogh","Self Portrait with Bandaged Ear","1889","1491","1849","2.76","https://uploads6.wikiart.org/images/vincent-van-gogh/self-portrait-with-bandaged-ear-1889.jpg","1609_Self_Portrait_with_Bandaged_Ear_1491x1849.jpg","903522"
"1610","Vincent van Gogh","vincent-van-gogh","Self Portrait with Pallette","1889","1604","2087","3.35","https://uploads2.wikiart.org/images/vincent-van-gogh/self-portrait-with-pallette-1889.jpg","1610_Self_Portrait_with_Pallette_1604x2087.jpg","984055"
"1611","Vincent van Gogh","vincent-van-gogh","Self-Portrait","1889","1024","1239","1.27","https://uploads8.wikiart.org/images/vincent-van-gogh/self-portrait-1889-1.jpg","1611_Self-Portrait_1024x1239.jpg","469927"
"1612","Vincent van Gogh","vincent-van-gogh","Self-portrait","1889","1256","1418","1.78","https://uploads8.wikiart.org/images/vincent-van-gogh/self-portrait-1889-2.jpg","1612_Self-portrait_1256x1418.jpg","208939"
"1613","Vincent van Gogh","vincent-van-gogh","Self-Portrait","1889","1256","1576","1.98","https://uploads8.wikiart.org/images/vincent-van-gogh/self-portrait-1889-3.jpg","1613_Self-Portrait_1256x1576.jpg","243924"
"1614","Vincent van Gogh","vincent-van-gogh","Self-portrait with bandaged ear","1889","2147","2428","5.21","https://uploads8.wikiart.org/images/vincent-van-gogh/self-portrait-with-bandaged-ear-1889-1.jpg","1614_Self-portrait_with_bandaged_ear_2147x2428.jpg","723874"
"1615","Vincent van Gogh","vincent-van-gogh","Sheaf-Binder, The after Millet","1889","1448","1986","2.88","https://uploads4.wikiart.org/images/vincent-van-gogh/sheaf-binder-the-after-millet-1889.jpg","1615_Sheaf-Binder,_The_after_Millet_1448x1986.jpg","946102"
"1616","Vincent van Gogh","vincent-van-gogh","Sheep-Shearers, The after Millet","1889","1351","1984","2.68","https://uploads6.wikiart.org/images/vincent-van-gogh/sheep-shearers-the-after-millet-1889.jpg","1616_Sheep-Shearers,_The_after_Millet_1351x1984.jpg","831044"
"1617","Vincent van Gogh","vincent-van-gogh","Snowy Landscape with Stooping Woman","1889","1221","1629","1.99","https://uploads5.wikiart.org/images/vincent-van-gogh/snowy-landscape-with-stooping-woman.jpg","1617_Snowy_Landscape_with_Stooping_Woman_1221x1629.jpg","1528929"
"1618","Vincent van Gogh","vincent-van-gogh","The Sower (after Millet)","1889","665","826","0.55","https://uploads5.wikiart.org/images/vincent-van-gogh/sower-after-millet-1889(1).jpg","1618_The_Sower_(after_Millet)_665x826.jpg","110397"
"1619","Vincent van Gogh","vincent-van-gogh","Still Life - Vase with Fourteen Sunflowers","1889","2138","2746","5.87","https://uploads6.wikiart.org/images/vincent-van-gogh/still-life-vase-with-fourteen-sunflowers-1889.jpg","1619_Still_Life_-_Vase_with_Fourteen_Sunflowe_2138x2746.jpg","833606"
"1620","Vincent van Gogh","vincent-van-gogh","Still Life - Vase with Twelve Sunflowers","1889","2289","3071","7.03","https://uploads8.wikiart.org/images/vincent-van-gogh/still-life-vase-with-twelve-sunflowers.jpg","1620_Still_Life_-_Vase_with_Twelve_Sunflowers_2289x3071.jpg","3185396"
"1621","Vincent van Gogh","vincent-van-gogh","Still Life Vase with Twelve Sunflowers","1889","1325","1706","2.26","https://uploads1.wikiart.org/images/vincent-van-gogh/still-life-vase-with-twelve-sunflowers-1.jpg","1621_Still_Life_Vase_with_Twelve_Sunflowers_1325x1706.jpg","648955"
"1622","Vincent van Gogh","vincent-van-gogh","Still Life with Drawing Board, Pipe, Onions and Sealing-Wax","1889","2739","2070","5.67","https://uploads5.wikiart.org/images/vincent-van-gogh/still-life-with-drawing-board-pipe-onions-and-sealing-wax-1889.jpg","1622_Still_Life_with_Drawing_Board,_Pipe,_Oni_2739x2070.jpg","5547867"
"1623","Vincent van Gogh","vincent-van-gogh","Still Life with Oranges and Lemons with Blue Gloves","1889","2024","1554","3.15","https://uploads8.wikiart.org/images/vincent-van-gogh/still-life-with-oranges-and-lemons-with-blue-gloves-1889.jpg","1623_Still_Life_with_Oranges_and_Lemons_with_2024x1554.jpg","1217691"
"1624","Vincent van Gogh","vincent-van-gogh","Stone Steps in the Garden of the Asylum","1889","871","1200","1.05","https://uploads5.wikiart.org/images/vincent-van-gogh/stone-steps-in-the-garden-of-the-asylum-1889.jpg","1624_Stone_Steps_in_the_Garden_of_the_Asylum_871x1200.jpg","843840"
"1625","Vincent van Gogh","vincent-van-gogh","Studies Figure The Enclosure Wall of Saint-Paul Hospital and Others","1889","1024","823","0.84","https://uploads6.wikiart.org/images/vincent-van-gogh/studies-figure-the-enclosure-wall-of-saint-paul-hospital-and-others-1889.jpg","1625_Studies_Figure_The_Enclosure_Wall_of_Sai_1024x823.jpg","251805"
"1626","Vincent van Gogh","vincent-van-gogh","Study of Pine Trees","1889","2721","2499","6.8","https://uploads6.wikiart.org/images/vincent-van-gogh/study-of-pine-trees-1889(1).jpg","1626_Study_of_Pine_Trees_2721x2499.jpg","6863350"
"1627","Vincent van Gogh","vincent-van-gogh","The Alpilles with Olive Trees in the Foreground","1889","1885","1514","2.85","https://uploads4.wikiart.org/images/vincent-van-gogh/the-alpilles-with-olive-trees-in-the-foreground-1889.jpg","1627_The_Alpilles_with_Olive_Trees_in_the_For_1885x1514.jpg","924540"
"1628","Vincent van Gogh","vincent-van-gogh","The Courtyard of the Hospital at Arles","1889","3085","2527","7.8","https://uploads7.wikiart.org/images/vincent-van-gogh/the-courtyard-of-the-hospital-at-arles-1889(1).jpg","1628_The_Courtyard_of_the_Hospital_at_Arles_3085x2527.jpg","6807323"
"1629","Vincent van Gogh","vincent-van-gogh","The Courtyard of the Hospital in Arles","1889","1280","977","1.25","https://uploads4.wikiart.org/images/vincent-van-gogh/the-courtyard-of-the-hospital-in-arles-1889.jpg","1629_The_Courtyard_of_the_Hospital_in_Arles_1280x977.jpg","609046"
"1630","Vincent van Gogh","vincent-van-gogh","The Entrance Hall of Saint-Paul Hospital","1889","1323","1762","2.33","https://uploads6.wikiart.org/images/vincent-van-gogh/the-entrance-hall-of-saint-paul-hospital-1889.jpg","1630_The_Entrance_Hall_of_Saint-Paul_Hospital_1323x1762.jpg","684540"
"1631","Vincent van Gogh","vincent-van-gogh","The Garden of Saint-Paul Hospital","1889","1778","1408","2.5","https://uploads8.wikiart.org/images/vincent-van-gogh/the-garden-of-saint-paul-hospital-1889.jpg","1631_The_Garden_of_Saint-Paul_Hospital_1778x1408.jpg","791553"
"1632","Vincent van Gogh","vincent-van-gogh","The Garden of Saint-Paul Hospital","1889","964","1280","1.23","https://uploads1.wikiart.org/images/vincent-van-gogh/the-garden-of-saint-paul-hospital-1889-1.jpg","1632_The_Garden_of_Saint-Paul_Hospital_964x1280.jpg","757779"
"1633","Vincent van Gogh","vincent-van-gogh","The Garden of Saint-Paul Hospital","1889","1576","1996","3.15","https://uploads1.wikiart.org/images/vincent-van-gogh/the-garden-of-saint-paul-hospital-1889-2.jpg","1633_The_Garden_of_Saint-Paul_Hospital_1576x1996.jpg","1301114"
"1634","Vincent van Gogh","vincent-van-gogh","The Garden of Saint-Paul Hospital with Figure","1889","1024","1201","1.23","https://uploads2.wikiart.org/images/vincent-van-gogh/the-garden-of-saint-paul-hospital-with-figure-1889.jpg","1634_The_Garden_of_Saint-Paul_Hospital_with_F_1024x1201.jpg","727610"
"1635","Vincent van Gogh","vincent-van-gogh","The Garden of St. Paul's Hospital at St. Remy","1889","1268","1024","1.3","https://uploads0.wikiart.org/images/vincent-van-gogh/the-garden-of-st-paul-s-hospital-at-st-remy-1889.jpg","1635_The_Garden_of_St._Paul's_Hospital_at_St_1268x1024.jpg","2006440"
"1636","Vincent van Gogh","vincent-van-gogh","The Green Wheatfield behind the Asylum","1889","1800","1421","2.56","https://uploads4.wikiart.org/images/vincent-van-gogh/the-green-wheatfield-behind-the-asylum-1889.jpg","1636_The_Green_Wheatfield_behind_the_Asylum_1800x1421.jpg","477875"
"1637","Vincent van Gogh","vincent-van-gogh","The Grounds of the Asylum","1889","1024","1268","1.3","https://uploads0.wikiart.org/images/vincent-van-gogh/the-grounds-of-the-asylum-1889.jpg","1637_The_Grounds_of_the_Asylum_1024x1268.jpg","2022174"
"1638","Vincent van Gogh","vincent-van-gogh","The gully Peiroulets","1889","1024","775","0.79","https://uploads4.wikiart.org/images/vincent-van-gogh/the-gully-peiroulets-1889.jpg","1638_The_gully_Peiroulets_1024x775.jpg","322691"
"1639","Vincent van Gogh","vincent-van-gogh","The gully Peiroulets","1889","1280","997","1.28","https://uploads6.wikiart.org/images/vincent-van-gogh/the-gully-peiroulets-1889-1.jpg","1639_The_gully_Peiroulets_1280x997.jpg","864160"
"1640","Vincent van Gogh","vincent-van-gogh","The Iris","1889","1003","1280","1.28","https://uploads1.wikiart.org/images/vincent-van-gogh/the-iris-1889.jpg","1640_The_Iris_1003x1280.jpg","856887"
"1641","Vincent van Gogh","vincent-van-gogh","The Man is at Sea (after Demont-Breton)","1889","1481","1916","2.84","https://uploads3.wikiart.org/images/vincent-van-gogh/the-man-is-at-sea-after-demont-breton-1889.jpg","1641_The_Man_is_at_Sea_(after_Demont-Breton)_1481x1916.jpg","893811"
"1642","Vincent van Gogh","vincent-van-gogh","The Park at Arles","1889","1771","1402","2.48","https://uploads1.wikiart.org/images/vincent-van-gogh/the-park-at-arles-1889.jpg","1642_The_Park_at_Arles_1771x1402.jpg","803455"
"1643","Vincent van Gogh","vincent-van-gogh","The ravine of the Peyroulets","1889","1266","1024","1.3","https://uploads3.wikiart.org/images/vincent-van-gogh/the-ravine-of-the-peyroulets-1889.jpg","1643_The_ravine_of_the_Peyroulets_1266x1024.jpg","1916769"
"1644","Vincent van Gogh","vincent-van-gogh","The Reaper","1889","943","757","0.71","https://uploads3.wikiart.org/images/vincent-van-gogh/the-reaper-1889.jpg","1644_The_Reaper_943x757.jpg","986699"
"1645","Vincent van Gogh","vincent-van-gogh","The Reaper after Millet","1889","1261","2269","2.86","https://uploads7.wikiart.org/images/vincent-van-gogh/the-reaper-after-millet-1889.jpg","1645_The_Reaper_after_Millet_1261x2269.jpg","931158"
"1646","Vincent van Gogh","vincent-van-gogh","The Shepherdess (after Millet)","1889","699","914","0.64","https://uploads3.wikiart.org/images/vincent-van-gogh/the-shepherdess-after-millet-1889.jpg","1646_The_Shepherdess_(after_Millet)_699x914.jpg","395914"
"1647","Vincent van Gogh","vincent-van-gogh","The Spinner (after Millet)","1889","1377","2258","3.11","https://uploads8.wikiart.org/images/vincent-van-gogh/the-spinner-after-millet-1889.jpg","1647_The_Spinner_(after_Millet)_1377x2258.jpg","942038"
"1648","Vincent van Gogh","vincent-van-gogh","The Starry Night","1889","2000","1594","3.19","https://uploads3.wikiart.org/00475/images/vincent-van-gogh/the-starry-night-1889.jpg","1648_The_Starry_Night_2000x1594.jpg","1903174"
"1649","Vincent van Gogh","vincent-van-gogh","The Starry Night","1889","2726","2055","5.6","https://uploads2.wikiart.org/images/vincent-van-gogh/the-starry-night-1889-1.jpg","1649_The_Starry_Night_2726x2055.jpg","1699780"
"1650","Vincent van Gogh","vincent-van-gogh","The Stone Bench in the Garden at Saint-Paul Hospital","1889","1180","1024","1.21","https://uploads0.wikiart.org/images/vincent-van-gogh/the-stone-bench-in-the-garden-at-saint-paul-hospital-1889.jpg","1650_The_Stone_Bench_in_the_Garden_at_Saint-P_1180x1024.jpg","749796"
"1651","Vincent van Gogh","vincent-van-gogh","The Thresher (after Millet)","1889","722","1200","0.87","https://uploads0.wikiart.org/images/vincent-van-gogh/the-thresher-after-millet-1889.jpg","1651_The_Thresher_(after_Millet)_722x1200.jpg","547668"
"1652","Vincent van Gogh","vincent-van-gogh","The Walk - Falling Leaves","1889","900","1120","1.01","https://uploads7.wikiart.org/images/vincent-van-gogh/the-walk-falling-leaves-1889.jpg","1652_The_Walk_-_Falling_Leaves_900x1120.jpg","572893"
"1653","Vincent van Gogh","vincent-van-gogh","Three Cicadas","1889","923","1024","0.95","https://uploads6.wikiart.org/images/vincent-van-gogh/three-cicadas-1889.jpg","1653_Three_Cicadas_923x1024.jpg","130630"
"1654","Vincent van Gogh","vincent-van-gogh","Tree with Ivy in the Asylum Garden","1889","786","1050","0.83","https://uploads0.wikiart.org/images/vincent-van-gogh/tree-with-ivy-in-the-asylum-garden-1889.jpg","1654_Tree_with_Ivy_in_the_Asylum_Garden_786x1050.jpg","937600"
"1655","Vincent van Gogh","vincent-van-gogh","Trees and Shrubs","1889","1024","796","0.82","https://uploads0.wikiart.org/images/vincent-van-gogh/trees-and-shrubs-1889.jpg","1655_Trees_and_Shrubs_1024x796.jpg","342340"
"1656","Vincent van Gogh","vincent-van-gogh","Trees and Shrubs","1889","750","570","0.43","https://uploads2.wikiart.org/images/vincent-van-gogh/trees-and-shrubs-1889-1.jpg","1656_Trees_and_Shrubs_750x570.jpg","147464"
"1657","Vincent van Gogh","vincent-van-gogh","Trees in the Asylum Garden","1889","846","1038","0.88","https://uploads1.wikiart.org/images/vincent-van-gogh/trees-in-the-asylum-garden-1889.jpg","1657_Trees_in_the_Asylum_Garden_846x1038.jpg","267925"
"1658","Vincent van Gogh","vincent-van-gogh","Trees in the Garden of the Asylum","1889","1024","795","0.81","https://uploads8.wikiart.org/images/vincent-van-gogh/trees-in-the-garden-of-the-asylum-1889.jpg","1658_Trees_in_the_Garden_of_the_Asylum_1024x795.jpg","392307"
"1659","Vincent van Gogh","vincent-van-gogh","Trees with Ivy","1889","750","981","0.74","https://uploads7.wikiart.org/images/vincent-van-gogh/trees-with-ivy-1889.jpg","1659_Trees_with_Ivy_750x981.jpg","210466"
"1660","Vincent van Gogh","vincent-van-gogh","Treetop Seen against the Wall of the Asylum","1889","747","1024","0.76","https://uploads0.wikiart.org/images/vincent-van-gogh/treetop-seen-against-the-wall-of-the-asylum-1889.jpg","1660_Treetop_Seen_against_the_Wall_of_the_Asy_747x1024.jpg","300892"
"1661","Vincent van Gogh","vincent-van-gogh","Trunks of Trees with Ivy","1889","1269","1024","1.3","https://uploads8.wikiart.org/images/vincent-van-gogh/trunks-of-trees-with-ivy-1889.jpg","1661_Trunks_of_Trees_with_Ivy_1269x1024.jpg","2065943"
"1662","Vincent van Gogh","vincent-van-gogh","Two Crabs","1889","527","371","0.2","https://uploads2.wikiart.org/images/vincent-van-gogh/two-crabs-1889.jpg","1662_Two_Crabs_527x371.jpg","64168"
"1663","Vincent van Gogh","vincent-van-gogh","Two Cypresses","1889","2064","2650","5.47","https://uploads6.wikiart.org/images/vincent-van-gogh/two-cypresses-1889.jpg","1663_Two_Cypresses_2064x2650.jpg","1572884"
"1664","Vincent van Gogh","vincent-van-gogh","Two Diggers Among Trees","1889","1576","1877","2.96","https://uploads7.wikiart.org/images/vincent-van-gogh/two-diggers-among-trees-1889.jpg","1664_Two_Diggers_Among_Trees_1576x1877.jpg","1225146"
"1665","Vincent van Gogh","vincent-van-gogh","Two Peasants Diging (after Millet)","1889","1267","1024","1.3","https://uploads7.wikiart.org/images/vincent-van-gogh/two-peasants-diging-after-millet-1889.jpg","1665_Two_Peasants_Diging_(after_Millet)_1267x1024.jpg","862176"
"1666","Vincent van Gogh","vincent-van-gogh","Two Pinetrees","1889","680","1024","0.7","https://uploads6.wikiart.org/images/vincent-van-gogh/two-pinetrees-1889.jpg","1666_Two_Pinetrees_680x1024.jpg","251713"
"1667","Vincent van Gogh","vincent-van-gogh","Two Poplars on a Hill","1889","970","1280","1.24","https://uploads5.wikiart.org/images/vincent-van-gogh/two-poplars-on-a-hill-1889.jpg","1667_Two_Poplars_on_a_Hill_970x1280.jpg","1836024"
"1668","Vincent van Gogh","vincent-van-gogh","Two Trees","1889","1024","820","0.84","https://uploads6.wikiart.org/images/vincent-van-gogh/two-trees.jpg","1668_Two_Trees_1024x820.jpg","305789"
"1669","Vincent van Gogh","vincent-van-gogh","Two White Butterflies","1889","1766","2146","3.79","https://uploads5.wikiart.org/images/vincent-van-gogh/two-white-butterflies-1889.jpg","1669_Two_White_Butterflies_1766x2146.jpg","1174789"
"1670","Vincent van Gogh","vincent-van-gogh","Undergrowth with Ivy","1889","1280","983","1.26","https://uploads4.wikiart.org/images/vincent-van-gogh/undergrowth-with-ivy-1889.jpg","1670_Undergrowth_with_Ivy_1280x983.jpg","745624"
"1671","Vincent van Gogh","vincent-van-gogh","Van Gogh's Chair","1889","1687","2202","3.71","https://uploads0.wikiart.org/images/vincent-van-gogh/van-gogh-s-chair-1889.jpg","1671_Van_Gogh's_Chair_1687x2202.jpg","640395"
"1672","Vincent van Gogh","vincent-van-gogh","View of the Church of Saint-Paul-de-Mausole","1889","1493","1120","1.67","https://uploads0.wikiart.org/images/vincent-van-gogh/view-of-the-church-of-saint-paul-de-mausole-1889.jpg","1672_View_of_the_Church_of_Saint-Paul-de-Maus_1493x1120.jpg","814251"
"1673","Vincent van Gogh","vincent-van-gogh","Vincent's Bedroom in Arles","1889","1280","975","1.25","https://uploads1.wikiart.org/images/vincent-van-gogh/vincent-s-bedroom-in-arles-1889.jpg","1673_Vincent's_Bedroom_in_Arles_1280x975.jpg","302584"
"1674","Vincent van Gogh","vincent-van-gogh","Vincent's Bedroom in Arles","1889","5000","3928","19.64","https://uploads7.wikiart.org/00213/images/vincent-van-gogh/adult-coloring-3840763.jpg","1674_Vincent's_Bedroom_in_Arles_5000x3928.jpg","6168819"
"1675","Vincent van Gogh","vincent-van-gogh","Ward in the Hospital at Arles","1889","1280","1014","1.3","https://uploads4.wikiart.org/images/vincent-van-gogh/ward-in-the-hospital-at-arles-1889.jpg","1675_Ward_in_the_Hospital_at_Arles_1280x1014.jpg","728318"
"1676","Vincent van Gogh","vincent-van-gogh","Wheat Field behind Saint Paul Hospital with a Reaper","1889","1063","902","0.96","https://uploads0.wikiart.org/images/vincent-van-gogh/wheat-field-behind-saint-paul-hospital-with-a-reaper-1889.jpg","1676_Wheat_Field_behind_Saint_Paul_Hospital_w_1063x902.jpg","558367"
"1677","Vincent van Gogh","vincent-van-gogh","Wheat Field behind Saint-Paul Hospital with a Reaper","1889","1280","930","1.19","https://uploads2.wikiart.org/images/vincent-van-gogh/wheat-field-behind-saint-paul-hospital-with-a-reaper-1889-1.jpg","1677_Wheat_Field_behind_Saint-Paul_Hospital_w_1280x930.jpg","801613"
"1678","Vincent van Gogh","vincent-van-gogh","Wheat Field in Rain","1889","1280","982","1.26","https://uploads3.wikiart.org/images/vincent-van-gogh/wheat-field-in-rain-1889.jpg","1678_Wheat_Field_in_Rain_1280x982.jpg","439765"
"1679","Vincent van Gogh","vincent-van-gogh","Wheat Field with Cypresses","1889","1016","811","0.82","https://uploads1.wikiart.org/images/vincent-van-gogh/wheat-field-with-cypresses-1889.jpg","1679_Wheat_Field_with_Cypresses_1016x811.jpg","611941"
"1680","Vincent van Gogh","vincent-van-gogh","Wheat Field with Cypresses at the Haude Galline near Eygalieres","1889","1066","811","0.86","https://uploads2.wikiart.org/images/vincent-van-gogh/wheat-field-with-cypresses-at-the-haude-galline-near-eygalieres-1889.jpg","1680_Wheat_Field_with_Cypresses_at_the_Haude_1066x811.jpg","510838"
"1681","Vincent van Gogh","vincent-van-gogh","Wheat Field with Cypresses at the Haude Galline near Eygalieres","1889","1280","1010","1.29","https://uploads4.wikiart.org/images/vincent-van-gogh/wheat-field-with-cypresses-at-the-haude-galline-near-eygalieres-1889-2.jpg","1681_Wheat_Field_with_Cypresses_at_the_Haude_1280x1010.jpg","696102"
"1682","Vincent van Gogh","vincent-van-gogh","Wheat Field with Reaper and Sun","1889","1280","1020","1.31","https://uploads6.wikiart.org/images/vincent-van-gogh/wheat-field-with-reaper-and-sun-1889.jpg","1682_Wheat_Field_with_Reaper_and_Sun_1280x1020.jpg","472983"
"1683","Vincent van Gogh","vincent-van-gogh","Wheat field with sun and cloud","1889","1239","1024","1.27","https://uploads5.wikiart.org/images/vincent-van-gogh/wheat-field-with-sun-and-cloud-1889.jpg","1683_Wheat_field_with_sun_and_cloud_1239x1024.jpg","391675"
"1684","Vincent van Gogh","vincent-van-gogh","Wheatfield with cypress tree","1889","2002","1578","3.16","https://uploads3.wikiart.org/images/vincent-van-gogh/wheatfield-with-cypress-tree-1889.jpg","1684_Wheatfield_with_cypress_tree_2002x1578.jpg","484004"
"1685","Vincent van Gogh","vincent-van-gogh","Wheatfield with Mountains in the Background","1889","1279","1024","1.31","https://uploads0.wikiart.org/images/vincent-van-gogh/wheatfield-with-mountains-in-the-background-1889.jpg","1685_Wheatfield_with_Mountains_in_the_Backgro_1279x1024.jpg","2018250"
"1686","Vincent van Gogh","vincent-van-gogh","Window of Vincent's Studio at the Asylum","1889","768","980","0.75","https://uploads6.wikiart.org/images/vincent-van-gogh/window-of-vincent-s-studio-at-the-asylum-1889.jpg","1686_Window_of_Vincent's_Studio_at_the_Asylum_768x980.jpg","703682"
"1687","Vincent van Gogh","vincent-van-gogh","Wooden Sheds","1889","1771","1330","2.36","https://uploads5.wikiart.org/images/vincent-van-gogh/wooden-sheds-1889.jpg","1687_Wooden_Sheds_1771x1330.jpg","769941"
"1688","Vincent van Gogh","vincent-van-gogh","Arums","1889","1180","900","1.06","https://uploads5.wikiart.org/images/vincent-van-gogh/arums(1).jpg","1688_Arums_1180x900.jpg","295326"
"1689","Vincent van Gogh","vincent-van-gogh","Barred Windows","1889","1024","782","0.8","https://uploads5.wikiart.org/images/vincent-van-gogh/barred-windows(1).jpg","1689_Barred_Windows_1024x782.jpg","138244"
"1690","Vincent van Gogh","vincent-van-gogh","Field with Bare Tree","1889","1024","705","0.72","https://uploads2.wikiart.org/images/vincent-van-gogh/field-with-bare-tree(1).jpg","1690_Field_with_Bare_Tree_1024x705.jpg","271648"
"1691","Vincent van Gogh","vincent-van-gogh","Wheat Field with Cypresses","1889","750","574","0.43","https://uploads5.wikiart.org/images/vincent-van-gogh/wheat-field-with-cypresses.jpg","1691_Wheat_Field_with_Cypresses_750x574.jpg","93806"
"1692","Vincent van Gogh","vincent-van-gogh","Cypresses (Sketch on a Letter to Theo Van Gogh)","1889","1024","447","0.46","https://uploads0.wikiart.org/images/vincent-van-gogh/cypresses(1).jpg","1692_Cypresses_(Sketch_on_a_Letter_to_Theo_Va_1024x447.jpg","190457"
"1693","Vincent van Gogh","vincent-van-gogh","Sketchbook","1889","541","1024","0.55","https://uploads7.wikiart.org/images/vincent-van-gogh/sketchbook.jpg","1693_Sketchbook_541x1024.jpg","74738"
"1694","Vincent van Gogh","vincent-van-gogh","Self-portrait with a Bandaged Ear and Pipe","1889","725","949","0.69","https://uploads0.wikiart.org/00473/images/vincent-van-gogh/vincent-van-gogh-1.png","1694_Self-portrait_with_a_Bandaged_Ear_and_Pi_725x949.png","2038963"
"1695","Vincent van Gogh","vincent-van-gogh","Vase with Pink Roses","1890","564","446","0.25","https://uploads8.wikiart.org/00289/images/vincent-van-gogh/vase-with-pink-roses-1890.jpg","1695_Vase_with_Pink_Roses_564x446.jpg","63483"
"1696","Vincent van Gogh","vincent-van-gogh","A Group of Cottages","1890","2153","1698","3.66","https://uploads6.wikiart.org/images/vincent-van-gogh/a-group-of-cottages-1890(1).jpg","1696_A_Group_of_Cottages_2153x1698.jpg","650145"
"1697","Vincent van Gogh","vincent-van-gogh","A House at Auvers","1890","635","1024","0.65","https://uploads4.wikiart.org/images/vincent-van-gogh/a-house-at-auvers-1890(1).jpg","1697_A_House_at_Auvers_635x1024.jpg","255407"
"1698","Vincent van Gogh","vincent-van-gogh","A Sower and a Man with a Spade","1890","828","1024","0.85","https://uploads8.wikiart.org/images/vincent-van-gogh/a-sower-and-a-man-with-a-spade-1890(1).jpg","1698_A_Sower_and_a_Man_with_a_Spade_828x1024.jpg","175146"
"1699","Vincent van Gogh","vincent-van-gogh","A Steamer with Several People","1890","1024","668","0.68","https://uploads7.wikiart.org/images/vincent-van-gogh/a-steamer-with-several-people-1890(1).jpg","1699_A_Steamer_with_Several_People_1024x668.jpg","176774"
"1700","Vincent van Gogh","vincent-van-gogh","A Vase of Roses","1890","852","1070","0.91","https://uploads2.wikiart.org/images/vincent-van-gogh/a-vase-of-roses-1890(1).jpg","1700_A_Vase_of_Roses_852x1070.jpg","842272"
"1701","Vincent van Gogh","vincent-van-gogh","A Woman Picking Up a Stick in Front of Trees","1890","645","1024","0.66","https://uploads4.wikiart.org/images/vincent-van-gogh/a-woman-picking-up-a-stick-in-front-of-trees-1890(1).jpg","1701_A_Woman_Picking_Up_a_Stick_in_Front_of_T_645x1024.jpg","270654"
"1702","Vincent van Gogh","vincent-van-gogh","Auvers Town Hall in 14 July 1890","1890","2024","1595","3.23","https://uploads1.wikiart.org/images/vincent-van-gogh/auvers-town-hall-in-14-july-1890-1890(1).jpg","1702_Auvers_Town_Hall_in_14_July_1890_2024x1595.jpg","753778"
"1703","Vincent van Gogh","vincent-van-gogh","Blossoming Acacia Branches","1890","836","1200","1","https://uploads4.wikiart.org/images/vincent-van-gogh/blossoming-acacia-branches-1890(1).jpg","1703_Blossoming_Acacia_Branches_836x1200.jpg","550582"
"1704","Vincent van Gogh","vincent-van-gogh","Blossoming Chestnut Branches","1890","1280","1023","1.31","https://uploads6.wikiart.org/images/vincent-van-gogh/blossoming-chestnut-branches-1890(1).jpg","1704_Blossoming_Chestnut_Branches_1280x1023.jpg","1130160"
"1705","Vincent van Gogh","vincent-van-gogh","Branches with Almond Blossom","1890","1200","879","1.05","https://uploads6.wikiart.org/images/vincent-van-gogh/branches-with-almond-blossom-1890(1).jpg","1705_Branches_with_Almond_Blossom_1200x879.jpg","308034"
"1706","Vincent van Gogh","vincent-van-gogh","Can, Books, Wineglass, Bread and Arum Sketch of Two Women and a Girl","1890","634","1024","0.65","https://uploads7.wikiart.org/images/vincent-van-gogh/can-books-wineglass-bread-and-arum-sketch-of-two-women-and-a-girl-1890(1).jpg","1706_Can,_Books,_Wineglass,_Bread_and_Arum_Sk_634x1024.jpg","140559"
"1707","Vincent van Gogh","vincent-van-gogh","Chestnut Tree in Blossom","1890","1765","2257","3.98","https://uploads2.wikiart.org/images/vincent-van-gogh/chestnut-tree-in-blossom-1890(1).jpg","1707_Chestnut_Tree_in_Blossom_1765x2257.jpg","1310182"
"1708","Vincent van Gogh","vincent-van-gogh","Chestnut Trees in Blossom","1890","1576","1888","2.98","https://uploads3.wikiart.org/images/vincent-van-gogh/chestnut-trees-in-blossom-1890(1).jpg","1708_Chestnut_Trees_in_Blossom_1576x1888.jpg","1349735"
"1709","Vincent van Gogh","vincent-van-gogh","Child and Woman Pouring Coffee","1890","977","1024","1","https://uploads8.wikiart.org/images/vincent-van-gogh/child-and-woman-pouring-coffee-1890(1).jpg","1709_Child_and_Woman_Pouring_Coffee_977x1024.jpg","311622"
"1710","Vincent van Gogh","vincent-van-gogh","Child with Orange","1890","999","1024","1.02","https://uploads4.wikiart.org/images/vincent-van-gogh/child-with-orange-1890(1).jpg","1710_Child_with_Orange_999x1024.jpg","454520"
"1711","Vincent van Gogh","vincent-van-gogh","Cottages and Cypresses: Reminiscence of the North","1890","2024","1618","3.27","https://uploads8.wikiart.org/images/vincent-van-gogh/cottages-and-cypresses-reminiscence-of-the-north-1890(1).jpg","1711_Cottages_and_Cypresses_Reminiscence_of_t_2024x1618.jpg","1427383"
"1712","Vincent van Gogh","vincent-van-gogh","Cottages and Trees","1890","776","1024","0.79","https://uploads5.wikiart.org/images/vincent-van-gogh/cottages-and-trees-1890(1).jpg","1712_Cottages_and_Trees_776x1024.jpg","319796"
"1713","Vincent van Gogh","vincent-van-gogh","Cottages Reminiscence of the North","1890","1138","1229","1.4","https://uploads3.wikiart.org/images/vincent-van-gogh/cottages-reminiscence-of-the-north-1890(1).jpg","1713_Cottages_Reminiscence_of_the_North_1138x1229.jpg","437252"
"1714","Vincent van Gogh","vincent-van-gogh","Cottages with a Woman Working in the Foreground","1890","1024","805","0.82","https://uploads7.wikiart.org/images/vincent-van-gogh/cottages-with-a-woman-working-in-the-foreground-1890(1).jpg","1714_Cottages_with_a_Woman_Working_in_the_For_1024x805.jpg","205462"
"1715","Vincent van Gogh","vincent-van-gogh","Cottages with a Woman Working in the Foreground","1890","2504","1905","4.77","https://uploads0.wikiart.org/images/vincent-van-gogh/cottages-with-a-woman-working-in-the-foreground-1890-1(1).jpg","1715_Cottages_with_a_Woman_Working_in_the_For_2504x1905.jpg","3874634"
"1716","Vincent van Gogh","vincent-van-gogh","Cottages with Thatched Roofs and Figures","1890","1024","772","0.79","https://uploads0.wikiart.org/images/vincent-van-gogh/cottages-with-thatched-roofs-and-figures-1890(1).jpg","1716_Cottages_with_Thatched_Roofs_and_Figures_1024x772.jpg","411794"
"1717","Vincent van Gogh","vincent-van-gogh","Cottages with Three Figures","1890","1024","779","0.8","https://uploads5.wikiart.org/images/vincent-van-gogh/cottages-with-three-figures-1890(1).jpg","1717_Cottages_with_Three_Figures_1024x779.jpg","177916"
"1718","Vincent van Gogh","vincent-van-gogh","Country Road","1890","1927","1343","2.59","https://uploads8.wikiart.org/images/vincent-van-gogh/country-road-1890(1).jpg","1718_Country_Road_1927x1343.jpg","816851"
"1719","Vincent van Gogh","vincent-van-gogh","Couple Arm in Arm and Other Figures, with a Windmill in the Background","1890","1024","995","1.02","https://uploads2.wikiart.org/images/vincent-van-gogh/couple-arm-in-arm-and-other-figures-with-a-windmill-in-the-background-1890(1).jpg","1719_Couple_Arm_in_Arm_and_Other_Figures,_wit_1024x995.jpg","243720"
"1720","Vincent van Gogh","vincent-van-gogh","Couple Walking Arm in Arm with a Child in the Rain","1890","1024","1001","1.03","https://uploads1.wikiart.org/images/vincent-van-gogh/couple-walking-arm-in-arm-with-a-child-in-the-rain-1890(1).jpg","1720_Couple_Walking_Arm_in_Arm_with_a_Child_i_1024x1001.jpg","284493"
"1721","Vincent van Gogh","vincent-van-gogh","Couple Walking between Rows of Trees","1890","1024","508","0.52","https://uploads5.wikiart.org/images/vincent-van-gogh/couple-walking-between-rows-of-trees-1890(1).jpg","1721_Couple_Walking_between_Rows_of_Trees_1024x508.jpg","234764"
"1722","Vincent van Gogh","vincent-van-gogh","Cows","1890","2024","1693","3.43","https://uploads0.wikiart.org/images/vincent-van-gogh/cows-1890(1).jpg","1722_Cows_2024x1693.jpg","986952"
"1723","Vincent van Gogh","vincent-van-gogh","Cypresses and Two Women","1890","1382","2250","3.11","https://uploads1.wikiart.org/images/vincent-van-gogh/cypresses-and-two-women-1890(1).jpg","1723_Cypresses_and_Two_Women_1382x2250.jpg","899873"
"1724","Vincent van Gogh","vincent-van-gogh","Cypresses with Four People Working in the Field","1890","759","1024","0.78","https://uploads7.wikiart.org/images/vincent-van-gogh/cypresses-with-four-people-working-in-the-field-1890(1).jpg","1724_Cypresses_with_Four_People_Working_in_th_759x1024.jpg","216868"
"1725","Vincent van Gogh","vincent-van-gogh","Daubigny's Garden","1890","1280","712","0.91","https://uploads4.wikiart.org/images/vincent-van-gogh/daubigny-s-garden-1890(1).jpg","1725_Daubigny's_Garden_1280x712.jpg","1468118"
"1726","Vincent van Gogh","vincent-van-gogh","Daubigny's Garden","1890","1077","1055","1.14","https://uploads6.wikiart.org/images/vincent-van-gogh/daubigny-s-garden-1890-1(1).jpg","1726_Daubigny's_Garden_1077x1055.jpg","719982"
"1727","Vincent van Gogh","vincent-van-gogh","Daubigny's Garden","1890","1280","658","0.84","https://uploads6.wikiart.org/images/vincent-van-gogh/daubigny-s-garden-1890-2(1).jpg","1727_Daubigny's_Garden_1280x658.jpg","1362079"
"1728","Vincent van Gogh","vincent-van-gogh","Daubigny's Garden with Black Cat","1890","1024","861","0.88","https://uploads1.wikiart.org/images/vincent-van-gogh/daubigny-s-garden-with-black-cat-1890(1).jpg","1728_Daubigny's_Garden_with_Black_Cat_1024x861.jpg","395133"
"1729","Vincent van Gogh","vincent-van-gogh","Dead Leaf and Pod","1890","1024","760","0.78","https://uploads4.wikiart.org/images/vincent-van-gogh/dead-leaf-and-pod-1890(1).jpg","1729_Dead_Leaf_and_Pod_1024x760.jpg","168769"
"1730","Vincent van Gogh","vincent-van-gogh","Diggers and Road with Cottages","1890","1024","755","0.77","https://uploads8.wikiart.org/images/vincent-van-gogh/diggers-and-road-with-cottages-1890(1).jpg","1730_Diggers_and_Road_with_Cottages_1024x755.jpg","163184"
"1731","Vincent van Gogh","vincent-van-gogh","Doctor Gachet Sitting at a Table with Books and a Glass with Sprigs of Foxglove","1890","574","1024","0.59","https://uploads3.wikiart.org/images/vincent-van-gogh/doctor-gachet-sitting-at-a-table-with-books-and-a-glass-with-sprigs-of-foxglove-1890(1).jpg","1731_Doctor_Gachet_Sitting_at_a_Table_with_Bo_574x1024.jpg","184124"
"1732","Vincent van Gogh","vincent-van-gogh","Dr. Paul Gachet","1890","2211","2727","6.03","https://uploads1.wikiart.org/images/vincent-van-gogh/dr-paul-gachet-1890(1).jpg","1732_Dr._Paul_Gachet_2211x2727.jpg","1744478"
"1733","Vincent van Gogh","vincent-van-gogh","Ears of Wheat","1890","865","1225","1.06","https://uploads0.wikiart.org/images/vincent-van-gogh/ears-of-wheat-1890(1).jpg","1733_Ears_of_Wheat_865x1225.jpg","347238"
"1734","Vincent van Gogh","vincent-van-gogh","Farmhouse with Two Figures","1890","1270","1024","1.3","https://uploads4.wikiart.org/images/vincent-van-gogh/farmhouse-with-two-figures-1890(1).jpg","1734_Farmhouse_with_Two_Figures_1270x1024.jpg","705469"
"1735","Vincent van Gogh","vincent-van-gogh","Field with a Sower","1890","1024","772","0.79","https://uploads5.wikiart.org/images/vincent-van-gogh/field-with-a-sower-1890(1).jpg","1735_Field_with_a_Sower_1024x772.jpg","214330"
"1736","Vincent van Gogh","vincent-van-gogh","Field with Poppies","1890","1773","1401","2.48","https://uploads5.wikiart.org/images/vincent-van-gogh/field-with-poppies-1890(1).jpg","1736_Field_with_Poppies_1773x1401.jpg","733979"
"1737","Vincent van Gogh","vincent-van-gogh","Field with Stacks of Wheat","1890","1280","638","0.82","https://uploads4.wikiart.org/images/vincent-van-gogh/field-with-stacks-of-wheat-1890(1).jpg","1737_Field_with_Stacks_of_Wheat_1280x638.jpg","1391326"
"1738","Vincent van Gogh","vincent-van-gogh","Field with Two Sowers and Trees","1890","809","1024","0.83","https://uploads0.wikiart.org/images/vincent-van-gogh/field-with-two-sowers-and-trees-1890(1).jpg","1738_Field_with_Two_Sowers_and_Trees_809x1024.jpg","220729"
"1739","Vincent van Gogh","vincent-van-gogh","First Steps (after Millet)","1890","1280","1023","1.31","https://uploads2.wikiart.org/images/vincent-van-gogh/first-steps-after-millet-1890(1).jpg","1739_First_Steps_(after_Millet)_1280x1023.jpg","328362"
"1740","Vincent van Gogh","vincent-van-gogh","Four Men on a Road with Pine Trees","1890","1024","814","0.83","https://uploads3.wikiart.org/images/vincent-van-gogh/four-men-on-a-road-with-pine-trees-1890(1).jpg","1740_Four_Men_on_a_Road_with_Pine_Trees_1024x814.jpg","321153"
"1741","Vincent van Gogh","vincent-van-gogh","Garden in Auvers","1890","1335","1047","1.4","https://uploads3.wikiart.org/images/vincent-van-gogh/garden-in-auvers-1890(1).jpg","1741_Garden_in_Auvers_1335x1047.jpg","415177"
"1742","Vincent van Gogh","vincent-van-gogh","Girl with Straw Hat, Sitting in the Wheat","1890","669","1024","0.69","https://uploads0.wikiart.org/images/vincent-van-gogh/girl-with-straw-hat-sitting-in-the-wheat-1890(1).jpg","1742_Girl_with_Straw_Hat,_Sitting_in_the_Whea_669x1024.jpg","281709"
"1743","Vincent van Gogh","vincent-van-gogh","Green Wheat Fields","1890","1280","1018","1.3","https://uploads5.wikiart.org/images/vincent-van-gogh/green-wheat-fields-1890(1).jpg","1743_Green_Wheat_Fields_1280x1018.jpg","704172"
"1744","Vincent van Gogh","vincent-van-gogh","Haystack under a Rainy Sky","1890","1576","1883","2.97","https://uploads4.wikiart.org/images/vincent-van-gogh/haystack-under-a-rainy-sky-1890(1).jpg","1744_Haystack_under_a_Rainy_Sky_1576x1883.jpg","1172068"
"1745","Vincent van Gogh","vincent-van-gogh","Head of a Boy with Broad-Brimmed Hat","1890","630","1024","0.65","https://uploads5.wikiart.org/images/vincent-van-gogh/head-of-a-boy-with-broad-brimmed-hat-1890(1).jpg","1745_Head_of_a_Boy_with_Broad-Brimmed_Hat_630x1024.jpg","126502"
"1746","Vincent van Gogh","vincent-van-gogh","Head of a Man with a Hat, a Perspective Frame, and Other Sketches","1890","980","1231","1.21","https://uploads5.wikiart.org/images/vincent-van-gogh/head-of-a-man-with-a-hat-a-perspective-frame-and-other-sketches-1890(1).jpg","1746_Head_of_a_Man_with_a_Hat,_a_Perspective_980x1231.jpg","372444"
"1747","Vincent van Gogh","vincent-van-gogh","Hind Legs of a Horse","1890","654","1024","0.67","https://uploads4.wikiart.org/images/vincent-van-gogh/hind-legs-of-a-horse-1890.jpg","1747_Hind_Legs_of_a_Horse_654x1024.jpg","120541"
"1748","Vincent van Gogh","vincent-van-gogh","Horse and Carriage","1890","674","1024","0.69","https://uploads2.wikiart.org/images/vincent-van-gogh/horse-and-carriage-1890.jpg","1748_Horse_and_Carriage_674x1024.jpg","147073"
"1749","Vincent van Gogh","vincent-van-gogh","Houses among Trees","1890","1024","805","0.82","https://uploads2.wikiart.org/images/vincent-van-gogh/houses-among-trees-1890.jpg","1749_Houses_among_Trees_1024x805.jpg","258173"
"1750","Vincent van Gogh","vincent-van-gogh","Houses among Trees with a Figure","1890","1024","793","0.81","https://uploads7.wikiart.org/images/vincent-van-gogh/houses-among-trees-with-a-figure-1890.jpg","1750_Houses_among_Trees_with_a_Figure_1024x793.jpg","431594"
"1751","Vincent van Gogh","vincent-van-gogh","Houses in Auvers","1890","1149","1024","1.18","https://uploads0.wikiart.org/images/vincent-van-gogh/houses-in-auvers-1890.jpg","1751_Houses_in_Auvers_1149x1024.jpg","789177"
"1752","Vincent van Gogh","vincent-van-gogh","Houses in Auvers 2","1890","1024","1245","1.27","https://uploads2.wikiart.org/images/vincent-van-gogh/houses-in-auvers-2-1890.jpg","1752_Houses_in_Auvers_2_1024x1245.jpg","734055"
"1753","Vincent van Gogh","vincent-van-gogh","Houses with Thatched Roofs, Cordeville","1890","1280","1014","1.3","https://uploads3.wikiart.org/images/vincent-van-gogh/houses-with-thatched-roofs-cordeville-1890.jpg","1753_Houses_with_Thatched_Roofs,_Cordeville_1280x1014.jpg","525245"
"1754","Vincent van Gogh","vincent-van-gogh","Interior of a Farm with Figures at the Fireside","1890","1024","722","0.74","https://uploads4.wikiart.org/images/vincent-van-gogh/interior-of-a-farm-with-figures-at-the-fireside-1890.jpg","1754_Interior_of_a_Farm_with_Figures_at_the_F_1024x722.jpg","229868"
"1755","Vincent van Gogh","vincent-van-gogh","Interior of a Farm with Two Figures","1890","1024","769","0.79","https://uploads1.wikiart.org/images/vincent-van-gogh/interior-of-a-farm-with-two-figures-1890.jpg","1755_Interior_of_a_Farm_with_Two_Figures_1024x769.jpg","256104"
"1756","Vincent van Gogh","vincent-van-gogh","Japanese Vase with Roses and Anemones","1890","2739","2781","7.62","https://uploads6.wikiart.org/images/vincent-van-gogh/japanese-vase-with-roses-and-anemones-1890(1).jpg","1756_Japanese_Vase_with_Roses_and_Anemones_2739x2781.jpg","7336459"
"1757","Vincent van Gogh","vincent-van-gogh","Lady with Checked Dress and Hat","1890","623","1024","0.64","https://uploads6.wikiart.org/images/vincent-van-gogh/lady-with-checked-dress-and-hat-1890.jpg","1757_Lady_with_Checked_Dress_and_Hat_623x1024.jpg","117463"
"1758","Vincent van Gogh","vincent-van-gogh","Landscape in the Rain","1890","984","488","0.48","https://uploads5.wikiart.org/images/vincent-van-gogh/landscape-in-the-rain-1890.jpg","1758_Landscape_in_the_Rain_984x488.jpg","713222"
"1759","Vincent van Gogh","vincent-van-gogh","Landscape with Bridge across the Oise","1890","2513","1936","4.87","https://uploads3.wikiart.org/images/vincent-van-gogh/landscape-with-bridge-across-the-oise-1890.jpg","1759_Landscape_with_Bridge_across_the_Oise_2513x1936.jpg","3989208"
"1760","Vincent van Gogh","vincent-van-gogh","Landscape with Carriage and Train","1890","2164","1675","3.62","https://uploads8.wikiart.org/images/vincent-van-gogh/landscape-with-carriage-and-train-1890.jpg","1760_Landscape_with_Carriage_and_Train_2164x1675.jpg","683367"
"1761","Vincent van Gogh","vincent-van-gogh","Landscape with Cottages","1890","1024","800","0.82","https://uploads7.wikiart.org/images/vincent-van-gogh/landscape-with-cottages-1890.jpg","1761_Landscape_with_Cottages_1024x800.jpg","256326"
"1762","Vincent van Gogh","vincent-van-gogh","Landscape with Couple Walking and Crescent Moon","1890","2628","2970","7.81","https://uploads7.wikiart.org/images/vincent-van-gogh/landscape-with-couple-walking-and-crescent-moon-1890(1).jpg","1762_Landscape_with_Couple_Walking_and_Cresce_2628x2970.jpg","6355177"
"1763","Vincent van Gogh","vincent-van-gogh","Landscape with Houses among Trees and a Figure","1890","1024","784","0.8","https://uploads3.wikiart.org/images/vincent-van-gogh/landscape-with-houses-among-trees-and-a-figure-1890.jpg","1763_Landscape_with_Houses_among_Trees_and_a_1024x784.jpg","333179"
"1764","Vincent van Gogh","vincent-van-gogh","Landscape with the Chateau of Auvers at Sunset","1890","2733","1313","3.59","https://uploads3.wikiart.org/images/vincent-van-gogh/landscape-with-the-chateau-of-auvers-at-sunset-1890.jpg","1764_Landscape_with_the_Chateau_of_Auvers_at_2733x1313.jpg","1125829"
"1765","Vincent van Gogh","vincent-van-gogh","Landscape with the Oise","1890","1024","790","0.81","https://uploads7.wikiart.org/images/vincent-van-gogh/landscape-with-the-oise-1890.jpg","1765_Landscape_with_the_Oise_1024x790.jpg","307219"
"1766","Vincent van Gogh","vincent-van-gogh","Landscape with the Oise","1890","1024","786","0.8","https://uploads0.wikiart.org/images/vincent-van-gogh/landscape-with-the-oise-1890-1.jpg","1766_Landscape_with_the_Oise_1024x786.jpg","355596"
"1767","Vincent van Gogh","vincent-van-gogh","Landscape with Three Trees and a House","1890","2024","1682","3.4","https://uploads4.wikiart.org/images/vincent-van-gogh/landscape-with-three-trees-and-a-house-1890.jpg","1767_Landscape_with_Three_Trees_and_a_House_2024x1682.jpg","1448569"
"1768","Vincent van Gogh","vincent-van-gogh","L'Arlesienne, Portrait of Madame Ginoux","1890","900","1172","1.05","https://uploads4.wikiart.org/images/vincent-van-gogh/l-arlesienne-portrait-of-madame-ginoux-1890.jpg","1768_L'Arlesienne,_Portrait_of_Madame_Ginoux_900x1172.jpg","1258376"
"1769","Vincent van Gogh","vincent-van-gogh","L'Arlesienne, Portrait of Madame Ginoux","1890","1024","1249","1.28","https://uploads6.wikiart.org/images/vincent-van-gogh/l-arlesienne-portrait-of-madame-ginoux-1890-1.jpg","1769_L'Arlesienne,_Portrait_of_Madame_Ginoux_1024x1249.jpg","1559302"
"1770","Vincent van Gogh","vincent-van-gogh","Little Stream Surrounded by Bushes","1890","1024","771","0.79","https://uploads0.wikiart.org/images/vincent-van-gogh/little-stream-surrounded-by-bushes-1890.jpg","1770_Little_Stream_Surrounded_by_Bushes_1024x771.jpg","176154"
"1771","Vincent van Gogh","vincent-van-gogh","Mademoiselle Gachet at the Piano","1890","690","1024","0.71","https://uploads7.wikiart.org/images/vincent-van-gogh/mademoiselle-gachet-at-the-piano-1890.jpg","1771_Mademoiselle_Gachet_at_the_Piano_690x1024.jpg","270511"
"1772","Vincent van Gogh","vincent-van-gogh","Mademoiselle Gachet in her garden at Auvers-sur-Oise","1890","1063","879","0.93","https://uploads0.wikiart.org/images/vincent-van-gogh/mademoiselle-gachet-in-her-garden-at-auvers-sur-oise-1890.jpg","1772_Mademoiselle_Gachet_in_her_garden_at_Auv_1063x879.jpg","463095"
"1773","Vincent van Gogh","vincent-van-gogh","Man with Scythe in Wheat Field","1890","787","1024","0.81","https://uploads5.wikiart.org/images/vincent-van-gogh/man-with-scythe-in-wheat-field-1890.jpg","1773_Man_with_Scythe_in_Wheat_Field_787x1024.jpg","270342"
"1774","Vincent van Gogh","vincent-van-gogh","Mantelpiece with Chair","1890","776","1024","0.79","https://uploads6.wikiart.org/images/vincent-van-gogh/mantelpiece-with-chair-1890.jpg","1774_Mantelpiece_with_Chair_776x1024.jpg","168940"
"1775","Vincent van Gogh","vincent-van-gogh","Marguerite Gachet at the Piano","1890","602","1024","0.62","https://uploads5.wikiart.org/images/vincent-van-gogh/marguerite-gachet-at-the-piano-1890.jpg","1775_Marguerite_Gachet_at_the_Piano_602x1024.jpg","281193"
"1776","Vincent van Gogh","vincent-van-gogh","Marguerite Gachet at the Piano","1890","1684","3573","6.02","https://uploads7.wikiart.org/images/vincent-van-gogh/marguerite-gachet-at-the-piano-1890-1.jpg","1776_Marguerite_Gachet_at_the_Piano_1684x3573.jpg","1941303"
"1777","Vincent van Gogh","vincent-van-gogh","Meadow in the Garden of Saint-Paul Hospital","1890","1273","1024","1.3","https://uploads0.wikiart.org/images/vincent-van-gogh/meadow-in-the-garden-of-saint-paul-hospital-1890.jpg","1777_Meadow_in_the_Garden_of_Saint-Paul_Hospi_1273x1024.jpg","1051859"
"1778","Vincent van Gogh","vincent-van-gogh","Men in Front of the Counter in a Cafe","1890","1024","663","0.68","https://uploads3.wikiart.org/images/vincent-van-gogh/men-in-front-of-the-counter-in-a-cafe-1890.jpg","1778_Men_in_Front_of_the_Counter_in_a_Cafe_1024x663.jpg","264483"
"1779","Vincent van Gogh","vincent-van-gogh","Morning, Going to Work","1890","710","563","0.4","https://uploads5.wikiart.org/images/vincent-van-gogh/morning-going-to-work-1890.jpg","1779_Morning,_Going_to_Work_710x563.jpg","57997"
"1780","Vincent van Gogh","vincent-van-gogh","Old Man in Sorrow (On the Threshold of Eternity)","1890","2154","2716","5.85","https://uploads3.wikiart.org/images/vincent-van-gogh/old-man-in-sorrow-on-the-threshold-of-eternity-1890.jpg","1780_Old_Man_in_Sorrow_(On_the_Threshold_of_E_2154x2716.jpg","1838253"
"1781","Vincent van Gogh","vincent-van-gogh","Old Vineyard with Peasant Woman","1890","1235","1024","1.26","https://uploads6.wikiart.org/images/vincent-van-gogh/old-vineyard-with-peasant-woman-1890.jpg","1781_Old_Vineyard_with_Peasant_Woman_1235x1024.jpg","301759"
"1782","Vincent van Gogh","vincent-van-gogh","Peasant Digging","1890","869","1024","0.89","https://uploads8.wikiart.org/images/vincent-van-gogh/peasant-digging-1890.jpg","1782_Peasant_Digging_869x1024.jpg","308702"
"1783","Vincent van Gogh","vincent-van-gogh","Peasant Woman Digging","1890","1024","868","0.89","https://uploads5.wikiart.org/images/vincent-van-gogh/peasant-woman-digging-1890.jpg","1783_Peasant_Woman_Digging_1024x868.jpg","328378"
"1784","Vincent van Gogh","vincent-van-gogh","Peasants Lifting Potatoes","1890","1526","1227","1.87","https://uploads0.wikiart.org/images/vincent-van-gogh/peasants-lifting-potatoes-1890.jpg","1784_Peasants_Lifting_Potatoes_1526x1227.jpg","562690"
"1785","Vincent van Gogh","vincent-van-gogh","People Walking in Front of Snow-Covered Cottage","1890","1024","774","0.79","https://uploads4.wikiart.org/images/vincent-van-gogh/people-walking-in-front-of-snow-covered-cottage-1890.jpg","1785_People_Walking_in_Front_of_Snow-Covered_1024x774.jpg","226937"
"1786","Vincent van Gogh","vincent-van-gogh","People Walking in Front of Snow-Covered Cottage","1890","1024","789","0.81","https://uploads6.wikiart.org/images/vincent-van-gogh/people-walking-in-front-of-snow-covered-cottage-2-1890.jpg","1786_People_Walking_in_Front_of_Snow-Covered_1024x789.jpg","269487"
"1787","Vincent van Gogh","vincent-van-gogh","Plain near Auvers","1890","648","462","0.3","https://uploads1.wikiart.org/images/vincent-van-gogh/plain-near-auvers-1890.jpg","1787_Plain_near_Auvers_648x462.jpg","133106"
"1788","Vincent van Gogh","vincent-van-gogh","Poppies and Butterflies","1890","914","1280","1.17","https://uploads7.wikiart.org/images/vincent-van-gogh/poppies-and-butterflies-1890.jpg","1788_Poppies_and_Butterflies_914x1280.jpg","589294"
"1789","Vincent van Gogh","vincent-van-gogh","Portrait of Adeline Ravoux","1890","2062","2513","5.18","https://uploads1.wikiart.org/images/vincent-van-gogh/portrait-of-adeline-ravoux-1890.jpg","1789_Portrait_of_Adeline_Ravoux_2062x2513.jpg","1499722"
"1790","Vincent van Gogh","vincent-van-gogh","Portrait of Adeline Ravoux","1890","430","600","0.26","https://uploads0.wikiart.org/00125/images/vincent-van-gogh/adeline-ravoux.JPG","1790_Portrait_of_Adeline_Ravoux_430x600.JPG","216688"
"1791","Vincent van Gogh","vincent-van-gogh","Portrait of Adeline Ravoux","1890","1538","1490","2.29","https://uploads3.wikiart.org/images/vincent-van-gogh/portrait-of-adeline-ravoux-1890-2.jpg","1791_Portrait_of_Adeline_Ravoux_1538x1490.jpg","701754"
"1792","Vincent van Gogh","vincent-van-gogh","Portrait of Doctor Gachet","1890","767","902","0.69","https://uploads0.wikiart.org/images/vincent-van-gogh/portrait-of-doctor-gachet-1890.jpg","1792_Portrait_of_Doctor_Gachet_767x902.jpg","778533"
"1793","Vincent van Gogh","vincent-van-gogh","Portrait of Doctor Gachet (A man with pipe)","1890","1024","1019","1.04","https://uploads7.wikiart.org/images/vincent-van-gogh/portrait-of-doctor-gachet-a-man-with-pipe-1890.jpg","1793_Portrait_of_Doctor_Gachet_(A_man_with_pi_1024x1019.jpg","403123"
"1794","Vincent van Gogh","vincent-van-gogh","Portrait of Madame Ginoux (L'Arlesienne)","1890","1221","1458","1.78","https://uploads4.wikiart.org/images/vincent-van-gogh/portrait-of-madame-ginoux-l-arlesienne-1890.jpg","1794_Portrait_of_Madame_Ginoux_(L'Arlesienne)_1221x1458.jpg","205483"
"1795","Vincent van Gogh","vincent-van-gogh","Prisoners Exercising (Prisoners Round)","1890","1611","2025","3.26","https://uploads2.wikiart.org/images/vincent-van-gogh/prisoners-exercising-prisoners-round-1890.jpg","1795_Prisoners_Exercising_(Prisoners_Round)_1611x2025.jpg","1066311"
"1796","Vincent van Gogh","vincent-van-gogh","Red Poppies and Daisies","1890","1394","1862","2.6","https://uploads7.wikiart.org/images/vincent-van-gogh/red-poppies-and-daisies-1890.jpg","1796_Red_Poppies_and_Daisies_1394x1862.jpg","774773"
"1797","Vincent van Gogh","vincent-van-gogh","Noon, rest from work (after Millet)","1890","1280","1021","1.31","https://uploads6.wikiart.org/images/vincent-van-gogh/rest-work-after-millet-1890.jpg","1797_Noon,_rest_from_work_(after_Millet)_1280x1021.jpg","391598"
"1798","Vincent van Gogh","vincent-van-gogh","Road with Cypresses","1890","1748","2287","4","https://uploads3.wikiart.org/images/vincent-van-gogh/road-with-cypresses-1890.jpg","1798_Road_with_Cypresses_1748x2287.jpg","881106"
"1799","Vincent van Gogh","vincent-van-gogh","Road with Men Walking, Carriage, Cypress, Star, and Crescent Moon","1890","1024","782","0.8","https://uploads0.wikiart.org/images/vincent-van-gogh/road-with-men-walking-carriage-cypress-star-and-crescent-moon-1890.jpg","1799_Road_with_Men_Walking,_Carriage,_Cypress_1024x782.jpg","372058"
"1800","Vincent van Gogh","vincent-van-gogh","Roses and Beetle","1890","1316","1875","2.47","https://uploads0.wikiart.org/images/vincent-van-gogh/roses-and-beetle-1890.jpg","1800_Roses_and_Beetle_1316x1875.jpg","810680"
"1801","Vincent van Gogh","vincent-van-gogh","Rowing Boats on the Banks of the Oise at Auvers","1890","1252","1024","1.28","https://uploads3.wikiart.org/images/vincent-van-gogh/rowing-boats-on-the-banks-of-the-oise-1890.jpg","1801_Rowing_Boats_on_the_Banks_of_the_Oise_at_1252x1024.jpg","1900364"
"1802","Vincent van Gogh","vincent-van-gogh","Seated Nude after Bargues","1890","622","1024","0.64","https://uploads0.wikiart.org/images/vincent-van-gogh/seated-nude-after-bargues-1890.jpg","1802_Seated_Nude_after_Bargues_622x1024.jpg","93972"
"1803","Vincent van Gogh","vincent-van-gogh","Several Figures on a Road with Trees","1890","706","1024","0.72","https://uploads2.wikiart.org/images/vincent-van-gogh/several-figures-on-a-road-with-trees-1890.jpg","1803_Several_Figures_on_a_Road_with_Trees_706x1024.jpg","338094"
"1804","Vincent van Gogh","vincent-van-gogh","Sheaves of Wheat","1890","1024","762","0.78","https://uploads0.wikiart.org/images/vincent-van-gogh/sheaves-of-wheat-1890.jpg","1804_Sheaves_of_Wheat_1024x762.jpg","187328"
"1805","Vincent van Gogh","vincent-van-gogh","Sheaves of Wheat","1890","1280","640","0.82","https://uploads2.wikiart.org/images/vincent-van-gogh/sheaves-of-wheat-1890-1.jpg","1805_Sheaves_of_Wheat_1280x640.jpg","562187"
"1806","Vincent van Gogh","vincent-van-gogh","Sheet with a Few Sketches of Figures","1890","1024","625","0.64","https://uploads2.wikiart.org/images/vincent-van-gogh/sheet-with-a-few-sketches-of-figures-1890.jpg","1806_Sheet_with_a_Few_Sketches_of_Figures_1024x625.jpg","101126"
"1807","Vincent van Gogh","vincent-van-gogh","Sheet with Figures and Hands","1890","1024","770","0.79","https://uploads3.wikiart.org/images/vincent-van-gogh/sheet-with-figures-and-hands-1890.jpg","1807_Sheet_with_Figures_and_Hands_1024x770.jpg","305889"
"1808","Vincent van Gogh","vincent-van-gogh","Sheet with Figures at a Table, a Sower, Clogs, etc","1890","763","1024","0.78","https://uploads4.wikiart.org/images/vincent-van-gogh/sheet-with-figures-at-a-table-a-sower-clogs-etc-1890.jpg","1808_Sheet_with_Figures_at_a_Table,_a_Sower,_763x1024.jpg","319422"
"1809","Vincent van Gogh","vincent-van-gogh","Sheet with Hands and Several Figures","1890","1024","780","0.8","https://uploads2.wikiart.org/images/vincent-van-gogh/sheet-with-hands-and-several-figures-1890.jpg","1809_Sheet_with_Hands_and_Several_Figures_1024x780.jpg","178664"
"1810","Vincent van Gogh","vincent-van-gogh","Sheet with Many Sketches of Figures","1890","643","1024","0.66","https://uploads1.wikiart.org/images/vincent-van-gogh/sheet-with-many-sketches-of-figures-1890.jpg","1810_Sheet_with_Many_Sketches_of_Figures_643x1024.jpg","183463"
"1811","Vincent van Gogh","vincent-van-gogh","Sheet with Numerous Figure Sketches","1890","1024","752","0.77","https://uploads1.wikiart.org/images/vincent-van-gogh/sheet-with-numerous-figure-sketches-1890.jpg","1811_Sheet_with_Numerous_Figure_Sketches_1024x752.jpg","352365"
"1812","Vincent van Gogh","vincent-van-gogh","Sheet with Numerous Sketches of Working People","1890","1024","795","0.81","https://uploads3.wikiart.org/images/vincent-van-gogh/sheet-with-numerous-sketches-of-working-people-1890.jpg","1812_Sheet_with_Numerous_Sketches_of_Working_1024x795.jpg","179373"
"1813","Vincent van Gogh","vincent-van-gogh","Sheet with Peasants Eating and Other Figures","1890","1024","771","0.79","https://uploads1.wikiart.org/images/vincent-van-gogh/sheet-with-peasants-eating-and-other-figures-1890.jpg","1813_Sheet_with_Peasants_Eating_and_Other_Fig_1024x771.jpg","183296"
"1814","Vincent van Gogh","vincent-van-gogh","Sheet with People Sitting on Chairs","1890","751","1024","0.77","https://uploads1.wikiart.org/images/vincent-van-gogh/sheet-with-people-sitting-on-chairs-1890.jpg","1814_Sheet_with_People_Sitting_on_Chairs_751x1024.jpg","186900"
"1815","Vincent van Gogh","vincent-van-gogh","Sheet with Sketches of a Digger and Other Figures","1890","1024","780","0.8","https://uploads6.wikiart.org/images/vincent-van-gogh/sheet-with-sketches-of-a-digger-and-other-figures-1890.jpg","1815_Sheet_with_Sketches_of_a_Digger_and_Othe_1024x780.jpg","283487"
"1816","Vincent van Gogh","vincent-van-gogh","Sheet with Sketches of Diggers and Other Figures","1890","1024","779","0.8","https://uploads5.wikiart.org/images/vincent-van-gogh/sheet-with-sketches-of-diggers-and-other-figures-1890.jpg","1816_Sheet_with_Sketches_of_Diggers_and_Other_1024x779.jpg","228466"
"1817","Vincent van Gogh","vincent-van-gogh","Sheet with Sketches of Diggers and Other Figures","1890","1024","780","0.8","https://uploads7.wikiart.org/images/vincent-van-gogh/sheet-with-sketches-of-diggers-and-other-figures-1890-1.jpg","1817_Sheet_with_Sketches_of_Diggers_and_Other_1024x780.jpg","166328"
"1818","Vincent van Gogh","vincent-van-gogh","Sheet with Sketches of Figures","1890","1024","439","0.45","https://uploads5.wikiart.org/images/vincent-van-gogh/sheet-with-sketches-of-figures-1890.jpg","1818_Sheet_with_Sketches_of_Figures_1024x439.jpg","146591"
"1819","Vincent van Gogh","vincent-van-gogh","Sheet with Sketches of Peasants","1890","1024","807","0.83","https://uploads6.wikiart.org/images/vincent-van-gogh/sheet-with-sketches-of-peasants-1890.jpg","1819_Sheet_with_Sketches_of_Peasants_1024x807.jpg","144007"
"1820","Vincent van Gogh","vincent-van-gogh","Sheet with Sketches of Working People","1890","750","577","0.43","https://uploads3.wikiart.org/images/vincent-van-gogh/sheet-with-sketches-of-working-people-1890.jpg","1820_Sheet_with_Sketches_of_Working_People_750x577.jpg","80736"
"1821","Vincent van Gogh","vincent-van-gogh","Sheet with Sketches of Working People","1890","750","596","0.45","https://uploads5.wikiart.org/images/vincent-van-gogh/sheet-with-sketches-of-working-people-1890-1.jpg","1821_Sheet_with_Sketches_of_Working_People_750x596.jpg","89864"
"1822","Vincent van Gogh","vincent-van-gogh","Sheet with Two Groups of Peasants at a Meal","1890","1024","712","0.73","https://uploads0.wikiart.org/images/vincent-van-gogh/sheet-with-two-groups-of-peasants-at-a-meal-1890.jpg","1822_Sheet_with_Two_Groups_of_Peasants_at_a_M_1024x712.jpg","233620"
"1823","Vincent van Gogh","vincent-van-gogh","Sheet with Two Sowers and Hands","1890","1024","754","0.77","https://uploads6.wikiart.org/images/vincent-van-gogh/sheet-with-two-sowers-and-hands-1890.jpg","1823_Sheet_with_Two_Sowers_and_Hands_1024x754.jpg","186060"
"1824","Vincent van Gogh","vincent-van-gogh","Six Sketches of Figures, Among Others a Man Sowing Wheat","1890","1024","809","0.83","https://uploads3.wikiart.org/images/vincent-van-gogh/six-sketches-of-figures-among-others-a-man-sowing-wheat-1890.jpg","1824_Six_Sketches_of_Figures,_Among_Others_a_1024x809.jpg","316893"
"1825","Vincent van Gogh","vincent-van-gogh","Sketch of a Couple Walking with a Child","1890","643","1024","0.66","https://uploads5.wikiart.org/images/vincent-van-gogh/sketch-of-a-couple-walking-with-a-child-1890.jpg","1825_Sketch_of_a_Couple_Walking_with_a_Child_643x1024.jpg","115579"
"1826","Vincent van Gogh","vincent-van-gogh","Sketch of a Donkey","1890","1024","884","0.91","https://uploads2.wikiart.org/images/vincent-van-gogh/sketch-of-a-donkey-1890.jpg","1826_Sketch_of_a_Donkey_1024x884.jpg","181219"
"1827","Vincent van Gogh","vincent-van-gogh","Sketch of a Hen","1890","1024","732","0.75","https://uploads8.wikiart.org/images/vincent-van-gogh/sketch-of-a-hen-1890.jpg","1827_Sketch_of_a_Hen_1024x732.jpg","108717"
"1828","Vincent van Gogh","vincent-van-gogh","Sketch of a Lady with Striped Dress and Hat and of Another Lady, Half-Figure","1890","827","1024","0.85","https://uploads5.wikiart.org/images/vincent-van-gogh/sketch-of-a-lady-with-striped-dress-and-hat-and-of-another-lady-half-figure-1890.jpg","1828_Sketch_of_a_Lady_with_Striped_Dress_and_827x1024.jpg","309173"
"1829","Vincent van Gogh","vincent-van-gogh","Sketch of a Peasant Working","1890","1024","905","0.93","https://uploads2.wikiart.org/images/vincent-van-gogh/sketch-of-a-peasant-working-1890.jpg","1829_Sketch_of_a_Peasant_Working_1024x905.jpg","266935"
"1830","Vincent van Gogh","vincent-van-gogh","Sketch of a Stooping Man","1890","781","1024","0.8","https://uploads8.wikiart.org/images/vincent-van-gogh/sketch-of-a-stooping-man-1890.jpg","1830_Sketch_of_a_Stooping_Man_781x1024.jpg","332924"
"1831","Vincent van Gogh","vincent-van-gogh","Sketch of a Tree against Clouds with Colour Annotations","1890","1024","793","0.81","https://uploads3.wikiart.org/images/vincent-van-gogh/sketch-of-a-tree-against-clouds-with-colour-annotations-1890.jpg","1831_Sketch_of_a_Tree_against_Clouds_with_Col_1024x793.jpg","177112"
"1832","Vincent van Gogh","vincent-van-gogh","Sketch of a Woman with a Baby in her Lap","1890","653","1024","0.67","https://uploads6.wikiart.org/images/vincent-van-gogh/sketch-of-a-woman-with-a-baby-in-her-lap-1890.jpg","1832_Sketch_of_a_Woman_with_a_Baby_in_her_Lap_653x1024.jpg","117640"
"1833","Vincent van Gogh","vincent-van-gogh","Sketch of an Eroded Garden-Wall Ornament","1890","763","1024","0.78","https://uploads6.wikiart.org/images/vincent-van-gogh/sketch-of-an-eroded-garden-wall-ornament-1890.jpg","1833_Sketch_of_an_Eroded_Garden-Wall_Ornament_763x1024.jpg","260055"
"1834","Vincent van Gogh","vincent-van-gogh","Sketch of an Eroded Garden-Wall Ornament","1890","790","1024","0.81","https://uploads8.wikiart.org/images/vincent-van-gogh/sketch-of-an-eroded-garden-wall-ornament-1890-1.jpg","1834_Sketch_of_an_Eroded_Garden-Wall_Ornament_790x1024.jpg","199636"
"1835","Vincent van Gogh","vincent-van-gogh","Sketch of Clouds with Colour Annotations","1890","1024","812","0.83","https://uploads6.wikiart.org/images/vincent-van-gogh/sketch-of-clouds-with-colour-annotations-1890.jpg","1835_Sketch_of_Clouds_with_Colour_Annotations_1024x812.jpg","182839"
"1836","Vincent van Gogh","vincent-van-gogh","Sketch of Cows and Children","1890","923","1024","0.95","https://uploads2.wikiart.org/images/vincent-van-gogh/sketch-of-cows-and-children-1890.jpg","1836_Sketch_of_Cows_and_Children_923x1024.jpg","173146"
"1837","Vincent van Gogh","vincent-van-gogh","Sketch of Diggers and Other Figures","1890","1024","763","0.78","https://uploads1.wikiart.org/images/vincent-van-gogh/sketch-of-diggers-and-other-figures-1890.jpg","1837_Sketch_of_Diggers_and_Other_Figures_1024x763.jpg","254573"
"1838","Vincent van Gogh","vincent-van-gogh","Sketch of the Painting ""The Potato Eaters""","1890","1024","728","0.75","https://uploads6.wikiart.org/images/vincent-van-gogh/sketch-of-the-painting-the-potato-eaters-1890.jpg","1838_Sketch_of_the_Painting_The_Potato_Eaters_1024x728.jpg","271811"
"1839","Vincent van Gogh","vincent-van-gogh","Sketch of Two Women","1890","1024","837","0.86","https://uploads3.wikiart.org/images/vincent-van-gogh/sketch-of-two-women-1890.jpg","1839_Sketch_of_Two_Women_1024x837.jpg","270663"
"1840","Vincent van Gogh","vincent-van-gogh","Sketch of Women in a Field","1890","1024","895","0.92","https://uploads1.wikiart.org/images/vincent-van-gogh/sketch-of-women-in-a-field-1890.jpg","1840_Sketch_of_Women_in_a_Field_1024x895.jpg","162512"
"1841","Vincent van Gogh","vincent-van-gogh","Sketches of a Cottage and Figures","1890","1024","776","0.79","https://uploads8.wikiart.org/images/vincent-van-gogh/sketches-of-a-cottage-and-figures-1890.jpg","1841_Sketches_of_a_Cottage_and_Figures_1024x776.jpg","145300"
"1842","Vincent van Gogh","vincent-van-gogh","Sketches of a Cottage and Figures","1890","1024","757","0.78","https://uploads1.wikiart.org/images/vincent-van-gogh/sketches-of-a-cottage-and-figures-2-1890.jpg","1842_Sketches_of_a_Cottage_and_Figures_1024x757.jpg","321294"
"1843","Vincent van Gogh","vincent-van-gogh","Sketches of a Hen and a Cock","1890","1214","1925","2.34","https://uploads3.wikiart.org/images/vincent-van-gogh/sketches-of-a-hen-and-a-cock-1890.jpg","1843_Sketches_of_a_Hen_and_a_Cock_1214x1925.jpg","467047"
"1844","Vincent van Gogh","vincent-van-gogh","Sketches of Peasant Plowing with Horses","1890","1024","805","0.82","https://uploads5.wikiart.org/images/vincent-van-gogh/sketches-of-peasant-plowing-with-horses-1890.jpg","1844_Sketches_of_Peasant_Plowing_with_Horses_1024x805.jpg","183540"
"1845","Vincent van Gogh","vincent-van-gogh","Snow-Covered Cottages, a Couple with a Child, and Other Walkers","1890","1024","780","0.8","https://uploads0.wikiart.org/images/vincent-van-gogh/snow-covered-cottages-a-couple-with-a-child-and-other-walkers-1890.jpg","1845_Snow-Covered_Cottages,_a_Couple_with_a_C_1024x780.jpg","206620"
"1846","Vincent van Gogh","vincent-van-gogh","Sowers","1890","847","1024","0.87","https://uploads8.wikiart.org/images/vincent-van-gogh/sowers-1890.jpg","1846_Sowers_847x1024.jpg","154865"
"1847","Vincent van Gogh","vincent-van-gogh","Still Life - Pink Roses","1890","1256","1024","1.29","https://uploads5.wikiart.org/images/vincent-van-gogh/still-life-pink-roses-1890.jpg","1847_Still_Life_-_Pink_Roses_1256x1024.jpg","654015"
"1848","Vincent van Gogh","vincent-van-gogh","Still Life Glass with Carnations","1890","846","1201","1.02","https://uploads7.wikiart.org/images/vincent-van-gogh/still-life-glass-with-carnations-1890.jpg","1848_Still_Life_Glass_with_Carnations_846x1201.jpg","294356"
"1849","Vincent van Gogh","vincent-van-gogh","Still Life Glass with Wild Flowers","1890","1453","1800","2.62","https://uploads0.wikiart.org/images/vincent-van-gogh/still-life-glass-with-wild-flowers-1890.jpg","1849_Still_Life_Glass_with_Wild_Flowers_1453x1800.jpg","812774"
"1850","Vincent van Gogh","vincent-van-gogh","Still Life Vase with Rose-Mallows","1890","2169","3180","6.9","https://uploads2.wikiart.org/images/vincent-van-gogh/still-life-vase-with-rose-mallows-1890(1).jpg","1850_Still_Life_Vase_with_Rose-Mallows_2169x3180.jpg","7132214"
"1851","Vincent van Gogh","vincent-van-gogh","Still Life Vase with Roses","1890","1607","1281","2.06","https://uploads1.wikiart.org/images/vincent-van-gogh/still-life-vase-with-roses-1890.jpg","1851_Still_Life_Vase_with_Roses_1607x1281.jpg","610392"
"1852","Vincent van Gogh","vincent-van-gogh","Still Life with Irises","1890","757","939","0.71","https://uploads6.wikiart.org/images/vincent-van-gogh/still-life-with-irises-1890.jpg","1852_Still_Life_with_Irises_757x939.jpg","945363"
"1853","Vincent van Gogh","vincent-van-gogh","Still Life with Thistles","1890","851","1043","0.89","https://uploads8.wikiart.org/images/vincent-van-gogh/still-life-with-thistles-1890.jpg","1853_Still_Life_with_Thistles_851x1043.jpg","295631"
"1854","Vincent van Gogh","vincent-van-gogh","Street in Auvers-sur-Oise","1890","1800","1417","2.55","https://uploads0.wikiart.org/images/vincent-van-gogh/street-in-auvers-sur-oise-1890.jpg","1854_Street_in_Auvers-sur-Oise_1800x1417.jpg","421309"
"1855","Vincent van Gogh","vincent-van-gogh","Study of a Fruit Tree","1890","801","1024","0.82","https://uploads5.wikiart.org/images/vincent-van-gogh/study-of-a-fruit-tree-1890.jpg","1855_Study_of_a_Fruit_Tree_801x1024.jpg","270702"
"1856","Vincent van Gogh","vincent-van-gogh","Study of a Woman Standing, Two Heads, Another Figure","1890","847","1024","0.87","https://uploads7.wikiart.org/images/vincent-van-gogh/study-of-a-woman-standing-two-heads-another-figure-1890.jpg","1856_Study_of_a_Woman_Standing,_Two_Heads,_An_847x1024.jpg","150345"
"1857","Vincent van Gogh","vincent-van-gogh","Sun Disk above a Path between Shrubs","1890","749","1024","0.77","https://uploads2.wikiart.org/images/vincent-van-gogh/sun-disk-above-a-path-between-shrubs-1890.jpg","1857_Sun_Disk_above_a_Path_between_Shrubs_749x1024.jpg","326310"
"1858","Vincent van Gogh","vincent-van-gogh","Thatched Cottages in Chaponval, Auvers-sur-Oise","1890","2024","1624","3.29","https://uploads3.wikiart.org/images/vincent-van-gogh/thatched-cottages-in-chaponval-auvers-sur-oise-1890.jpg","1858_Thatched_Cottages_in_Chaponval,_Auvers-s_2024x1624.jpg","1244014"
"1859","Vincent van Gogh","vincent-van-gogh","Thatched Cottages in Jorgus","1890","1780","1453","2.59","https://uploads2.wikiart.org/images/vincent-van-gogh/thatched-cottages-in-jorgus-1890.jpg","1859_Thatched_Cottages_in_Jorgus_1780x1453.jpg","826498"
"1860","Vincent van Gogh","vincent-van-gogh","Thatched Cottages in the Sunshine Reminiscence of the North","1890","621","807","0.5","https://uploads7.wikiart.org/images/vincent-van-gogh/thatched-cottages-in-the-sunshine-reminiscence-of-the-north-1890.jpg","1860_Thatched_Cottages_in_the_Sunshine_Remini_621x807.jpg","720278"
"1861","Vincent van Gogh","vincent-van-gogh","Thatched Houses against a Hill","1890","1280","632","0.81","https://uploads5.wikiart.org/images/vincent-van-gogh/thatched-houses-against-a-hill-1890.jpg","1861_Thatched_Houses_against_a_Hill_1280x632.jpg","1242490"
"1862","Vincent van Gogh","vincent-van-gogh","Thatched Sandstone Cottages in Chaponval","1890","1782","1434","2.56","https://uploads6.wikiart.org/images/vincent-van-gogh/thatched-sandstone-cottages-in-chaponval-1890.jpg","1862_Thatched_Sandstone_Cottages_in_Chaponval_1782x1434.jpg","430613"
"1863","Vincent van Gogh","vincent-van-gogh","The Church at Auvers","1890","832","1047","0.87","https://uploads4.wikiart.org/images/vincent-van-gogh/the-church-at-auvers-1890.jpg","1863_The_Church_at_Auvers_832x1047.jpg","227738"
"1864","Vincent van Gogh","vincent-van-gogh","The Drinkers (after Daumier)","1890","3000","2413","7.24","https://uploads0.wikiart.org/00213/images/vincent-van-gogh/alcohol-3840756.jpg","1864_The_Drinkers_(after_Daumier)_3000x2413.jpg","3201331"
"1865","Vincent van Gogh","vincent-van-gogh","The Fields","1890","1175","900","1.06","https://uploads3.wikiart.org/images/vincent-van-gogh/the-fields-1890.jpg","1865_The_Fields_1175x900.jpg","572273"
"1866","Vincent van Gogh","vincent-van-gogh","The Garden of Doctor Gachet at Auvers-sur-Oise","1890","2130","3180","6.77","https://uploads6.wikiart.org/images/vincent-van-gogh/the-garden-of-doctor-gachet-at-auvers-sur-oise-1890(1).jpg","1866_The_Garden_of_Doctor_Gachet_at_Auvers-su_2130x3180.jpg","7462460"
"1867","Vincent van Gogh","vincent-van-gogh","The Good Samaritan, after Delacroix","1890","2156","2705","5.83","https://uploads0.wikiart.org/images/vincent-van-gogh/the-good-samaritan-after-delacroix-1890.jpg","1867_The_Good_Samaritan,_after_Delacroix_2156x2705.jpg","1682962"
"1868","Vincent van Gogh","vincent-van-gogh","The Grove","1890","1277","1024","1.31","https://uploads2.wikiart.org/images/vincent-van-gogh/the-grove-1890.jpg","1868_The_Grove_1277x1024.jpg","827678"
"1869","Vincent van Gogh","vincent-van-gogh","The House of Pere Eloi","1890","1024","884","0.91","https://uploads6.wikiart.org/images/vincent-van-gogh/the-house-of-pere-eloi-1890.jpg","1869_The_House_of_Pere_Eloi_1024x884.jpg","327997"
"1870","Vincent van Gogh","vincent-van-gogh","The House of Pere Pilon","1890","1769","1287","2.28","https://uploads7.wikiart.org/images/vincent-van-gogh/the-house-of-pere-pilon-1890.jpg","1870_The_House_of_Pere_Pilon_1769x1287.jpg","756309"
"1871","Vincent van Gogh","vincent-van-gogh","The Little Arlesienne","1890","1576","1625","2.56","https://uploads5.wikiart.org/images/vincent-van-gogh/the-little-arlesienne-1890.jpg","1871_The_Little_Arlesienne_1576x1625.jpg","854430"
"1872","Vincent van Gogh","vincent-van-gogh","The Little Stream","1890","1024","758","0.78","https://uploads1.wikiart.org/images/vincent-van-gogh/the-little-stream-1890.jpg","1872_The_Little_Stream_1024x758.jpg","274435"
"1873","Vincent van Gogh","vincent-van-gogh","The Plain at Auvers","1890","2024","1616","3.27","https://uploads3.wikiart.org/images/vincent-van-gogh/the-plain-at-auvers-1890.jpg","1873_The_Plain_at_Auvers_2024x1616.jpg","1969308"
"1874","Vincent van Gogh","vincent-van-gogh","The Plough and the Harrow (after Millet)","1890","1280","1012","1.3","https://uploads4.wikiart.org/images/vincent-van-gogh/the-plough-and-the-harrow-after-millet-1890.jpg","1874_The_Plough_and_the_Harrow_(after_Millet)_1280x1012.jpg","800199"
"1875","Vincent van Gogh","vincent-van-gogh","The Raising of Lazarus","1890","709","1024","0.73","https://uploads6.wikiart.org/images/vincent-van-gogh/the-raising-of-lazarus-1890.jpg","1875_The_Raising_of_Lazarus_709x1024.jpg","338611"
"1876","Vincent van Gogh","vincent-van-gogh","The Raising of Lazarus after Rembrandt","1890","2738","2052","5.62","https://uploads4.wikiart.org/images/vincent-van-gogh/the-raising-of-lazarus-after-rembrandt-1890.jpg","1876_The_Raising_of_Lazarus_after_Rembrandt_2738x2052.jpg","1686303"
"1877","Vincent van Gogh","vincent-van-gogh","The Town Hall at Auvers","1890","1024","779","0.8","https://uploads7.wikiart.org/images/vincent-van-gogh/the-town-hall-at-auvers-1890.jpg","1877_The_Town_Hall_at_Auvers_1024x779.jpg","341962"
"1878","Vincent van Gogh","vincent-van-gogh","The Woodcutter after Millet","1890","1266","2254","2.85","https://uploads2.wikiart.org/images/vincent-van-gogh/the-woodcutter-after-millet-1890.jpg","1878_The_Woodcutter_after_Millet_1266x2254.jpg","941197"
"1879","Vincent van Gogh","vincent-van-gogh","Three Peasants at a Meal","1890","1024","996","1.02","https://uploads8.wikiart.org/images/vincent-van-gogh/three-peasants-at-a-meal-1890.jpg","1879_Three_Peasants_at_a_Meal_1024x996.jpg","216343"
"1880","Vincent van Gogh","vincent-van-gogh","Three Peasants with Spades on a Road in the Rain","1890","776","1024","0.79","https://uploads5.wikiart.org/images/vincent-van-gogh/three-peasants-with-spades-on-a-road-in-the-rain-1890.jpg","1880_Three_Peasants_with_Spades_on_a_Road_in_776x1024.jpg","171383"
"1881","Vincent van Gogh","vincent-van-gogh","Three Studies","1890","655","1024","0.67","https://uploads6.wikiart.org/images/vincent-van-gogh/three-studies-1890.jpg","1881_Three_Studies_655x1024.jpg","216169"
"1882","Vincent van Gogh","vincent-van-gogh","Tree roots","1890","2082","1031","2.15","https://uploads3.wikiart.org/images/vincent-van-gogh/tree-roots-1890.jpg","1882_Tree_roots_2082x1031.jpg","397763"
"1883","Vincent van Gogh","vincent-van-gogh","Tree Trunks in the Grass","1890","1263","1024","1.29","https://uploads8.wikiart.org/images/vincent-van-gogh/tree-trunks-in-the-grass-1890.jpg","1883_Tree_Trunks_in_the_Grass_1263x1024.jpg","2368178"
"1884","Vincent van Gogh","vincent-van-gogh","Two Children","1890","2739","2750","7.53","https://uploads5.wikiart.org/images/vincent-van-gogh/two-children-1890.jpg","1884_Two_Children_2739x2750.jpg","5404238"
"1885","Vincent van Gogh","vincent-van-gogh","Two Little Girls","1890","899","1024","0.92","https://uploads0.wikiart.org/images/vincent-van-gogh/two-little-girls-1890.jpg","1885_Two_Little_Girls_899x1024.jpg","395065"
"1886","Vincent van Gogh","vincent-van-gogh","Two Men on a Road with Pine Trees","1890","1024","880","0.9","https://uploads8.wikiart.org/images/vincent-van-gogh/two-men-on-a-road-with-pine-trees-1890.jpg","1886_Two_Men_on_a_Road_with_Pine_Trees_1024x880.jpg","327873"
"1887","Vincent van Gogh","vincent-van-gogh","Two Men Walking in a Landscape with Trees","1890","707","1024","0.72","https://uploads7.wikiart.org/images/vincent-van-gogh/two-men-walking-in-a-landscape-with-trees-1890.jpg","1887_Two_Men_Walking_in_a_Landscape_with_Tree_707x1024.jpg","364256"
"1888","Vincent van Gogh","vincent-van-gogh","Two Peasant Women Digging in Field with Snow","1890","2748","2089","5.74","https://uploads1.wikiart.org/images/vincent-van-gogh/two-peasant-women-digging-in-field-with-snow-1890.jpg","1888_Two_Peasant_Women_Digging_in_Field_with_2748x2089.jpg","2413584"
"1889","Vincent van Gogh","vincent-van-gogh","Two Women Crossing the Fields","1890","1280","672","0.86","https://uploads4.wikiart.org/images/vincent-van-gogh/two-women-crossing-the-fields-1890.jpg","1889_Two_Women_Crossing_the_Fields_1280x672.jpg","463460"
"1890","Vincent van Gogh","vincent-van-gogh","Two Women Working in the Field","1890","1024","649","0.66","https://uploads5.wikiart.org/images/vincent-van-gogh/two-women-working-in-the-field-1890.jpg","1890_Two_Women_Working_in_the_Field_1024x649.jpg","372622"
"1891","Vincent van Gogh","vincent-van-gogh","Two Women Working in Wheat Field","1890","1024","832","0.85","https://uploads7.wikiart.org/images/vincent-van-gogh/two-women-working-in-wheat-field-1890.jpg","1891_Two_Women_Working_in_Wheat_Field_1024x832.jpg","205707"
"1892","Vincent van Gogh","vincent-van-gogh","Undergrowth with Two Figures","1890","2514","1212","3.05","https://uploads3.wikiart.org/images/vincent-van-gogh/undergrowth-with-two-figures-1890.jpg","1892_Undergrowth_with_Two_Figures_2514x1212.jpg","579413"
"1893","Vincent van Gogh","vincent-van-gogh","Vase with Irises","1890","4000","3155","12.62","https://uploads0.wikiart.org/00213/images/vincent-van-gogh/antique-3840751.jpg","1893_Vase_with_Irises_4000x3155.jpg","6507744"
"1894","Vincent van Gogh","vincent-van-gogh","View of Auvers","1890","1059","1024","1.08","https://uploads7.wikiart.org/images/vincent-van-gogh/view-of-auvers-1890.jpg","1894_View_of_Auvers_1059x1024.jpg","569929"
"1895","Vincent van Gogh","vincent-van-gogh","View of Auvers with Church","1890","1774","1442","2.56","https://uploads1.wikiart.org/images/vincent-van-gogh/view-of-auvers-with-church-1890.jpg","1895_View_of_Auvers_with_Church_1774x1442.jpg","797392"
"1896","Vincent van Gogh","vincent-van-gogh","View of Vessenots near Auvers","1890","1252","1024","1.28","https://uploads4.wikiart.org/images/vincent-van-gogh/view-of-vessenots-near-auvers-1890.jpg","1896_View_of_Vessenots_near_Auvers_1252x1024.jpg","635762"
"1897","Vincent van Gogh","vincent-van-gogh","Village Street","1890","750","610","0.46","https://uploads7.wikiart.org/images/vincent-van-gogh/village-street-1890.jpg","1897_Village_Street_750x610.jpg","108400"
"1898","Vincent van Gogh","vincent-van-gogh","Village Street and Steps in Auvers with Figures","1890","2705","1988","5.38","https://uploads4.wikiart.org/images/vincent-van-gogh/village-street-and-steps-in-auvers-with-figures-1890.jpg","1898_Village_Street_and_Steps_in_Auvers_with_2705x1988.jpg","1669748"
"1899","Vincent van Gogh","vincent-van-gogh","Village Street and Steps in Auvers with Two Figures","1890","1267","1024","1.3","https://uploads8.wikiart.org/images/vincent-van-gogh/village-street-and-steps-in-auvers-with-two-figures-1890.jpg","1899_Village_Street_and_Steps_in_Auvers_with_1267x1024.jpg","705801"
"1900","Vincent van Gogh","vincent-van-gogh","Village Street, Sketch","1890","778","1024","0.8","https://uploads5.wikiart.org/images/vincent-van-gogh/village-street-sketch-1890.jpg","1900_Village_Street,_Sketch_778x1024.jpg","255463"
"1901","Vincent van Gogh","vincent-van-gogh","Vineyards with a View of Auvers","1890","2735","2150","5.88","https://uploads6.wikiart.org/images/vincent-van-gogh/vineyards-with-a-view-of-auvers-1890.jpg","1901_Vineyards_with_a_View_of_Auvers_2735x2150.jpg","1795146"
"1902","Vincent van Gogh","vincent-van-gogh","Wheat Field at Auvers with White House","1890","1280","993","1.27","https://uploads4.wikiart.org/images/vincent-van-gogh/wheat-field-at-auvers-with-white-house-1890.jpg","1902_Wheat_Field_at_Auvers_with_White_House_1280x993.jpg","777376"
"1903","Vincent van Gogh","vincent-van-gogh","Wheat Field with a Stack of Wheat or Hay","1890","750","579","0.43","https://uploads6.wikiart.org/images/vincent-van-gogh/wheat-field-with-a-stack-of-wheat-or-hay-1890.jpg","1903_Wheat_Field_with_a_Stack_of_Wheat_or_Hay_750x579.jpg","99125"
"1904","Vincent van Gogh","vincent-van-gogh","Wheat Field with Cornflowers","1890","1770","1313","2.32","https://uploads3.wikiart.org/images/vincent-van-gogh/wheat-field-with-cornflowers-1890.jpg","1904_Wheat_Field_with_Cornflowers_1770x1313.jpg","699996"
"1905","Vincent van Gogh","vincent-van-gogh","Wheat Fields","1890","1024","791","0.81","https://uploads5.wikiart.org/images/vincent-van-gogh/wheat-fields-1890.jpg","1905_Wheat_Fields_1024x791.jpg","355667"
"1906","Vincent van Gogh","vincent-van-gogh","Wheat Fields","1890","1024","776","0.79","https://uploads7.wikiart.org/images/vincent-van-gogh/wheat-fields-1890-1.jpg","1906_Wheat_Fields_1024x776.jpg","326441"
"1907","Vincent van Gogh","vincent-van-gogh","Wheat Fields at Auvers Under Clouded Sky","1890","1777","1388","2.47","https://uploads6.wikiart.org/images/vincent-van-gogh/wheat-fields-at-auvers-under-clouded-sky-1890.jpg","1907_Wheat_Fields_at_Auvers_Under_Clouded_Sky_1777x1388.jpg","761482"
"1908","Vincent van Gogh","vincent-van-gogh","Wheat Fields with Auvers in the Background","1890","1781","1496","2.66","https://uploads8.wikiart.org/images/vincent-van-gogh/wheat-fields-with-auvers-in-the-background-1890.jpg","1908_Wheat_Fields_with_Auvers_in_the_Backgrou_1781x1496.jpg","818515"
"1909","Vincent van Gogh","vincent-van-gogh","Wheatfield with Crows","1890","2093","1015","2.12","https://uploads5.wikiart.org/images/vincent-van-gogh/wheatfield-with-crows-1890.jpg","1909_Wheatfield_with_Crows_2093x1015.jpg","371893"
"1910","Vincent van Gogh","vincent-van-gogh","Wheatfields","1890","2071","1012","2.1","https://uploads4.wikiart.org/images/vincent-van-gogh/wheatfields-1890.jpg","1910_Wheatfields_2071x1012.jpg","368360"
"1911","Vincent van Gogh","vincent-van-gogh","Wheatfields under Thunderclouds","1890","1280","647","0.83","https://uploads6.wikiart.org/images/vincent-van-gogh/wheatfields-under-thunderclouds-1890.jpg","1911_Wheatfields_under_Thunderclouds_1280x647.jpg","1123771"
"1912","Vincent van Gogh","vincent-van-gogh","White House at Night","1890","5000","4151","20.76","https://uploads1.wikiart.org/00161/images/vincent-van-gogh/white-house-at-night.jpg","1912_White_House_at_Night_5000x4151.jpg","6516623"
"1913","Vincent van Gogh","vincent-van-gogh","Wild Flowers and Thistles in a Vase","1890","1194","1801","2.15","https://uploads1.wikiart.org/images/vincent-van-gogh/wild-flowers-and-thistles-in-a-vase-1890.jpg","1913_Wild_Flowers_and_Thistles_in_a_Vase_1194x1801.jpg","632671"
"1914","Vincent van Gogh","vincent-van-gogh","Wild Roses","1890","1200","850","1.02","https://uploads3.wikiart.org/images/vincent-van-gogh/wild-roses-1890.jpg","1914_Wild_Roses_1200x850.jpg","495439"
"1915","Vincent van Gogh","vincent-van-gogh","Woman Standing","1890","619","1024","0.63","https://uploads7.wikiart.org/images/vincent-van-gogh/woman-standing-1890.jpg","1915_Woman_Standing_619x1024.jpg","304767"
"1916","Vincent van Gogh","vincent-van-gogh","Woman with a Donkey","1890","662","1024","0.68","https://uploads3.wikiart.org/images/vincent-van-gogh/woman-with-a-donkey-1890.jpg","1916_Woman_with_a_Donkey_662x1024.jpg","317771"
"1917","Vincent van Gogh","vincent-van-gogh","Woman with Striped Skirt","1890","675","1024","0.69","https://uploads8.wikiart.org/images/vincent-van-gogh/woman-with-striped-skirt-1890.jpg","1917_Woman_with_Striped_Skirt_675x1024.jpg","127668"
"1918","Vincent van Gogh","vincent-van-gogh","Woman Working in Wheat Field","1890","832","1024","0.85","https://uploads3.wikiart.org/images/vincent-van-gogh/woman-working-in-wheat-field-1890.jpg","1918_Woman_Working_in_Wheat_Field_832x1024.jpg","182716"
"1919","Vincent van Gogh","vincent-van-gogh","Women Working in Wheat Field","1890","1024","775","0.79","https://uploads3.wikiart.org/images/vincent-van-gogh/women-working-in-wheat-field-1890.jpg","1919_Women_Working_in_Wheat_Field_1024x775.jpg","317037"
"1920","Vincent van Gogh","vincent-van-gogh","Young Girl Standing Against a Background of Wheat","1890","1744","2621","4.57","https://uploads6.wikiart.org/images/vincent-van-gogh/young-girl-standing-against-a-background-of-wheat-1890.jpg","1920_Young_Girl_Standing_Against_a_Background_1744x2621.jpg","1402485"
"1921","Vincent van Gogh","vincent-van-gogh","Young Man with Cornflower","1890","1169","1538","1.8","https://uploads0.wikiart.org/images/vincent-van-gogh/young-man-with-cornflower-1890.jpg","1921_Young_Man_with_Cornflower_1169x1538.jpg","562079"
"1922","Vincent van Gogh","vincent-van-gogh","Young Peasant Girl in a Straw Hat sitting in front of a wheatfield","1890","2479","3237","8.02","https://uploads5.wikiart.org/images/vincent-van-gogh/young-peasant-girl-in-a-straw-hat-sitting-in-front-of-a-wheatfield-1890.jpg","1922_Young_Peasant_Girl_in_a_Straw_Hat_sittin_2479x3237.jpg","2183192"
"1923","Vincent van Gogh","vincent-van-gogh","Blossoming Branches","1890","750","1024","0.77","https://uploads1.wikiart.org/images/vincent-van-gogh/blossoming-branches(1).jpg","1923_Blossoming_Branches_750x1024.jpg","223714"
"1924","Vincent van Gogh","vincent-van-gogh","Branch with Leaves","1890","869","1024","0.89","https://uploads0.wikiart.org/images/vincent-van-gogh/branch-with-leaves(1).jpg","1924_Branch_with_Leaves_869x1024.jpg","304585"
"1925","Vincent van Gogh","vincent-van-gogh","Carriage and Two Figures on a Road","1890","869","1024","0.89","https://uploads7.wikiart.org/images/vincent-van-gogh/carriage-and-two-figures-on-a-road(1).jpg","1925_Carriage_and_Two_Figures_on_a_Road_869x1024.jpg","288829"
"1926","Vincent van Gogh","vincent-van-gogh","Carriage Drawn by a Horse","1890","1024","460","0.47","https://uploads7.wikiart.org/images/vincent-van-gogh/carriage-drawn-by-a-horse(1).jpg","1926_Carriage_Drawn_by_a_Horse_1024x460.jpg","145984"
"1927","Vincent van Gogh","vincent-van-gogh","Chair and Sketch of a Hand","1890","772","1024","0.79","https://uploads8.wikiart.org/images/vincent-van-gogh/chair-and-sketch-of-a-hand(1).jpg","1927_Chair_and_Sketch_of_a_Hand_772x1024.jpg","126103"
"1928","Vincent van Gogh","vincent-van-gogh","Chair near the Stove","1890","782","1024","0.8","https://uploads2.wikiart.org/images/vincent-van-gogh/chair-near-the-stove(1).jpg","1928_Chair_near_the_Stove_782x1024.jpg","260321"
"1929","Vincent van Gogh","vincent-van-gogh","A Group of Figures on the Beach","1890","1024","630","0.65","https://uploads4.wikiart.org/images/vincent-van-gogh/a-group-of-figures-on-the-beach(1).jpg","1929_A_Group_of_Figures_on_the_Beach_1024x630.jpg","206929"
"1930","Vincent van Gogh","vincent-van-gogh","Carriage","1890","1024","871","0.89","https://uploads8.wikiart.org/images/vincent-van-gogh/carriage(1).jpg","1930_Carriage_1024x871.jpg","180112"
"1931","Vincent van Gogh","vincent-van-gogh","Couple Walking","1890","1024","655","0.67","https://uploads5.wikiart.org/images/vincent-van-gogh/couple-walking(1).jpg","1931_Couple_Walking_1024x655.jpg","103164"
"1932","Vincent van Gogh","vincent-van-gogh","Field of Grass with Dandelions and Tree Trunks","1890","1024","507","0.52","https://uploads1.wikiart.org/images/vincent-van-gogh/field-of-grass-with-dandelions-and-tree-trunks(1).jpg","1932_Field_of_Grass_with_Dandelions_and_Tree_1024x507.jpg","239837"
